Date,Close,High,Low,Open,Volume
,MARUTI.NS,MARUTI.NS,MARUTI.NS,MARUTI.NS,MARUTI.NS
2010-01-04,1369.4385986328125,1400.5531766862935,1364.760443036112,1381.398997268023,534231
2010-01-05,1338.015380859375,1383.6501694622932,1332.851705404876,1380.0752592056447,1407407
2010-01-06,1290.1739501953125,1344.1500506537361,1288.7175013322797,1339.9131280975346,1571353
2010-01-07,1282.8033447265625,1310.7843548584622,1279.8904475048957,1295.7787427153012,901165
2010-01-08,1265.0177001953125,1292.0719671839063,1254.3813224287712,1287.8350438849218,1294429
2010-01-11,1284.0836181640625,1290.7037433651146,1269.298671881713,1272.829405322274,478942
2010-01-12,1271.9461669921875,1290.482509467438,1266.6500691421159,1284.0830578986015,767986
2010-01-13,1261.1337890625,1279.4494678887795,1245.2896666233933,1268.4159264271652,612474
2010-01-14,1248.8643798828125,1273.932605836477,1245.466070906128,1270.1812020084465,480493
2010-01-15,1247.6285400390625,1273.6236252224685,1242.9503836758454,1244.5833260644156,723389
2010-01-18,1261.6632080078125,1277.2425880085248,1241.9352600746333,1243.700626471328,916180
2010-01-19,1252.79248046875,1279.890815320946,1247.3197792294445,1266.6505655072813,1009858
2010-01-20,1287.260986328125,1293.1308509900095,1254.2927913015724,1261.1777631642872,1376326
2010-01-21,1282.3179931640625,1306.3711098831957,1271.0637825890553,1275.4771985008229,1220211
2010-01-22,1274.9915771484375,1286.0692932961513,1240.1697715038383,1271.0636804025105,650256
2010-01-25,1276.5364990234375,1301.9578202404437,1246.3487743589874,1246.3487743589874,851324
2010-01-27,1209.0994873046875,1277.2425870671063,1191.887164949602,1263.1196559039593,1180230
2010-01-28,1216.602294921875,1234.8737940209905,1202.2586929541544,1215.4547636646919,835498
2010-01-29,1226.444091796875,1234.87375919997,1175.7339866006862,1213.1597746910106,468949
2010-02-01,1234.8297119140625,1253.1453896842022,1213.9101616089006,1226.0470565168246,584347
2010-02-02,1212.40966796875,1251.8655676680364,1200.4492663694903,1251.8655676680364,573306
2010-02-03,1215.6754150390625,1222.4279629458508,1200.6256236536444,1204.8625460361739,594119
2010-02-04,1204.9951171875,1222.5163589774727,1196.035860227058,1209.2761096022653,453970
2010-02-05,1199.4781494140625,1216.3815532206215,1165.3624242495289,1191.1809062864907,471270
2010-02-08,1202.2587890625,1225.8705664968843,1189.1508563246216,1213.7777410677518,555655
2010-02-09,1194.0496826171875,1212.8067003629758,1185.002179939807,1196.035719790271,491001
2010-02-10,1177.4111328125,1208.0401965129543,1172.4239512216595,1196.0357266368144,433681
2010-02-11,1197.227294921875,1203.5385011311541,1174.0568617317813,1174.0568617317813,289022
2010-02-15,1179.2650146484375,1208.2170730779048,1174.0571610727823,1203.9801496859795,288768
2010-02-16,1198.110107421875,1209.6732366360013,1177.4994747473584,1182.530726254831,322869
2010-02-17,1218.32373046875,1224.1935964726254,1205.1276570892576,1209.2320485906182,371999
2010-02-18,1200.14013671875,1226.9295481077688,1190.7395398542303,1226.9295481077688,323684
2010-02-19,1210.1588134765625,1218.985646543496,1178.3822144356025,1195.1531972627758,399798
2010-02-22,1223.61962890625,1238.4045730246844,1216.6023403199542,1218.1028587128044,385247
2010-02-23,1179.044189453125,1226.0470740410935,1163.111713173772,1209.143667705113,484780
2010-02-24,1205.215576171875,1225.9144526238085,1163.06745640243,1169.5551559060655,827260
2010-02-25,1235.66845703125,1242.7299239102063,1198.6840027028297,1212.9834300329428,794244
2010-02-26,1288.6734619140625,1315.1981386147554,1213.6895574465025,1234.6974634315295,1711733
2010-03-02,1316.1689453125,1324.9075308567083,1290.968403695689,1299.309717135959,1321957
2010-03-03,1303.2816162109375,1324.819105715811,1289.291110421202,1320.4939369126735,809671
2010-03-04,1286.2017822265625,1314.3152191933416,1281.7441891893063,1303.723021322072,413804
2010-03-05,1286.1136474609375,1301.4281800002523,1277.8604730346594,1294.8963025275982,353414
2010-03-08,1304.7381591796875,1317.2281476797857,1291.3654875028956,1300.8101543937537,515595
2010-03-09,1323.58349609375,1332.1014107662106,1298.42702417733,1306.3711732035679,875543
2010-03-10,1306.238525390625,1341.5017788433681,1297.5441186623927,1331.0860754713526,976355
2010-03-11,1292.424560546875,1310.7402349941278,1284.3039190724323,1297.5883429158634,554034
2010-03-12,1291.895263671875,1312.9914162116484,1288.717625323702,1297.5444583738642,334671
2010-03-15,1276.447998046875,1292.95423652022,1258.8385134577097,1292.2480469467184,445078
2010-03-16,1287.658203125,1291.1889356723684,1267.9301488170543,1288.5408862618422,256298
2010-03-17,1265.3262939453125,1300.854290688458,1261.0453022230386,1293.1308131356002,648678
2010-03-18,1254.9105224609375,1276.3597649298515,1243.7004901702355,1274.594398726629,631915
2010-03-19,1261.619140625,1266.0325566241788,1254.2928269665977,1260.4716093654479,286967
2010-03-22,1233.5057373046875,1256.7645285123917,1227.8124731064447,1253.4102888649543,470482
2010-03-23,1229.9310302734375,1246.525412992804,1225.1645185218085,1240.12595855528,313873
2010-03-25,1209.4080810546875,1233.858355984553,1200.4488274470257,1226.929316287769,656336
2010-03-26,1232.9757080078125,1247.2310597881062,1207.5545026490254,1211.0410573455638,576501
2010-03-29,1259.986328125,1269.1221871657515,1233.2851562944286,1244.4070529093547,628028
2010-03-30,1242.5091552734375,1276.3600379101745,1235.7566065520361,1235.7566065520361,354798
2010-03-31,1251.6007080078125,1256.4996432890036,1190.7397392320802,1228.29795572275,320921
2010-04-01,1229.7099609375,1261.3541279725148,1223.619426103498,1257.8233956338934,477130
2010-04-05,1233.4176025390625,1243.7008854913445,1223.6640158156374,1235.3153933606363,409185
2010-04-06,1215.1456298828125,1244.583087748837,1212.1444859936812,1244.583087748837,343707
2010-04-07,1238.316162109375,1241.9351413266866,1207.5104998826632,1226.6646803556018,634823
2010-04-08,1221.721923828125,1246.3488092433713,1101.3239011586961,1101.3239011586961,410233
2010-04-09,1216.028564453125,1234.8738297257178,1209.4966870490814,1232.2257800551122,441989
2010-04-12,1210.64404296875,1243.5239882825335,1203.5384009488296,1233.990967749515,401803
2010-04-13,1203.362060546875,1215.2782838546839,1194.0938868630235,1213.6894109805435,309664
2010-04-15,1195.9031982421875,1217.1317702831598,1191.6222066791838,1210.1585521164156,296630
2010-04-16,1192.6373291015625,1201.9495714457175,1187.20880631833,1192.284234300732,220122
2010-04-19,1175.9990234375,1193.9174300787354,1168.8492023878969,1193.9174300787354,239032
2010-04-20,1193.69677734375,1205.7896035897718,1175.7341931647304,1182.7956597903444,379984
2010-04-21,1215.85205078125,1218.1029362632455,1191.6224376488271,1191.6224376488271,314739
2010-04-22,1217.5289306640625,1235.5798649789638,1204.4211079826914,1213.6892806714554,483673
2010-04-23,1201.640869140625,1225.7822354486646,1196.080029091745,1218.1029339647437,268925
2010-04-26,1177.2344970703125,1222.8692814671228,1171.3647402075844,1209.2759391414897,1940724
2010-04-27,1132.7474365234375,1178.5145406254026,1129.8345387534464,1173.086017190102,2351290
2010-04-28,1121.316650390625,1136.7195378256215,1107.7674839889314,1125.4211490724203,1214131
2010-04-29,1138.1317138671875,1142.8098700716446,1122.7730049849638,1123.743934933103,815734
2010-04-30,1129.569580078125,1147.488091061385,1125.509259151943,1147.488091061385,441044
2010-05-03,1131.1143798828125,1142.412768305594,1115.1378349993706,1125.421116159654,599874
2010-05-04,1116.9031982421875,1145.2373082411445,1109.9741564693793,1136.895994856907,457051
2010-05-05,1132.0853271484375,1138.6612735743552,1089.0545232052207,1101.3237328992466,550720
2010-05-06,1128.51025390625,1137.778425721671,1116.814703758219,1133.3650105714705,394583
2010-05-07,1128.951904296875,1136.8960537407154,1103.354089422278,1113.0636054091942,488321
2010-05-10,1143.4720458984375,1147.4000512606199,1126.9217339074564,1139.7206418471485,563998
2010-05-11,1119.33056640625,1147.4881825904686,1116.5942699822635,1147.4881825904686,395084
2010-05-12,1116.814697265625,1135.8365595521627,1113.9459774346722,1121.007441633941,589711
2010-05-13,1126.1270751953125,1134.7773044119053,1121.3163879363942,1125.4208856574946,662614
2010-05-14,1111.7392578125,1130.7169426421697,1100.6174733691767,1120.124746458168,443386
2010-05-17,1095.8511962890625,1107.5909259862062,1091.9232991363222,1103.3540035129506,322917
2010-05-18,1096.6898193359375,1105.5166523065657,1090.9965551696528,1095.674819743856,462417
2010-05-19,1082.8758544921875,1106.8847957989028,1077.756248541037,1089.8489659695344,496232
2010-05-20,1066.5902099609375,1093.9093193122526,1057.9840488675204,1093.4679777177184,485640
2010-05-21,1093.2474365234375,1098.9407006680924,1032.739453639894,1038.0355534021498,744951
2010-05-24,1073.033935546875,1111.2982336381451,1063.6333371993367,1107.6792537917497,263273
2010-05-25,1058.1165771484375,1068.9294472798813,1039.4478043103863,1060.2791080749569,457431
2010-05-26,1059.8375244140625,1080.4040831489283,1045.229184181255,1054.806273989354,584220
2010-05-27,1092.8944091796875,1102.2508311212002,1051.2758677600398,1063.6334346354727,982229
2010-05-28,1081.46337890625,1098.764055271725,1073.5192303606623,1097.1751824628434,330714
2010-05-31,1091.746826171875,1094.5273001374321,1080.978132931584,1090.9965669111823,233634
2010-06-01,1109.5328369140625,1144.840166648798,1086.6272498484207,1090.1138055599579,1452405
2010-06-02,1128.2899169921875,1135.1307124990833,1113.0636302187745,1113.0636302187745,785644
2010-06-03,1144.6634521484375,1156.3148256120976,1136.013114933412,1136.8957980063983,686347
2010-06-04,1174.0130615234375,1178.3823011131844,1138.661549390268,1151.0191165929532,883335
2010-06-07,1161.1258544921875,1164.965613544775,1130.5409603796325,1131.6883841688064,464373
2010-06-08,1142.5008544921875,1180.588651992325,1135.5718136733653,1165.0534509066429,608641
2010-06-09,1150.13623046875,1162.935137100981,1138.7055259211102,1143.648530380916,403149
2010-06-10,1188.2242431640625,1191.446059022824,1143.9576504936088,1161.6113179394977,910604
2010-06-11,1197.4921875,1203.9798874845833,1182.7954906373473,1188.9742730511243,733725
2010-06-14,1196.4329833984375,1206.628018165958,1186.326303156582,1203.9799683821263,245161
2010-06-15,1185.35546875,1200.3169081359245,1175.8224456593416,1196.0359155232366,316340
2010-06-16,1204.3770751953125,1209.1877633890338,1176.263636216999,1190.739662560051,616333
2010-06-17,1217.8819580078125,1224.281410224197,1197.3595767621653,1208.3931150662768,428095
2010-06-18,1192.6373291015625,1220.7507651585504,1188.9741725730785,1213.4244521015823,557649
2010-06-21,1214.7928466796875,1220.7509587342472,1199.2576427243494,1202.2146101200613,312694
2010-06-22,1208.4375,1218.1028381157168,1200.4491737951994,1207.0692979153935,235521
2010-06-23,1242.2440185546875,1248.1138826218485,1200.4489960153564,1204.8624114418833,860773
2010-06-24,1224.237548828125,1250.673978075091,1210.1587934194774,1244.583441809966,1361910
2010-06-25,1232.931884765625,1255.0872105996298,1214.5720318816043,1219.8681308578323,1336002
2010-06-28,1231.122314453125,1239.1106400019294,1218.41165563626,1233.9910346696315,292395
2010-06-29,1226.002685546875,1244.4949616981178,1218.3233854454952,1226.9295459295333,362725
2010-06-30,1256.72021484375,1265.7235404473422,1209.2759925098771,1209.2759925098771,735102
2010-07-01,1236.5509033203125,1257.2057115312186,1218.1028030860114,1257.2057115312186,637323
2010-07-02,1249.7911376953125,1258.5297227382662,1218.9854731244006,1235.7564535656488,580326
2010-07-05,1232.31396484375,1249.7911348904338,1228.871478895232,1249.7911348904338,196977
2010-07-06,1229.00390625,1232.225721412458,1222.5162064156548,1232.225721412458,261295
2010-07-07,1218.102783203125,1244.4067849546673,1211.2619885873105,1228.694981317935,350245
2010-07-08,1238.757568359375,1243.6123257396316,1225.0759793786517,1228.8714523172068,419025
2010-07-09,1257.161865234375,1262.0166240609778,1231.3433751110783,1235.7567922261717,615302
2010-07-12,1244.009521484375,1266.6503666613398,1240.8760608367065,1266.6503666613398,271217
2010-07-13,1243.7890625,1249.7913522618537,1227.8566929951621,1249.0410929789796,284452
2010-07-14,1230.107421875,1256.4554967561085,1223.9286387923548,1250.7622325868701,182512
2010-07-15,1213.9100341796875,1248.99669032122,1210.158630692857,1248.99669032122,308916
2010-07-16,1212.89501953125,1220.4860738516068,1203.9799403498046,1211.8358427421467,184121
2010-07-19,1203.362060546875,1225.076045913444,1178.3820826611095,1178.3820826611095,220018
2010-07-20,1199.125,1231.342933382407,1192.5931234630013,1231.342933382407,141510
2010-07-21,1202.5677490234375,1218.0147067677028,1199.6548510347484,1208.3934372513895,293180
2010-07-22,1195.285400390625,1218.102738101559,1187.429498863132,1218.0144913370852,514174
2010-07-23,1198.8604736328125,1211.659382109195,1188.3566280482924,1204.862763466337,736077
2010-07-26,1051.6729736328125,1162.9352465862419,994.6516540597594,1149.5185035394386,6485230
2010-07-27,1065.83984375,1094.4387977532965,1043.331424689441,1050.3928894927537,4499525
2010-07-28,1061.5145263671875,1080.1391156280952,1059.2195721773473,1068.0464019454919,848412
2010-07-29,1057.2337646484375,1071.9745304567334,1050.4812168622286,1063.6332176175054,1600687
2010-07-30,1057.9840087890625,1070.6064210143447,1052.643840347142,1058.3371036011965,553516
2010-08-02,1067.9583740234375,1075.549427629579,1061.1616490596782,1068.9293039470006,660849
2010-08-03,1070.8712158203125,1080.4042374861324,1068.090849938078,1079.9187186260583,461037
2010-08-04,1071.2244873046875,1077.7563656158823,1064.8692103123765,1071.5775821930229,581630
2010-08-05,1081.9488525390625,1095.3655930889788,1074.6667166765724,1075.108058243996,875377
2010-08-06,1078.1092529296875,1090.599241422442,1075.5494501688986,1085.7003066949078,358993
2010-08-09,1087.5540771484375,1089.2311969756759,1073.122226680047,1073.9607327189528,365489
2010-08-10,1083.27294921875,1092.7176162893986,1078.6388624528927,1085.7003280008657,291160
2010-08-11,1072.636474609375,1090.0253965655263,1068.9734258940746,1083.0521784308016,668240
2010-08-12,1082.169677734375,1088.0836124819311,1062.3093043664928,1067.164062300864,334170
2010-08-13,1102.6036376953125,1107.2377240618525,1079.080111065757,1085.7002344465284,683945
2010-08-16,1109.1356201171875,1122.5965389421572,1098.9405860385102,1102.4713188450598,537805
2010-08-17,1106.4874267578125,1118.3594711776573,1099.3376075539204,1112.180689568941,311850
2010-08-18,1107.1939697265625,1115.8443106814123,1104.2370017035444,1111.1660452722588,182885
2010-08-19,1104.810302734375,1119.1097255837133,1103.3980313510108,1113.7695575795233,202683
2010-08-20,1094.2620849609375,1109.5325441415603,1092.761566942921,1101.5883970474679,152662
2010-08-23,1099.0291748046875,1105.7817249483546,1090.9967767201488,1094.8806055658058,148100
2010-08-24,1093.6629638671875,1113.1316372419526,1086.5229128457306,1113.1316372419526,215635
2010-08-25,1082.13232421875,1101.6009941318605,1078.6287778334945,1096.6340547819548,198994
2010-08-26,1088.47412109375,1095.1706930375158,1075.524564194959,1085.3254871617103,962065
2010-08-27,1080.93505859375,1104.2620840799752,1073.2629628594545,1080.3142316541444,209560
2010-08-30,1095.7027587890625,1106.7454429418835,1083.86189962497,1083.86189962497,322578
2010-08-31,1115.348876953125,1121.5131872787153,1089.1836349092944,1094.815792474666,478908
2010-09-01,1128.875,1136.3254636106265,1119.3402082105677,1119.3402082105677,688890
2010-09-02,1132.37841796875,1145.9045177059456,1129.5401977258034,1131.7575911253437,480517
2010-09-03,1128.298583984375,1138.85339960693,1076.455962801393,1132.6446972726242,209238
2010-09-06,1155.3062744140625,1164.5749348905251,1132.9548854915515,1135.3053439907633,446653
2010-09-07,1166.703857421875,1178.5447177864162,1156.9916083314106,1157.4794782399047,441540
2010-09-08,1159.69677734375,1185.7733460372995,1155.7054691234464,1170.517614099218,372456
2010-09-09,1166.171630859375,1171.670723421623,1159.696798541841,1163.6881068351017,244342
2010-09-13,1178.0126953125,1182.314417789003,1165.595289574281,1175.2187573671636,235561
2010-09-14,1194.288330078125,1213.269243127588,1179.7865959233925,1179.7865959233925,1528650
2010-09-15,1213.934326171875,1224.0012714969816,1196.2394602190523,1196.505590760455,1032922
2010-09-16,1239.3455810546875,1246.5299141243827,1205.2863962647968,1206.2620277212209,1238076
2010-09-17,1231.4073486328125,1254.3351769601534,1225.775190504339,1241.7404245340626,322006
2010-09-20,1240.7647705078125,1246.1751891766944,1224.0012534262194,1232.8708277264093,542217
2010-09-21,1253.3592529296875,1257.6166909858662,1230.2983647128722,1241.7845259220128,582679
2010-09-22,1298.37255859375,1303.8273682170545,1259.701237898144,1259.701237898144,1288474
2010-09-23,1293.7158203125,1303.8271545941948,1281.1653535987411,1299.3923683540786,494100
2010-09-24,1314.2490234375,1317.1316347593638,1295.0463755930055,1299.3924881632781,609319
2010-09-27,1311.898681640625,1326.0013260941205,1305.6013056926724,1325.114368685362,371002
2010-09-28,1302.1422119140625,1316.7770098528113,1287.862218609882,1287.862218609882,405994
2010-09-29,1268.3931884765625,1314.4261805871226,1264.0913594352119,1287.8618557281836,413917
2010-09-30,1278.0169677734375,1327.996996722172,1233.181226896557,1277.2186844414277,457480
2010-10-01,1312.65283203125,1323.1633660097852,1286.9754533044645,1291.4102412207444,736838
2010-10-04,1312.8299560546875,1328.6621232522932,1308.528234519485,1321.5664643831221,246301
2010-10-05,1333.4075927734375,1351.7232875829152,1311.1005890439314,1318.0189011471207,620564
2010-10-06,1345.2484130859375,1356.1580337753362,1336.6449685411587,1339.305841073092,361329
2010-10-07,1321.6551513671875,1352.0778323742197,1317.131690448164,1347.3326321133698,288753
2010-10-08,1327.9527587890625,1336.6449858141768,1305.8676031055613,1323.3406229825825,208208
2010-10-11,1345.7359619140625,1353.7185776051,1326.00116201122,1337.6202809739436,307964
2010-10-12,1348.219970703125,1356.1581980766528,1333.3190394105484,1348.13118832436,355625
2010-10-13,1382.2344970703125,1389.6849612255062,1346.401394816226,1352.6100969003587,1201084
2010-10-14,1381.3475341796875,1396.4258106102336,1367.111824005909,1383.6979930422128,647855
2010-10-15,1347.1995849609375,1384.1413814599425,1314.3377707521404,1379.2187246967712,597943
2010-10-18,1322.941162109375,1348.1750531845328,1315.0028295637885,1343.7402668253733,388544
2010-10-19,1325.8681640625,1343.7403761988487,1313.6282176776422,1326.0456204940012,243570
2010-10-20,1322.1871337890625,1337.5315375750072,1317.1315207552293,1321.5663070203984,151275
2010-10-21,1342.5430908203125,1347.288291258398,1313.850040570524,1330.4361006501626,208642
2010-10-22,1333.363037109375,1352.6099684337048,1326.0012477432056,1343.740394870205,133665
2010-10-25,1336.64501953125,1353.4085387761577,1330.6136649203127,1334.7824303420791,151666
2010-10-26,1389.6849365234375,1405.827518346775,1340.1926689097645,1346.3569797038265,2316413
2010-10-27,1353.14208984375,1392.5230172075455,1336.82205321078,1389.9952104547447,794179
2010-10-28,1361.3021240234375,1373.8968745292523,1343.7403259598561,1356.7785551211032,665095
2010-10-29,1376.2032470703125,1382.766754280466,1344.6719726393897,1361.3024259060726,236775
2010-11-01,1337.798095703125,1383.6537570348448,1314.914547951383,1383.6537570348448,875788
2010-11-02,1324.582275390625,1351.723151663492,1319.7926835139608,1339.1726821115944,345655
2010-11-03,1326.9769287109375,1338.063896079138,1318.9056381211208,1328.263081888348,235501
2010-11-04,1337.1771240234375,1342.8536737569634,1326.9328297180527,1331.3232260959062,352793
2010-11-08,1320.32470703125,1347.2882324823647,1318.0186395449598,1343.7404030354064,228488
2010-11-09,1305.5570068359375,1335.7579520482884,1300.279653189104,1321.5666325046145,382790
2010-11-10,1308.3507080078125,1310.9229058643486,1295.002065437855,1308.2620339309299,209770
2010-11-11,1304.18212890625,1319.349078167421,1299.5698856534882,1317.1316847587364,217656
2010-11-12,1290.07958984375,1302.9404726575929,1280.8109279518974,1297.6187280449683,213197
2010-11-15,1274.4691162109375,1294.2039184615371,1263.0273440383787,1287.8621513649762,133347
2010-11-16,1242.3167724609375,1285.5115499601623,1228.9237387928674,1281.6089161590353,382476
2010-11-18,1268.6595458984375,1275.178661393511,1221.0742578414342,1250.4769184751988,359749
2010-11-19,1246.5299072265625,1271.8081922264282,1239.1681177602416,1271.8081922264282,235528
2010-11-22,1260.3221435546875,1266.575236877151,1237.3056410669647,1250.6100027988675,145576
2010-11-23,1278.5489501953125,1289.5028512153183,1238.9906762000735,1255.0445817040356,331033
2010-11-24,1255.97607421875,1301.1665106072421,1244.5343020622443,1277.2186607187652,202980
2010-11-25,1224.0899658203125,1266.4865756104018,1216.3290880647858,1256.0648254815517,407030
2010-11-26,1212.4705810546875,1232.7819240740619,1184.97490584423,1229.3227690869032,199109
2010-11-29,1247.1064453125,1257.1733897425077,1210.9629327193031,1215.131589022814,143095
2010-11-30,1261.25341796875,1267.2403803958168,1220.8524652450396,1247.1064908014068,215559
2010-12-01,1254.24658203125,1282.984026752744,1243.6474831899152,1259.4796529477335,414015
2010-12-02,1249.5899658203125,1274.8239699132641,1244.756091088013,1274.8239699132641,234362
2010-12-03,1242.2725830078125,1259.3022310131491,1234.0239436842412,1250.6100046933361,228411
2010-12-06,1248.9248046875,1256.8187479058583,1233.75785344887,1256.8187479058583,129508
2010-12-07,1267.15185546875,1283.1613733992297,1249.4569883609408,1250.6100764207224,376506
2010-12-08,1256.9520263671875,1281.3876440984986,1234.7780856285053,1268.3494102526313,309194
2010-12-09,1233.890625,1255.0445341870138,1226.8836409287542,1247.0619187752238,228112
2010-12-10,1253.492431640625,1258.459370975028,1211.3175677947402,1232.8706739645984,156706
2010-12-13,1261.1202392578125,1271.941183485638,1243.514158173285,1259.4793898759378,202845
2010-12-14,1254.0247802734375,1272.7839521633905,1247.0621858827367,1259.523981475454,112041
2010-12-15,1237.3055419921875,1255.0002983702768,1230.7420357424405,1254.157732169859,222327
2010-12-16,1222.227294921875,1240.8534002871575,1210.9185880929533,1239.9664428888107,338077
2010-12-20,1254.91162109375,1261.253387982918,1193.8446274437467,1224.4446568990284,325141
2010-12-21,1262.406494140625,1290.3456518735086,1243.9577371545722,1256.4638146760108,610373
2010-12-22,1236.50732421875,1269.2360748470269,1227.726424059285,1263.9587214781086,297205
2010-12-23,1234.9552001953125,1241.696055250279,1228.524758597719,1233.0926111798997,346689
2010-12-24,1234.201171875,1240.3654822456806,1213.3576738232123,1233.757693193047,208168
2010-12-27,1236.72900390625,1248.6586456565478,1229.9437582798882,1239.9664200047011,149330
2010-12-28,1237.48291015625,1247.0620932994489,1229.3673366354233,1241.7403489468197,193304
2010-12-29,1257.6170654296875,1263.0274845449208,1229.6335128955188,1236.5074335452541,228653
2010-12-30,1259.8785400390625,1276.7751210734384,1253.2707510085227,1261.2533672569848,231775
2010-12-31,1260.8985595703125,1268.7925017175799,1255.0446626566763,1260.1890586459954,153415
2011-01-03,1264.8455810546875,1286.0881664261583,1258.1490097072453,1268.3490193030389,300162
2011-01-04,1267.240478515625,1289.1040016889572,1245.3326724317337,1265.6883029513888,540328
2011-01-05,1252.7830810546875,1272.7840160438484,1247.372661943859,1266.5753135265613,275096
2011-01-06,1218.5906982421875,1263.9141961844655,1211.8498441834354,1255.089014052904,353272
2011-01-07,1189.0108642578125,1213.0916726382807,1186.3499918824084,1210.6969308088867,493731
2011-01-10,1176.10546875,1197.392445559955,1169.1871579782996,1196.5054881928734,254474
2011-01-11,1169.408935546875,1180.274163648796,1158.321968095935,1175.218549799634,394195
2011-01-12,1168.6993408203125,1178.6776107255364,1148.5210616786371,1174.3314981792516,316610
2011-01-13,1166.8369140625,1175.2186186379013,1154.4637926997973,1170.7838313977581,263445
2011-01-14,1126.169921875,1169.8969709986616,1120.4934803536655,1167.2360984338427,468849
2011-01-17,1126.0809326171875,1135.305309914473,1113.1313780802059,1126.4357371807662,206244
2011-01-18,1133.1768798828125,1139.7847782178205,1124.7065007239805,1131.757769537628,210065
2011-01-19,1128.8306884765625,1138.8533508383593,1123.331595667276,1138.8533508383593,233334
2011-01-20,1116.901123046875,1124.662000415674,1104.3506539905263,1124.2629128880317,186731
2011-01-21,1107.4993896484375,1124.3958633156888,1098.2306197679939,1121.114164213089,361853
2011-01-24,1146.392578125,1153.0003682455658,1113.131671602998,1125.5490767045455,285343
2011-01-25,1142.5343017578125,1157.4795136708985,1131.802137882992,1157.4795136708985,237024
2011-01-27,1126.169921875,1152.867429892294,1120.316023886635,1152.867429892294,188751
2011-01-28,1090.3809814453125,1128.2097335523817,1082.0879519920643,1128.2097335523817,609439
2011-01-31,1111.224609375,1121.5132940462947,1020.267188675375,1063.4619727852912,1056178
2011-02-01,1101.9556884765625,1130.8704726323847,1094.1504215138568,1122.8878575314502,331423
2011-02-02,1079.4715576171875,1107.3219336347329,1074.1054219858347,1107.3219336347329,446214
2011-02-03,1080.4912109375,1090.868675074933,1069.0495497463583,1073.2182052516891,355406
2011-02-04,1049.2261962890625,1096.6341335257275,1043.0618857658342,1090.9575846020205,309323
2011-02-07,1055.2574462890625,1065.2357159009573,1046.6096126254201,1065.2357159009573,155137
2011-02-08,1043.771484375,1059.0271079482002,1037.8288049874666,1059.0271079482002,214476
2011-02-09,1023.5488891601562,1054.5923996632805,1015.5662721736386,1041.2880380190845,178835
2011-02-10,1028.87060546875,1042.041901479353,1018.3157905342763,1026.6532119224812,268346
2011-02-11,1047.8072509765625,1052.6412344526996,1015.5663665825241,1015.5663665825241,306097
2011-02-14,1085.724365234375,1089.1835202182885,1058.1400159775392,1064.348716825689,258845
2011-02-15,1096.900146484375,1101.6010638980417,1074.9923425478476,1086.522788466265,215206
2011-02-16,1089.1395263671875,1099.8274086060692,1082.975214441944,1099.8274086060692,94606
2011-02-17,1089.2281494140625,1099.7828565454695,1077.6533112807258,1081.1124670205531,128256
2011-02-18,1089.804443359375,1114.0184221167133,1086.5227445007754,1088.2966591856746,355711
2011-02-21,1070.8682861328125,1090.9578983543079,1047.4969739483233,1090.0709407133695,203836
2011-02-22,1047.5853271484375,1068.7836299273706,1037.82879608686,1068.7836299273706,189502
2011-02-23,1057.69677734375,1066.6550260888205,1044.835894097222,1044.835894097222,339470
2011-02-24,1041.77587890625,1063.4619444738335,1024.1696875371833,1044.835838690722,656061
2011-02-25,1036.54296875,1049.2707880154771,1015.2115962346176,1049.2707880154771,347521
2011-02-28,1071.621826171875,1089.1836249973983,1027.5400892178225,1038.6270560846526,376909
2011-03-01,1144.83984375,1164.3085082240884,1069.670231696688,1072.4197769730263,759153
2011-03-03,1172.779541015625,1183.2012915219086,1127.3673608413962,1136.325609835115,461594
2011-03-04,1163.732177734375,1189.941696684109,1148.5208408822477,1175.2182295753548,455165
2011-03-07,1118.3201904296875,1144.1750196996134,1107.9428323966918,1136.1924032831043,252355
2011-03-08,1114.1513671875,1130.7818155644843,1104.7052508551433,1124.4844407666292,406646
2011-03-09,1122.8880615234375,1137.9663372310981,1117.6549912412513,1119.3402319451643,181247
2011-03-10,1127.6776123046875,1139.7402107801122,1113.4419033285021,1121.7793241899976,220927
2011-03-11,1109.4508056640625,1133.975203043087,1099.827338109838,1114.4621373669447,252688
2011-03-14,1114.9052734375,1122.8878887604415,1080.3583315427852,1101.822653880457,555011
2011-03-15,1076.8992919921875,1090.8688703044413,1064.348823790756,1082.0879708539353,447418
2011-03-16,1081.4227294921875,1089.9818894196196,1076.854877567802,1081.910599334357,233465
2011-03-17,1033.3939208984375,1076.6774801253355,1024.4800650623536,1068.960886709971,1136194
2011-03-18,1025.5,1065.2357308540593,1017.4287101215318,1049.8913260603551,1087299
2011-03-21,1000.6653442382812,1034.1923789040159,995.1662513982039,1029.9349398676402,524674
2011-03-22,1039.4693603515625,1045.7224513973792,1004.9668147722368,1007.6276861498383,879108
2011-03-23,1043.0174560546875,1047.4966339962434,1026.2983316032219,1037.740103112282,458496
2011-03-24,1035.2122802734375,1050.1574897872076,1026.9192508047722,1037.7400870363454,569659
2011-03-25,1048.64990234375,1051.0446443007734,1030.2011429159058,1040.401154231905,504995
2011-03-28,1065.8568115234375,1073.5290157476131,1046.6098765928718,1055.3021036222008,604130
2011-03-29,1098.0089111328125,1108.6081174223646,1069.6706644502483,1073.2184941830849,593159
2011-03-30,1125.5489501953125,1149.3194520264228,1098.8071627031052,1105.1489298214021,934495
2011-03-31,1119.4735107421875,1140.6274269834043,1109.5839122521297,1125.5491483996425,851042
2011-04-01,1127.411376953125,1146.3036103255752,1110.1601011655957,1110.1601011655957,373301
2011-04-04,1153.35498046875,1157.3906797618802,1116.3245107193482,1140.6271640174994,406624
2011-04-05,1162.66796875,1172.557564415756,1137.7888811545529,1153.354916990268,327406
2011-04-06,1150.8271484375,1177.9680213822564,1142.4454448845115,1176.9923899626685,477877
2011-04-07,1133.7532958984375,1139.7402583449968,1124.6619825536623,1134.9063838262416,378375
2011-04-08,1112.111572265625,1139.2968396459382,1108.6968077519834,1130.870743907023,274026
2011-04-11,1097.6983642578125,1112.3331601268726,1091.84446756442,1108.696656746974,161328
2011-04-13,1133.66455078125,1137.2123801569164,1076.7662155147673,1076.7662155147673,486624
2011-04-15,1115.0826416015625,1138.8531398540167,1113.131378907158,1126.879216654617,199832
2011-04-18,1119.650634765625,1137.0793690579142,1109.1402113938545,1114.018477017738,472622
2011-04-19,1112.8653564453125,1123.9967146233955,1099.8271265598821,1108.6967001611713,342396
2011-04-20,1122.0009765625,1126.5244371062681,1108.7852912317621,1115.7922755064228,370509
2011-04-21,1159.253173828125,1165.4618748356206,1123.774882356721,1130.781866576554,687122
2011-04-25,1176.50439453125,1184.0879222858093,1140.8931477550784,1161.9139911568616,1325337
2011-04-26,1155.3507080078125,1175.1299016858975,1150.6055074881695,1175.1299016858975,543624
2011-04-27,1167.945556640625,1179.5646770160477,1157.6567641043005,1160.938571472324,307291
2011-04-28,1154.1531982421875,1175.4845648303615,1150.3836296792447,1171.847953246833,255730
2011-04-29,1168.6993408203125,1178.4558713943093,1142.9775783979571,1148.8314750881236,336437
2011-05-02,1145.5941162109375,1183.2011303128963,1140.7158506811618,1170.7837271461942,541711
2011-05-03,1129.806396484375,1144.175063272822,1100.93588937007,1144.175063272822,660811
2011-05-04,1103.9073486328125,1125.5491345767844,1100.7143230967608,1125.1056558003554,421192
2011-05-05,1112.111572265625,1130.249917003151,1095.6585766012893,1103.375063074774,370008
2011-05-06,1129.5404052734375,1141.5143318311063,1101.9560479688957,1112.2447335790268,481365
2011-05-09,1104.7054443359375,1135.216800622974,1099.8271786242976,1132.201123801545,154135
2011-05-10,1101.423828125,1112.6881446709106,1094.5055165595086,1104.2620487168463,186668
2011-05-11,1084.6158447265625,1104.9715822030134,1076.8993585853727,1096.6341609135184,347243
2011-05-12,1081.37841796875,1098.0532603848378,1077.6532401999823,1082.08802719669,189669
2011-05-13,1084.26123046875,1097.1665063294424,1077.6534399274638,1081.3786183866396,146615
2011-05-16,1091.4010009765625,1098.3635944037333,1067.2758047672996,1077.6531622807993,221705
2011-05-17,1073.218505859375,1091.4011334379843,1068.78371864508,1091.4011334379843,124996
2011-05-18,1079.072509765625,1093.5299608187502,1055.4794611126379,1072.3316541892261,343937
2011-05-19,1074.7706298828125,1084.9262488084355,1069.6706248307587,1073.2184544321874,106571
2011-05-20,1084.9263916015625,1100.5369305193713,1073.218595684387,1075.2586412821772,82338
2011-05-23,1067.6748046875,1082.0878602024923,1064.3487149532712,1070.5574157904985,83639
2011-05-24,1068.34033203125,1087.365527512375,1060.4907796394286,1069.670768310243,139391
2011-05-25,1065.01416015625,1072.1984938609708,1057.4750218166055,1065.2358995191807,134930
2011-05-26,1077.9193115234375,1095.03752342781,1060.2244474157653,1060.2244474157653,261038
2011-05-27,1083.595703125,1088.296620179961,1065.235730102798,1073.218345898739,215160
2011-05-30,1073.617431640625,1087.4096611075065,1070.5574722322679,1086.47831262436,122594
2011-05-31,1091.090576171875,1097.1662122004022,1075.8792363775974,1082.0879376592488,419395
2011-06-01,1108.7852783203125,1113.131390663188,1082.0878857442945,1082.0878857442945,444037
2011-06-02,1086.87744140625,1105.0156739537792,1082.0878505773337,1091.844380377621,230627
2011-06-03,1094.4169921875,1104.1735256795707,1080.8022148323487,1090.9578359315278,219802
2011-06-06,1092.731689453125,1098.8517181343313,1073.2186235700335,1089.1838592925628,186588
2011-06-07,1099.8272705078125,1104.2620578888925,1074.061112515268,1074.061112515268,278512
2011-06-08,1085.547119140625,1096.323672565802,1080.3140491367158,1086.5227505685361,187917
2011-06-09,1077.697509765625,1084.4826464879854,1073.2183320959364,1077.6531185922006,168516
2011-06-10,1087.986328125,1100.71414529835,1056.410665997911,1068.9167438188642,577994
2011-06-13,1086.478515625,1096.634243675822,1071.5776950086351,1082.0881194324943,408847
2011-06-14,1084.26123046875,1089.9821717174968,1071.6220851856501,1077.6534399274638,290861
2011-06-15,1073.218505859375,1085.5472359693495,1068.8723927351316,1076.9436838109139,175755
2011-06-16,1058.2733154296875,1064.3489523786138,1050.068958921769,1060.8011225373518,354302
2011-06-17,1033.3052978515625,1092.7314394447424,1030.023599012343,1085.6357807470492,1075331
2011-06-20,1029.5357666015625,1043.9488238552997,1002.3062186675828,1043.9488238552997,523585
2011-06-21,1015.388916015625,1037.740200093792,1007.5836472705536,1033.2610217336367,261594
2011-06-22,995.8316040039062,1019.9125234971159,990.820272117986,1015.6994750722497,359730
2011-06-23,975.0321655273438,991.6182230880668,968.557334179042,990.731265822335,556227
2011-06-24,993.0375366210938,997.8271284920904,963.0584398566573,979.2010220935714,836966
2011-06-27,1022.43994140625,1028.1607722006504,980.9746911258403,984.4338459585422,434614
2011-06-28,1026.963623046875,1041.9088338607621,1013.1271090036201,1041.9088338607621,267340
2011-06-29,1043.9046630859375,1049.2707996640381,1024.6577272289774,1026.2099029681253,235700
2011-06-30,1028.781982421875,1052.5967686360866,1023.5933029204149,1051.0445930766907,416028
2011-07-01,1013.9254150390625,1024.4358390057967,1002.2619030965803,1023.5488815694281,447038
2011-07-04,1026.9193115234375,1032.3740128660158,1003.4592235478808,1014.679256208263,278505
2011-07-05,1034.502685546875,1038.4939936297017,1023.1053052312575,1024.524415339808,183263
2011-07-06,1036.7645263671875,1042.0418795879723,1024.6131450262108,1024.6131450262108,179419
2011-07-07,1049.0045166015625,1054.5923917587106,1027.8063204909697,1031.531498414954,229229
2011-07-08,1050.3792724609375,1066.1227658839323,1043.9932226626108,1050.867142326172,341435
2011-07-11,1032.551513671875,1044.8358524217506,1024.4358315340594,1042.3523283095633,162944
2011-07-12,1017.7390747070312,1021.7747735882577,1011.353025680565,1021.3312949538879,174207
2011-07-13,1033.1279296875,1035.877475725383,1023.5487473226381,1023.5487473226381,151856
2011-07-14,1041.4654541015625,1054.0603155752754,1021.1542139507578,1021.1542139507578,368747
2011-07-15,1044.4366455078125,1050.7783037898078,1030.2896111552152,1037.7844655439085,171029
2011-07-18,1041.953125,1054.5478757966653,1033.3052910193658,1037.7400776761012,151327
2011-07-19,1031.5313720703125,1042.086185923716,1027.4956729209896,1037.296594700112,245365
2011-07-20,1031.265380859375,1043.8602415760852,1028.0723557027345,1036.5871255441664,255318
2011-07-21,1025.4560546875,1037.7403958387026,1017.8725238709711,1024.4804229781294,172146
2011-07-22,1030.2894287109375,1035.965976262494,1024.435533033545,1027.9833617193756,376871
2011-07-25,1047.718505859375,1051.0445963541665,1023.1941102902094,1025.9436567783355,203872
2011-07-26,1043.9046630859375,1065.856862825316,1024.2142484463636,1043.0620967074462,1430916
2011-07-27,1072.553466796875,1078.8952352260544,1039.6916447455217,1049.1821559308753,503547
2011-07-28,1051.8426513671875,1086.5226590761215,1045.323537066961,1061.687855440096,653432
2011-07-29,1070.2470703125,1081.9105807081694,1054.592251982498,1054.592251982498,333021
2011-08-01,1072.8636474609375,1089.9819685586922,1056.7653490255861,1073.3071261601417,381542
2011-08-02,1075.1697998046875,1078.3629333076262,1058.1846509030524,1058.1846509030524,271852
2011-08-03,1075.258544921875,1083.551575309285,1060.3576166615749,1060.3576166615749,428422
2011-08-04,1064.6148681640625,1078.5400541734662,1058.450450095692,1062.619214280929,476072
2011-08-05,1057.25341796875,1064.3490784920302,1036.6760457597122,1037.7403515297294,363463
2011-08-08,1057.031494140625,1071.0454645373422,1031.6201426713053,1045.2349172705296,356035
2011-08-09,1074.9478759765625,1079.3383796541052,1037.7400598733277,1037.784451047597,386251
2011-08-10,1133.1768798828125,1138.3212766891825,1078.1855149052788,1086.5229370561085,819358
2011-08-11,1106.612548828125,1137.0795173621816,1099.1620841584115,1126.9238972745559,399042
2011-08-12,1105.459228515625,1125.5488333658666,1098.0531565854553,1108.164491636354,442137
2011-08-16,1086.6116943359375,1113.663900145831,1082.1769064982502,1105.326477356741,340364
2011-08-17,1051.9315185546875,1091.6672549755085,1045.7228165058825,1082.0880713631693,385046
2011-08-18,1028.33837890625,1067.0096979249415,1022.3514167607859,1061.6879537956402,286994
2011-08-19,1028.028076171875,1034.5914746877515,1005.8984228221801,1008.4706210825179,271953
2011-08-22,1037.2081298828125,1041.8202656087074,1019.2028491901776,1033.7489739528014,209465
2011-08-23,1027.27392578125,1041.7313734207114,1022.1296382826076,1038.7156968753513,201777
2011-08-24,994.956787109375,1032.719658959174,979.6463042113373,1022.1853039391964,650647
2011-08-25,991.65380859375,1008.9728455039682,985.0475229695879,1003.4379112922068,517715
2011-08-26,967.1929321289062,1007.9017867514841,935.366782169059,997.2336050528785,341740
2011-08-29,963.621826171875,988.2613835879104,942.731726349443,964.1574474028394,688962
2011-08-30,974.4685668945312,981.0747433495781,949.5164652056051,955.3192643457953,836549
2011-09-02,963.2200317382812,972.1920960501463,952.5965321952488,957.0602240963054,425137
2011-09-05,969.0674438476562,980.3606053617474,950.0967545968384,958.3545840354298,359484
2011-09-06,984.6458740234375,998.7065052419183,972.1029636241825,972.1029636241825,643403
2011-09-07,1005.5803833007812,1017.6323496362953,976.0307691179621,985.0919751443051,720712
2011-09-08,1010.4902954101562,1019.5069285874129,1002.0092833071961,1015.8467241067626,469276
2011-09-09,985.0476684570312,1025.7565216732328,981.0303452650995,1014.1509213409856,355468
2011-09-12,953.667724609375,980.226690026767,942.7316800257431,980.226690026767,261197
2011-09-13,959.6044311523438,978.4411876967573,947.7756485456083,955.7210412994636,422726
2011-09-14,977.19140625,985.5831687941615,929.6530876464773,962.3719709783569,353955
2011-09-15,966.1660766601562,978.3072963917701,946.3026484266719,968.799611194755,781399
2011-09-16,990.4484252929688,997.7689444578332,950.7662529732256,956.2119345986434,1247652
2011-09-19,1018.3915405273438,1025.3995166220752,978.4861693807973,986.4761361233528,1402251
2011-09-20,1031.068359375,1037.272957771742,996.7426052307545,1017.5880288739269,1153749
2011-09-21,1002.2771606445312,1025.2651699159821,996.6975467436936,1020.4444706871258,448621
2011-09-22,970.4957885742188,995.2247049834485,964.157368410592,990.9395175331084,569850
2011-09-23,973.888427734375,987.5026895279123,936.1255465130306,955.230171743269,659223
2011-09-26,961.3005981445312,989.868222351182,950.7662431275937,985.5830351294492,413800
2011-09-27,987.5025024414062,991.7430094097818,966.746336754094,966.746336754094,290896
2011-09-28,962.59521484375,991.5199618521406,952.5519074781184,990.9396600756434,282421
2011-09-29,986.5653686523438,997.0997273342923,943.6246653725807,952.8644877461802,662381
2011-09-30,966.835693359375,989.0649014563606,960.6757765647612,982.0122462560596,216286
2011-10-03,962.1488037109375,982.0122329687138,958.1761614501241,967.6391666269972,421513
2011-10-04,989.020263671875,996.2961037879206,965.8983161703137,965.9429966832707,1755670
2011-10-05,969.1123046875,1007.9017482181705,961.4793470602034,997.1888864124858,710373
2011-10-07,993.7962646484375,1004.3306205255778,979.1554432284755,995.4032372320172,449114
2011-10-10,956.0780639648438,974.7363167214265,950.7663145307391,964.2466414202657,709266
2011-10-11,958.086669921875,970.6743667385759,949.1592872018543,950.766259682194,704061
2011-10-12,969.3800659179688,973.0849524405238,951.3467920414688,953.310773125373,337688
2011-10-13,944.7403564453125,967.5051843114646,937.3752650768515,959.7384042772818,816403
2011-10-14,917.0654296875,938.2679645671087,912.021436436561,937.3752262563884,879193
2011-10-17,938.8037109375,951.5699140737744,901.6658140549644,920.0116323772224,1683826
2011-10-18,939.4286499023438,950.6771318031871,927.8230508506941,934.6970928520834,597663
2011-10-19,951.480712890625,958.8011248152281,939.4287434446236,950.7664785178938,585164
2011-10-20,961.8809814453125,964.0682559931882,937.3753550400104,949.69518901128,522623
2011-10-21,977.1468505859375,997.6351530922582,971.2993705274066,990.9396151520417,1422468
2011-10-24,993.0821533203125,1003.9289459697167,987.6364712301174,992.7250361881845,550386
2011-10-25,1027.76513671875,1035.5765981270358,997.3673490191904,1001.6525371539088,946337
2011-10-28,1005.223388671875,1057.8949516662271,991.9662458830733,1041.8256612611706,1538204
2011-10-31,1004.5984497070312,1011.5617430410065,946.3025952930523,957.0154548624076,2206582
2011-11-01,1011.9187622070312,1017.7215605787522,993.305192302339,1001.6522727801404,860761
2011-11-02,1003.4379272460938,1014.1507876793261,996.2960202906055,996.2960202906055,359122
2011-11-03,1008.3479614257812,1012.3652839812625,999.8669471419876,999.8669471419876,360567
2011-11-04,1001.8758544921875,1029.1490612415355,997.5460942476543,1013.2582711950394,738188
2011-11-08,1003.5718994140625,1012.3206703937925,998.081536429922,1008.7943972860571,228195
2011-11-09,961.0328369140625,1007.901600442152,956.6138256578682,1007.901600442152,667891
2011-11-11,946.0795288085938,974.6918384038803,925.7697300066163,967.7284352238883,739345
2011-11-14,916.84228515625,957.7297451638897,911.5751070975676,953.7569941215529,464462
2011-11-15,895.863037109375,930.144215481728,884.7038064528058,920.6365291669587,598891
2011-11-16,885.0608520507812,900.773025749152,876.2227202901811,900.773025749152,606285
2011-11-17,845.5571899414062,891.8010277582482,840.0668270341755,882.0255314662757,1312556
2011-11-18,839.709716796875,847.2087411482474,809.7583543905314,843.6377875501516,1641351
2011-11-21,841.8968505859375,863.5457545581319,831.1393648706347,838.2812713356884,1261673
2011-11-22,856.6270141601562,861.4924487320264,842.4325080606293,850.7795892659287,844169
2011-11-23,851.3153686523438,867.2954087877058,842.8343533322375,852.252787620574,574204
2011-11-24,882.8735961914062,891.8456056508697,849.6190928775975,851.4045695655873,656104
2011-11-25,848.056884765625,885.6857769986512,844.4859310359848,885.5965249507822,916133
2011-11-28,861.8496704101562,881.2220500377081,855.243384475828,863.2334040280632,927553
2011-11-29,856.046875,875.5978132999368,850.333327434987,862.2960438105459,423512
2011-11-30,867.8755493164062,871.4465024718701,849.9761030339072,854.3059164279596,473470
2011-12-01,859.0374755859375,899.880255017537,855.2433376059528,885.59644144583,1036648
2011-12-02,885.908935546875,890.0601909308405,859.7070851217646,860.1534543248393,846065
2011-12-05,892.336669921875,897.2021051709855,874.9282708663186,876.7137476925295,520465
2011-12-07,891.5779418945312,906.040316346988,884.7038446158735,892.3367478165378,533511
2011-12-08,871.2234497070312,897.0681834890131,862.2513849558081,895.4166392001174,537059
2011-12-09,880.0615234375,887.828358588296,853.7703660738259,860.1534675714663,634649
2011-12-12,855.4219970703125,883.8556950198766,848.994269307209,880.0615565923733,546170
2011-12-13,853.904296875,865.4206442633537,848.1014971576058,849.9762260401616,519127
2011-12-14,846.003662109375,860.1981715795529,836.4959752801344,848.101575790958,616851
2011-12-15,831.764404296875,839.1741223518706,813.6864511291884,839.1741223518706,539248
2011-12-16,831.6304931640625,848.0122764336152,811.2314413532828,831.7644257270902,848872
2011-12-19,818.3286743164062,831.3180071095309,803.4645581944382,825.7830181442837,620878
2011-12-20,817.88232421875,827.4792622213165,811.2314121006809,824.8902990112991,366360
2011-12-21,858.72509765625,865.0635185665781,826.7650190142343,826.7650190142343,702708
2011-12-22,862.2514038085938,873.946310110817,840.0668752842904,840.0668752842904,648188
2011-12-23,870.8662109375,882.4718088280049,864.3938582677954,870.4198417878653,372589
2011-12-26,865.509765625,884.7036387151883,861.5370693667886,878.4544707323363,351164
2011-12-27,859.8410034179688,874.3480022773024,849.2620207874907,866.8489779946452,230303
2011-12-28,856.40380859375,867.9201540328576,848.3245381754771,861.4031755817585,232279
2011-12-29,822.8814697265625,856.5823381639672,817.3018557468597,851.6722778618288,544045
2011-12-30,819.8016357421875,839.0848172617935,813.2846565271959,834.7103774455853,390624
2012-01-02,838.1920776367188,843.0574581639196,818.6410855325556,823.9975157541427,531425
2012-01-03,850.6011962890625,861.2248057896433,840.3793299943482,845.4233241035381,363198
2012-01-04,846.5392456054688,865.063568670392,841.9863012499445,850.7797532950295,296634
2012-01-05,833.32666015625,846.3159928192396,826.3186311091525,846.3159928192396,458779
2012-01-06,847.8783569335938,853.2794137478825,827.5685568596383,829.0862231474663,349108
2012-01-09,866.8935546875,870.4198820303334,846.3159468356472,848.0121714780503,430392
2012-01-10,880.552490234375,886.4892223303468,872.4285926710287,875.776361637533,356547
2012-01-11,881.9362182617188,888.2746386112133,867.9202155789123,882.5164654833353,433994
2012-01-12,887.8282470703125,900.772952532876,876.7136442409785,879.1686745873268,522575
2012-01-13,872.25,900.9515599462943,869.527158911361,890.0601411033131,516919
2012-01-16,899.9251098632812,910.4594141533119,865.9564179734535,865.9564179734535,781570
2012-01-17,989.466552734375,999.8669765627418,909.7896530395316,910.5931393696399,3155235
2012-01-18,983.619140625,1022.0514605423267,975.3166305227174,992.7250280469216,2781735
2012-01-19,1008.7498779296875,1013.2582511842965,988.2615718599262,996.7425880592662,857884
2012-01-20,985.1369018554688,1013.2581636664767,968.6212401569403,1009.6872097857138,729324
2012-01-23,1036.1568603515625,1046.6911082338436,955.2747819675594,967.7284392322501,2590616
2012-01-24,1033.746337890625,1046.423287958315,1007.008867663526,1042.182780758491,2008468
2012-01-25,1054.1009521484375,1069.5006908099328,1019.5073363146438,1032.8984134115963,1776429
2012-01-27,1080.7935791015625,1088.2479216588213,1035.3085000907543,1042.5397670633938,951880
2012-01-30,1065.304931640625,1094.497437986381,1057.8951582494792,1074.8571903226778,656597
2012-01-31,1059.4124755859375,1080.1240691130204,1042.4058767011097,1069.5004617625814,1045424
2012-02-01,1084.498779296875,1095.3901454654417,1056.109651251522,1062.3588207855548,1040215
2012-02-02,1087.0428466796875,1101.148046873321,1075.0354507842426,1093.6044515938815,619866
2012-02-03,1107.75439453125,1119.493925997165,1075.7497454757447,1089.140821145567,647744
2012-02-06,1118.3778076171875,1129.3138508367529,1102.9780732875954,1115.922777506673,560045
2012-02-07,1113.2000732421875,1126.6358293782075,1106.9955851259724,1116.81570725209,443305
2012-02-08,1130.653076171875,1142.7050434267667,1111.8608910466578,1114.1374173410975,517183
2012-02-09,1133.777587890625,1141.7229801838089,1120.520446551996,1124.6270207442635,541872
2012-02-10,1111.102294921875,1137.3041476208384,1100.9697349281266,1126.6806468472166,631791
2012-02-13,1093.64892578125,1123.4217216023526,1084.900048228259,1108.9592980337447,639454
2012-02-14,1131.7244873046875,1137.7951523437944,1089.31941101098,1089.31941101098,899801
2012-02-15,1163.0594482421875,1182.7889419847359,1138.5091461022466,1139.1340192932553,1011521
2012-02-16,1213.7669677734375,1227.5151593535659,1141.9907868420494,1160.5597870251897,1510728
2012-02-17,1179.7984619140625,1219.569891769374,1176.673877551661,1213.2314710010162,650578
2012-02-21,1169.26416015625,1193.6359629165036,1156.2747723927455,1175.781194294152,665602
2012-02-22,1166.2288818359375,1186.717295167353,1143.6426638662388,1166.8091836384756,510787
2012-02-23,1142.16943359375,1167.1214261604016,1135.2507115823091,1152.5251763574406,845227
2012-02-24,1147.3919677734375,1157.4799547493863,1140.7411106367608,1151.632474948636,375094
2012-02-27,1122.1719970703125,1151.632359761896,1102.7549398417689,1147.2579204759597,345310
2012-02-28,1133.4205322265625,1141.8122941036943,1109.7183955732216,1127.9748503518513,741718
2012-02-29,1120.2083740234375,1153.2397003112997,1106.1030613692226,1138.4201532276788,736509
2012-03-01,1173.9957275390625,1180.2002160980016,1113.9143870168543,1131.9030883541134,1543242
2012-03-02,1187.83349609375,1193.323751802692,1166.4970198135188,1190.9134009537365,924123
2012-03-05,1174.12939453125,1190.8236664964945,1168.6837125762054,1179.0394552898197,547959
2012-03-06,1188.7705078125,1205.1969172203574,1160.8724310249918,1162.3454712747446,662053
2012-03-07,1168.1927490234375,1187.252689981489,1143.5977652052186,1179.3965493307937,438170
2012-03-09,1197.4747314453125,1213.2315873217963,1178.4147868026278,1178.4147868026278,625544
2012-03-12,1193.814453125,1210.5532985137409,1186.181496036991,1206.0896064100766,434638
2012-03-13,1221.4893798828125,1235.5500104204732,1200.7332109938848,1200.7332109938848,863892
2012-03-14,1224.747802734375,1249.5658642599217,1219.9716742068183,1231.9789618017537,688965
2012-03-15,1219.8380126953125,1231.6667988336499,1209.750023190357,1218.5881568928676,575251
2012-03-16,1226.9349365234375,1275.678428916016,1195.3766574663537,1207.2054406713046,1604822
2012-03-19,1215.9990234375,1230.9078209691195,1208.0090578843976,1229.7472173910005,323100
2012-03-20,1212.5172119140625,1216.802399685648,1186.0029258858278,1215.998913356369,471359
2012-03-21,1216.9808349609375,1225.6404620562228,1190.020181271555,1218.5878075286366,841209
2012-03-22,1187.6099853515625,1212.070931323684,1179.396726351826,1210.151630867206,437399
2012-03-23,1166.4073486328125,1178.8610051724438,1148.24003581312,1178.459316500914,806817
2012-03-26,1158.2835693359375,1180.4682091254185,1151.9898280465563,1173.9511742252823,696029
2012-03-27,1137.080810546875,1169.7104413392562,1123.3327269238341,1169.4872567482737,1138231
2012-03-28,1150.1146240234375,1156.0512456519407,1119.4936613076259,1138.107230292375,584546
2012-03-29,1165.7823486328125,1178.3699375301235,1128.5997746849491,1142.5265800796071,918118
2012-03-30,1205.64306640625,1210.999496171846,1154.3552949914047,1168.5944271942105,650438
2012-04-02,1194.9749755859375,1217.873627342619,1189.1274957361343,1215.01690818084,486296
2012-04-03,1169.08544921875,1204.8395516730507,1164.0414561799791,1200.7329774118427,475271
2012-04-04,1174.5758056640625,1194.3054104168207,1166.6750930474045,1169.0855519829465,543772
2012-04-09,1145.6959228515625,1179.6646660907418,1138.2415782326282,1165.0237330145721,420584
2012-04-10,1138.9556884765625,1156.274726166363,1125.4306799904718,1144.490622937468,534399
2012-04-11,1135.96484375,1147.2580054132309,1126.6804523049352,1127.6624426719886,401175
2012-04-12,1171.6298828125,1174.5758541083112,1139.4020487844036,1142.43727212369,671623
2012-04-13,1180.8695068359375,1205.1966238733817,1171.6296878482756,1174.173970036641,943900
2012-04-16,1198.322509765625,1207.7408322348094,1169.3977707654117,1171.7635487519149,526324
2012-04-17,1198.2335205078125,1245.1916508062634,1184.1283181895963,1245.1916508062634,583176
2012-04-18,1207.4285888671875,1220.1054295366441,1200.7777319129646,1205.1967430467307,642609
2012-04-19,1242.0224609375,1251.0837786743048,1211.8032839528312,1218.052453567611,922582
2012-04-20,1241.53125,1265.054994034951,1231.9789927052739,1242.9150381115344,816656
2012-04-23,1229.7918701171875,1256.9757117703407,1224.9263802785517,1241.8884104799981,518905
2012-04-24,1217.47216796875,1228.9438362620272,1204.9738285725539,1227.5154764121219,270412
2012-04-25,1233.853515625,1240.0134313558283,1215.9987505946785,1215.9987505946785,593484
2012-04-26,1233.7198486328125,1248.9410826880537,1219.5699660960863,1231.979052258409,762098
2012-04-27,1234.2108154296875,1239.4779936887364,1226.7564717213781,1232.9163883641013,429216
2012-04-30,1224.7032470703125,1248.9411183023608,1212.5620256856196,1248.9411183023608,956055
2012-05-02,1189.930908203125,1235.996182933107,1181.985515495438,1235.996182933107,666676
2012-05-03,1151.6324462890625,1187.1634754319755,1146.365268343999,1187.1634754319755,662791
2012-05-04,1143.8656005859375,1152.971487441897,1125.6982894250282,1149.2220302604644,644798
2012-05-07,1170.2459716796875,1186.4491935220274,1119.4938214271049,1129.2692621622264,680698
2012-05-08,1165.916259765625,1188.859591271346,1159.711771958683,1181.9855497164529,632978
2012-05-09,1161.6756591796875,1171.272595461095,1147.659712108274,1153.6410148510672,330149
2012-05-10,1126.5020751953125,1165.3808811777428,1116.0570781435188,1151.7666188017804,415223
2012-05-11,1102.7548828125,1116.949442261555,1086.5516623747153,1114.0926145803733,486137
2012-05-14,1115.0301513671875,1123.064796172876,1099.7196675254236,1102.5318150027836,491946
2012-05-15,1086.7303466796875,1106.9062099166124,1075.8388743292483,1105.2099853972907,567302
2012-05-16,1064.2335205078125,1073.294837877699,1042.138243121684,1073.294837877699,673604
2012-05-17,1076.0177001953125,1087.355434949277,1060.5732813790976,1071.2861428071694,599674
2012-05-18,1041.5133056640625,1065.0369413751753,1032.0056196393148,1049.190834326215,612497
2012-05-21,1079.14208984375,1085.5250814434717,1044.9948502100822,1047.4052000052513,413870
2012-05-22,1030.1754150390625,1093.247403689319,1020.7124099602395,1088.1141579792613,950870
2012-05-23,1029.41650390625,1039.0581210617927,996.2959350299247,1018.614392355864,782054
2012-05-24,1021.6945190429688,1025.622590185704,995.8051028899016,1007.8125009401163,955704
2012-05-25,998.9743041992188,1026.6491955577314,990.0469198900212,1011.4726422320955,921129
2012-05-28,985.181396484375,1008.7942809748635,980.4051593885503,1003.5271031991836,874095
2012-05-29,1007.3211669921875,1014.3291403507906,986.4757509728788,991.8321803899261,817104
2012-05-30,1027.586669921875,1033.2108569538839,990.9397117653908,992.7698692382262,1151146
2012-05-31,982.2353515625,1012.6777069434825,975.8969311891861,1007.9015786539991,3301123
2012-06-01,959.5599365234375,998.6172451492438,956.1229151597396,988.2168200283703,879733
2012-06-04,952.9982299804688,962.3719830622439,938.2680465662507,954.9622108449562,548592
2012-06-05,963.2647705078125,972.9956412360252,944.7851285105011,961.9256628565041,605028
2012-06-06,989.109375,996.1174579718435,960.8988659704515,964.0681305874067,925831
2012-06-07,1020.623046875,1023.4351942751409,991.475120001592,999.8668816969166,984712
2012-06-08,1003.482666015625,1015.0435849802861,991.9663185859124,1015.0435849802861,456053
2012-06-11,991.3857421875,1020.7568499062953,983.7974677088024,1010.5796129277353,724281
2012-06-12,1021.7838134765625,1029.1489055228324,985.002924780591,985.583226555366,534252
2012-06-13,988.9310913085938,1021.2928625204526,984.2442140986004,1015.9364314233172,1333440
2012-06-14,964.246826171875,1004.5986715118139,958.0423372254749,991.0736615239548,882665
2012-06-15,988.0829467773438,990.9396661882234,961.7471628561252,976.6558511801048,685861
2012-06-18,974.6917114257812,1006.5177443746603,967.2819400066592,995.4031962228196,610175
2012-06-19,973.9329223632812,985.3153370623177,960.943643916377,973.0848644666446,430252
2012-06-20,960.943603515625,975.3613499902801,957.9082712614579,972.1920851852075,616008
2012-06-21,972.0581665039062,976.6557909715838,948.1774147594,964.157453609973,844982
2012-06-22,983.886962890625,993.8856982962308,959.2474049951027,962.3719893761942,904652
2012-06-25,994.42138671875,1012.2761558169343,987.9043524071678,987.9043524071678,910242
2012-06-26,993.7962646484375,1000.7149867009471,986.5205344456631,995.4032372320172,302263
2012-06-27,1001.3845825195312,1003.4379243540568,990.0468488511112,1000.7597092534677,532527
2012-06-28,1000.625732421875,1010.5797865672665,991.2519799846345,1006.0714144233788,516495
2012-06-29,1044.28076171875,1049.8603768166274,1017.7217938528531,1017.7217938528531,1346720
2012-07-02,1052.09228515625,1075.5713504691928,1031.1129311459217,1053.431392859037,1141219
2012-07-03,1063.83154296875,1072.3571277544322,1058.2965005077735,1060.5730266051096,973813
2012-07-04,1090.1676025390625,1093.1582546129862,1068.8311313478137,1068.8311313478137,1044761
2012-07-05,1107.263427734375,1115.9229462061949,1083.337996176974,1085.1681533994922,1278118
2012-07-06,1085.1236572265625,1108.7812277049695,1081.5527031920858,1107.3081873703743,611047
2012-07-09,1060.3499755859375,1082.8916189313763,1056.77902218468,1081.998880581062,403988
2012-07-10,1089.6319580078125,1096.9970502153753,1054.3241087432364,1065.036970136055,794615
2012-07-11,1074.3214111328125,1087.3553699626088,1071.330759291587,1083.7844163666725,407383
2012-07-12,1067.357666015625,1085.5695453146227,1061.5995487779985,1071.1072314759947,559552
2012-07-13,1056.95751953125,1078.338668271193,1049.547856656949,1071.5091981394212,592804
2012-07-16,1074.2320556640625,1082.8468932033609,1052.002849874157,1062.3585925099778,599666
2012-07-17,1067.8936767578125,1085.3467568247431,1062.8943632965786,1080.659880021675,273112
2012-07-18,1095.03271484375,1097.1753084375307,1059.5017979061631,1068.9201210505867,508727
2012-07-19,997.4566650390625,1048.9676274964434,990.9396310817464,1048.9676274964434,8345304
2012-07-20,1024.4173583984375,1028.1668162501974,977.3254057574635,977.7717749768093,4553438
2012-07-23,964.11279296875,988.2614103165497,959.0689081824942,987.3686719151798,4040249
2012-07-24,988.1722412109375,998.9743549787847,968.8444314036873,969.5139852609117,2373402
2012-07-25,984.6458740234375,988.9757428817328,969.4693196923789,977.5486466181891,1202467
2012-07-26,989.645263671875,1004.8663890325737,980.7624506065303,990.9396908484545,2109342
2012-07-27,993.5732421875,1004.286103887791,987.4134338913243,1004.107599783532,884839
2012-07-30,999.7776489257812,1003.8842233307874,966.5231470857885,968.7103123409029,1353345
2012-07-31,1013.1242065429688,1015.5792372764846,993.3947086253593,995.4033701345995,708501
2012-08-01,1004.8663940429688,1021.292803588364,998.5279727391479,1012.3654189416126,704104
2012-08-02,1004.6431274414062,1012.3653363260365,996.2960452732424,1008.6158786711263,429857
2012-08-03,1000.625732421875,1004.1966857313,990.0021245309665,999.688422564259,297511
2012-08-06,1015.6239013671875,1018.6145533261035,1004.330738380251,1012.3653842872931,425446
2012-08-07,1023.9264526367188,1025.7119297651507,1008.7945775640088,1017.6772826872071,556437
2012-08-08,1017.8109130859375,1027.764966917028,1014.1507078547178,1018.2572822355214,568514
2012-08-09,1022.0068969726562,1040.9329062223228,1015.0434943179939,1019.5071860256369,895054
2012-08-10,1040.75439453125,1049.72634941187,1018.3020036106841,1021.2926552375575,638608
2012-08-13,1057.850341796875,1066.8224064628916,1050.9316190771367,1052.8064569310677,838204
2012-08-14,1064.54345703125,1070.0238258085833,1042.1726598975285,1063.7348528609257,418219
2012-08-16,1053.4930419921875,1076.31305695362,1051.1571591283268,1070.7428663035666,396861
2012-08-17,1057.940185546875,1073.4380136169814,1052.190244792462,1069.1255306334222,1988327
2012-08-21,1067.23876953125,1075.4144127230168,1056.6373137412743,1069.125439549198,1186236
2012-08-22,1062.9715576171875,1083.5005468737506,1060.1864620594274,1064.6336219281877,700024
2012-08-23,1061.039794921875,1070.9674338232048,1057.4460953624443,1065.7565255936277,304311
2012-08-24,1069.3951416015625,1071.8208448253902,1043.071249658238,1061.2193877391019,470889
2012-08-27,1049.1806640625,1076.7622652017671,1045.8115706169376,1073.5728128715639,355903
2012-08-28,1046.1708984375,1063.1062966320103,1038.579251411076,1046.844717155976,432474
2012-08-29,1049.1806640625,1053.8524297719425,1037.0069625441301,1048.6864864887466,630103
2012-08-30,1027.4385986328125,1045.7664868310617,1018.0051380557283,1042.2177526728435,896906
2012-08-31,1027.169189453125,1031.8409548710356,1015.2200949101177,1022.766885691438,392594
2012-09-03,1044.4188232421875,1051.2019743066962,1015.3996585215548,1015.3996585215548,445403
2012-09-04,1055.3349609375,1059.243087800524,1030.9426999585253,1044.4190751213819,417884
2012-09-05,1055.1998291015625,1059.2427403241738,1044.0144852540654,1051.1569178789512,421800
2012-09-06,1063.24072265625,1074.5159970961818,1051.1569536810475,1051.1569536810475,767955
2012-09-07,1082.6019287109375,1085.297203222251,1070.293552311006,1074.516105176997,1285056
2012-09-10,1083.5902099609375,1096.7521561943372,1075.9535985928017,1088.8909386094915,474322
2012-09-11,1090.552978515625,1096.9317729946501,1070.652846221855,1076.7621790494013,498747
2012-09-12,1096.2578125,1100.7949012582985,1089.1603448644655,1092.4844724995642,482824
2012-09-13,1087.6331787109375,1104.9278583015694,1081.7035962140658,1098.1448160049924,347562
2012-09-14,1133.00341796875,1139.0229295308784,1101.4687315209055,1101.4687315209055,1197005
2012-09-17,1149.3551025390625,1189.9638671220855,1145.5367964346692,1150.8823811124132,1338378
2012-09-18,1146.344970703125,1161.3037641351204,1139.3373237319731,1158.878061274142,640871
2012-09-20,1152.589111328125,1169.5693607075991,1123.929340425445,1123.929340425445,940325
2012-09-21,1178.5087890625,1183.49509081487,1156.4075598353224,1162.5617480822375,800094
2012-09-24,1217.0511474609375,1230.6623047819373,1177.0712448396405,1181.4285830787742,994282
2012-09-25,1187.447998046875,1229.4045014354922,1183.2704105208227,1222.576494983101,693537
2012-09-26,1178.8232421875,1194.5456773083977,1165.6612959949477,1175.1846872906947,909320
2012-09-27,1195.8485107421875,1205.6862195594592,1183.6298443272817,1184.0342013361476,1272235
2012-09-28,1213.4127197265625,1230.8421857509616,1204.7878621109776,1208.3815619233892,1241053
2012-10-01,1220.0609130859375,1242.341892627777,1210.7172729661017,1220.9593379114795,865209
2012-10-03,1224.957275390625,1234.7052724119303,1216.8714520209883,1220.0609039962999,639206
2012-10-04,1249.2596435546875,1266.6441409320914,1224.193570520039,1231.9649667201475,1104971
2012-10-05,1246.744140625,1265.8806341076622,1133.0933952633113,1257.345597894729,987181
2012-10-08,1244.7227783203125,1266.689333712955,1235.4690673222099,1241.6232561729455,1099782
2012-10-09,1251.146240234375,1262.2867286707194,1246.564296107205,1257.794605081144,755966
2012-10-10,1238.8828125,1252.8533617649157,1236.232503254589,1244.3183263136668,450007
2012-10-11,1230.123046875,1249.7087490681129,1210.6272748880533,1244.318200905346,1280918
2012-10-12,1232.6839599609375,1246.564581158405,1217.8149836109678,1217.8149836109678,792185
2012-10-15,1202.317138671875,1243.6896497443438,1198.4988327952783,1234.7054006229398,710035
2012-10-16,1228.1917724609375,1233.267785281207,1201.733094020135,1206.1353978533914,860593
2012-10-17,1229.1796875,1247.9118192236983,1224.5078135908893,1238.7927872354207,896249
2012-10-18,1238.7032470703125,1247.4628892526773,1231.830275116103,1233.7619104546195,559121
2012-10-19,1230.1683349609375,1241.623252814326,1224.283607803145,1233.9416757971783,243014
2012-10-22,1230.707275390625,1237.9396393987972,1216.0630159412692,1223.6546621574719,278367
2012-10-23,1228.0567626953125,1237.9394345428304,1222.7560349519922,1226.349733805635,351522
2012-10-25,1229.808837890625,1237.086057264516,1211.076701642886,1229.943623552753,540856
2012-10-29,1223.8345947265625,1233.5376294163118,1216.1081610067406,1230.8423541881625,665083
2012-10-30,1249.5294189453125,1274.8649577467163,1202.0925394398212,1213.7720633656193,1697578
2012-10-31,1291.844970703125,1297.1456986653754,1240.9941517580398,1244.3182794665581,2341085
2012-11-01,1311.475830078125,1317.9894110118921,1292.0249078382592,1292.8335122332057,1719118
2012-11-02,1317.0008544921875,1327.2877739451567,1306.3993986419482,1317.090675032412,1151250
2012-11-05,1328.0963134765625,1336.8109892027724,1310.577031817308,1313.4969120938504,741504
2012-11-06,1304.153564453125,1325.131763958813,1296.5169527940645,1318.9327198782648,915224
2012-11-07,1318.1239013671875,1328.0963942145088,1300.9640104791315,1301.5030433979884,486738
2012-11-08,1311.475830078125,1323.5147464278423,1303.7044322712206,1303.7942528326557,459052
2012-11-09,1314.7547607421875,1325.1764655882093,1309.4540329456372,1311.4754885711109,578089
2012-11-12,1306.3992919921875,1324.2779648768926,1297.2354042176053,1324.2779648768926,290527
2012-11-15,1317.1361083984375,1326.9738189767393,1294.4059104202688,1299.3922133918088,788772
2012-11-16,1292.02490234375,1326.9736549325753,1288.5210230945593,1312.5988556915995,376344
2012-11-19,1342.471435546875,1353.6567819227798,1299.0326126367129,1299.0326126367129,1688460
2012-11-20,1347.008544921875,1355.8130434561742,1335.9129092706983,1352.1295231677932,1032949
2012-11-21,1340.8990478515625,1351.1859682028617,1329.758558116117,1347.8618402273412,421427
2012-11-22,1341.75244140625,1360.6643268595892,1337.979101205443,1347.6371675730497,427099
2012-11-23,1341.617919921875,1350.3325974073323,1334.1609495341904,1348.5357476436498,223808
2012-11-26,1340.315185546875,1348.7604016697167,1334.1609968223343,1348.625615998462,381166
2012-11-27,1345.5260009765625,1356.0824929832047,1341.393268593269,1345.8404277404322,531466
2012-11-29,1337.8443603515625,1351.6351592273063,1324.4129533334044,1347.6372126980343,639078
2012-11-30,1324.143310546875,1346.7387151943067,1320.864038238788,1340.6743480645123,432369
2012-12-03,1338.5631103515625,1351.4554840941132,1329.1745055369774,1329.6686830375852,710972
2012-12-04,1330.1629638671875,1349.4341331519888,1325.7606601404138,1349.4341331519888,326134
2012-12-05,1327.287841796875,1338.6529373264968,1322.4812911037607,1335.9576629560408,368330
2012-12-06,1331.9598388671875,1335.9128205701966,1311.2061365713657,1330.3875953399893,340106
2012-12-07,1356.576416015625,1383.484303251728,1338.6528860076107,1338.6528860076107,1272135
2012-12-10,1341.7078857421875,1368.7504556792978,1338.8778251237766,1352.1295935656997,314521
2012-12-11,1327.781982421875,1347.6371477985756,1317.629738706729,1338.5630796042637,309880
2012-12-12,1326.074951171875,1340.4047822839602,1314.4403943507893,1334.1607740448742,652425
2012-12-13,1324.412841796875,1344.0434002744398,1320.6843572215416,1331.4654540151869,536596
2012-12-14,1327.1981201171875,1336.8561873307667,1303.614467618913,1328.0965449742646,464608
2012-12-17,1347.32275390625,1357.3402122165955,1330.1628624068703,1338.652932776552,879034
2012-12-18,1325.4910888671875,1352.0844426605913,1322.3466018723693,1347.637283493464,579109
2012-12-19,1356.397216796875,1362.865833276825,1334.0713762787523,1336.272473778881,960012
2012-12-20,1365.7406005859375,1374.724849368306,1356.6215661376325,1359.9456943187065,626581
2012-12-21,1352.039794921875,1367.3130198144197,1347.7273110838075,1359.3170154364718,505267
2012-12-24,1328.6805419921875,1348.400923720698,1325.491089883739,1345.1666161720339,338405
2012-12-26,1329.758544921875,1342.1568512202546,1327.8718747471646,1328.321087154048,260198
2012-12-27,1331.465576171875,1348.535647661258,1325.4910292163913,1338.6529746937204,588291
2012-12-28,1347.9967041015625,1362.9105350892346,1333.352334773731,1338.6530634693206,453955
2012-12-31,1338.6978759765625,1360.2151054070416,1335.7330303592596,1349.8832205244914,187038
2013-01-01,1360.57470703125,1369.1995642418788,1334.1160276020541,1344.9420916470424,446063
2013-01-02,1399.2069091796875,1406.9333410982613,1364.5277312630628,1364.5277312630628,801361
2013-01-03,1386.5390625,1407.8316867723179,1383.843788051808,1407.8316867723179,584243
2013-01-04,1388.470703125,1400.5545837045697,1383.1251188950428,1385.3711811212445,361754
2013-01-07,1423.643798828125,1439.0518048126025,1395.7028117848465,1395.7028117848465,951298
2013-01-08,1414.884521484375,1432.0893813437556,1411.425607334404,1431.9995607822657,640368
2013-01-09,1410.1678466796875,1433.3472553609383,1402.9804467377205,1410.5272386109896,671715
2013-01-10,1412.5936279296875,1427.5972810999015,1405.2714424706483,1416.0075770220926,911264
2013-01-11,1406.2593994140625,1431.1457221732126,1399.4762483962788,1412.3237667330498,812488
2013-01-14,1382.765625,1417.7143725957815,1375.4884058581379,1410.5269740021402,1491642
2013-01-15,1388.96484375,1405.9450956627745,1386.449210255143,1388.066418883409,693345
2013-01-16,1341.5281982421875,1401.5430335471008,1331.7354532446063,1383.5745331170099,1202364
2013-01-17,1342.3365478515625,1367.1330518032378,1335.1491490440621,1335.1491490440621,986779
2013-01-18,1390.267578125,1405.316195313529,1349.8834224337386,1354.645118308065,1741932
2013-01-21,1414.6597900390625,1422.026939836446,1393.2323786469824,1397.0506843759842,1538191
2013-01-22,1410.61669921875,1432.897677221656,1407.8765694927058,1420.4095510749705,930310
2013-01-23,1413.85107421875,1425.2161699559629,1406.21446336297,1423.1048935947408,841493
2013-01-24,1382.4959716796875,1417.714176037316,1373.4217944765019,1415.9173266380292,575646
2013-01-25,1436.985595703125,1442.870322393242,1385.5957376780684,1391.6601054714397,2993882
2013-01-28,1444.8017578125,1467.936194711338,1437.9287866636962,1456.3464937093731,1157319
2013-01-29,1431.2357177734375,1462.6356216800486,1426.6986285183766,1444.6671250992126,703176
2013-01-30,1439.186767578125,1457.9189034856602,1433.8860391083738,1441.0284726904194,649445
2013-01-31,1420.9486083984375,1451.8544427273268,1417.7592662358838,1432.0890975911875,933230
2013-02-01,1446.194580078125,1457.065609574116,1419.511403264905,1424.1831690781312,895967
2013-02-04,1436.94091796875,1452.5735343702543,1429.3941262917117,1448.261050648799,416405
2013-02-05,1437.794189453125,1446.9132236318853,1428.4955141724295,1431.1907887274717,491977
2013-02-06,1462.5009765625,1472.5184363031574,1446.4641137572198,1446.4641137572198,1082611
2013-02-07,1457.5595703125,1463.4442970971752,1450.4171364428298,1461.692302792781,480018
2013-02-08,1426.428955078125,1466.1393954813602,1416.9506396129202,1459.9402426705913,659412
2013-02-11,1400.4647216796875,1432.8978373314421,1397.8143025286483,1431.8196616921875,361453
2013-02-12,1400.599365234375,1423.1049514216597,1390.896442731828,1402.935357563156,442763
2013-02-13,1376.791015625,1410.526910114284,1374.5899187737925,1401.2730909757097,598533
2013-02-14,1334.385498046875,1364.2131589656526,1326.389495010088,1361.2034576758454,1655638
2013-02-15,1325.2215576171875,1334.160840593167,1314.8447072108418,1327.1980483274451,688998
2013-02-18,1329.4892578125,1334.161023588986,1317.5401623523553,1326.075199203598,457163
2013-02-19,1357.7445068359375,1369.9182069939163,1314.6650806611385,1321.8075140991716,814306
2013-02-20,1355.09423828125,1357.7445477069673,1331.7800477388669,1350.557148943258,639004
2013-02-21,1318.4383544921875,1354.7347372587433,1302.85070661348,1342.2466109787586,957074
2013-02-22,1292.2943115234375,1317.9892400079332,1284.8373414845764,1314.754932518801,648683
2013-02-25,1297.4151611328125,1311.6103160686268,1292.1593982730615,1295.5284910896955,399084
2013-02-26,1261.6580810546875,1293.731804848146,1249.7988070409772,1293.731804848146,686212
2013-02-27,1265.4764404296875,1284.6128250525237,1237.3107319962805,1257.7948636440294,504783
2013-02-28,1216.78173828125,1274.6852887413554,1204.1589342710095,1271.5408015993653,2957853
2013-03-01,1279.7164306640625,1290.497529305426,1223.8793020164655,1225.451545568331,935306
2013-03-04,1256.671875,1272.8884889086194,1249.6192612103418,1265.072126189122,277745
2013-03-05,1285.4215087890625,1298.0444233186508,1253.3028165373,1253.3028165373,620394
2013-03-06,1279.76123046875,1295.7082715158099,1267.9470314580115,1288.7454789459669,436690
2013-03-07,1302.132080078125,1307.0285614849422,1266.6442972585942,1275.314119299339,425637
2013-03-08,1283.8040771484375,1324.2331932447023,1272.0796992831185,1311.700211123259,756489
2013-03-11,1273.921630859375,1300.919344832912,1270.3728961282718,1292.7436996138142,372123
2013-03-12,1273.068115234375,1284.7476392273509,1259.3221700511604,1267.3631389104696,423192
2013-03-13,1234.6602783203125,1270.103092723507,1231.7403977275958,1261.388416053643,328461
2013-03-14,1274.6851806640625,1280.165550141234,1222.5315759054824,1232.6388551477655,627771
2013-03-15,1263.8143310546875,1282.771185202871,1246.6544364743306,1279.3571265305216,444509
2013-03-18,1222.801025390625,1252.314255903439,1217.949509903494,1248.8103775143452,369621
2013-03-19,1226.035400390625,1242.3418321141353,1199.4420487841282,1227.2482519118296,677734
2013-03-20,1206.22509765625,1234.4356579154453,1196.7018168437942,1217.3655869544602,454199
2013-03-21,1174.1964111328125,1219.7914760483118,1157.1713026830157,1206.5846735273992,707612
2013-03-22,1172.9384765625,1188.6159445860362,1163.9092639540513,1180.3504807520953,719856
2013-03-25,1154.65576171875,1194.9052454333334,1146.7496875515776,1186.8194204642357,336083
2013-03-26,1161.88818359375,1166.065881966162,1137.49592181066,1145.6715677447735,303740
2013-03-28,1151.061767578125,1182.1473522522037,1142.5267322918762,1156.2726750949685,840376
2013-04-01,1153.39794921875,1157.5306818916608,1133.812242212289,1149.9838906749048,280418
2013-04-02,1174.9600830078125,1182.192337372722,1132.0153305671033,1145.491703550045,798827
2013-04-03,1171.0968017578125,1193.4676026438885,1163.4601904690198,1163.4601904690198,361668
2013-04-04,1177.9248046875,1194.455843942911,1151.780663358264,1160.7649119024004,385661
2013-04-05,1263.454833984375,1279.3569089988985,1192.2097038213049,1192.2097038213049,1681662
2013-04-08,1275.89794921875,1279.3568626224,1240.9492040008358,1259.7711589189134,781175
2013-04-09,1264.443359375,1295.5288422549581,1258.6934174751707,1281.1540423408946,682014
2013-04-10,1269.1148681640625,1273.6519573354462,1243.6445466646744,1269.5640805702985,479132
2013-04-11,1282.9954833984375,1286.5442172242012,1255.818135234309,1270.372572035629,506487
2013-04-12,1265.386474609375,1284.7475745842744,1259.7264636847888,1275.763325810958,245123
2013-04-15,1278.368896484375,1298.1342455883907,1254.515669947259,1257.7949429828102,358385
2013-04-16,1331.5106201171875,1336.766383663271,1271.2711888209114,1271.2711888209114,620229
2013-04-17,1342.6959228515625,1351.949742568321,1318.0790603110506,1335.1491322643324,422625
2013-04-18,1369.738525390625,1377.6895635009112,1334.4304940465229,1334.4304940465229,540860
2013-04-22,1383.978515625,1396.0174305432063,1370.9064998666101,1372.7931701164703,352370
2013-04-23,1380.2950439453125,1387.3476573267321,1361.2484803371335,1384.4727415760278,288841
2013-04-25,1429.3489990234375,1436.8059692917905,1385.2813250769314,1385.2813250769314,775649
2013-04-26,1503.199462890625,1521.0331730802552,1408.2808616676316,1429.3488791747397,3505606
2013-04-29,1512.498291015625,1531.2304278979818,1505.6253187242692,1505.6253187242692,897487
2013-04-30,1500.0101318359375,1524.6269950574538,1487.6567899490549,1518.3380210059497,400577
2013-05-02,1509.1741943359375,1536.0370111704958,1475.2136891699554,1475.2136891699554,877894
2013-05-03,1496.23681640625,1526.8730828661264,1492.8227579953991,1511.8244661329652,575722
2013-05-06,1520.4940185546875,1526.4235997744108,1489.0491533445024,1499.4708581656807,414868
2013-05-07,1520.853759765625,1533.7461355293935,1512.7679354254342,1527.322375369373,462187
2013-05-08,1510.117431640625,1524.6270153294345,1503.9632431711686,1524.6270153294345,306652
2013-05-09,1491.5198974609375,1512.9473061994572,1487.7015922047929,1511.3750628586918,344448
2013-05-10,1552.433349609375,1558.6774688190096,1503.064942439496,1504.8617923407985,1228156
2013-05-13,1531.814453125,1563.2593245967741,1526.289118060758,1563.2593245967741,347596
2013-05-14,1530.8260498046875,1541.6071474832167,1519.6855602693413,1532.7127199642307,300610
2013-05-15,1562.40576171875,1579.4308685666972,1537.9236848311264,1545.0661184400326,653485
2013-05-16,1552.6578369140625,1572.0639020984436,1547.3572178480572,1554.3648661237448,289810
2013-05-17,1535.138671875,1564.3824479359778,1527.9512722577779,1554.2751672242593,288440
2013-05-20,1565.28076171875,1594.1651438132371,1540.7986835113538,1540.7986835113538,549253
2013-05-21,1524.9864501953125,1567.3472062478784,1519.7755418966544,1565.3706056613837,559417
2013-05-22,1516.1817626953125,1540.4841988807486,1511.1506054437314,1531.8143770996207,419210
2013-05-23,1480.15478515625,1516.0468102814757,1424.9914832168356,1509.3535897192717,1072941
2013-05-24,1504.7718505859375,1596.5010087253781,1450.0577535637367,1482.7604410677768,743669
2013-05-27,1481.2779541015625,1500.3694819406273,1467.7566163989068,1500.3694819406273,584287
2013-05-28,1486.98291015625,1499.4710371934993,1482.445930579684,1482.445930579684,333797
2013-05-29,1468.1610107421875,1493.0024801203444,1456.032275100473,1482.401022876222,457835
2013-05-30,1471.1707763671875,1478.807388030773,1440.4895440434045,1458.1436152940125,593474
2013-05-31,1442.5108642578125,1485.006401970807,1435.8176432394837,1460.0301481895167,410598
2013-06-03,1409.2244873046875,1437.4349427599327,1391.076237665152,1437.4349427599327,432366
2013-06-04,1389.68359375,1427.3724721194667,1382.9454074142668,1397.6346316919646,431388
2013-06-05,1408.9549560546875,1416.1873209154362,1377.51008217494,1392.648520951415,621196
2013-06-06,1425.8900146484375,1436.4016508801321,1392.5584756493529,1400.4646579601488,498248
2013-06-07,1396.960693359375,1422.6556197837592,1388.0662662241286,1406.034761579781,780953
2013-06-10,1367.2677001953125,1420.364581620745,1356.7561743630715,1415.0189981627489,503982
2013-06-11,1339.0572509765625,1366.5041735443579,1330.567180157261,1358.418350032261,675122
2013-06-12,1329.3541259765625,1338.6527996641942,1313.407087591301,1335.0591008731494,469660
2013-06-13,1308.6455078125,1313.0478111525472,1284.7474306863787,1310.8017492107876,690959
2013-06-14,1360.349853515625,1365.6056163548983,1322.166801742544,1331.4654759460257,383703
2013-06-17,1379.3065185546875,1393.8160993715796,1352.2189919571304,1379.171732915698,533292
2013-06-18,1382.2716064453125,1389.8632526121878,1366.504206349798,1379.0821543372388,529919
2013-06-19,1386.9432373046875,1392.109179727037,1369.1993481148786,1373.871113045824,389004
2013-06-20,1370.232666015625,1384.3828572389684,1341.5728916989067,1365.6057561576013,505078
2013-06-21,1396.736083984375,1401.4528140044847,1358.1936396001379,1365.605643917453,433570
2013-06-24,1387.5721435546875,1412.3237907534017,1376.207157530015,1388.9647458681673,707604
2013-06-25,1388.2459716796875,1399.0270693929783,1349.6586699825996,1383.5742065389936,484805
2013-06-26,1387.841796875,1399.6561056704443,1359.8558406649254,1389.144469048333,408512
2013-06-27,1366.6837158203125,1406.0347646021762,1357.699468123174,1401.5426407536067,493875
2013-06-28,1381.552734375,1391.8396544530128,1363.0002403453082,1383.5741901723297,444718
2013-07-01,1442.3763427734375,1457.6047120134517,1361.1138470599487,1383.574471598892,856025
2013-07-02,1418.29833984375,1454.5497587784262,1412.773005360763,1428.9446518450197,589430
2013-07-03,1402.396484375,1420.4099498080204,1397.6348975944493,1402.4414494941936,173724
2013-07-04,1399.161865234375,1416.8159348026084,1377.3302080086269,1410.526961090739,278194
2013-07-05,1396.646484375,1415.019229872239,1391.6601822679988,1411.4255302408176,273858
2013-07-08,1393.501953125,1404.2380865659147,1374.5900655443695,1388.0664387359811,311166
2013-07-09,1387.0330810546875,1391.6599906271886,1366.5040966713711,1387.1678667065069,467745
2013-07-10,1386.7186279296875,1392.2439621811955,1374.5898935746172,1380.9238320506618,344394
2013-07-11,1352.6234130859375,1418.702487003679,1345.1664438650091,1401.542596379639,543696
2013-07-12,1300.8741455078125,1352.1742893331357,1292.3840750148,1343.1450762232366,945429
2013-07-15,1299.661376953125,1316.1924162656796,1287.5776064878926,1301.8176185453717,522612
2013-07-16,1267.9022216796875,1284.657869076655,1258.6933658623507,1283.8492646804418,817379
2013-07-17,1276.79638671875,1287.2630572472137,1259.1423180139666,1268.800384313396,1141103
2013-07-18,1298.718017578125,1308.1065128991468,1264.2633386533594,1271.2710959837175,714436
2013-07-19,1304.0635986328125,1313.4970590431774,1286.634135559463,1302.9405676315787,403857
2013-07-22,1301.323486328125,1317.5400994395443,1289.2397154420362,1291.0365652196558,324022
2013-07-23,1301.548095703125,1315.2940404036149,1293.4622716842503,1295.7982641376198,451305
2013-07-24,1272.21435546875,1297.145641190942,1259.6812649517597,1291.0363092897223,405613
2013-07-25,1270.3726806640625,1304.647609081525,1259.8161891521793,1276.1226213792024,1896090
2013-07-26,1235.693603515625,1300.9192279554325,1215.299292910129,1300.9192279554325,1226137
2013-07-29,1211.2564697265625,1238.1193975771646,1200.1160881201179,1235.3343021755534,710715
2013-07-30,1206.0455322265625,1224.3734209739066,1204.3385030891773,1212.7837185549242,459744
2013-07-31,1191.580810546875,1200.2954869052605,1160.7647972167638,1200.2954869052605,500776
2013-08-01,1204.158935546875,1221.4984702884726,1187.9423222575986,1191.311415627586,797570
2013-08-02,1201.82275390625,1225.3165832425616,1192.7936508984722,1220.0608203468414,360939
2013-08-05,1207.3931884765625,1223.4750153673137,1196.746875844555,1208.6060401005375,178344
2013-08-06,1196.656982421875,1220.7348132226546,1176.2627813886002,1194.9050977634815,301434
2013-08-07,1195.668701171875,1212.783738597154,1169.749165934636,1208.3814348556725,456603
2013-08-08,1244.36328125,1250.9666814267393,1195.8931987283415,1195.8931987283415,1398921
2013-08-12,1240.005859375,1265.8805373641126,1232.8184610081348,1250.8319220334886,700028
2013-08-13,1262.3714599609375,1276.7397177615528,1224.462856963596,1224.462856963596,1031827
2013-08-14,1257.1754150390625,1286.815593623072,1251.5727508201928,1263.3203650878193,530381
2013-08-16,1197.4432373046875,1255.367985392345,1190.259164070172,1255.3228684505257,1464791
2013-08-19,1182.3974609375,1208.0163877111668,1174.761554954453,1192.83480964606,429786
2013-08-20,1172.8638916015625,1180.8160575225365,1146.3865292113549,1174.7615612923407,916913
2013-08-21,1160.709716796875,1197.2177184153504,1152.1701468911392,1186.5093355827967,926580
2013-08-22,1161.8389892578125,1173.8577462574249,1113.8545260802662,1160.48349532449,1030562
2013-08-23,1168.435791015625,1196.449332795582,1144.082127043976,1174.6710852803367,621224
2013-08-26,1182.1263427734375,1191.298540927874,1169.7460980191943,1174.761469957397,438706
2013-08-27,1138.841064453125,1181.0420738579949,1120.5418924196588,1174.6713171881406,929746
2013-08-28,1117.2432861328125,1128.6746406239463,1097.950110775096,1118.7343515552006,1150637
2013-08-29,1130.1204833984375,1142.0488965158027,1105.450559340726,1120.9935127329022,573972
2013-08-30,1123.7496337890625,1128.674550674663,1106.986648980354,1125.9635629628742,758972
2013-09-02,1174.761474609375,1181.629288860399,1114.2160755333534,1120.7676299109826,537411
2013-09-03,1153.11865234375,1192.4730905954127,1133.6446800764,1188.3162648867803,627614
2013-09-04,1153.5255126953125,1159.218632205276,1122.349147487331,1146.7480419979252,656723
2013-09-05,1174.39990234375,1187.7289258009566,1165.72476337605,1165.72476337605,531076
2013-09-06,1164.2791748046875,1185.5603675807947,1153.9773968117895,1184.7019320440534,473918
2013-09-10,1207.8807373046875,1219.8993847029599,1174.761478184561,1179.2797915621939,857196
2013-09-11,1229.704345703125,1255.0069033487828,1216.6012354937664,1220.8484064029858,1255303
2013-09-12,1193.6480712890625,1243.4398635296627,1188.813497951515,1236.1653347387826,523296
2013-09-13,1189.1300048828125,1206.3899438146327,1175.665405919728,1188.3166862293947,534719
2013-09-16,1228.890869140625,1246.4219467459943,1205.8925883370343,1213.9352080452607,707004
2013-09-17,1243.25927734375,1255.0068932994518,1228.9813615195844,1230.788687051231,478211
2013-09-18,1266.799560546875,1269.6461201737554,1244.343564042179,1251.5728657940579,413270
2013-09-19,1337.420654296875,1358.566381298509,1302.177812730944,1302.177812730944,1132596
2013-09-20,1325.8990478515625,1339.2280721867546,1266.0313961765473,1337.3304026485669,751243
2013-09-23,1266.25732421875,1314.2870174902662,1254.2837937667261,1310.3108796554416,500010
2013-09-24,1274.88720703125,1303.0814352934783,1253.379993586723,1256.0909813161823,517200
2013-09-25,1258.98291015625,1285.9121044652748,1243.5755263206088,1278.5924581885142,326342
2013-09-26,1253.877197265625,1285.9119951859846,1247.1448441052996,1278.682693737293,537625
2013-09-27,1235.2618408203125,1272.086100530973,1230.3821498677125,1257.808294240443,599199
2013-09-30,1227.6710205078125,1241.3163053857759,1210.9080330897648,1234.4032635825513,406918
2013-10-01,1247.235107421875,1274.1642976959117,1232.5958170618608,1232.6410443171362,931358
2013-10-03,1276.2877197265625,1283.2007599673327,1242.7166355287245,1260.5639700423546,650153
2013-10-04,1290.882080078125,1296.7106599767264,1270.594897952537,1274.6161525727653,666373
2013-10-07,1274.34521484375,1294.6776274992442,1266.9804513968563,1287.7194681813012,329756
2013-10-08,1271.0919189453125,1286.6801003631836,1265.127767247509,1283.2010210653305,411447
2013-10-09,1263.7720947265625,1271.4532265143177,1252.6570010742503,1271.4532265143177,481828
2013-10-10,1284.195068359375,1287.9000634464967,1263.5463972850587,1264.2241443245464,617290
2013-10-11,1322.962158203125,1328.3841342613346,1276.9657059139038,1297.7499474703736,762748
2013-10-14,1307.5093994140625,1336.5169459558988,1303.442917834075,1324.0915855726037,697237
2013-10-15,1301.18408203125,1331.2759869520128,1293.1414610847157,1312.1183798008437,413066
2013-10-17,1289.57177734375,1311.9374270387048,1281.393586563464,1301.3193913249384,316070
2013-10-18,1327.254638671875,1330.643373919548,1290.5207265250226,1294.0450332446808,490221
2013-10-21,1373.522216796875,1394.1257725819444,1328.4746486705187,1328.700564368555,877353
2013-10-22,1368.6875,1388.025903794633,1360.283503096851,1376.2782887234544,351924
2013-10-23,1381.5645751953125,1396.1587485774699,1339.679834800064,1370.6755068052557,534863
2013-10-24,1368.0550537109375,1400.4513411043126,1355.4488922135831,1380.7966763719244,580715
2013-10-25,1363.355712890625,1385.4051022697017,1346.4572664890402,1356.487899231011,432129
2013-10-28,1367.5577392578125,1381.700080654249,1358.2048536450857,1364.846751525986,919522
2013-10-29,1477.71435546875,1487.8805603297947,1414.9098009938511,1437.6369388119522,4085346
2013-10-30,1478.9796142578125,1499.989772519231,1468.451921497002,1482.9105250317418,951167
2013-10-31,1478.5726318359375,1488.0610886856998,1461.4482705026578,1469.4456620710976,760636
2013-11-01,1478.5277099609375,1496.3298205607437,1469.5814274030631,1483.814114555468,733492
2013-11-05,1466.8702392578125,1486.5248997869098,1461.4030366876395,1486.5248997869098,491093
2013-11-06,1459.008544921875,1485.6213652791532,1454.896835826908,1465.7407873982886,526949
2013-11-07,1455.619873046875,1486.434748033634,1448.0290845563459,1455.1680417118482,496581
2013-11-08,1428.283935546875,1454.8967544149746,1407.454468944921,1450.4687857090282,740937
2013-11-11,1430.091552734375,1449.4750749175619,1410.888718980012,1427.787168559693,509621
2013-11-12,1434.202880859375,1465.7407274516993,1429.6845678894254,1438.1790183350058,720325
2013-11-13,1427.3350830078125,1440.438190765719,1421.4612760818543,1427.7869143098092,446748
2013-11-14,1457.246337890625,1468.4517765863443,1438.133851167133,1442.8780799837964,633129
2013-11-18,1472.3828125,1477.6241003351204,1456.7495138242186,1470.8917469684236,642611
2013-11-19,1520.4573974609375,1528.1836457206666,1468.8581799888302,1472.9698885257321,1253144
2013-11-20,1490.907958984375,1536.2266677449293,1484.8082354506819,1527.190040287606,612988
2013-11-21,1488.3323974609375,1507.038170354053,1480.9675247374726,1495.4713545199427,591465
2013-11-22,1482.142333984375,1515.2163652810498,1478.618027548005,1501.887341044941,822901
2013-11-25,1517.159423828125,1527.0093699352633,1487.700040030669,1493.754536374575,730897
2013-11-26,1503.062255859375,1525.382681061173,1495.1552070090877,1518.153379255196,395917
2013-11-27,1500.0347900390625,1509.1166439064855,1482.9104267368518,1507.354545841646,571218
2013-11-28,1506.08935546875,1513.6349164228716,1489.371596690348,1508.2129406028494,888680
2013-11-29,1514.6744384765625,1529.5848748162928,1506.541473200346,1509.116890142401,502124
2013-12-02,1501.34521484375,1520.2317871219927,1497.0075898087057,1509.1166919136833,495575
2013-12-03,1503.016845703125,1524.3432613735574,1493.0765569294983,1500.0799422018263,572128
2013-12-04,1481.7811279296875,1508.936240140013,1476.5398393829053,1493.1221405890026,428767
2013-12-05,1536.362060546875,1544.088309938122,1506.5411934057413,1506.5411934057413,1947489
2013-12-06,1537.582275390625,1552.176451873839,1530.8048042972193,1541.422842343555,834899
2013-12-09,1593.8350830078125,1599.482974868223,1544.8113816594503,1571.3790870328983,1184977
2013-12-10,1583.036376953125,1609.0617967729847,1577.7950891194089,1593.1573551646723,1048021
2013-12-11,1584.1207275390625,1604.8146256197624,1567.8547987908005,1575.3552433933214,668007
2013-12-12,1549.6007080078125,1579.6022629278282,1545.624570409763,1579.6022629278282,478485
2013-12-13,1526.8284912109375,1554.254632369643,1520.50285224733,1545.2632325383854,577334
2013-12-16,1537.67236328125,1549.6911208075346,1514.538621200879,1524.478910480837,428119
2013-12-17,1537.943603515625,1564.872686355371,1531.663081432392,1545.4439378970294,552326
2013-12-18,1563.2911376953125,1573.1410825192213,1532.0696597144479,1539.6152206855188,791839
2013-12-19,1609.0166015625,1624.7854709354676,1559.044012086438,1573.2766990537539,1469454
2013-12-20,1635.31298828125,1653.7024994784026,1603.9558309846984,1622.0743095976682,1493300
2013-12-23,1628.761474609375,1644.5755699375916,1622.6165248719751,1634.725625642513,681383
2013-12-24,1616.471923828125,1628.8972862755363,1604.2272498012467,1622.0745885893468,409326
2013-12-26,1620.809326171875,1629.9815242400703,1607.1188148001727,1613.03784935192,362435
2013-12-27,1604.0465087890625,1627.2253686372314,1593.1573292043786,1617.7821376109691,503568
2013-12-30,1605.9893798828125,1621.9390493305107,1597.675726786137,1613.0379933898498,358010
2013-12-31,1593.9705810546875,1612.9926137781433,1588.232345250897,1608.6098719584159,303542
2014-01-01,1594.0611572265625,1605.7184292479521,1587.3289135835237,1599.483133951823,214453
2014-01-02,1598.037109375,1639.967079894055,1589.5426580996557,1589.5426580996557,1565710
2014-01-03,1625.32763671875,1634.4094905675488,1583.4428945283573,1595.868256091927,583504
2014-01-06,1633.5509033203125,1644.1238223499884,1619.8605026303064,1631.1110583267462,549379
2014-01-07,1667.935546875,1675.6166803700223,1644.7565749132357,1660.932160453068,1614578
2014-01-08,1660.4801025390625,1680.8125119579083,1651.0368720664621,1671.7758855495324,1398622
2014-01-09,1637.2559814453125,1679.908813047819,1627.586725210881,1679.7281246477048,947521
2014-01-10,1621.2615966796875,1639.7415692832305,1597.6760169084496,1636.6238660730378,670378
2014-01-13,1611.0047607421875,1639.9219686197644,1594.9647469975941,1626.5929431136938,559984
2014-01-14,1602.51025390625,1619.1828971875952,1589.6330602149037,1611.230621169836,530939
2014-01-15,1626.68310546875,1632.918399782347,1596.8622381788675,1617.556134814832,612338
2014-01-16,1617.420654296875,1636.3524539634104,1613.0379122835602,1629.3941850183076,429527
2014-01-17,1604.18212890625,1634.545286675649,1596.139618382616,1606.8931172563464,310359
2014-01-20,1606.8929443359375,1624.198106837229,1592.2536529449344,1603.0976051783846,340046
2014-01-21,1628.31005859375,1638.0695508705428,1610.3271464007075,1610.3271464007075,541958
2014-01-22,1633.6865234375,1643.7623841932295,1622.0744802786405,1631.562938241273,424767
2014-01-23,1620.9903564453125,1644.5759331966915,1616.155672271629,1623.0687146755847,493794
2014-01-24,1603.32373046875,1631.0210174815795,1598.8054164474206,1612.9477613962617,377713
2014-01-27,1538.3050537109375,1585.9280337336563,1527.1899584101875,1585.9280337336563,923081
2014-01-28,1415.1357421875,1582.765167587105,1392.0019998817609,1549.7814801095546,6599087
2014-01-29,1512.595947265625,1534.2387373909266,1459.5961022797048,1459.5961022797048,6737926
2014-01-30,1478.3018798828125,1512.7314077828162,1468.994109653421,1507.3094314108348,1651215
2014-01-31,1478.6181640625,1495.561840503247,1464.7017357504214,1495.561840503247,729347
2014-02-03,1462.5782470703125,1500.0802534054487,1457.653328916726,1463.933741275197,957497
2014-02-04,1463.6170654296875,1472.969950723434,1436.8234488651904,1446.7637368762073,703285
2014-02-05,1451.9149169921875,1466.7350083654685,1447.758090345027,1463.0300130997473,627278
2014-02-06,1481.7357177734375,1486.479947053161,1439.5347128760548,1455.077667534992,1237835
2014-02-07,1504.5533447265625,1509.4783732055066,1489.6881356920128,1495.5167166665565,921283
2014-02-10,1526.1507568359375,1537.6724564723465,1504.5984231075558,1504.5984231075558,896683
2014-02-11,1516.481689453125,1534.4193732562617,1507.3998345508596,1527.4159868353336,294694
2014-02-12,1488.9649658203125,1527.0092532060023,1484.8081395205857,1522.671628182574,442825
2014-02-13,1483.136474609375,1498.9957998481673,1475.2294256205969,1487.4288726318546,439092
2014-02-14,1485.0794677734375,1494.2516672566994,1460.0028250702062,1483.8143177911943,451950
2014-02-17,1505.23095703125,1513.5447202881635,1477.488555495641,1477.488555495641,617227
2014-02-18,1543.8623046875,1566.6346680963848,1505.5922161392712,1513.6348352363332,954637
2014-02-19,1534.5096435546875,1555.2035419153488,1528.9973230219466,1548.8779028721137,341015
2014-02-20,1521.135498046875,1541.6485976309382,1512.9120790609063,1533.5156331651242,344996
2014-02-21,1514.17724609375,1538.3954513462047,1510.5174782288802,1523.6657047447623,340948
2014-02-24,1522.12939453125,1531.7081965894379,1487.2480381931186,1513.6349435323355,326898
2014-02-25,1516.345947265625,1530.7142056575726,1511.285458419068,1527.2802434168464,245384
2014-02-26,1503.7398681640625,1521.8582380055975,1491.94702652558,1507.3092914867761,584837
2014-02-28,1435.9200439453125,1499.2216608060128,1421.4614406079147,1482.0068420832679,1768632
2014-03-03,1429.77490234375,1461.1320603277475,1423.2685758355087,1429.5942139503334,1060385
2014-03-04,1443.5107421875,1448.5712309759947,1400.6771104259462,1425.0760020269142,797764
2014-03-05,1468.8133544921875,1479.2505923477715,1440.0317199541055,1459.144097548602,728060
2014-03-06,1491.4503173828125,1497.3693532170366,1462.1265018136182,1472.699313110481,422906
2014-03-07,1567.89990234375,1578.6986267310092,1482.1874129818586,1495.561664132696,944177
2014-03-10,1627.5867919921875,1642.1809659875141,1551.2725246139908,1563.3363990416285,1324717
2014-03-11,1585.1597900390625,1637.1655070795132,1576.7105666941975,1630.2073491038307,703249
2014-03-12,1594.106201171875,1618.4598663713996,1518.153308489085,1558.8181292521854,1443683
2014-03-13,1579.0150146484375,1618.3695698028637,1566.047476818796,1595.8683462561994,641720
2014-03-14,1570.9725341796875,1587.1481201933557,1545.263371911518,1549.7816858644758,588996
2014-03-18,1688.2227783203125,1725.0922642364294,1673.8094009596261,1716.9592991352624,1795672
2014-03-19,1689.6231689453125,1707.0186742279423,1672.4535793157036,1692.5600724345875,621508
2014-03-20,1677.695068359375,1694.1869130133261,1670.0139352328774,1688.945625108736,310199
2014-03-21,1688.5390625,1698.2082097256173,1677.695109584365,1677.695109584365,284182
2014-03-24,1704.5789794921875,1719.6701023195494,1692.7861372412485,1696.7622751468393,329812
2014-03-25,1718.495361328125,1727.8031315269297,1695.1357019310133,1699.7895870304155,395158
2014-03-26,1750.4849853515625,1761.238593489848,1726.899411061621,1726.899411061621,634815
2014-03-27,1749.084228515625,1778.7695235248002,1735.1678021035564,1754.0091456711789,825829
2014-03-28,1745.3341064453125,1768.0612447040544,1735.1226741294167,1749.4005884685726,326409
2014-03-31,1781.796875,1789.2520920502093,1739.5506450488144,1751.253032536807,437613
2014-04-01,1744.8370361328125,1789.2520782173037,1736.9299878073573,1785.6374275542385,288560
2014-04-02,1746.960693359375,1760.9674652562273,1737.6078064451676,1748.5873303489714,268932
2014-04-03,1752.83447265625,1775.15500724712,1741.3580006371294,1753.105615586939,307539
2014-04-04,1741.5386962890625,1762.142249795441,1732.4569524186568,1753.105622873413,195927
2014-04-07,1721.4322509765625,1749.4910225018984,1691.6566085348934,1739.5507326013194,319401
2014-04-09,1746.327880859375,1753.1053499959573,1695.2709466971216,1707.9222224187417,698363
2014-04-10,1771.1337890625,1783.3784636311489,1731.5081989481282,1746.7801217121919,486855
2014-04-11,1749.2197265625,1760.9673408720141,1737.8788266268514,1754.0091826743771,504763
2014-04-15,1741.5386962890625,1760.8770999642798,1720.5737659541128,1738.9181627299843,228758
2014-04-16,1748.813232421875,1775.516509212645,1740.860956572975,1743.3912562459125,371554
2014-04-17,1763.362060546875,1772.5342583531697,1731.3272642638797,1750.8463551156085,337629
2014-04-21,1796.752685546875,1808.2291583195984,1765.259950538221,1765.259950538221,481905
2014-04-22,1785.276123046875,1813.515584240768,1777.504645388395,1806.3766263888729,323792
2014-04-23,1791.1048583984375,1801.9035845023643,1779.3120149875401,1793.6802752610479,398691
2014-04-24,1791.1048583984375,1791.1048583984375,1791.1048583984375,1791.1048583984375,0
2014-04-25,1767.744873046875,1801.9033661379367,1732.3213404646062,1798.288715453608,1064921
2014-04-28,1762.549072265625,1777.3240473620951,1750.3496244093549,1762.1424681279098,258675
2014-04-29,1731.869384765625,1772.0823707411378,1726.2667207313896,1766.66039510399,335612
2014-04-30,1737.743408203125,1753.828648721465,1726.8994555778324,1736.0264269753757,243902
2014-05-02,1701.958251953125,1724.8208507431323,1698.9310041468063,1712.4407165995206,324650
2014-05-05,1715.0159912109375,1731.7789760554883,1686.2343603379827,1701.5966240709654,352889
2014-05-06,1726.2216796875,1731.4629674929472,1701.5968710124655,1716.0554742712013,239206
2014-05-07,1700.0155029296875,1723.4655065402953,1697.1689432813084,1721.6581810886757,246112
2014-05-08,1713.8865966796875,1716.9590718176487,1695.4518561623054,1706.1151197851161,180796
2014-05-09,1784.598388671875,1792.641009339181,1698.8859975085875,1698.8859975085875,457287
2014-05-12,1852.41796875,1865.9279017967467,1775.7423256522854,1784.7337248507988,555623
2014-05-13,1888.9716796875,1915.7651942741911,1845.7765524094204,1879.6186811746782,528807
2014-05-14,1884.3173828125,1915.764888310813,1861.0932959793015,1890.4623331821797,329237
2014-05-15,1913.8223876953125,1922.090814233184,1877.8113361431858,1881.4259874158386,441637
2014-05-16,1944.8175048828125,2095.141876576679,1933.9285463297174,1988.0578513990486,808438
2014-05-19,2001.296630859375,2033.2411974769398,1979.021432210888,1979.021432210888,490566
2014-05-20,1982.63623046875,2021.3130433550182,1972.289335286226,2007.9387894719976,225127
2014-05-21,1960.22509765625,1997.049352924345,1957.333421121316,1988.961615830109,186665
2014-05-22,2046.615478515625,2066.6767478158263,1992.5311736705535,1992.5311736705535,679922
2014-05-23,2156.00390625,2171.5016344942237,2047.1125425560533,2059.17630815299,397790
2014-05-26,2115.745361328125,2263.6748898457918,2091.120554642178,2175.567783354788,778712
2014-05-27,2080.277099609375,2139.87362020329,2068.484255340089,2119.947810316677,241821
2014-05-28,2087.41552734375,2132.915030741047,2065.095103658965,2069.3875013145303,352579
2014-05-29,2083.71044921875,2112.4919700314217,2037.8043460112694,2081.2253771227033,352983
2014-05-30,2052.94091796875,2114.525441285064,2036.855678160806,2091.2109000462033,189180
2014-06-02,2100.383056640625,2114.886885711164,2051.314132604395,2051.314132604395,246577
2014-06-03,2111.723876953125,2129.751900349213,2087.460449711432,2118.8174954595734,372134
2014-06-04,2143.533447265625,2162.510366582659,2112.7636839631296,2113.938489759298,296026
2014-06-05,2151.80126953125,2193.1890593993166,2139.104766286969,2177.8267956952427,553410
2014-06-06,2161.606689453125,2180.447926849296,2150.717508364346,2170.5980903744367,252012
2014-06-09,2200.553955078125,2213.0697706943815,2157.087915147436,2182.345241415652,315081
2014-06-10,2226.896240234375,2244.6983529350223,2178.7309697771093,2236.5653878881562,559445
2014-06-11,2212.663330078125,2243.342634367577,2198.6113310841147,2232.046850710137,395488
2014-06-12,2241.851806640625,2248.6292772204433,2174.890309063705,2186.863840421384,446513
2014-06-13,2171.817626953125,2255.541879712584,2162.9616892307436,2245.601590979876,328108
2014-06-16,2151.756103515625,2176.923195077713,2133.0955591452644,2167.8865691122596,225806
2014-06-17,2181.848388671875,2189.1229176203215,2151.6209151100043,2157.946554087648,190284
2014-06-18,2200.4189453125,2213.0702246695328,2168.7907469199176,2182.345689088167,501190
2014-06-19,2150.761962890625,2213.069447725514,2142.5837731960773,2205.8401477737766,305893
2014-06-20,2138.42724609375,2166.39578212294,2134.451218608832,2135.5807969421344,135952
2014-06-23,2150.988037109375,2164.226605373801,2124.5559072119595,2161.560844944193,158501
2014-06-24,2181.98388671875,2188.670901969444,2159.0307234172997,2159.7536976494516,217974
2014-06-25,2232.950439453125,2284.4592112252126,2160.7478809542426,2182.300103086419,430866
2014-06-26,2247.318603515625,2262.726096147791,2202.677755910807,2245.6017326926585,539042
2014-06-27,2218.220947265625,2241.1288866288364,2204.9371487314424,2241.1288866288364,151990
2014-06-30,2204.349853515625,2231.59519762544,2194.273881315847,2218.4468602737256,240672
2014-07-01,2334.8837890625,2354.4027715172883,2210.901307524631,2217.4076350095606,1505073
2014-07-02,2387.431640625,2408.261110110524,2320.8317433551047,2343.9203696043346,775548
2014-07-03,2376.54248046875,2405.5501418019007,2363.077994294504,2394.7061892468205,395691
2014-07-04,2387.928466796875,2398.5917298077634,2364.5686998856777,2373.921696225313,346996
2014-07-07,2384.630126953125,2403.7425025881857,2366.330959405226,2393.802214043648,252391
2014-07-08,2340.169921875,2404.7818021382855,2329.642340122366,2403.742678326413,325370
2014-07-09,2274.02197265625,2355.8486748183027,2252.10815203318,2355.8486748183027,406355
2014-07-10,2287.802490234375,2376.6325652182004,2250.119805092517,2274.5186945453274,349298
2014-07-11,2263.358154296875,2314.234396315054,2233.853662416564,2281.74777411077,273178
2014-07-14,2267.87646484375,2282.2448307125537,2242.8902854081016,2242.8902854081016,142260
2014-07-15,2275.8291015625,2303.75240914261,2265.4822085951423,2282.6517985286514,171337
2014-07-16,2324.355712890625,2335.787177372173,2260.9638685339487,2281.7028814772852,255637
2014-07-17,2313.69287109375,2331.2238391413375,2283.781547618934,2326.9314413369298,214428
2014-07-18,2281.386962890625,2307.231583989904,2263.6750855497885,2304.339907445892,260815
2014-07-21,2296.52294921875,2325.123781170234,2281.386601245722,2281.386601245722,238243
2014-07-22,2271.265869140625,2314.2803043180857,2253.4185298160323,2300.5446746329367,236100
2014-07-23,2250.165283203125,2285.769504273791,2240.179766541543,2281.8837106554342,253475
2014-07-24,2257.982177734375,2269.0972742173053,2245.60204158901,2259.1569834899497,288868
2014-07-25,2267.56103515625,2292.5924497861615,2256.355484424551,2256.445938949959,230984
2014-07-28,2264.126953125,2281.7483762285474,2252.469792243274,2268.1934353796646,182179
2014-07-30,2306.5537109375,2313.3764081403483,2245.6017086831116,2268.1480479117326,189655
2014-07-31,2280.889404296875,2340.4859027544494,2269.4579411638797,2317.6684243588707,958095
2014-08-01,2336.87158203125,2373.5151461288624,2267.2895589003892,2268.1932215384522,943610
2014-08-04,2390.820556640625,2403.7429784307838,2323.678368419696,2340.4865842615527,480503
2014-08-05,2409.029541015625,2417.297967309692,2375.368102031593,2398.0499057262064,412319
2014-08-06,2382.95849609375,2412.779364645549,2376.9492274975296,2398.3207617113435,238191
2014-08-07,2394.1640625,2410.068615552866,2376.1812615659023,2376.1812615659023,286075
2014-08-08,2369.945556640625,2381.1508843185316,2343.648887468733,2375.728908870368,266242
2014-08-11,2407.854736328125,2414.586980003751,2381.1966839665565,2384.766107870471,226565
2014-08-12,2407.583251953125,2426.289024969041,2392.175759411668,2414.5866375973537,223239
2014-08-13,2395.564453125,2417.2523566818304,2388.3803791959526,2397.6881485965787,186796
2014-08-14,2409.66162109375,2433.563453443261,2390.1876473662924,2390.1876473662924,311544
2014-08-18,2443.09716796875,2460.221530826845,2395.7451133868067,2395.7451133868067,359547
2014-08-19,2484.43994140625,2494.1090883128722,2450.9139664998197,2453.4442662208144,404906
2014-08-20,2474.0927734375,2489.5904990033205,2462.4353933564653,2484.16852332491,212477
2014-08-21,2485.5693359375,2504.0491929304267,2474.318780115069,2479.6050742235357,206504
2014-08-22,2489.455322265625,2501.2479442168024,2466.0955528007867,2490.4944461410655,192631
2014-08-25,2535.5419921875,2552.801816821022,2511.459249647004,2513.085886578004,390940
2014-08-26,2505.31396484375,2530.164684963513,2489.5903247253596,2516.7002012196463,295099
2014-08-27,2513.3466796875,2540.02976967172,2505.6321552576564,2527.641239660445,308090
2014-08-28,2527.18701171875,2544.6127137216936,2506.493893649082,2518.564897654707,444326
2014-09-01,2643.631591796875,2659.2421155311167,2533.9945346630984,2544.8856286516216,640846
2014-09-02,2645.67333984375,2691.9150596166096,2639.0933047182543,2658.3341907002864,431825
2014-09-03,2639.773681640625,2670.1325543687244,2629.2909619327647,2668.3173724826815,423897
2014-09-04,2629.971923828125,2653.3878168662973,2616.675803786408,2641.089914015993,254066
2014-09-05,2614.543212890625,2633.7841010100515,2595.61984872669,2606.601790305259,262632
2014-09-08,2646.217529296875,2654.1589503031264,2592.0798164404746,2609.3240449111922,393871
2014-09-09,2641.090087890625,2661.0570919915162,2634.7369502221595,2659.241909800526,194446
2014-09-10,2638.32177734375,2650.120461078103,2618.400197969793,2623.8911681775194,185112
2014-09-11,2647.5341796875,2653.796469866113,2610.4589933147768,2636.552238358775,280993
2014-09-12,2697.179443359375,2703.7140553705804,2651.073768290522,2651.073768290522,453657
2014-09-15,2688.82958984375,2699.53898799142,2659.242030159516,2696.3624190134137,287604
2014-09-16,2677.71142578125,2704.893734253126,2660.1494497888807,2681.93163566228,360771
2014-09-17,2693.004150390625,2709.1593155834407,2646.7624301742744,2677.3936284660467,313982
2014-09-18,2761.527099609375,2777.2284682721092,2686.4693680017785,2702.806006050438,369872
2014-09-19,2797.558349609375,2808.0864936149114,2750.000670863989,2763.7960094513674,276972
2014-09-22,2782.855712890625,2799.9184694352443,2760.4382576295934,2790.2072892381007,228956
2014-09-23,2778.862548828125,2824.4235789541503,2771.87414148666,2794.4730718508445,331237
2014-09-24,2787.938232421875,2804.4563452201473,2750.908473256397,2790.8424794666516,211358
2014-09-25,2774.733154296875,2813.532677510937,2761.799979892188,2790.842897853591,318285
2014-09-26,2757.261962890625,2801.7339300340223,2688.194186511481,2759.349466888841,290099
2014-09-29,2730.17041015625,2756.3545052007967,2724.452762796265,2755.4469139906546,217945
2014-09-30,2779.815185546875,2793.5651005776285,2735.297802639832,2739.1096405273825,293390
2014-10-01,2696.407470703125,2797.104649090794,2687.513034476426,2766.3374024396885,513843
2014-10-07,2667.0927734375,2717.3280346539877,2662.872563017635,2696.453437193386,295318
2014-10-08,2678.392333984375,2693.730535802244,2653.8419490371843,2667.410392426818,283872
2014-10-09,2728.400146484375,2735.071029275844,2687.377075696833,2687.377075696833,292837
2014-10-10,2692.0966796875,2718.235347714381,2670.133019357499,2713.788239951066,249861
2014-10-13,2698.13232421875,2704.621512033463,2654.749424776872,2669.2254586880586,158747
2014-10-14,2688.37548828125,2716.1476409514094,2683.8375331148995,2704.7121268801116,176342
2014-10-15,2688.37548828125,2688.37548828125,2688.37548828125,2688.37548828125,0
2014-10-16,2665.458984375,2704.62145132176,2642.9052571305256,2682.9301128776656,168761
2014-10-17,2669.316650390625,2687.105305518741,2633.8297447294067,2668.3182114074625,283917
2014-10-20,2726.1318359375,2736.20618760199,2702.8067847637453,2702.8067847637453,196994
2014-10-21,2791.477783203125,2799.6915266246797,2731.8490947857317,2736.3870500926846,220013
2014-10-22,2883.598388671875,2894.308007930959,2800.281481662877,2806.271671534188,398874
2014-10-27,2876.79150390625,2895.2156477991257,2818.5241988213747,2877.9714166680337,160160
2014-10-28,2860.13720703125,2876.791370217576,2840.805472924585,2876.791370217576,220379
2014-10-29,2909.1923828125,2921.5357102326257,2854.7369175705126,2873.4333826022034,228343
2014-10-30,2940.822021484375,2994.142997878853,2877.9713386704584,2924.1224341051106,1274329
2014-10-31,3028.858154296875,3040.42993988899,2946.267370855114,2963.284702608224,902391
2014-11-03,2983.115478515625,3025.908304264641,2973.2680278257244,3022.277940372302,452092
2014-11-05,2985.02197265625,3020.3274025713613,2976.8990758962286,2990.512943621364,267172
2014-11-07,2984.47705078125,3012.0223055813744,2948.8993051574844,2982.344123229779,302843
2014-11-10,3002.1298828125,3008.6644944119935,2966.053136612537,2981.4367614308894,207284
2014-11-11,3021.370849609375,3026.725548605154,2987.018436958891,2993.235524785737,213365
2014-11-12,3049.279296875,3059.762018735108,3004.1266381892256,3021.3708696471094,261098
2014-11-13,3020.962158203125,3082.179128677888,3014.74507103425,3058.58176196834,235947
2014-11-14,3021.869873046875,3034.9845196126043,3013.4746557004587,3021.46150138383,115687
2014-11-17,3032.443359375,3058.5820275465626,3006.940182241593,3014.9722305826344,186565
2014-11-18,3053.680908203125,3064.7080507302526,3017.3318426591272,3032.2616709823865,276896
2014-11-19,3034.440185546875,3081.271977877941,3016.4700579029723,3065.842928209627,213795
2014-11-20,3027.269775390625,3053.8622359617093,3005.9413869266227,3034.0767078791364,164288
2014-11-21,3045.013671875,3053.136568190807,3000.0879108388986,3025.046666970066,261401
2014-11-24,3043.2431640625,3052.3190731479153,3025.908089077432,3040.7472890640106,156584
2014-11-25,2984.930908203125,3074.9184720212784,2978.396075390679,3047.6907405689058,343894
2014-11-26,2980.529052734375,3001.3127994579822,2948.491043874701,2976.8986884801307,223306
2014-11-27,2961.878173828125,2999.951576707956,2956.2057293710623,2982.9796672083976,244311
2014-11-28,3036.981201171875,3049.2336806453336,2973.2683522258626,2975.991125442187,275680
2014-12-01,3075.96240234375,3114.852771057224,3026.8164310827046,3032.2619778852522,510490
2014-12-02,3046.6474609375,3081.271974910212,3042.290979072315,3081.271974910212,165773
2014-12-03,3078.094970703125,3099.151038231566,3054.8153494726007,3054.8153494726007,286735
2014-12-04,3092.026611328125,3099.423389643654,3071.46954140352,3078.54879580418,199285
2014-12-05,3094.97607421875,3101.238363317838,3076.733406979067,3095.7928174647777,140056
2014-12-08,3067.521484375,3122.1129935814174,3055.0421083105393,3113.037083716355,203336
2014-12-09,3028.22265625,3076.733348655461,3013.020507698384,3076.733348655461,221590
2014-12-10,3016.288330078125,3035.8923874902794,2997.9550332200174,3015.970806124516,236136
2014-12-11,3032.3525390625,3042.245192853624,2983.024876972449,3017.7402345579653,156314
2014-12-12,3067.022705078125,3080.7271979928146,3033.4418337591537,3042.2454232754517,241538
2014-12-15,3057.447265625,3067.5668169223313,3037.0718914286767,3062.2121185064934,135240
2014-12-16,3003.990478515625,3071.0159480248944,2996.412004230094,3035.8922169164516,217196
2014-12-17,2960.516357421875,3008.664103300462,2950.351382746298,2985.974328765768,267012
2014-12-18,3072.46826171875,3085.1291135221077,2967.86838517733,2995.0506948953316,283235
2014-12-19,3048.9619140625,3142.0808636447605,3040.657542872865,3086.7177981674845,473560
2014-12-22,3079.910400390625,3097.1546313048498,3047.781764056065,3069.427678861006,194933
2014-12-23,3084.6298828125,3107.591982372051,3072.2867765780984,3081.2718399979885,202035
2014-12-24,3054.49755859375,3103.9612688725674,3024.8193767424273,3085.8094485867628,403056
2014-12-26,3025.091552734375,3075.5534777517655,3018.6475682111936,3055.8587980057396,210882
2014-12-29,3037.888916015625,3067.657948709608,3026.861772672178,3026.861772672178,211257
2014-12-30,3037.934326171875,3057.356687186679,3030.8550712369947,3040.4302017105924,109577
2014-12-31,3022.096923828125,3033.07864331642,2994.8237666437103,2999.5886199734714,281626
2015-01-01,3032.035400390625,3049.506531561027,3013.429780183184,3013.429780183184,299232
2015-01-02,3049.14306640625,3070.3806089446625,3040.8838989858386,3049.506014204572,233924
2015-01-05,3129.192626953125,3148.7512593994493,3064.07296577666,3069.4730884850783,536747
2015-01-06,3081.498779296875,3121.2058911720646,3069.926992407534,3121.2058911720646,422743
2015-01-07,3120.07080078125,3139.31168468187,3069.5180289810005,3085.8092422823793,369241
2015-01-08,3154.33251953125,3185.236037387726,3125.74340304003,3144.8028140341767,422022
2015-01-09,3147.70703125,3183.556875401103,3112.991675837856,3176.568469085082,194054
2015-01-12,3142.8974609375,3161.7299782361706,3126.7877172241792,3149.341447054781,152803
2015-01-13,3147.752685546875,3190.182567490021,3142.171089174529,3161.86577080864,237771
2015-01-14,3191.08984375,3204.7037082711176,3141.444662112289,3151.0197911414402,429069
2015-01-15,3290.743408203125,3302.405819307837,3212.8720580728514,3222.2657133152497,670686
2015-01-16,3282.3935546875,3290.017230119848,3260.112152302723,3281.1682182595255,379075
2015-01-19,3291.152099609375,3305.9004544163113,3281.1231740246885,3292.468062337716,192537
2015-01-20,3272.364990234375,3300.0010936914814,3253.2601541081176,3283.664454613801,333315
2015-01-21,3298.8212890625,3349.011120633493,3260.067193852441,3288.202517630121,402419
2015-01-22,3264.832275390625,3310.8925264090626,3260.1582695842494,3310.8925264090626,318883
2015-01-23,3273.40869140625,3303.4046208015507,3244.638098596207,3298.1859721115006,337571
2015-01-27,3347.10546875,3362.3530450934218,3253.8504737607122,3308.124471364858,1278436
2015-01-28,3381.502685546875,3411.180867750916,3350.8260645833134,3350.8260645833134,672705
2015-01-29,3347.922119140625,3398.928695027739,3337.212499764218,3398.928695027739,603103
2015-01-30,3310.302490234375,3395.298308194908,3291.4245510211954,3358.0870730609886,284786
2015-02-02,3330.360107421875,3380.7768371890825,3285.4797719797257,3310.302477120963,319679
2015-02-03,3274.45263671875,3365.3477966949513,3267.327957956263,3365.3477966949513,220676
2015-02-04,3228.80078125,3298.1860769401014,3222.4022196411197,3285.479801464823,203545
2015-02-05,3197.1708984375,3264.6049567332516,3183.8293545232823,3248.2683180840445,379633
2015-02-06,3178.927978515625,3206.9724487249637,3167.492244530953,3203.5689828461695,198214
2015-02-09,3096.0654296875,3174.027413169832,3085.8096063856015,3167.49280184875,286868
2015-02-10,3080.22802734375,3156.601726900032,3049.505981134016,3079.456486305868,547537
2015-02-11,3135.500244140625,3150.0671251071362,3091.25517954786,3091.25517954786,341769
2015-02-12,3223.6728515625,3230.7975305772065,3147.526044256409,3147.526044256409,436882
2015-02-13,3282.711669921875,3291.8330050292852,3204.9765788238074,3235.562355370665,321186
2015-02-16,3242.00634765625,3312.707607692593,3232.385793095115,3285.4798739307357,260901
2015-02-18,3235.516845703125,3252.8065004638056,3219.271053654739,3244.6381805686674,161803
2015-02-19,3262.925537109375,3280.9413062194385,3232.975035558824,3244.6376679763466,214789
2015-02-20,3219.54296875,3280.0338192585164,3214.6872683491047,3276.4034553191045,240749
2015-02-23,3218.22705078125,3244.638039257213,3206.3831647130155,3231.931764418164,163132
2015-02-24,3256.708740234375,3267.327510326972,3224.8522083767557,3243.594094960278,143983
2015-02-25,3249.08544921875,3280.9419870192664,3234.7456864010674,3262.7901641311933,173339
2015-02-26,3173.709716796875,3250.90015505138,3161.275542677018,3237.6494592330473,429598
2015-02-27,3271.3212890625,3284.4361577889567,3173.710043018476,3173.8460930522333,378654
2015-03-02,3368.478759765625,3385.3146180668864,3296.597592888324,3310.9829996694207,386182
2015-03-03,3365.9375,3389.262767533341,3348.6026436814996,3374.4235650529304,206296
2015-03-04,3338.482666015625,3439.497589244237,3310.2112948260956,3403.4662706416775,340907
2015-03-05,3338.80029296875,3368.296999600482,3304.856479199857,3337.212008765503,152837
2015-03-09,3332.03955078125,3349.8282050004627,3288.2028523748236,3296.6434946833706,218786
2015-03-10,3309.7578125,3348.1035361109207,3303.858470406012,3348.1035361109207,182667
2015-03-11,3318.5615234375,3332.6746097418954,3281.2596611620006,3305.4922998743796,198508
2015-03-12,3344.654541015625,3376.1933304545355,3323.6893204084604,3328.499375778429,308505
2015-03-13,3313.3427734375,3373.697581386826,3290.1085743026665,3362.625014319613,363024
2015-03-16,3310.030029296875,3337.2123373068066,3301.6348119675067,3313.6149696783114,182829
2015-03-17,3323.190185546875,3348.058092673485,3288.7017242758902,3326.321330477875,185250
2015-03-18,3326.23046875,3338.120000559574,3305.7190432387915,3324.506134325644,177261
2015-03-19,3317.245361328125,3353.549004133358,3310.8922238372093,3331.766818450218,252139
2015-03-20,3288.97412109375,3333.400661456781,3276.4038956323025,3303.631628837003,206403
2015-03-23,3262.245361328125,3302.9054869255933,3251.944335290661,3290.063161492064,192986
2015-03-24,3255.801513671875,3299.0935637132975,3237.422794369208,3290.0176529465484,227226
2015-03-25,3280.71484375,3293.557168850423,3243.095237945371,3258.2519646068195,201854
2015-03-26,3232.34033203125,3288.1571856008227,3211.0119408298688,3271.8659694033995,489101
2015-03-27,3276.44921875,3285.2528078994965,3217.9550180299534,3240.1001517235177,204071
2015-03-30,3322.645263671875,3334.489370668087,3267.7360075680594,3293.647775218968,152167
2015-03-31,3355.68212890625,3383.2273865549278,3321.6474617770127,3321.6474617770127,294635
2015-04-01,3307.896728515625,3410.318457012028,3267.3274569083114,3358.041129069565,694487
2015-04-06,3293.603271484375,3331.676680673631,3284.5727827281953,3309.077746843603,262771
2015-04-07,3267.237060546875,3312.70746256915,3247.360904403402,3303.631551712796,306684
2015-04-08,3293.3759765625,3326.230732024904,3272.7737016804303,3280.94202206732,256031
2015-04-09,3321.057373046875,3328.1366280797884,3290.0178011424146,3302.724076788206,238584
2015-04-10,3327.773193359375,3347.513297277943,3297.6409954014207,3321.783004228015,201302
2015-04-13,3326.50244140625,3339.9348323305016,3306.127068063026,3322.6906035766215,218690
2015-04-15,3340.161865234375,3384.4069276432265,3313.0701845428653,3317.2451918841493,232802
2015-04-16,3338.029296875,3375.059058945312,3323.825584456568,3336.531860156586,206305
2015-04-17,3309.80322265625,3342.5671279714948,3300.31894010657,3327.3649772538242,99056
2015-04-20,3274.634033203125,3311.2552002514985,3253.3510667405853,3291.832839814778,175033
2015-04-21,3167.62890625,3273.9079099144396,3149.34103469488,3271.8658299928074,482786
2015-04-22,3142.9423828125,3183.9202516748305,3073.194143556125,3168.445779953747,422446
2015-04-23,3171.53173828125,3208.8338218665485,3158.4170909408735,3167.493002121738,234616
2015-04-24,3214.14306640625,3235.5623052214273,3116.758717625185,3163.862607574164,332449
2015-04-27,3311.2548828125,3343.565210722862,3194.901762086482,3233.928174698068,1804129
2015-04-28,3469.357666015625,3484.0605968353266,3321.783271392322,3325.413635623352,1129937
2015-04-29,3418.169677734375,3515.100454968137,3400.426226784106,3484.24235647371,703698
2015-04-30,3381.548583984375,3442.4932412393828,3367.1177517125116,3412.542733208563,592304
2015-05-04,3410.500244140625,3485.149607477879,3382.36492178859,3446.1231926024757,478823
2015-05-05,3442.5380859375,3453.383754068608,3391.25919445133,3406.1890220813366,458196
2015-05-06,3298.685302734375,3437.9551138074617,3288.701800555948,3437.9551138074617,430929
2015-05-07,3216.14013671875,3290.92555998497,3194.72089662082,3290.92555998497,469950
2015-05-08,3276.902587890625,3285.4792781543724,3232.3397830826234,3232.3397830826234,495595
2015-05-11,3314.250244140625,3334.852516977752,3281.98533749899,3298.0950788852224,288810
2015-05-12,3246.86181640625,3315.3849461451778,3226.486440025018,3312.7075966501593,332314
2015-05-13,3271.04931640625,3296.371020581079,3216.865948082694,3285.4799269007453,337505
2015-05-14,3309.531005859375,3315.884143673996,3223.7636453619907,3271.820550658045,287801
2015-05-15,3331.948486328125,3343.565697018102,3290.9254118858953,3303.6316876074625,208258
2015-05-18,3355.90869140625,3363.895315230762,3314.5224516799526,3335.3970454336873,183483
2015-05-19,3364.213134765625,3385.2237790047525,3344.473029368403,3353.5489398958616,175567
2015-05-20,3368.88720703125,3403.421091590757,3364.4400994163225,3364.530947155342,218115
2015-05-21,3356.3623046875,3385.2235206987143,3350.3266916993734,3368.88688299584,198709
2015-05-22,3360.401123046875,3384.2253869505867,3353.1858188662895,3360.809494683543,135158
2015-05-25,3351.5068359375,3373.5159188083917,3340.842641144388,3354.637980730998,81113
2015-05-26,3382.093017578125,3385.3150104965825,3332.6747234700942,3354.4569112051927,252919
2015-05-27,3377.963134765625,3403.4665326152967,3357.1793877717287,3358.0869788470927,283565
2015-05-28,3366.164794921875,3393.437953840776,3354.5023813590647,3381.6846925292007,317937
2015-05-29,3435.86767578125,3438.8173469359417,3351.7794467263725,3376.2389832162266,432656
2015-06-01,3524.040283203125,3538.6523673464144,3425.6118485764086,3436.0491464987,571376
2015-06-02,3477.344482421875,3528.078958304987,3462.5055007545775,3521.4534989008766,329350
2015-06-03,3428.15283203125,3466.9977728598897,3405.2815821388235,3453.3839072596543,277700
2015-06-04,3423.47900390625,3460.6448146015387,3400.7438028617794,3447.938539384014,193996
2015-06-05,3412.04345703125,3448.7554742214793,3404.3743562365335,3420.710996709009,253728
2015-06-08,3379.415771484375,3452.976081216977,3372.6088376086846,3436.1402204484607,303682
2015-06-09,3351.0986328125,3382.5465755137116,3336.1233797967125,3367.1629508225556,209963
2015-06-10,3396.705078125,3402.468148598467,3352.777536421998,3360.7643823298035,239272
2015-06-11,3359.35791015625,3429.7416505888373,3350.236796047207,3405.327536441461,226654
2015-06-12,3391.486328125,3408.0044411536364,3354.0027729116546,3359.085371495781,173412
2015-06-15,3419.2587890625,3439.6795898131836,3386.222560035564,3392.1219024746506,175936
2015-06-16,3439.4072265625,3458.421215268391,3398.656254345779,3419.2585274329704,228783
2015-06-17,3456.78759765625,3471.4451052703585,3442.4930378497293,3453.38413103565,291820
2015-06-18,3504.30029296875,3532.2993471187497,3459.7374786801392,3460.6450698340427,232645
2015-06-19,3573.50341796875,3584.5305596951666,3505.1163492955397,3520.5453958874673,309290
2015-06-22,3612.80224609375,3625.735418633371,3589.568048023112,3589.568048023112,230791
2015-06-23,3645.92919921875,3656.2304459894426,3589.7948272431227,3614.027463306432,330957
2015-06-24,3638.804931640625,3662.719823455392,3618.6110302755555,3652.1464760916897,306048
2015-06-25,3658.95361328125,3670.0261806686212,3615.4800871107223,3615.8430349280666,240888
2015-06-26,3693.850341796875,3700.61185115516,3635.9459854785446,3653.9617573902187,291925
2015-06-29,3624.283203125,3653.7344869094395,3595.0588170917194,3648.5158386327885,344044
2015-06-30,3651.556396484375,3684.819518530803,3616.9770902031732,3616.9770902031732,340789
2015-07-01,3659.13525390625,3711.9118130742854,3653.9620285841397,3662.039501316919,380963
2015-07-02,3624.37451171875,3674.836669710018,3613.2565198185403,3658.9538241382907,322025
2015-07-03,3629.365966796875,3648.5162276685714,3609.5806580500216,3624.3742157391193,279389
2015-07-06,3619.427734375,3634.902206310845,3607.719898297474,3616.659537317645,332811
2015-07-07,3605.087890625,3633.813281819326,3590.1580613816204,3620.3808892554275,287981
2015-07-08,3584.0771484375,3602.2289699033777,3545.9583233591575,3584.984739510794,252360
2015-07-09,3571.960205078125,3601.2300129807963,3565.4710184696155,3584.9842237380635,128065
2015-07-10,3570.826171875,3595.87577372115,3556.758510468468,3584.7123593858037,184572
2015-07-13,3662.357177734375,3666.668235684747,3575.909120940075,3592.8810310813546,335198
2015-07-14,3676.333740234375,3683.866790556688,3648.6522121387798,3675.4715730194994,251002
2015-07-15,3768.4541015625,3793.685398728238,3694.803176253642,3694.803176253642,551469
2015-07-16,3792.051513671875,3802.8065564072576,3771.9484602454804,3781.0243708812973,321651
2015-07-17,3805.529296875,3838.157372594079,3779.3000039949698,3799.176159484558,241023
2015-07-20,3790.14599609375,3829.1272148072794,3776.577773755102,3819.1437117584815,207897
2015-07-21,3769.090087890625,3807.2997648700452,3758.7436371600775,3790.9631237713643,146004
2015-07-22,3803.8505859375,3810.975265146109,3751.9818399890487,3757.2456914314735,305466
2015-07-23,3842.7861328125,3853.178228747734,3805.5748956487605,3810.884392510169,229845
2015-07-24,3842.92236328125,3868.062370530925,3816.7834740428084,3846.32582986232,226189
2015-07-27,3792.00634765625,3849.59273529555,3781.5690503252195,3849.59273529555,220316
2015-07-28,3809.11474609375,3850.0015489763423,3767.955399978052,3819.0526030082124,940179
2015-07-29,3878.77197265625,3911.2635543541774,3785.743891829866,3834.4812643767564,819323
2015-07-30,3899.42041015625,3918.9788233609456,3885.443151070826,3911.718093720629,294361
2015-07-31,3931.185791015625,3956.1897494704544,3888.3021099735333,3899.9190992141644,297226
2015-08-03,4017.950927734375,4028.7968184428164,3975.2489445324477,3975.2489445324477,341893
2015-08-04,4028.615478515625,4042.3658391678396,4003.793214726407,4037.8730856454677,313075
2015-08-05,4058.43017578125,4069.6390159401585,4013.5952583053895,4045.1340530877087,198485
2015-08-06,4040.6865234375,4064.510790393239,4020.6738732988424,4048.7639957924525,184121
2015-08-07,4041.4580078125,4055.298772230665,4020.7194623310434,4039.4159278163775,144268
2015-08-10,4081.5732421875,4091.3754920004453,4035.150045878667,4056.9322323611427,241899
2015-08-11,4088.062744140625,4115.0183792483,4052.4397905928754,4093.236191091715,216773
2015-08-12,4088.062744140625,4088.062744140625,4088.062744140625,4088.062744140625,0
2015-08-13,4077.670654296875,4104.762336546475,4020.76451656977,4063.2852471108336,261773
2015-08-14,4149.96044921875,4164.9357028900695,4075.537976427949,4092.7822079282564,181419
2015-08-17,4129.35791015625,4163.120477162994,4116.379534373829,4161.260092626539,157066
2015-08-18,4205.77685546875,4218.48312995657,4116.832934054003,4134.077163716046,172443
2015-08-19,4240.12939453125,4253.879310497997,4180.092334370904,4199.423846740822,255128
2015-08-20,4205.9130859375,4258.780265985334,4176.053428241995,4202.146671613243,279387
2015-08-21,4145.2861328125,4187.489117268344,4110.479926892784,4184.902394105239,310480
2015-08-24,3849.819580078125,4041.0943959251304,3818.7345862809248,3948.0211100093634,930804
2015-08-25,3810.97412109375,3965.2645713404604,3686.7250177328797,3901.733209474168,915511
2015-08-26,3841.150634765625,3886.2086130968632,3753.819678356789,3831.974890373046,612412
2015-08-27,3838.1376953125,3901.2734305043464,3821.931464187481,3884.9303344762857,795947
2015-08-28,3840.05517578125,3918.712372473191,3811.8882001574025,3880.3652336931646,372560
2015-08-31,3804.766845703125,3864.843852709016,3782.078032292783,3833.800930197297,298281
2015-09-01,3708.2138671875,3834.211829774697,3694.29020392574,3807.32300337966,605386
2015-09-02,3679.4990234375,3734.2349506811825,3661.238482378257,3727.889457244494,392078
2015-09-03,3782.8994140625,3800.2924014492974,3688.6750648633533,3705.9768832871987,514445
2015-09-04,3709.903076171875,3779.6584806599362,3698.8553590509478,3777.1931291535916,316141
2015-09-07,3715.655029296875,3769.4322342106184,3693.194474356776,3714.102704962276,300049
2015-09-08,3779.29248046875,3794.4033447979104,3722.411076729038,3748.888859712885,292997
2015-09-09,3930.718505859375,3943.364020278221,3823.4378222792197,3843.844066999609,589734
2015-09-10,3927.340087890625,3942.405033085344,3857.6758617139453,3884.929806274455,321362
2015-09-11,3942.22216796875,3980.7975571405827,3933.86806042332,3952.493721298528,281728
2015-09-14,3943.82080078125,3968.9290475740468,3912.321363895742,3953.407585920318,207396
2015-09-15,3948.842041015625,4034.757976666186,3944.2769057080927,3994.9499076217035,734807
2015-09-16,3976.7802734375,3996.3189610089116,3953.4980862074963,3996.3189610089116,418079
2015-09-18,4018.095458984375,4088.8091413903426,3976.7809821254896,3998.4194572128913,621252
2015-09-21,4099.7197265625,4116.838983813888,4005.5410751663267,4015.447507858595,642858
2015-09-22,4084.015625,4126.791033103078,4054.2967717032757,4115.92609995234,924289
2015-09-23,4106.47607421875,4129.621399391848,4029.4166793867066,4071.187667452631,880695
2015-09-24,4169.474609375,4203.57625657057,4094.6977881526636,4108.164936237898,1098076
2015-09-28,4141.71875,4213.619626618904,4123.914723408652,4172.5334114081015,684352
2015-09-29,4275.06689453125,4327.7487400084465,4078.492325235808,4117.707020098,1222175
2015-09-30,4278.080078125,4349.159330498646,4252.469399229205,4300.357851291602,835777
2015-10-01,4181.98388671875,4311.222698108782,4172.533966799626,4309.488035731781,1087189
2015-10-05,4030.146728515625,4172.533470229007,4007.275580051447,4172.533470229007,1949365
2015-10-06,3975.320068359375,4062.0576444949147,3960.7571075141677,4062.0576444949147,1159174
2015-10-07,3984.90673828125,4051.9228375913185,3967.1481830374264,3973.7221564175898,801302
2015-10-08,3975.09130859375,4023.7099964335703,3955.4157550329865,3999.0582673880276,726218
2015-10-09,3904.423828125,4014.7632507973635,3892.006569448496,4008.1892768468474,816648
2015-10-12,3863.793701171875,3946.6963809273566,3849.7786464634296,3935.9683128386705,837794
2015-10-13,3902.14111328125,3915.060358089284,3861.3286219876823,3863.017811351623,605082
2015-10-14,3880.136962890625,3921.9993450703205,3873.061002784171,3899.4473971151115,656029
2015-10-15,3996.6845703125,4007.4126382863737,3890.408309504329,3898.5341611898257,982419
2015-10-16,4060.231201171875,4073.0135795879773,4000.016890236145,4026.4492010721765,929525
2015-10-19,4071.14208984375,4088.535076593885,4024.7145757937715,4076.6657250986373,594941
2015-10-20,4116.611328125,4123.870072585049,4055.347114733259,4079.314078384666,675597
2015-10-21,4085.52197265625,4131.173321286668,4062.970028107243,4098.578080038969,316565
2015-10-23,3999.880126953125,4115.925954541437,3990.932640160153,4109.351981434852,621558
2015-10-26,4003.760009765625,4064.7959500654006,3995.223118686146,4017.318549031393,535165
2015-10-27,4105.8828125,4125.056381337558,3995.9544403274667,4025.5364287997554,1290318
2015-10-28,4104.2392578125,4162.4902036351705,4083.056852523905,4136.012419931416,989227
2015-10-29,4053.42919921875,4120.080176133243,4034.8949277996367,4109.991405213569,907407
2015-10-30,4062.057373046875,4079.3134952463124,4017.41043916135,4059.3182918782663,738321
2015-11-02,4104.7412109375,4131.492724205186,4040.3273332253557,4081.23076525399,603730
2015-11-03,4092.689208984375,4127.978060982974,4076.7112356705416,4126.790858334126,320901
2015-11-04,4127.38427734375,4141.992710231499,4067.626924050701,4097.437168249463,660804
2015-11-05,4132.9091796875,4158.839064052476,4105.335578807667,4125.924610488077,406256
2015-11-06,4129.4384765625,4140.897233287389,4091.3195980267305,4138.7060575762725,361975
2015-11-09,4225.671875,4235.532388590074,4053.8400097736426,4053.8400097736426,729714
2015-11-10,4302.8232421875,4318.572960576453,4227.087461521964,4245.119747793373,909977
2015-11-13,4218.001953125,4325.237152520518,4202.115372499655,4322.680855248012,983107
2015-11-16,4242.74609375,4258.35894835382,4175.182079560853,4199.925206352395,644299
2015-11-17,4229.369140625,4269.45093505516,4216.358506429111,4241.375356000874,638262
2015-11-18,4138.97998046875,4247.401945434429,4131.447507113239,4231.423971650013,725994
2015-11-19,4245.89501953125,4256.075180989083,4173.4917139966665,4182.48511873014,1030684
2015-11-20,4325.83056640625,4351.486714460428,4228.228068540966,4260.184013779345,917455
2015-11-23,4324.32470703125,4373.399914843956,4293.373176754972,4318.618287518145,1034126
2015-11-24,4236.35400390625,4313.185138893062,4219.097882297476,4313.185138893062,1287988
2015-11-26,4205.90478515625,4254.660788668978,4179.792566896608,4254.660788668978,1436728
2015-11-27,4181.708984375,4272.966208106617,4160.115985755371,4272.966208106617,1231876
2015-11-30,4158.837890625,4291.226802620747,4101.408582791015,4187.141726982712,10567769
2015-12-01,4159.9345703125,4214.533416753313,4137.245755975011,4208.142226563262,1506622
2015-12-02,4217.08935546875,4224.896004596098,4159.934216143616,4199.924624459606,1123497
2015-12-03,4224.62158203125,4240.736865919078,4200.380892473965,4208.141622304642,567288
2015-12-04,4200.24365234375,4230.96692029532,4180.8873025226485,4209.054273319254,581041
2015-12-07,4167.23876953125,4236.446050390897,4161.57782277623,4220.011561402312,493623
2015-12-08,4147.4716796875,4181.481944122892,4126.883093905263,4145.143638568561,577670
2015-12-09,4089.539794921875,4146.969110660111,4081.2311591040725,4144.047245598681,607147
2015-12-10,4106.88720703125,4126.699627223811,4022.842796638112,4104.056733914026,506406
2015-12-11,4091.046142578125,4134.18667267617,4028.2755300016042,4126.654199166987,532721
2015-12-14,4178.74267578125,4190.794813046354,4082.6010907487516,4089.3574028095873,484617
2015-12-15,4218.18505859375,4230.967437559186,4166.233907532744,4204.489652559355,581111
2015-12-16,4217.63671875,4252.103487052963,4203.576192499131,4250.140568219691,357572
2015-12-17,4260.869140625,4272.053722394467,4176.049013756503,4245.575936981036,443534
2015-12-18,4218.595703125,4293.052875284196,4210.423933299248,4277.257686799396,682206
2015-12-21,4235.6240234375,4254.706200280248,4214.76126546002,4224.484914716315,274072
2015-12-22,4215.62841796875,4240.964917069958,4201.7957023488125,4227.314985174533,207127
2015-12-23,4231.83544921875,4251.054492773043,4218.185514736138,4231.880922251516,227939
2015-12-24,4198.46337890625,4231.2868787517355,4187.278797859833,4230.282459862323,162732
2015-12-28,4236.44580078125,4241.8784904246695,4188.968390944909,4198.463783749373,272134
2015-12-29,4233.615234375,4250.962749125634,4211.611192291656,4238.226288678706,253128
2015-12-30,4188.23876953125,4239.094119746442,4177.0996587821965,4233.707348147113,265170
2015-12-31,4219.9658203125,4233.706699962834,4169.155505099084,4188.055344561036,422019
2016-01-01,4235.076171875,4262.010471124825,4202.070331618102,4219.098197743748,243597
2016-01-04,4182.2578125,4251.9675260156755,4174.131959858742,4231.880928297757,405501
2016-01-05,4169.7490234375,4200.609159099312,4160.892482813745,4199.878915792067,509285
2016-01-06,4091.09130859375,4193.533118956555,4079.4047410184817,4192.62009193305,593742
2016-01-07,3896.7080078125,4062.696590872977,3882.054102172571,4062.696590872977,1200069
2016-01-08,3848.1806640625,3948.841893841939,3830.8786235662024,3913.5075695529526,994652
2016-01-11,3900.81689453125,3926.016531664738,3758.93257229389,3825.583550622152,865799
2016-01-12,3897.712158203125,3948.6588851077463,3889.4949154240603,3935.146264196643,481142
2016-01-13,3918.02783203125,3935.1470914196766,3854.2073221940045,3924.1907654110832,431206
2016-01-14,3878.76708984375,3915.9729414087788,3846.309157172121,3870.3215897952464,402026
2016-01-15,3901.684326171875,3962.5374913403734,3884.017163170956,3894.0604609600678,592183
2016-01-18,3867.765380859375,3916.2012877031325,3809.925027879827,3906.842760408394,396124
2016-01-19,3833.024658203125,3875.754594278109,3802.757898783772,3872.147958881627,499001
2016-01-20,3705.930908203125,3825.5376684694675,3678.129280550991,3807.185736551536,679992
2016-01-21,3553.22705078125,3729.6695145320095,3533.4144099117193,3729.6695145320095,1212801
2016-01-22,3747.9306640625,3761.580151324283,3588.333264110413,3600.0200552337765,1063413
2016-01-25,3726.383056640625,3809.148869937029,3719.5808267615694,3767.1041524187617,608634
2016-01-27,3754.322021484375,3815.540311180945,3736.1069522259936,3771.715009688558,886550
2016-01-28,3746.423583984375,3779.840462000177,3680.4119089200076,3725.150232794252,1677354
2016-01-29,3739.621826171875,3765.3234477398937,3581.8050158786623,3583.631069927033,2147231
2016-02-01,3604.859130859375,3760.7585031367735,3591.528846468171,3744.2326239990343,1904034
2016-02-02,3537.93408203125,3638.4127523068437,3516.5693384703377,3608.8307653906586,902619
2016-02-03,3495.38671875,3533.41420102721,3455.4872637875064,3533.41420102721,1101308
2016-02-04,3464.617919921875,3544.279528052437,3445.764000971248,3527.936433426842,597800
2016-02-05,3399.56494140625,3460.3726341130964,3372.0829600351994,3455.533546006419,1245857
2016-02-08,3407.91943359375,3459.459770121709,3391.9414589362864,3422.9386851903632,559505
2016-02-09,3339.031005859375,3368.1564769062106,3305.157616264701,3364.5043690429347,657011
2016-02-10,3358.61572265625,3394.6345954471994,3286.89740279987,3323.2816201575506,795377
2016-02-11,3233.439697265625,3345.6051628380624,3212.4857704298406,3333.553250003042,1066224
2016-02-12,3240.92626953125,3275.940944880265,3159.9865134421952,3259.506458534712,1211696
2016-02-15,3388.471923828125,3400.93465494427,3290.9148861813765,3292.330122809107,1182286
2016-02-16,3382.947998046875,3422.892934046278,3333.644534184755,3401.25423615486,753873
2016-02-17,3423.0751953125,3428.416492592917,3343.048465413839,3359.848073578263,652019
2016-02-18,3335.515869140625,3466.62663477193,3307.075167412093,3452.3833244886027,1243826
2016-02-19,3267.8603515625,3323.418131187587,3249.462947499072,3323.418131187587,718677
2016-02-22,3214.58544921875,3236.6806576458252,3187.879409941983,3231.2024957428985,1291463
2016-02-23,3184.090576171875,3258.091466204149,3177.334264886355,3222.9856192669063,796836
2016-02-24,3186.190673828125,3222.9857110885264,3177.334355407386,3195.5492017427587,605914
2016-02-25,3117.2109375,3204.724661654114,3105.204722018701,3204.4050130521277,840542
2016-02-26,3112.692138671875,3158.252327544663,3081.5580463662995,3151.769745567969,831491
2016-02-29,2955.01220703125,3136.2023903149347,2915.5237849845635,3127.11781525785,2218323
2016-03-01,3190.481689453125,3204.7250008418882,2922.508245650534,2922.508245650534,1924803
2016-03-02,3298.447021484375,3312.1881229119217,3232.161392635186,3234.8090818679934,1236996
2016-03-03,3294.795166015625,3329.8098445778137,3266.810974472009,3310.4537145759823,742263
2016-03-04,3245.90234375,3304.2446792920327,3219.3331691582503,3304.2446792920327,610234
2016-03-08,3161.4931640625,3285.9388010123494,3150.4913659534755,3243.9395548718608,1100041
2016-03-09,3265.349609375,3286.897135313737,3141.817237031708,3154.3713580346425,752948
2016-03-10,3311.731689453125,3318.579392365911,3262.610789310671,3286.897398137485,1016572
2016-03-11,3324.513916015625,3369.069678842967,3301.551375795519,3317.6662134163507,1002559
2016-03-14,3330.859619140625,3363.591728791255,3311.5948816911505,3341.679079092289,483295
2016-03-15,3336.70263671875,3359.847735824218,3301.0488902525926,3350.8088583119943,688839
2016-03-16,3348.389892578125,3355.3744604554577,3321.135945552851,3332.5487838537197,459188
2016-03-17,3319.264404296875,3423.8517056467676,3305.158179851013,3365.737618525728,710449
2016-03-18,3306.435791015625,3332.274498934141,3247.682639044485,3323.4181818770176,1073782
2016-03-21,3350.3984375,3358.843937666096,3291.462497164927,3314.379565156806,474712
2016-03-22,3377.789306640625,3411.0234024838282,3334.3748253274834,3349.8962853577596,713115
2016-03-23,3411.0693359375,3418.373552930942,3347.5682548693594,3389.0198200513514,586282
2016-03-28,3322.4599609375,3449.233864460572,3314.2427169386347,3432.0689101926523,743468
2016-03-29,3405.54541015625,3441.199163234416,3327.9838020667144,3331.635910491479,686482
2016-03-30,3403.2626953125,3423.760108379256,3363.5917138443515,3419.286364915064,872340
2016-03-31,3393.082275390625,3422.7099568781036,3345.330918839979,3414.2644571512287,1223191
2016-04-01,3399.382568359375,3437.5014510651863,3361.765895156839,3378.6112011364476,769731
2016-04-04,3362.90673828125,3425.2208317822874,3356.2872924514695,3410.155886100718,299849
2016-04-05,3245.67431640625,3375.36963127444,3228.9201807801924,3356.2874549831718,826024
2016-04-06,3262.291259765625,3293.562435405501,3237.59383413142,3257.680428703019,664480
2016-04-07,3169.1171875,3247.1810075896715,3149.943617653414,3247.1810075896715,1221608
2016-04-08,3132.2763671875,3171.8561815868584,3121.183176958744,3159.0738020410276,1631533
2016-04-11,3176.101318359375,3184.63821006348,3125.2914544286964,3138.073832565419,970375
2016-04-12,3262.884765625,3295.8908276477227,3163.684464539898,3168.3864647445785,1404427
2016-04-13,3407.05224609375,3419.6063695683456,3292.923850870155,3298.767135542794,1107727
2016-04-18,3395.502197265625,3423.8517342062555,3359.9398351677387,3397.191386617306,999621
2016-04-20,3350.854736328125,3400.432146275619,3333.461527654203,3400.432146275619,1830988
2016-04-21,3383.0390625,3412.2102312137467,3354.461272186583,3373.6348396106214,1928958
2016-04-22,3484.156982421875,3499.6327466208622,3360.0309972868367,3380.939227951227,1165761
2016-04-25,3403.71875,3507.8495175047183,3392.0319605398818,3475.071939390458,838216
2016-04-26,3534.830078125,3555.3274917329686,3370.8046275112983,3381.8980404092135,2782566
2016-04-27,3523.73681640625,3590.70744555545,3497.1221647292004,3507.0285982526384,1388262
2016-04-28,3421.97998046875,3518.8065519932998,3410.2477156158866,3486.850602507113,1821236
2016-04-29,3464.617919921875,3487.7632442263293,3401.0256766343136,3416.547136098148,962848
2016-05-02,3497.669921875,3506.0240305976063,3425.3125248893593,3469.411555073616,762337
2016-05-03,3487.717529296875,3541.6318195457584,3465.5766240058247,3506.754231874862,795697
2016-05-04,3480.048583984375,3509.676269618666,3465.8966635423644,3469.5030761058615,557609
2016-05-05,3503.148193359375,3515.154410820542,3471.329109075247,3492.328732828201,485772
2016-05-06,3486.8046875,3501.458816567949,3471.328923231119,3496.8479852789433,411877
2016-05-09,3511.95849609375,3540.718847745109,3492.3284148079015,3496.893549990657,771389
2016-05-10,3510.40625,3558.1119106931756,3501.5499326919457,3515.6104593124046,1094666
2016-05-11,3551.720947265625,3558.9794677865607,3460.3725456416278,3469.502816210603,679706
2016-05-12,3518.989013671875,3569.7534097307607,3507.393614052193,3546.973428106096,857976
2016-05-13,3511.730224609375,3540.62744103225,3495.0674812621874,3520.6322381784207,435056
2016-05-16,3544.006103515625,3556.2405775721973,3506.0240867464026,3533.414899924109,878812
2016-05-17,3607.095703125,3623.8041417082254,3548.2511579021393,3552.633732057786,865028
2016-05-18,3574.409423828125,3596.4134643723305,3474.1135385163907,3587.100633265331,1921044
2016-05-19,3585.092041015625,3597.3265141089355,3543.457919100705,3560.8054327474233,679821
2016-05-20,3601.845947265625,3614.6740216535986,3543.5493049849183,3546.014433391261,485214
2016-05-23,3573.450927734375,3623.1652048976075,3560.805414215966,3619.2391440902793,348354
2016-05-24,3582.900390625,3595.4545114608613,3554.5508586288047,3573.404999301029,283533
2016-05-25,3707.75732421875,3717.8463181655065,3597.3267420363695,3604.6309587714686,842663
2016-05-26,3759.84521484375,3766.2364038927803,3676.942318026362,3710.541756465517,1074664
2016-05-27,3785.957763671875,3800.0182899982656,3735.2390703616466,3756.8322921785048,880888
2016-05-30,3717.617919921875,3793.810206166053,3701.4116896575874,3772.627800114739,555311
2016-05-31,3799.6533203125,3816.4529282501367,3702.3702471413776,3706.8896862908027,775477
2016-06-01,3803.077392578125,3834.6682183412513,3789.0623379004405,3807.9621765620736,647041
2016-06-02,3822.5244140625,3830.102805677991,3765.3233614706533,3789.0620635555797,411143
2016-06-03,3851.10302734375,3866.669961851564,3816.4534688405047,3827.546659497413,591630
2016-06-06,3781.758544921875,3850.235582794676,3759.8458928025784,3849.322555623038,443085
2016-06-07,3775.960205078125,3824.624814008138,3759.8453669155074,3811.88790841968,471388
2016-06-08,3798.28369140625,3807.1397857701745,3765.9626249431158,3771.7145166865516,417715
2016-06-09,3806.54638671875,3825.3548318781263,3779.931739119385,3790.933536024813,305434
2016-06-10,3753.91064453125,3831.974455818474,3743.41083365636,3802.8489826413584,464892
2016-06-13,3775.138671875,3789.0623346710804,3708.7159526346813,3719.6722774578266,385639
2016-06-14,3747.51953125,3794.4490325138677,3739.758801315629,3784.497126819649,403193
2016-06-15,3843.47900390625,3848.4092611278093,3754.458860855251,3766.2368213884256,510807
2016-06-16,3728.893798828125,3801.8445696840013,3708.7158122133555,3798.1924615478974,1118517
2016-06-17,3756.650146484375,3796.3668268518727,3737.430880713642,3757.1066600518175,951658
2016-06-20,3773.723388671875,3784.3141452598425,3712.0938430371325,3722.000275186536,667114
2016-06-21,3795.81884765625,3805.5884161353115,3751.6284243492314,3785.4104276836,512383
2016-06-22,3790.294921875,3816.909571140319,3766.2820430432294,3784.497110961995,417540
2016-06-23,3806.044921875,3811.88820624992,3762.0827554375805,3790.797190724392,341093
2016-06-24,3716.06591796875,3736.198209699004,3530.310602802566,3700.4987616463995,1559787
2016-06-27,3675.02490234375,3707.8024810136103,3655.8513362020885,3707.8024810136103,836629
2016-06-28,3723.96337890625,3726.930716814489,3688.6292767033865,3689.633695619742,626447
2016-06-29,3771.943115234375,3780.8451292430973,3733.55028203074,3743.4110190525716,646945
2016-06-30,3823.027099609375,3834.713667699623,3784.99916575349,3816.36173455569,770542
2016-07-01,3803.123291015625,3847.6792844733986,3772.628272650236,3824.305699720113,804652
2016-07-04,3810.792236328125,3826.0399668423115,3794.3122759109738,3808.235938837676,343648
2016-07-05,3810.38134765625,3836.5394822359744,3789.0620778865523,3816.452888088142,282439
2016-07-07,3780.936279296875,3825.4918195191453,3766.236455121364,3817.4573600738095,325843
2016-07-08,3799.83642578125,3812.481941674535,3767.1502303198054,3781.7586655319037,261295
2016-07-11,3900.496826171875,3913.1423393143245,3825.5376659472527,3825.583138971773,518428
2016-07-12,3990.29345703125,4000.8846603108022,3917.7991961190446,3926.0164398303173,688921
2016-07-13,3945.5546875,3980.7976179594034,3926.929026340228,3971.6673481934417,416940
2016-07-14,4043.157470703125,4052.9270383755584,3949.754982656604,3949.754982656604,637580
2016-07-15,4083.102783203125,4102.732866425107,4021.4279791266454,4062.9707133871207,654076
2016-07-18,4067.307373046875,4167.420702920966,4046.9011287041885,4087.622225519021,684924
2016-07-19,4095.565673828125,4107.708755437472,4053.8401587335798,4067.718348413401,378788
2016-07-20,4080.455078125,4117.752325267221,4064.842225156858,4082.9204296830317,357560
2016-07-21,4029.82763671875,4102.275975906313,4022.112379882287,4098.578394708947,252227
2016-07-22,4030.7412109375,4062.057864427993,4021.884669095372,4036.4931037617794,339886
2016-07-25,4154.775390625,4167.968810860123,4036.4929053258716,4041.9710680564654,499616
2016-07-26,4082.41748046875,4185.31580254361,4064.0200754297,4177.235424364126,1828186
2016-07-27,4161.71435546875,4225.489387087925,4117.752190096487,4118.025919898827,1212744
2016-07-28,4349.2041015625,4367.921155006822,4173.03536411096,4180.7506205635955,1879461
2016-07-29,4343.818359375,4404.443277178322,4309.990433632111,4337.792290604107,799265
2016-08-01,4443.01806640625,4460.13732430404,4357.193520145333,4381.571521717388,1206974
2016-08-02,4552.39892578125,4600.743892579198,4455.572573087216,4473.8331164195415,1611134
2016-08-03,4449.95703125,4583.3958470773105,4431.057192758167,4578.73931990254,1019631
2016-08-04,4464.3828125,4514.918950992925,4445.848540935784,4514.918950992925,727097
2016-08-05,4511.85986328125,4533.179133262105,4473.832377237526,4491.179890537018,598288
2016-08-08,4557.60302734375,4574.265771922109,4528.65988994231,4546.874958916587,474502
2016-08-09,4529.39013671875,4584.993392526305,4487.8928807428765,4574.173933283074,508711
2016-08-10,4438.77197265625,4546.874275916866,4428.180770722249,4542.3091411016885,512317
2016-08-11,4454.33935546875,4495.288708073633,4387.095001989196,4439.228936024749,623156
2016-08-12,4472.55419921875,4510.353428260405,4425.53330821563,4457.397861693786,686072
2016-08-16,4441.14697265625,4517.658471762666,4430.007862771312,4517.658471762666,793106
2016-08-17,4464.56494140625,4484.149102086565,4427.359093020528,4437.310997659074,498247
2016-08-18,4488.3037109375,4519.483492739773,4474.745171296491,4492.868845778651,479572
2016-08-19,4473.92431640625,4504.145603487824,4463.835099159453,4488.441358569983,426426
2016-08-22,4416.99609375,4471.092940125834,4408.094081055243,4470.179913182781,292890
2016-08-23,4413.3896484375,4432.928782508651,4382.5295147632905,4414.530932165303,270869
2016-08-24,4518.15966796875,4550.343870327396,4461.461046847677,4464.702114433383,952400
2016-08-25,4504.6015625,4549.430832287999,4479.538792611165,4541.213589152509,914319
2016-08-26,4492.9150390625,4533.088232104812,4483.05452455045,4505.606026792608,337715
2016-08-29,4498.84912109375,4524.048755291059,4492.914445632722,4496.657945470932,299611
2016-08-30,4626.9013671875,4659.998597223651,4520.396852661553,4524.048960803473,996156
2016-08-31,4646.208984375,4692.361884355299,4630.257705365177,4655.632597607044,804288
2016-09-01,4652.736328125,4688.8218689794,4614.62797866329,4664.918071215976,870402
2016-09-02,4744.39794921875,4770.324104330015,4665.837026032393,4668.595156294087,956049
2016-09-06,4890.80908203125,4904.875367906695,4781.678873192638,4781.678873192638,970024
2016-09-07,4905.84033203125,4929.698339255305,4863.595237954185,4890.165137355271,734051
2016-09-08,5046.8271484375,5055.653255906648,4890.165424289409,4892.004177974045,942300
2016-09-09,4967.392578125,5047.332566069074,4943.534571906935,5047.102721881673,547599
2016-09-12,4899.35888671875,4918.665799201597,4827.647497496746,4877.29384388121,795632
2016-09-14,4931.4453125,4950.6144092810855,4900.3243168711215,4900.3243168711215,539702
2016-09-15,5012.81005859375,5020.7167889892235,4918.252063345276,4924.182223370497,704384
2016-09-16,5123.96240234375,5166.805449856705,5031.749091344596,5031.749091344596,1669960
2016-09-19,5049.125,5120.009036035049,5042.781390312846,5120.009036035049,632835
2016-09-20,5070.2255859375,5111.735361545571,5055.055867688309,5079.557171320014,423083
2016-09-21,5057.7216796875,5095.645973127556,5021.728167332738,5080.476255751534,549370
2016-09-22,5145.84375,5179.860690098986,5116.285876967147,5116.653537888033,526494
2016-09-23,5150.1650390625,5176.09164569911,5116.883866568502,5176.09164569911,559592
2016-09-26,5119.9169921875,5171.494116626876,5107.643223034488,5135.63842408493,418297
2016-09-27,5067.05322265625,5148.464307916757,5056.572416884144,5147.544931113687,427991
2016-09-28,5076.6142578125,5107.137744872374,5062.0882850166145,5066.31750776555,449876
2016-09-29,5000.123046875,5127.364713658417,4960.0381262663,5125.525959950811,693217
2016-09-30,5035.70263671875,5054.274228638977,4948.637918445406,4983.022522823693,646631
2016-10-03,5222.9794921875,5258.835186641876,5177.745975002355,5204.591956569871,840940
2016-10-04,5222.06103515625,5256.951569701668,5194.479726871974,5254.377044913089,464913
2016-10-05,5230.5185546875,5302.0458885831,5215.624471290433,5246.883281800547,644731
2016-10-06,5250.0556640625,5282.371670258041,5240.447996503121,5240.447996503121,416860
2016-10-07,5225.5537109375,5256.307044667281,5210.383993636873,5249.136085145494,309473
2016-10-10,5251.8017578125,5272.073835160271,5236.724069210711,5263.33975621793,205840
2016-10-13,5257.50244140625,5288.991099329726,5196.869805935871,5231.254411228535,441169
2016-10-14,5231.66796875,5302.000294993547,5212.03918399587,5295.794501501469,352350
2016-10-17,5147.68212890625,5239.527770706736,5125.157399939359,5239.527770706736,400595
2016-10-18,5173.05712890625,5190.203414815194,5130.214084311619,5167.816502078104,487798
2016-10-19,5152.7392578125,5192.548093337125,5142.120186517082,5179.4932122404425,384608
2016-10-20,5189.421875,5225.2775669346265,5162.300261869962,5162.300261869962,311728
2016-10-21,5194.66259765625,5212.866077408416,5163.2197338140495,5194.93823111045,224567
2016-10-24,5253.2265625,5284.577398505751,5209.1885072953355,5209.1885072953355,412403
2016-10-25,5315.33056640625,5331.465447818107,5264.029077539029,5271.705962715818,339506
2016-10-26,5395.9140625,5422.48396024698,5318.594389628481,5329.259249492556,590811
2016-10-27,5387.685546875,5468.452883772788,5322.364008654615,5421.564669739094,1864862
2016-10-28,5402.39599609375,5450.571251545397,5392.834566975131,5444.549512956864,935542
2016-11-01,5404.18896484375,5492.357111926229,5383.135325489865,5441.791386925234,1163831
2016-11-02,5327.4208984375,5392.05290795266,5318.594791369018,5336.982327380666,522312
2016-11-03,5337.48828125,5387.456504602558,5313.998381465202,5332.293891646173,585730
2016-11-04,5244.9072265625,5322.272700389514,5210.38435574557,5322.272700389514,679821
2016-11-07,5255.11181640625,5318.456785936042,5247.802591535166,5298.368313773154,532212
2016-11-08,5211.94775390625,5268.949122885291,5131.5022734922795,5266.006937178633,684050
2016-11-09,4958.1533203125,5105.299398393556,4877.293950743348,4877.293950743348,1299603
2016-11-10,4898.8994140625,5072.431789853867,4877.294058665959,5061.629112155596,942971
2016-11-11,4720.31103515625,4866.21633451157,4691.580505897131,4863.5039929837,1058491
2016-11-15,4455.8515625,4706.335495219131,4418.892436620678,4690.568273328455,2793900
2016-11-16,4588.42529296875,4605.525790259278,4506.370918234498,4527.011105786644,1952224
2016-11-17,4528.43603515625,4641.013899344596,4519.9318000990115,4624.465117611593,668715
2016-11-18,4551.7421875,4587.597880164774,4493.8214531953645,4537.124187196477,699355
2016-11-21,4401.47021484375,4587.689788099542,4381.105661562642,4587.689788099542,864696
2016-11-22,4536.7109375,4556.431750854298,4436.498859040937,4440.590265663087,845997
2016-11-23,4487.33984375,4546.317769111406,4468.170749824355,4546.317769111406,757744
2016-11-24,4440.72802734375,4490.144533310554,4416.686412363261,4470.0102699646495,550368
2016-11-25,4480.6748046875,4509.543146053659,4406.067468109073,4458.058045915228,669501
2016-11-28,4499.2001953125,4516.898198635057,4443.348054956897,4473.687489224138,1387068
2016-11-29,4677.9267578125,4706.289620557724,4501.268603682481,4503.107357197056,874897
2016-11-30,4841.4384765625,4856.148506115292,4688.913947419888,4698.5211661228695,1270618
2016-12-01,4828.65966796875,4879.59306015144,4784.667392047693,4841.438917523784,1221883
2016-12-02,4659.4931640625,4814.040477812234,4639.174849118004,4799.1463956393145,772281
2016-12-05,4783.4716796875,4799.054847028989,4647.4497031713345,4655.632066871773,578935
2016-12-06,4721.18408203125,4836.841507803162,4705.416410248312,4799.147057732847,646660
2016-12-07,4704.12939453125,4789.7234676801445,4629.108154988252,4735.664289330563,590462
2016-12-08,4812.5703125,4845.024136843177,4753.178476186798,4755.017229949347,845955
2016-12-09,4812.93701171875,4884.188705779534,4781.862258907034,4863.502730084468,562518
2016-12-12,4729.6416015625,4806.50158664833,4707.254688207526,4806.50158664833,357439
2016-12-13,4746.88037109375,4787.195134711306,4720.126415664592,4761.222739367424,484291
2016-12-14,4726.56103515625,4794.319272224844,4716.586157871112,4762.325145127104,371699
2016-12-15,4736.67431640625,4778.000476619307,4670.433407971152,4688.775151806398,457317
2016-12-16,4770.3232421875,4787.193892355375,4735.8928583252955,4757.3141532538675,1170505
2016-12-19,4702.65869140625,4776.576954219375,4692.5455453801715,4757.775516814181,369118
2016-12-20,4696.1767578125,4732.492141902867,4663.079192565583,4721.827281095968,377676
2016-12-21,4723.61962890625,4743.983732860358,4664.503438235338,4706.656949365437,413072
2016-12-22,4674.47900390625,4729.273947356012,4645.610664072693,4729.273947356012,399573
2016-12-23,4778.13916015625,4793.630749388162,4634.578559199411,4642.852950596513,589006
2016-12-26,4750.74169921875,4833.899059713906,4735.801826527074,4761.452348934817,510998
2016-12-27,4802.82421875,4815.143777613983,4704.6349598466895,4766.96852492702,486703
2016-12-28,4809.490234375,4852.4711028972515,4798.641766912718,4826.72855062724,595514
2016-12-29,4886.3037109375,4917.7465775385845,4796.572893032657,4796.572893032657,655325
2016-12-30,4890.67041015625,4944.316133293513,4875.454904511826,4915.9074815057,559886
2017-01-02,5025.31396484375,5032.853034733679,4843.093289882414,4891.1307312770505,651321
2017-01-03,5064.294921875,5078.821344223481,4994.606342112537,5025.313436519137,631753
2017-01-04,5058.548828125,5106.862346955423,5051.0559971985385,5084.153561068059,679443
2017-01-05,5180.642578125,5194.386992200038,5079.648944924379,5079.648944924379,744210
2017-01-06,5162.806640625,5201.1906252289955,5145.752379127224,5194.479353594572,544695
2017-01-09,5202.29345703125,5222.060057601396,5158.255399497393,5189.697815706823,345094
2017-01-10,5217.32568359375,5234.65602658921,5186.204688174497,5222.060384476359,410444
2017-01-11,5297.771484375,5307.470730948355,5232.173853831102,5232.173853831102,539326
2017-01-12,5311.5615234375,5327.788433802431,5279.061464520028,5304.804014329599,421634
2017-01-13,5239.98828125,5326.869392326082,5225.4160686040805,5325.0306386525135,1086873
2017-01-16,5219.2099609375,5263.6161288311105,5204.591959895034,5238.563111536086,290142
2017-01-17,5212.31494140625,5257.824094763548,5200.960547704919,5231.254194000464,343048
2017-01-18,5226.15185546875,5257.916145711377,5208.269796372609,5226.657333164745,308483
2017-01-19,5257.3173828125,5266.18927740934,5217.46231656739,5217.46231656739,239027
2017-01-20,5211.90185546875,5285.497796728858,5187.124468454377,5256.077735936489,444280
2017-01-23,5240.447265625,5252.169318719161,5188.7781147736,5211.900798243807,297515
2017-01-24,5274.64892578125,5282.5094181077,5230.2889937578075,5244.125435476017,301613
2017-01-25,5334.7294921875,5363.644071142619,5247.8483875040965,5299.19566984326,1148793
2017-01-27,5438.94091796875,5449.789833151768,5355.415449028975,5370.999064772066,576906
2017-01-30,5419.68017578125,5460.178542230846,5410.532197512801,5439.032876887974,323448
2017-01-31,5419.03662109375,5456.409197663232,5401.798306355572,5414.20989296706,374637
2017-02-01,5681.01318359375,5703.3538598018395,5411.451731892259,5424.323006823705,1212008
2017-02-02,5648.97314453125,5717.007030304582,5635.779997169338,5672.555070560328,745214
2017-02-03,5622.40283203125,5660.280885501281,5605.026251995008,5652.236338786146,304078
2017-02-06,5653.89208984375,5688.184667364215,5631.183301698047,5660.603361396715,322223
2017-02-07,5712.271484375,5729.095898396763,5648.650437254227,5668.876724627207,456427
2017-02-08,5695.21728515625,5731.302823801107,5668.09567012381,5718.247942862971,410369
2017-02-09,5660.69482421875,5703.813505130676,5618.863181007363,5695.998802552725,511610
2017-02-10,5619.4609375,5676.002611622664,5604.888725199316,5672.554948566403,284471
2017-02-13,5536.4873046875,5644.881743835635,5518.099767973161,5600.843683187687,404675
2017-02-14,5460.9599609375,5557.6323343400345,5450.157284357104,5557.6323343400345,439745
2017-02-15,5390.02978515625,5481.1396540619935,5371.182563412923,5470.291188916956,609791
2017-02-16,5538.8310546875,5551.151062346984,5387.5477890836955,5387.5477890836955,576390
2017-02-17,5506.83740234375,5567.608300974246,5474.934846575061,5551.197334671992,326378
2017-02-20,5601.89990234375,5627.274788378599,5435.630540743157,5506.836443849318,504439
2017-02-21,5574.318359375,5599.601216858625,5555.793009947146,5581.627583195106,287864
2017-02-22,5589.48876953125,5623.046020913313,5553.035571168962,5583.375003925348,431264
2017-02-23,5544.76123046875,5600.935240195534,5530.096991605021,5599.004459219813,461009
2017-02-27,5471.6708984375,5563.103098645067,5461.098065482442,5520.85755609799,394395
2017-02-28,5445.00927734375,5516.260981690587,5437.929896184793,5466.890266338669,558820
2017-03-01,5442.3427734375,5515.15714368365,5410.670064401508,5479.4855048620675,559896
2017-03-02,5441.56103515625,5515.156963022669,5424.552565606025,5471.210934777587,473769
2017-03-03,5413.060546875,5450.939049150001,5401.338493123965,5446.387954598531,362057
2017-03-06,5456.36376953125,5493.0926052157065,5435.355918796983,5447.7675062299595,361209
2017-03-07,5413.7509765625,5473.970164634988,5406.855649683971,5452.824495540832,373103
2017-03-08,5391.36376953125,5428.828376894133,5332.385833244724,5419.726635685803,639968
2017-03-09,5483.53076171875,5493.276245342749,5391.363239778062,5409.612958593596,598391
2017-03-10,5475.44091796875,5523.983836617782,5457.466831004534,5513.503030195205,443986
2017-03-14,5637.986328125,5649.01884997858,5525.4546950013755,5571.423536057959,875005
2017-03-15,5642.53662109375,5671.450748660673,5601.302486742889,5621.988462278666,384040
2017-03-16,5659.1787109375,5687.541129132142,5637.343509592338,5662.994035284386,252721
2017-03-17,5693.3330078125,5724.775425832069,5654.167465342842,5667.958117697337,1048024
2017-03-20,5662.349609375,5718.523620900173,5655.178649994956,5718.523620900173,207710
2017-03-21,5586.4091796875,5700.6417493248155,5563.930685835917,5667.728238805966,532134
2017-03-22,5521.5927734375,5565.355197058169,5495.4825631995245,5558.919559729084,462793
2017-03-23,5548.25537109375,5579.698239701859,5530.879237984842,5530.879237984842,447530
2017-03-24,5520.53564453125,5559.471340610626,5508.997645607748,5559.471340610626,573292
2017-03-27,5503.205078125,5534.647942012501,5484.6797267066295,5495.1147424266965,340512
2017-03-28,5492.58740234375,5561.310825087224,5481.830513131146,5489.783482386237,505962
2017-03-29,5464.91357421875,5524.4432226536155,5451.306976999422,5524.4432226536155,494597
2017-03-30,5476.3603515625,5517.0885673223665,5456.547510672769,5484.083027484694,898999
2017-03-31,5530.6943359375,5553.95438579745,5461.189370874656,5472.129863311774,501939
2017-04-03,5582.4560546875,5603.6017215613165,5543.84222822227,5603.6017215613165,378716
2017-04-05,5831.05517578125,5846.316920049564,5581.5821977682235,5617.392102768177,1076674
2017-04-06,5784.39697265625,5825.1714236510925,5755.298786624975,5824.252046848118,505863
2017-04-07,5754.701171875,5825.171312697902,5733.279423425029,5746.104909148025,467235
2017-04-10,5763.43603515625,5799.24549647143,5741.554595337701,5775.525751746393,318486
2017-04-11,5744.08203125,5796.670562308888,5727.717304232256,5768.905204157588,373105
2017-04-12,5658.3046875,5758.884422692734,5632.746191249311,5758.884422692734,415372
2017-04-13,5587.9267578125,5677.152102382122,5577.767374175338,5658.764565208415,386820
2017-04-17,5622.49560546875,5642.67610936868,5535.568693198994,5581.169880338264,342286
2017-04-18,5642.3525390625,5731.716132513168,5626.585318679472,5626.585318679472,453391
2017-04-19,5697.33251953125,5720.68460161276,5620.885975733322,5637.526786411718,366504
2017-04-20,5767.71044921875,5794.969882002103,5689.10373153194,5700.136253312545,466934
2017-04-21,5687.08056640625,5787.522477153032,5678.990230506836,5777.271516090824,294827
2017-04-24,5808.94482421875,5824.252359025875,5700.136483971653,5721.466206509726,426893
2017-04-25,5826.27490234375,5838.042745950907,5775.984811249854,5817.540822645084,384281
2017-04-26,5889.80322265625,5906.76590363017,5802.186796032531,5824.25183851467,540500
2017-04-27,5860.1533203125,5929.980165548573,5810.783057120085,5919.867021080195,1087684
2017-04-28,5998.7958984375,6058.509153196216,5875.323322889859,5893.205381499351,949573
2017-05-02,6164.88134765625,6187.406080042736,6084.435874847373,6137.759731109258,888539
2017-05-03,6108.33935546875,6173.569317886801,6096.479484733043,6173.431052237587,370021
2017-05-04,6104.47705078125,6147.826020023137,6091.789832265921,6124.887392477448,372533
2017-05-05,6117.669921875,6138.126051923074,6069.724520331716,6091.375660434827,337498
2017-05-08,6095.9736328125,6163.180166357198,6079.424850490851,6148.79200928821,208481
2017-05-09,6094.82470703125,6128.566016631599,6081.677797782482,6128.566016631599,215203
2017-05-10,6194.53076171875,6209.470634061584,6100.892148974778,6109.258567269651,295859
2017-05-11,6217.28515625,6242.0163005821805,6170.02928196172,6204.873570355822,259056
2017-05-12,6187.58935546875,6249.922917266722,6151.549608624836,6249.922917266722,256491
2017-05-15,6273.7353515625,6287.710058701731,6190.577988081021,6214.435547056752,336356
2017-05-16,6393.30029296875,6414.9972256895,6279.343362339722,6297.730897807774,707624
2017-05-17,6397.20751953125,6416.3303764794155,6330.690521489547,6389.66845057056,445461
2017-05-18,6280.30859375,6387.829888084266,6265.047298284233,6360.524218064242,406814
2017-05-19,6243.07421875,6338.091904908142,6152.0559116271215,6302.144180695908,552223
2017-05-22,6161.38720703125,6292.168546789366,6149.940787184368,6255.393477613095,327493
2017-05-23,6324.25537109375,6352.893869448821,6199.9554446177635,6219.584229641284,956457
2017-05-24,6315.796875,6355.238050753079,6263.714267985391,6346.4581816972195,433647
2017-05-25,6422.4912109375,6452.186904414249,6283.940936402307,6325.267106471582,435721
2017-05-26,6495.2138671875,6513.831249766873,6376.9823547286205,6409.114308646536,373937
2017-05-29,6559.248046875,6617.490208525561,6459.127553360269,6481.606495879848,427378
2017-05-30,6571.24609375,6625.581355850577,6513.003480002212,6559.248405316711,403698
2017-05-31,6629.62548828125,6663.642426717862,6559.707068709061,6562.51098812253,650259
2017-06-01,6570.41845703125,6660.885046135833,6536.861203175631,6658.126915681947,649217
2017-06-02,6541.08935546875,6608.203852192564,6527.574338891487,6602.963225622347,310268
2017-06-05,6551.20263671875,6584.483803432384,6519.392113572482,6564.1654888711555,296147
2017-06-06,6538.7001953125,6577.4976290969735,6513.830782130827,6558.834458577382,324579
2017-06-07,6624.75390625,6642.497699778428,6534.5629480452,6559.7537837950285,518152
2017-06-08,6665.02197265625,6688.420291294254,6617.674068443298,6618.593445224132,426525
2017-06-09,6863.00927734375,6877.765093874406,6647.093568667165,6684.78801352406,1122640
2017-06-12,6779.162109375,6849.356612224099,6762.475511572397,6844.7597285917345,454342
2017-06-13,6756.4541015625,6853.953828572187,6743.628616039839,6798.42356138046,607567
2017-06-14,6758.384765625,6796.447324949861,6740.733000101425,6750.983961819867,277472
2017-06-15,6722.7587890625,6796.952676321935,6685.845900358399,6755.902592021534,388150
2017-06-16,6678.2607421875,6766.658727680147,6665.481495035078,6740.8703891858195,547028
2017-06-19,6664.7919921875,6731.814468357017,6651.690873328491,6724.321637529313,372747
2017-06-20,6626.17822265625,6696.4185180703425,6610.594606845856,6679.272231100303,757716
2017-06-21,6682.21484375,6697.20050648715,6576.578087035151,6637.900701055285,460423
2017-06-22,6726.251953125,6759.257486815552,6700.417378116395,6703.175508211669,436033
2017-06-23,6637.119140625,6740.549033814765,6624.110048286692,6730.987604582782,355854
2017-06-27,6604.20556640625,6681.295402507346,6578.233171254321,6655.828485040377,365667
2017-06-28,6642.54296875,6733.515479929514,6624.1096440322435,6632.338245709621,637214
2017-06-29,6641.89990234375,6702.256899730586,6624.109871407253,6669.986684134177,543979
2017-06-30,6635.69384765625,6650.403875937946,6580.11734248869,6633.119323358291,367886
2017-07-03,6761.0966796875,6771.209824027527,6629.809858184552,6655.276325037597,556846
2017-07-04,6781.46142578125,6817.225095270528,6748.226042615839,6790.5173774878185,428293
2017-07-05,6782.84033203125,6797.87223287819,6740.870869821867,6780.1742290260245,273869
2017-07-06,6871.4677734375,6893.48702666139,6781.507115556672,6782.839942525515,416512
2017-07-07,6833.54443359375,6871.4687306679125,6821.776588855326,6867.745433793704,339803
2017-07-10,6831.38330078125,6895.325775574301,6159.824359513042,6857.44727308137,47033
2017-07-11,6855.7919921875,6890.728306483212,6803.387520743931,6871.329368499292,423681
2017-07-12,6873.8583984375,6881.535284429473,6835.658472316166,6881.535284429473,233096
2017-07-13,6957.43017578125,6963.8200245226235,6863.286075121066,6886.132679869886,472029
2017-07-14,6947.9599609375,6977.104383549581,6913.713176916207,6964.233109018089,267450
2017-07-17,6915.828125,6967.037593820976,6899.279342116815,6961.475543584359,289180
2017-07-18,6940.697265625,6979.448907575537,6909.116583077147,6918.310350985434,387214
2017-07-19,6951.86767578125,6972.553653788931,6927.504190572204,6954.395961982189,223986
2017-07-20,6887.005859375,6973.01337994687,6876.984293065451,6968.876184322932,290547
2017-07-21,6934.859375,6941.202985294994,6844.76044635755,6895.326171616068,434483
2017-07-24,6945.47802734375,6958.763202056811,6890.729316873536,6944.972549654795,357195
2017-07-25,6899.78515625,6962.440596195182,6889.395928927337,6962.440596195182,323585
2017-07-26,6955.3154296875,6982.666889855135,6899.003599930604,6931.181788363116,377790
2017-07-27,6986.896484375,7063.940085780155,6928.42402621797,7001.0547982550215,1148259
2017-07-28,7015.25927734375,7054.930298710147,6972.554043018176,7002.893479123081,459181
2017-07-31,7125.21630859375,7138.961171935513,7034.152212038456,7046.104110974085,505371
2017-08-01,7222.71630859375,7281.464397472281,7102.185917989063,7134.272079149577,1096934
2017-08-02,7167.001953125,7244.689293903534,7148.154728439084,7243.6778896253,414448
2017-08-03,7113.58642578125,7197.80143592831,7089.314966463558,7165.623245832832,287116
2017-08-04,7143.833984375,7175.644514175961,7115.9770445030135,7125.170813294361,325021
2017-08-07,7206.67333984375,7256.044056832562,7144.4775849959715,7152.292288312464,327318
2017-08-08,7130.59375,7249.285373288468,7113.1255924740035,7216.187811660264,319951
2017-08-09,7043.89794921875,7166.542734455266,7023.211969549059,7133.44516698376,285089
2017-08-10,6967.72705078125,7024.038880813953,6931.089794846468,7021.6026220321655,385730
2017-08-11,6856.16064453125,6926.40094417384,6785.000968063719,6897.072913241119,676390
2017-08-14,6995.03271484375,7030.474511532651,6909.11677182789,6910.036148643836,328598
2017-08-16,7080.2578125,7097.680180602313,6973.51808740875,7032.4044346342325,488766
2017-08-17,6971.1279296875,7087.337052971028,6955.084626957114,7080.119856205782,321296
2017-08-18,6986.16015625,7009.328630870598,6924.148461255512,6942.214125354654,332924
2017-08-21,6897.072265625,7040.632853576682,6886.1317722183785,7013.925138885716,277519
2017-08-22,6891.7412109375,6957.384631253244,6872.434296202605,6932.101766719453,278131
2017-08-23,6962.486328125,6978.069944523413,6896.245408942045,6939.456118743442,258051
2017-08-24,7069.0869140625,7089.654714925172,6949.068856183773,6997.725989741466,436912
2017-08-28,7037.654296875,7102.654402532903,7027.486241842326,7102.654402532903,391028
2017-08-29,6984.26171875,7034.450907314093,6959.700781892385,7024.654643667321,368309
2017-08-30,7017.6435546875,7093.69358571101,6994.475479106723,7059.93986958492,471048
2017-08-31,7150.2900390625,7168.95444586497,6994.011394391985,7024.561353482077,586954
2017-09-01,7254.291015625,7275.276857115826,7177.869635409407,7194.119663691382,627407
2017-09-04,7262.83349609375,7313.440723037061,7202.70839619321,7280.012096065332,362724
2017-09-05,7258.84130859375,7294.823513690233,7243.798244068912,7282.798311528327,182518
2017-09-06,7286.18701171875,7339.4407622829185,7215.011984177414,7242.869173305512,340420
2017-09-07,7353.55517578125,7381.226468663421,7297.190615673858,7324.583518029572,389478
2017-09-08,7401.42333984375,7409.780496956769,7328.298215104836,7373.28775892517,341309
2017-09-11,7560.81201171875,7584.58356902151,7428.583319315877,7428.583319315877,547463
2017-09-12,7572.0478515625,7606.8693359494755,7536.297794258538,7606.8693359494755,387447
2017-09-13,7542.42724609375,7614.298706619173,7521.58060058993,7578.919984142824,371832
2017-09-14,7493.81640625,7581.7524525072895,7467.630465753452,7558.538127033326,293890
2017-09-15,7521.208984375,7539.176962194158,7468.976754322086,7500.037701822129,400099
2017-09-18,7575.1591796875,7600.369845427235,7549.948513947765,7549.948513947765,219992
2017-09-19,7550.876953125,7600.323463460647,7544.144799135639,7593.869699998595,245577
2017-09-20,7540.15185546875,7581.241210174898,7529.8913053164715,7581.241210174898,185837
2017-09-21,7563.18017578125,7587.276370979476,7498.3192667269295,7522.369214641117,258168
2017-09-22,7491.91259765625,7591.548295705907,7475.0123882860435,7563.226820197493,366359
2017-09-25,7396.037109375,7511.226399500055,7293.986582069045,7497.297805608041,626129
2017-09-26,7326.34765625,7410.05841733977,7307.033520176175,7410.012170053993,440508
2017-09-27,7187.109375,7408.156014812051,7163.941295346574,7381.227395555401,564788
2017-09-28,7333.265625,7354.297711486367,7104.511589719974,7182.6046649383,768225
2017-09-29,7408.34033203125,7435.82572655344,7358.9400734570045,7391.440124254606,486217
2017-10-03,7324.86181640625,7492.7013770335825,7293.940518548844,7479.980199667894,516298
2017-10-04,7286.69775390625,7367.204755736829,7271.283352426003,7330.1547861230865,301347
2017-10-05,7271.70166015625,7336.655525100091,7249.5555560691,7276.298278026112,272177
2017-10-06,7338.697265625,7353.368535565288,7284.700390672013,7303.179353453594,440453
2017-10-09,7332.66259765625,7388.655368249272,7304.805407628918,7344.083864205541,261839
2017-10-10,7329.8759765625,7368.132907448867,7322.075601591014,7326.904361963388,224485
2017-10-11,7266.22265625,7334.658665225284,7243.79770979577,7328.297849725448,644166
2017-10-12,7339.6728515625,7352.440729819005,7270.72630897737,7284.654903439013,396436
2017-10-13,7311.72314453125,7372.869768493734,7298.630174286593,7335.726847745655,328108
2017-10-16,7281.86962890625,7368.226919838191,7255.8695843245905,7335.726864111117,502632
2017-10-17,7278.99072265625,7337.8621595576815,7271.562138734183,7290.226546519334,304861
2017-10-18,7228.05859375,7310.7015920587155,7194.769613896671,7297.655322564032,489207
2017-10-19,7178.89013671875,7245.654438467096,7140.725699322308,7245.654438467096,115449
2017-10-23,7260.04736328125,7298.583139398941,7163.011493298147,7195.3256495,471496
2017-10-24,7312.51220703125,7365.62676277312,7281.497960224606,7303.504867776235,354257
2017-10-25,7308.05517578125,7377.512252631657,7252.4332921093355,7363.583658070364,254379
2017-10-26,7491.7734375,7508.4415047152015,7304.341334514371,7335.726921500135,684763
2017-10-27,7534.85888671875,7651.441038165301,7486.7122890197315,7543.680329663237,1201080
2017-10-30,7609.88818359375,7687.65617546416,7580.220093691415,7614.298905520728,726605
2017-10-31,7624.74462890625,7638.905366381156,7583.841171857033,7609.6553184821705,318652
2017-11-01,7649.95556640625,7666.716126380832,7577.155086187706,7661.655222565534,631375
2017-11-02,7638.25537109375,7682.966522415726,7615.226942751933,7660.727018376228,247753
2017-11-03,7632.31298828125,7654.134452950277,7591.083985927445,7646.79836380581,288916
2017-11-06,7716.62744140625,7772.666458618369,7613.694581398404,7623.119959968953,392588
2017-11-07,7633.14794921875,7751.7268948928,7623.583829308804,7751.7268948928,348296
2017-11-08,7644.0126953125,7693.273310049514,7618.848730528668,7631.0126737218325,199176
2017-11-09,7618.7548828125,7682.733919473701,7566.662304928336,7682.733919473701,442672
2017-11-10,7598.9765625,7646.705573762017,7531.701272449503,7613.183546948114,351694
2017-11-13,7529.984375,7631.987756624706,7502.869861958729,7600.370027244084,181361
2017-11-14,7542.7509765625,7601.297313108199,7529.797204006155,7548.368660915777,237427
2017-11-15,7546.74462890625,7595.726852804224,7509.369567069408,7521.441015612984,275441
2017-11-16,7580.5908203125,7646.658238543083,7548.601302312579,7549.297731992652,321844
2017-11-17,7752.05126953125,7765.144691612565,7631.0121537635505,7631.0121537635505,419255
2017-11-20,7823.830078125,7845.511891121165,7753.58318036001,7778.654646931234,372037
2017-11-21,7823.04248046875,7845.932170133807,7800.942622025398,7842.728411573207,255180
2017-11-22,7905.08154296875,7916.0847702187775,7840.870357739279,7844.584649713575,383442
2017-11-23,7858.884765625,7910.513059564148,7840.405800966062,7904.0130488332,289808
2017-11-24,7881.681640625,7930.013685531454,7858.885354073595,7858.885354073595,343432
2017-11-27,7900.8564453125,7915.34272926211,7841.79956089921,7879.871056695168,172254
2017-11-28,8008.15283203125,8039.5846639105075,7870.630632976124,7884.141188142273,456041
2017-11-29,8051.98095703125,8074.870643739452,7963.441886006157,8031.227713627245,382984
2017-11-30,7984.890625,8056.29824161732,7962.512381497063,8032.155346932897,582023
2017-12-01,7994.0849609375,8073.942238976834,7979.227792930183,8041.442183960826,436589
2017-12-04,7893.61328125,8041.396038874864,7874.809677751753,8041.210142910496,242191
2017-12-05,7893.24169921875,7943.895171203257,7871.048443461417,7911.395118643692,213998
2017-12-06,7997.24267578125,8021.710212243361,7846.48830122723,7887.2992669998675,420876
2017-12-07,8247.95703125,8346.246118828292,7999.238213537237,8000.492331150677,834850
2017-12-08,8396.3896484375,8467.657629915293,8263.371559229761,8291.971427763812,1006694
2017-12-11,8481.3984375,8512.227237196663,8440.494985197814,8457.44143955353,564023
2017-12-12,8479.1240234375,8560.049516646272,8450.01362493693,8496.442271227792,491488
2017-12-13,8469.189453125,8520.585604482274,8426.799734162667,8441.65690173805,446829
2017-12-14,8461.853515625,8493.471244576334,8399.871268535157,8475.085680734068,655484
2017-12-15,8511.208984375,8576.579989942149,8493.936979727447,8515.015771559882,620495
2017-12-18,8644.177734375,8676.58529173509,8348.010129471677,8459.299230276827,658668
2017-12-19,9101.408203125,9153.87257730003,8659.87174435992,8677.514631250637,1275759
2017-12-20,9038.6357421875,9282.386118409695,9007.388902664195,9254.157140687237,1216280
2017-12-21,8943.1328125,9116.172935178542,8923.632779495178,9088.87252624796,849633
2017-12-22,9007.1572265625,9123.042944362975,8918.942800116785,8974.657174714079,814330
2017-12-26,8987.65625,9067.513511855563,8929.34205875107,9045.227764360987,542587
2017-12-27,8955.25,9054.236420286328,8941.321405787907,9001.586152802707,402886
2017-12-28,8941.4150390625,9001.1220997716,8928.971798519842,9001.1220997716,659995
2017-12-29,9034.5966796875,9071.229063583785,8960.728883568792,8969.086040040514,471554
2018-01-01,8962.4931640625,9089.800146324002,8941.971158823095,9052.657230208672,426354
2018-01-02,8871.6328125,9024.42932041017,8844.657947837279,9006.229652081236,451227
2018-01-03,8744.0,8912.443502052041,8730.443197154958,8911.514929067873,658281
2018-01-04,8715.8173828125,8810.299675389533,8698.128250429014,8775.013905188775,562919
2018-01-05,8760.0185546875,8851.158362785605,8740.24012997228,8782.443956695999,732512
2018-01-08,8774.0400390625,8816.800644396157,8751.800534326885,8810.30063338923,294549
2018-01-09,8713.3095703125,8813.50294337944,8692.370433942795,8788.75611424561,427590
2018-01-10,8706.1591796875,8779.516433040582,8650.491964141132,8717.255806335068,394826
2018-01-11,8672.6845703125,8756.442023200652,8659.870446274579,8737.870566099486,368996
2018-01-12,8783.5107421875,8816.567574825756,8686.892006138205,8716.513844481358,685141
2018-01-15,8690.00390625,8829.382346544386,8672.871553564402,8821.39698171353,385462
2018-01-16,8656.2041015625,8736.619070683664,8635.729247450627,8701.657933103208,364816
2018-01-17,8648.6357421875,8699.613851762733,8594.871007023483,8650.5853826092,390461
2018-01-18,8699.521484375,8838.993321325464,8665.44267611496,8682.156989035027,686971
2018-01-19,8657.9677734375,8724.871271847482,8619.013957565807,8658.942593654509,542339
2018-01-22,8645.1064453125,8688.42473508272,8609.356387621454,8681.228294898161,454188
2018-01-23,8722.45703125,8755.792254234822,8626.442230779963,8679.370886017257,561948
2018-01-24,8761.0390625,8839.967758984532,8673.288923467197,8746.228143386008,568489
2018-01-25,8615.4853515625,8807.514047913683,8589.29941414882,8807.514047913683,705224
2018-01-29,8942.806640625,9020.156576913612,8785.227648155207,8803.799104974054,1546624
2018-01-30,8887.8818359375,8984.407171083087,8867.8712711326,8932.87137469064,573988
2018-01-31,8830.4501953125,8900.371555750076,8783.27887171539,8875.346333863661,462650
2018-02-01,8730.302734375,8880.592801933768,8646.870822251356,8863.228307387157,550971
2018-02-02,8348.427734375,8690.514377321624,8301.44230508124,8690.514377321624,984189
2018-02-05,8431.9990234375,8468.585159768196,8067.441652200229,8218.010116202147,651062
2018-02-06,8342.85546875,8462.548874756392,8042.926430888991,8078.583991921942,840339
2018-02-07,8284.54296875,8515.014984255013,8239.228784655914,8515.014984255013,509440
2018-02-08,8385.6630859375,8412.8700893015,8278.227024958374,8346.848921854264,465683
2018-02-09,8297.8193359375,8344.666016756355,8236.441034357875,8269.869656368797,364892
2018-02-12,8466.5888671875,8496.442851515283,8320.01398356032,8320.01398356032,408523
2018-02-14,8358.642578125,8503.407475429172,8344.157201660555,8496.350683163846,357737
2018-02-15,8375.9599609375,8440.727922720755,8358.084932058251,8402.656432640275,250781
2018-02-16,8205.751953125,8422.15567247653,8177.801366509963,8394.205992670908,632659
2018-02-19,8101.65869140625,8232.587466873145,8070.830797382171,8223.441386771754,436138
2018-02-20,8099.61669921875,8142.6094427569415,8032.155515890405,8120.369940631398,517802
2018-02-21,8155.42431640625,8166.799335378209,8086.199382310236,8144.513583922942,471756
2018-02-22,8017.3466796875,8142.657805380156,7987.121805562483,8142.657805380156,638857
2018-02-23,8077.4697265625,8114.752291061609,8036.844662361496,8046.0841440388185,567960
2018-02-26,8362.1240234375,8408.22803296825,8125.059531489985,8132.44186777868,869374
2018-02-27,8256.12890625,8463.897126759459,8238.85690338668,8443.514766893926,684609
2018-02-28,8218.7529296875,8295.870731790472,8145.44191395411,8236.442063015613,680125
2018-03-01,8239.6455078125,8297.773809524275,8181.980585748392,8240.156041553471,609369
2018-03-05,8166.89306640625,8233.657836306218,8148.229109460591,8233.657836306218,388180
2018-03-06,8001.04931640625,8250.37116883532,7985.727861787705,8223.024512411817,543686
2018-03-07,8059.1767578125,8091.444666344333,7941.15550400691,8005.969711580898,598715
2018-03-08,8105.83740234375,8148.227117536544,8033.084079066512,8078.770046660062,533856
2018-03-09,8042.0,8147.300554527317,8032.157487652302,8134.30053084788,323450
2018-03-12,8181.005859375,8196.327312636768,8061.034056108829,8096.227332688447,438339
2018-03-13,8130.63134765625,8216.013815447914,8070.227856019193,8180.728041828223,521943
2018-03-14,8214.4345703125,8240.15622196383,8101.84510198783,8111.084584049364,411769
2018-03-15,8206.310546875,8241.085788833183,8172.325136092221,8208.493237620349,313431
2018-03-16,8056.80908203125,8235.51311950416,8031.5988716694765,8235.51311950416,622932
2018-03-19,8146.8359375,8171.4431241807715,8081.882069031656,8089.264406397818,571830
2018-03-20,8173.67041015625,8213.69153918975,8111.084234336382,8138.430887444263,408924
2018-03-21,8240.759765625,8306.084505749677,8194.702006169262,8208.491857679242,516020
2018-03-22,8075.37939453125,8274.047721337272,8064.097779387384,8236.440523905683,471749
2018-03-23,7992.458984375,8023.334032878351,7931.962098042394,7997.380239315898,644482
2018-03-26,8139.22119140625,8169.585711568844,7990.371112531247,7992.228258635263,447858
2018-03-27,8220.005859375,8252.227520986502,8140.9384195052535,8185.3702709008685,423455
2018-03-28,8228.177734375,8435.15701595126,8172.370860566605,8182.585163426079,1194227
2018-04-02,8364.771484375,8438.87142845218,8313.746216636166,8347.87127440417,552649
2018-04-03,8381.7177734375,8412.871215616864,8315.371052521967,8365.467746255017,339709
2018-04-04,8369.6943359375,8495.88779349181,8339.143915671877,8429.587305890123,488280
2018-04-05,8480.2841796875,8503.54565539099,8403.584423802864,8403.584423802864,236956
2018-04-06,8548.6279296875,8570.727783129343,8396.66661336576,8510.370545219981,429514
2018-04-09,8628.9052734375,8643.29815664262,8528.665624850226,8561.444074271565,426170
2018-04-10,8611.0751953125,8650.075260076523,8579.085675114387,8626.442896613558,299119
2018-04-11,8638.05078125,8682.158001041387,8550.811162005955,8626.443618147005,318010
2018-04-12,8547.00390625,8626.44314480608,8525.321182677584,8626.44314480608,300797
2018-04-13,8472.25390625,8605.08609413005,8455.817982591105,8605.08609413005,366224
2018-04-16,8572.5859375,8584.657386502113,8417.514246472867,8450.014301478554,271057
2018-04-17,8506.0537109375,8581.87206261531,8484.882426920973,8580.943489572395,342578
2018-04-18,8469.978515625,8568.36100513036,8446.207409840355,8522.442889481583,452854
2018-04-19,8429.2607421875,8527.781971093798,8420.299650347468,8490.871195718708,256088
2018-04-20,8380.3720703125,8457.583284853145,8369.182946029303,8433.300736019737,303913
2018-04-23,8417.3740234375,8473.228048309888,8362.681621545622,8394.206854111919,302205
2018-04-24,8417.189453125,8489.5247444154,8385.942609523043,8445.371280435396,312103
2018-04-25,8296.427734375,8421.042408901758,8271.728055979705,8411.94257511452,488641
2018-04-26,8307.431640625,8339.513654649818,8255.013516294051,8309.799320282955,614321
2018-04-27,8155.98193359375,8484.372163406215,8092.6068213958215,8371.086248561565,1873816
2018-04-30,8185.32373046875,8268.198860419321,8134.576859601564,8162.155655636082,497504
2018-05-02,8119.90673828125,8355.29999783346,8101.799564469541,8278.228437506701,806846
2018-05-03,8130.5390625,8170.513949386873,8078.585221009864,8138.942466913961,406825
2018-05-04,8058.341796875,8162.156069272446,8046.084452815216,8156.584631682499,490244
2018-05-07,8119.1630859375,8143.584371962447,8041.44135247375,8072.084258320359,342702
2018-05-08,8148.41259765625,8177.198355804796,8069.298010028038,8157.512430160681,404969
2018-05-09,8095.62255859375,8166.7980286393085,8083.226474054029,8166.7980286393085,314057
2018-05-10,8083.181640625,8132.4422564433025,8069.299293045478,8132.4422564433025,298598
2018-05-11,8125.29248046875,8138.9426855017355,8080.488831344339,8113.871213452842,264405
2018-05-14,8085.0859375,8134.300311530953,8067.535543282079,8125.94315367664,276620
2018-05-15,8103.28515625,8125.338766026503,8021.942520387671,8101.7998021046915,506107
2018-05-16,8074.498046875,8109.645074791961,8055.369808094836,8055.369808094836,288597
2018-05-17,8076.26318359375,8140.288469469455,8042.55616707529,8101.798939563721,379606
2018-05-18,7903.03759765625,8101.798442849303,7889.15525162724,8079.326797611542,603507
2018-05-21,7826.4765625,7915.897949978204,7665.8334533687785,7909.583835721066,872463
2018-05-22,7949.18798828125,7973.098740544,7773.315917652034,7814.869555079531,410467
2018-05-23,7890.4560546875,7953.041326691227,7854.055814116314,7948.584357945871,399631
2018-05-24,7809.99462890625,7909.862464348903,7800.012470090361,7892.962255968477,292331
2018-05-25,7937.58203125,7961.585281720987,7795.5103554740135,7811.156448546412,519151
2018-05-28,8087.22021484375,8157.513368544736,7944.03408454279,7948.584454723158,446264
2018-05-29,8092.4208984375,8208.585013678754,8060.01333922303,8095.299111906264,665121
2018-05-30,7974.771484375,8049.80000766404,7960.517343551683,8049.80000766404,508262
2018-05-31,7927.41259765625,8022.033630342867,7907.634176611372,8021.941135778355,679959
2018-06-01,8179.6591796875,8216.384964013647,7976.487606747804,7995.012817809505,1002010
2018-06-04,8124.87451171875,8208.585734620885,8102.774654564386,8208.585734620885,380690
2018-06-05,8181.09912109375,8199.298787388396,8060.012851022794,8125.012954660075,400886
2018-06-06,8210.765625,8236.441026549477,8180.726656584093,8198.369540406464,328784
2018-06-07,8274.744140625,8296.61184811281,8231.797649784332,8240.154804758733,267961
2018-06-08,8294.431640625,8310.727914559242,8237.370651402798,8258.727829283787,287823
2018-06-11,8378.189453125,8399.871269723311,8284.263932438262,8320.013992562555,337828
2018-06-12,8372.7109375,8417.514586568053,8315.371552423267,8393.371687588377,343452
2018-06-13,8326.837890625,8445.324337583588,8304.22750307485,8385.013345942736,369407
2018-06-14,8318.15625,8375.681523981624,8271.727603817817,8294.059601269548,269078
2018-06-15,8312.212890625,8352.513317604942,8265.227464146925,8352.513317604942,496572
2018-06-18,8332.5048828125,8403.958767797532,8299.540536111788,8308.408228298911,305144
2018-06-19,8229.5693359375,8343.04111899374,8190.058742732323,8329.298422245341,350407
2018-06-20,8309.150390625,8329.300608017475,8229.943287498203,8239.229018387854,325981
2018-06-21,8229.9873046875,8344.155516401212,8220.609081754059,8336.726933702434,313349
2018-06-22,8240.9921875,8252.227557131473,8180.727442143387,8231.798952849163,319027
2018-06-25,8164.94287109375,8235.514423260602,8152.871421380999,8235.514423260602,254954
2018-06-26,8293.41015625,8343.553098585098,8125.013804298456,8164.9424435652945,387769
2018-06-27,8262.7197265625,8368.298642461434,8239.227014487384,8297.680857582842,501622
2018-06-28,8144.791015625,8258.77333517058,8111.13024916042,8256.869942153091,376404
2018-06-29,8195.212890625,8264.299079360535,8125.2915303379295,8125.2915303379295,458807
2018-07-02,8190.98876953125,8296.799845396006,8171.488736318792,8243.871183819334,298529
2018-07-03,8334.08203125,8352.513841929442,8125.013464911908,8194.656437468297,375718
2018-07-04,8562.185546875,8588.603629500178,8313.049597870135,8370.156836101803,656141
2018-07-05,8679.4169921875,8723.942243327738,8566.781282744107,8568.870571732663,887919
2018-07-06,8651.978515625,8741.539558573386,8598.585570666755,8649.65708323551,508241
2018-07-09,8705.2802734375,8747.018908621518,8682.158440641766,8723.944229928276,331872
2018-07-10,8850.2275390625,8864.063636791192,8710.013043374907,8710.013043374907,485745
2018-07-11,8714.37890625,8848.696441863689,8692.371545566448,8848.371804048998,328446
2018-07-12,8679.3720703125,8828.872327434605,8659.175607005633,8773.157945898416,336960
2018-07-13,8757.41796875,8816.80039182409,8693.532329473943,8736.01454305224,511150
2018-07-16,8714.935546875,8820.421978330081,8686.799967785393,8755.514366247831,216426
2018-07-17,8770.7431640625,8802.593034375055,8679.371224523344,8683.225164927877,457123
2018-07-18,8697.7568359375,8853.0144129193,8632.85013149551,8805.00701054335,430624
2018-07-19,8718.46484375,8760.158136336206,8682.158000290812,8736.01523708406,199983
2018-07-20,8727.611328125,8788.014820056054,8668.228903764082,8721.157564451232,272916
2018-07-23,9008.0869140625,9053.586992280112,8702.586388887099,8773.157938775641,607813
2018-07-24,9130.1474609375,9219.800999639567,9030.372114160014,9079.586481465976,749626
2018-07-25,9061.8984375,9170.448086431139,9008.087446169457,9149.230554283853,384750
2018-07-26,8725.1044921875,9129.45180683377,8692.372292283324,9118.401424851492,1261317
2018-07-27,8645.3857421875,8767.771472603108,8626.442491753069,8730.442659576142,672141
2018-07-30,8711.7802734375,8732.765662638312,8573.51537701521,8654.301236194276,539464
2018-07-31,8840.5244140625,8866.802845391105,8686.799354049419,8728.585133945968,426388
2018-08-01,8674.35546875,8902.924030488623,8635.727202267914,8853.94181436823,700719
2018-08-02,8489.3857421875,8660.799946869294,8468.585345282294,8660.799946869294,875157
2018-08-03,8530.80078125,8570.729423199902,8496.443577711712,8496.443577711712,470958
2018-08-06,8623.099609375,8635.727837898035,8542.870549318486,8586.977761393773,237693
2018-08-07,8739.263671875,8747.156541365615,8608.799182059514,8650.58496171572,381947
2018-08-08,8549.7431640625,8774.086031871018,8527.131868058468,8774.086031871018,638498
2018-08-09,8492.7744140625,8579.085450782148,8412.870893396066,8579.085450782148,651728
2018-08-10,8494.818359375,8552.157744906814,8454.657575176605,8496.443362203838,427827
2018-08-13,8432.232421875,8528.94367009041,8368.486424539804,8468.075886555831,348201
2018-08-14,8555.6591796875,8580.204210798343,8474.7645976724,8505.445657843606,344056
2018-08-16,8619.31640625,8652.480420812071,8511.066318111296,8547.602541160975,465479
2018-08-17,8573.9267578125,8699.836565902846,8553.223264598395,8659.084625923653,477538
2018-08-20,8501.0888671875,8635.476774956349,8489.519429013832,8591.352624781108,449317
2018-08-21,8537.5771484375,8553.222327344169,8478.651335432436,8534.485805268934,380824
2018-08-23,8640.62890625,8671.263305959485,8525.211735452644,8567.275597774362,751705
2018-08-24,8584.8857421875,8693.651787509072,8564.556435424854,8656.272064917463,401110
2018-08-27,8661.1923828125,8688.126135929599,8618.800997471675,8627.23243323007,326945
2018-08-28,8832.3515625,8849.729507124397,8632.854222002998,8691.452523194745,684054
2018-08-29,8776.28125,8870.151419194977,8749.62927622691,8825.83972244571,433440
2018-08-30,8624.2353515625,8778.062412675263,8602.548371684434,8778.062412675263,674292
2018-08-31,8521.74609375,8670.326361067016,8506.662643217041,8626.295530276077,634522
2018-09-03,8339.767578125,8542.871311800489,8314.332381286913,8525.118272643482,992161
2018-09-04,8308.2421875,8430.49799236765,8277.280268168284,8348.994122455882,530967
2018-09-05,8334.09765625,8384.592945073584,8235.262510361143,8310.583688910365,491163
2018-09-06,8206.4560546875,8401.175915815213,8188.797247986251,8401.175915815213,687535
2018-09-07,8168.37451171875,8233.76479210695,8088.790949624466,8220.649226389633,636918
2018-09-10,8093.6162109375,8197.228817239695,8080.125548421985,8150.387509712611,577299
2018-09-11,7978.99609375,8150.295328155351,7943.9117665520835,8120.410203843187,552622
2018-09-12,7957.35400390625,7999.557835511374,7870.275837467039,7999.557835511374,634678
2018-09-14,8081.71875,8150.387927379804,8038.296306775634,8050.147524135018,754169
2018-09-17,7998.43359375,8112.633059861976,7978.9477940871175,8044.525620268413,422191
2018-09-18,7868.54296875,8053.42522576572,7850.789931937009,7998.340036404886,507455
2018-09-19,7691.67041015625,7914.682612726097,7673.589847975666,7893.228927398228,959340
2018-09-21,7532.22314453125,7799.078181358728,7119.551199920016,7738.184477840612,1646047
2018-09-24,7300.73291015625,7560.1870976780565,7111.166502967022,7560.1870976780565,1801469
2018-09-25,7494.09423828125,7511.706387185179,7194.824937309534,7260.402768769387,1159438
2018-09-26,7347.10546875,7578.829499893529,7328.368946440996,7564.870882260247,754963
2018-09-27,7075.89453125,7380.31637003006,7035.751896885986,7354.085237971055,1594739
2018-09-28,6883.75146484375,7165.033498932366,6831.944707501714,7138.614820167349,1413254
2018-10-01,6992.423828125,7012.143835898724,6750.769336203902,6889.41960844345,1034603
2018-10-03,6788.2421875,6942.537635210434,6755.453272710806,6932.513412572454,1148091
2018-10-04,6743.97705078125,6827.588782232158,6577.456207471458,6698.306777299662,1104174
2018-10-05,6468.17578125,6763.8848667998245,6372.151099969255,6609.121002386169,1481376
2018-10-08,6454.498046875,6547.4780434136765,6346.294625210344,6478.152907455368,1393849
2018-10-09,6276.22021484375,6501.573565169833,6240.19906593606,6388.920219173915,1079041
2018-10-10,6544.52734375,6604.624652469581,6298.516694285973,6321.703142534005,1162309
2018-10-11,6441.1484375,6510.941988309941,6281.607121105637,6370.41806050469,869569
2018-10-12,6826.83935546875,6863.188025263154,6510.941410807933,6510.941410807933,1053651
2018-10-15,6728.2861328125,6876.304680429373,6675.870521109737,6857.5681554145785,682234
2018-10-16,6699.150390625,6818.22109228358,6673.762309085732,6758.26421540722,637012
2018-10-17,6450.6103515625,6787.305584734447,6420.491481758994,6780.419820915176,1021019
2018-10-19,6329.61865234375,6524.9935453028465,6291.255441993003,6398.522026477881,903940
2018-10-22,6381.84765625,6468.784945094344,6297.3924079271355,6387.2810652647695,774016
2018-10-23,6343.53125,6423.817440654209,6244.883631238291,6350.744994924148,734440
2018-10-24,6340.720703125,6450.048505649975,6267.367393289518,6417.259588046815,681526
2018-10-25,6298.4697265625,6420.725538592236,6201.976633542862,6276.735177005579,2101936
2018-10-26,6292.9423828125,6365.733960745888,6089.37023470909,6323.576782197902,874526
2018-10-29,6369.2001953125,6379.7861479438925,6268.35049326696,6297.345445885293,505428
2018-10-30,6273.92529296875,6435.012746978307,6253.502664028823,6368.544742661126,771389
2018-10-31,6198.41650390625,6332.944831760156,6089.370030538612,6332.944831760156,1315746
2018-11-01,6287.74267578125,6314.161355191504,6183.05235745614,6228.910178747791,842039
2018-11-02,6684.6767578125,6706.73883206662,6323.623570817343,6342.125888450157,1834118
2018-11-05,6723.8359375,6796.393310673372,6614.039722358518,6687.065508638407,1040315
2018-11-06,6628.044921875,6780.747582265902,6604.6242684408135,6740.464058359099,667413
2018-11-07,6677.60302734375,6691.749193704673,6642.097407723104,6688.938715252886,127507
2018-11-09,6823.373046875,6852.883069663023,6596.052280282126,6679.5702374159055,986090
2018-11-12,6640.0361328125,6888.014195070286,6606.497939970848,6838.830822715143,687443
2018-11-13,6698.72900390625,6715.872740185448,6577.456670806211,6604.577971942708,572295
2018-11-14,6903.51904296875,6940.945433266008,6726.506003943848,6726.506003943848,1112945
2018-11-15,7005.86767578125,7040.343156800003,6870.262073899164,6912.747236511165,1048278
2018-11-16,6877.42822265625,7067.463038674645,6841.219526499075,7026.196030297221,806420
2018-11-19,6943.42724609375,6978.417793290085,6829.462439667703,6895.040268306488,577408
2018-11-20,6870.63623046875,6974.202176940905,6849.744733152735,6943.427346853331,637243
2018-11-21,6955.46533203125,6994.343614916198,6868.340505325222,6876.303527120934,701156
2018-11-22,6942.912109375,7007.459337183792,6896.164577743547,6926.84563299659,668352
2018-11-26,7077.44091796875,7099.034578422374,6920.615849645265,6955.9343795699415,899481
2018-11-27,7164.4716796875,7174.027031854632,7026.89866954279,7091.773879737216,783389
2018-11-28,7095.708984375,7195.293423617206,7072.662969026213,7174.214834719168,686734
2018-11-29,7069.9931640625,7159.225860107414,7055.238151330664,7132.057900156731,725583
2018-11-30,7177.58740234375,7238.85574174985,7091.820692894324,7095.521339201936,869715
2018-12-03,7288.46044921875,7307.243629677598,7148.076965692442,7202.787518817463,772869
2018-12-04,7233.84375,7293.145121398123,7214.498380953663,7288.507648853331,551195
2018-12-05,7076.8310546875,7250.94027776865,7044.932308789767,7210.469664498078,704296
2018-12-06,6754.23583984375,7013.361593247762,6726.411919542533,6979.401644489626,1339030
2018-12-07,6851.89990234375,6885.62564423388,6746.085204189607,6786.36872922504,688881
2018-12-10,6886.14111328125,6927.829879969368,6717.043980984499,6745.148767515815,785024
2018-12-11,6843.84326171875,6881.925154650076,6759.715995849354,6783.089992137745,843166
2018-12-12,6999.82470703125,7033.034920283815,6834.146907445386,6876.304085078703,643037
2018-12-13,7185.92578125,7213.56215574278,7005.118314229434,7005.118314229434,881204
2018-12-14,7178.1025390625,7204.193239355158,7069.243612689343,7198.572282341356,676653
2018-12-17,7245.46044921875,7307.244319742232,7166.72039051642,7205.973316593229,712296
2018-12-18,7281.34033203125,7293.191090550167,7171.40369918581,7222.929133993807,658919
2018-12-19,7434.65185546875,7447.533214215309,7289.443811416626,7289.443811416626,856358
2018-12-20,7313.8486328125,7418.726506454064,7273.190468158491,7354.08550014704,824303
2018-12-21,7060.203125,7340.0332945842465,7040.248909866064,7335.349163573025,1257227
2018-12-24,7053.50439453125,7115.803332435291,6998.091220198267,7082.405572248849,611297
2018-12-26,7090.93115234375,7119.878989907891,6934.387405697133,7014.954457425038,594156
2018-12-27,7026.1494140625,7184.379258125925,7006.803588262125,7165.783167700723,704523
2018-12-28,7031.3955078125,7101.142399445826,7016.828043779584,7071.163961875607,616845
2018-12-31,6993.8759765625,7094.3505862318225,6972.891161228054,7073.03779024136,547975
2019-01-01,7004.46142578125,7020.575018191037,6927.82923132142,6979.120461938708,625360
2019-01-02,6808.7119140625,6988.722964344858,6786.368519264632,6974.670572325397,891844
2019-01-03,6748.849609375,6885.672899457695,6731.658756295538,6820.095062320002,715168
2019-01-04,6777.46875,6847.262297843666,6708.799576504854,6781.684467654986,774445
2019-01-07,6896.9609375,6939.071456910764,6838.8310564936655,6848.19931821489,687845
2019-01-08,6969.51806640625,6983.851323370027,6859.534769090692,6913.776911093236,516841
2019-01-09,7019.54443359375,7053.363948448854,6945.628943259371,6989.191358401205,740580
2019-01-10,6924.64453125,7036.501486425185,6895.181164712286,7026.196398374237,452699
2019-01-11,6858.0361328125,6932.513815014343,6821.9683244506,6916.306904880134,488399
2019-01-14,6940.66455078125,6963.757225456591,6798.547831222503,6866.936144806525,424152
2019-01-15,6890.49658203125,6998.09115397793,6854.756756848262,6960.61810897671,491196
2019-01-16,6848.43310546875,6917.524031432748,6830.492976857905,6885.203530473319,424769
2019-01-17,6872.79150390625,6931.530692134162,6845.857749503482,6875.367776066515,462725
2019-01-18,6893.12060546875,6913.7307821205195,6855.69421534769,6880.98852305668,334555
2019-01-21,6753.01708984375,6913.776538235998,6708.611624702979,6893.166364273777,654537
2019-01-22,6622.28369140625,6726.411827584504,6608.84014452575,6726.411827584504,896521
2019-01-23,6600.31494140625,6681.678384953641,6581.203779214039,6604.624433232594,702474
2019-01-24,6595.818359375,6649.592089519291,6571.273330987587,6613.898921305018,520703
2019-01-25,6101.92333984375,6682.3809125313555,6005.055607644187,6608.371646852122,3062762
2019-01-28,6099.72216796875,6192.4213052780615,5918.587184540469,6101.080748959664,2398091
2019-01-29,6114.61767578125,6200.992773100058,6040.09288044121,6070.633504683182,1101399
2019-01-30,6134.57177734375,6171.810616445711,6096.864525171325,6144.642658358746,583773
2019-01-31,6221.60302734375,6239.3089504696345,6051.943716471586,6159.632067685826,926270
2019-02-01,6522.46435546875,6748.895413145155,6232.282462878285,6257.061696890129,2545419
2019-02-04,6546.72900390625,6594.319591674973,6418.805112419847,6534.362715148875,658776
2019-02-05,6645.4697265625,6674.885974669206,6544.104959383852,6553.0985814471715,681498
2019-02-06,6729.59716796875,6763.885098041322,6620.550690839061,6670.202478954877,567827
2019-02-07,6841.2197265625,6857.567526111585,6731.189767971131,6746.085212504034,690174
2019-02-08,6683.5517578125,6838.830687462768,6651.465463148719,6810.725903815661,576159
2019-02-11,6724.4443359375,6754.4698885296275,6605.654962997035,6698.3069778186755,502244
2019-02-12,6710.01708984375,6773.25285299411,6677.649930345825,6738.590286526505,494592
2019-02-14,6574.177734375,6661.958530631505,6548.415014361418,6592.164980049255,622311
2019-02-15,6492.25146484375,6612.774507322164,6464.100023800898,6583.4515762316905,768798
2019-02-18,6410.4208984375,6555.722277848817,6386.34428183547,6524.713696205423,509963
2019-02-19,6374.6806640625,6478.9963550111925,6343.25032739612,6421.943729774095,493861
2019-02-20,6417.16552734375,6452.858696113189,6374.539936363327,6409.764692045069,534284
2019-02-21,6371.8701171875,6445.036335578243,6290.787991793575,6435.012569605362,722938
2019-02-22,6475.716796875,6500.63646321732,6388.263986863598,6395.711937510398,764535
2019-02-25,6487.42724609375,6543.63681449977,6436.04224082232,6509.068021416995,495728
2019-02-26,6468.12841796875,6534.3622078378185,6382.221736951575,6450.047856768943,673415
2019-02-27,6528.27294921875,6602.750627264655,6420.25707837257,6504.383882675724,961829
2019-02-28,6398.24169921875,6595.256054345587,6371.354605909706,6567.151270023091,1031563
2019-03-01,6497.02978515625,6510.941744975969,6395.946335019739,6442.365887796034,768822
2019-03-05,6668.0947265625,6705.942413791189,6458.901617774027,6510.94213053414,838538
2019-03-06,6611.087890625,6693.528585891455,6567.150838839231,6686.924144983157,557197
2019-03-07,6584.99755859375,6644.439359809396,6559.656594626069,6630.8553808573715,396771
2019-03-08,6527.5244140625,6581.204374958392,6511.879232788011,6534.363062681107,486432
2019-03-11,6634.5087890625,6671.700968895642,6534.362168603376,6539.046299190188,720905
2019-03-12,6705.0517578125,6775.126165153017,6647.717819126909,6648.6546452006305,828847
2019-03-13,6643.08056640625,6747.911773464309,6604.624037784206,6723.600953074787,534982
2019-03-14,6638.63134765625,6696.433707427584,6602.048467357168,6654.276528239805,584482
2019-03-15,6636.4765625,6704.864872644339,6613.99273450734,6659.89721665902,861945
2019-03-18,6458.4794921875,6630.340432753727,6348.496193424528,6630.340432753727,1336134
2019-03-19,6394.02587890625,6465.927284310167,6379.083319174189,6464.100290384683,816763
2019-03-20,6251.9560546875,6426.627475684895,6229.893981531276,6426.627475684895,1017560
2019-03-22,6138.74072265625,6292.005110518737,6119.676219555403,6152.137153248937,1715983
2019-03-25,6110.54248046875,6202.726084298995,6081.126230157313,6103.422510075208,1093184
2019-03-26,6169.65625,6183.052681168672,6070.63354151106,6143.705982288508,909087
2019-03-27,6106.2333984375,6220.526199083308,6089.37052621107,6209.284284265687,887601
2019-03-28,6179.53955078125,6206.473302850223,6090.494407349688,6122.158948547352,949713
2019-04-01,6408.546875,6435.99569842554,6276.735251739609,6305.589314400613,1142386
2019-04-02,6454.45166015625,6464.756748367494,6356.834187035874,6426.112667575329,866805
2019-04-03,6626.07763671875,6649.5920647547555,6460.353180973344,6460.353180973344,1491021
2019-04-04,6663.73828125,6717.0435985155855,6615.538392119428,6670.202290297207,1388375
2019-04-05,6658.6796875,6692.639636856202,6604.624633412954,6646.7818119241,729603
2019-04-08,6679.05517578125,6698.306769606757,6599.659161973673,6658.023246376954,498374
2019-04-09,6760.65234375,6777.936968613405,6632.728920218785,6683.317530627233,741669
2019-04-10,6732.36083984375,6762.901464479836,6693.248347237086,6762.901464479836,590107
2019-04-11,6733.765625,6763.884492854526,6698.306665361477,6732.922572990586,609539
2019-04-12,6878.9736328125,6892.229630665513,6708.658373051335,6734.74907147234,929935
2019-04-15,6888.01416015625,6923.098481898938,6834.146657373662,6886.655579286139,585205
2019-04-16,6987.36474609375,7002.775719782051,6885.672446875997,6904.3151964357085,707823
2019-04-18,6976.966796875,7063.061037248969,6964.412959252209,7057.205873221432,713163
2019-04-22,6858.73779296875,6955.839722617731,6838.830239190285,6953.123018530178,479609
2019-04-23,6603.59375,6922.114640650393,6563.403999696041,6864.125193515971,952628
2019-04-24,6573.42822265625,6653.292651858428,6473.468689584183,6618.676742679052,1063510
2019-04-25,6469.01904296875,6693.576463493698,6431.311788853477,6571.601510686078,3075510
2019-04-26,6410.560546875,6451.780895127128,6323.5761523151195,6375.10158763028,1999920
2019-04-30,6245.2578125,6323.5765708496,6211.157431812274,6276.735262917381,1640025
2019-05-02,6261.04345703125,6286.05689856984,6112.79071666164,6136.211370748466,1337101
2019-05-03,6286.103515625,6351.6813466374815,6253.31460011876,6253.31460011876,795679
2019-05-06,6285.775390625,6306.713546247196,6219.869580484108,6238.325238333345,480317
2019-05-07,6278.609375,6356.600158418196,6257.999198000596,6318.7991286619,586684
2019-05-08,6230.03466796875,6270.177762161288,6198.042144697309,6257.062195349656,552749
2019-05-09,6206.4267578125,6256.1252034766185,6183.052761746882,6217.715330259706,570000
2019-05-10,6212.65673828125,6243.852867862158,6159.632283713226,6204.599941449839,608669
2019-05-13,6130.35595703125,6238.6060328287385,6089.369814052054,6207.40990583214,555672
2019-05-14,6160.75634765625,6194.2945410541,6042.528703841341,6099.675099335034,843313
2019-05-15,6083.5146484375,6220.525469201155,6054.98810996106,6173.68416295717,612357
2019-05-16,6070.30615234375,6114.9458319121195,6034.47254808634,6094.99161565246,555991
2019-05-17,6283.15234375,6361.049344008927,6075.317377893652,6086.55929131458,782196
2019-05-20,6637.0390625,6698.3074051807325,6426.6278041314445,6440.680197289166,1286198
2019-05-21,6441.00830078125,6686.831411621297,6387.2812250967045,6656.150352641844,973836
2019-05-22,6463.91259765625,6492.720000480154,6408.827405474145,6442.740693561013,645280
2019-05-23,6491.5029296875,6603.781640956235,6398.522929576163,6554.036078376988,1364516
2019-05-24,6645.048828125,6670.2027036841155,6451.687987302891,6524.947980870596,1002742
2019-05-27,6621.90869140625,6739.433252288845,6464.146808744134,6646.781241619858,1022289
2019-05-28,6608.97998046875,6679.5699167278235,6587.292548313,6620.549873985347,915732
2019-05-29,6456.0908203125,6566.214552395582,6435.995716215958,6558.7199431190575,768022
2019-05-30,6433.84130859375,6483.773960775113,6393.838647925176,6454.732349333987,850456
2019-05-31,6435.85546875,6521.527949043777,6393.838722798961,6455.669251107346,1084204
2019-06-03,6579.236328125,6609.308539259019,6332.944822876111,6332.944822876111,1157809
2019-06-04,6606.31005859375,6650.52843315017,6531.3173128348635,6557.782649957908,575281
2019-06-06,6547.19775390625,6650.529505637518,6490.332217926008,6614.180830347028,720856
2019-06-07,6509.30224609375,6548.414737551946,6429.109836790735,6548.414737551946,470376
2019-06-10,6529.63134765625,6598.347177080031,6484.710352575208,6539.046267115711,395116
2019-06-11,6537.4541015625,6574.833832965002,6492.20557898586,6548.368492762065,387309
2019-06-12,6419.13330078125,6527.758484663701,6393.885651015776,6523.8702898779175,494886
2019-06-13,6356.0849609375,6430.094231422434,6338.846992750234,6410.701745929095,561159
2019-06-14,6321.140625,6406.953991174986,6302.357443809057,6346.997118030491,449930
2019-06-17,6165.861328125,6340.485619371231,6146.04754785867,6323.013904323962,567397
2019-06-18,6032.2236328125,6228.957126039806,5986.3191510594625,6187.268361998782,1048826
2019-06-19,6018.7802734375,6146.1886349248525,5976.95107565671,6075.317825334445,715496
2019-06-20,6198.744140625,6228.956782561775,5939.711722159316,5986.318820961008,992450
2019-06-21,6011.84716796875,6135.274004133756,5967.7696838339525,6135.274004133756,1345890
2019-06-24,6051.80322265625,6086.653338800302,5923.411380335086,6005.992514895265,911826
2019-06-25,6110.44921875,6126.843678133384,6021.310292503851,6050.960751844576,580392
2019-06-26,6070.9150390625,6143.51907432442,6051.991423042147,6107.1703983542675,572239
2019-06-27,6076.91064453125,6159.632214336998,6065.949595107538,6085.810493358049,1022011
2019-06-28,6121.83154296875,6136.211917345957,6065.949948826728,6089.3706049998045,618701
2019-07-01,6096.72412109375,6199.915429510199,6080.0016829134465,6183.05255889503,754667
2019-07-02,6145.57958984375,6172.560000191157,6072.507149598657,6098.784940328322,518084
2019-07-03,6121.0341796875,6173.683989399474,6103.468690339816,6166.189380611128,517709
2019-07-04,6131.01220703125,6171.810803732946,6098.925910730725,6126.843147603744,576449
2019-07-05,5958.21435546875,6163.3792837466835,5902.004786077536,6133.588394943198,866460
2019-07-08,5657.21240234375,5886.219286215871,5607.513499330856,5883.362149357803,1927495
2019-07-09,5569.85302734375,5686.5345373899845,5536.642358480199,5677.166276208123,1337999
2019-07-10,5553.41162109375,5616.272746996604,5527.274263099243,5582.5470057302355,809385
2019-07-11,5650.1865234375,5667.798673531793,5555.379526288187,5596.599880277509,779113
2019-07-12,5594.2109375,5705.271499395316,5575.94282678765,5637.539148804932,719883
2019-07-15,5695.6220703125,5710.892153431317,5578.799667598998,5602.2203211153665,675004
2019-07-16,5769.02197265625,5782.090880156706,5673.4190489677585,5695.856217777606,627259
2019-07-17,5691.875,5783.964830442479,5667.79838422044,5778.343873367219,598778
2019-07-18,5510.7392578125,5673.138158360862,5487.459037077367,5671.920009935388,1097857
2019-07-19,5404.64404296875,5537.532928984759,5349.371297976043,5513.222106475966,1228672
2019-07-22,5538.9853515625,5564.748074127907,5382.113608822167,5414.855870110994,897510
2019-07-23,5502.6826171875,5595.100425710879,5452.515759659057,5536.642565239945,841517
2019-07-24,5403.61328125,5494.485418608053,5363.610621315431,5494.485418608053,800687
2019-07-25,5393.07373046875,5475.701976677472,5340.8923329576855,5423.3801467362655,990461
2019-07-26,5438.884765625,5578.799845685074,5324.826179359315,5366.140304967943,2346714
2019-07-29,5209.92431640625,5405.486771079175,5190.016761140144,5405.486771079175,1548125
2019-07-30,5159.24169921875,5288.242834514607,5145.048875471987,5210.62670163423,1189163
2019-07-31,5124.15771484375,5229.643963900283,5102.00141244092,5176.713291185024,1053202
2019-08-01,5220.55712890625,5260.278463394022,5105.702159483067,5124.157816317795,1134178
2019-08-02,5329.93212890625,5362.393064618661,5138.49160716865,5189.642408181819,1391678
2019-08-05,5312.13232421875,5335.224997647008,5107.576240065231,5246.2265121726505,1122496
2019-08-06,5464.7880859375,5479.496440241816,5283.699764568959,5283.699764568959,1125521
2019-08-07,5410.1708984375,5496.35890236066,5373.353814518091,5465.396981751248,955090
2019-08-08,5529.3818359375,5571.3048038155475,5363.32941009652,5363.32941009652,831725
2019-08-09,5714.54638671875,5766.165604904345,5552.75676679013,5562.546326703196,1445079
2019-08-13,5448.06591796875,5736.186622767577,5425.675406621038,5714.3587560418655,909354
2019-08-14,5524.57958984375,5636.0969736707675,5423.890897181536,5501.782149995702,1030939
2019-08-16,5675.66015625,5694.610714378525,5309.903902147782,5514.130975307312,1207075
2019-08-19,5682.7841796875,5722.537308477665,5615.3895259305455,5698.410110557545,902389
2019-08-20,5880.74169921875,5920.684524159745,5660.4610873271995,5702.209080463814,2198337
2019-08-21,5916.79052734375,5961.530596379794,5833.294995597246,5911.186249405905,2128640
2019-08-22,5897.4599609375,5982.903050229215,5858.9419725035805,5889.338558612549,1551394
2019-08-23,5940.96533203125,5964.950138172819,5737.355607725842,5851.342805230328,1232405
2019-08-26,5942.1044921875,6142.674821548443,5809.689466843668,6136.31035129275,1552155
2019-08-27,5963.1923828125,6022.323237948509,5942.532204511967,5981.95277460264,1078065
2019-08-28,5797.5791015625,5934.933775624386,5765.852755768249,5934.933775624386,1242304
2019-08-29,5804.0380859375,5887.438530121811,5761.102724296351,5797.578533365649,1006756
2019-08-30,5816.90869140625,5850.629901211503,5749.608663017824,5836.144029393754,794518
2019-09-03,5746.5703125,5822.846567325699,5701.497684947908,5732.606693933213,1173373
2019-09-04,5538.5908203125,5771.742335743915,5509.381598904515,5758.253664234339,1964992
2019-09-05,5669.58056640625,5697.460027593722,5501.069587329467,5514.130620237005,1149196
2019-09-06,5876.94287109375,5908.336660912262,5663.359257718811,5697.175553878695,1524051
2019-09-09,6018.048828125,6047.923157072154,5737.355366091863,5780.1005633557925,2061193
2019-09-11,6266.7314453125,6297.793144537856,5970.175008710971,6012.825128947908,2492039
2019-09-12,6071.76513671875,6307.291360315602,6050.820175483492,6236.049364528904,1892862
2019-09-13,6127.0966796875,6186.465012024887,6022.3236323045185,6111.613604139949,1929801
2019-09-16,6091.42822265625,6163.857586342272,6022.418567592519,6031.727336350065,1377371
2019-09-17,5823.2255859375,6122.86960226512,5803.847856071406,6088.815835911245,1706567
2019-09-18,5789.64697265625,5900.547015431581,5686.631322559995,5856.092194517483,1955137
2019-09-19,5672.525390625,5865.591206448591,5644.645929131735,5831.3950471883245,1721431
2019-09-20,6261.64990234375,6601.568880067533,5682.689882561988,5713.608726804428,4892962
2019-09-23,6552.2216796875,6649.2531888155545,6341.58283759895,6341.58283759895,3140286
2019-09-24,6657.8974609375,6818.239270210769,6511.51880538672,6587.51027211625,2354230
2019-09-25,6305.8671875,6649.253643518868,6271.196079215937,6649.253643518868,2296343
2019-09-26,6513.84619140625,6554.168884914229,6346.284637197562,6364.2853012996675,1893865
2019-09-27,6434.29296875,6568.512717716109,6397.531909445842,6516.26858185575,1457894
2019-09-30,6379.29296875,6468.393234809833,6307.291245181932,6433.627048737534,1264165
2019-10-01,6442.17626953125,6506.769013018145,6316.790355703747,6383.282885763786,1473158
2019-10-03,6415.62744140625,6454.4784531763835,6345.288019470957,6446.546750389016,850852
2019-10-04,6316.41064453125,6502.874515687134,6286.77378774451,6452.625252370307,1065056
2019-10-07,6297.65087890625,6363.335915046863,6229.543336295726,6340.25369084973,696713
2019-10-09,6382.85546875,6405.8903817450955,6259.796974749663,6295.892920886307,1017731
2019-10-10,6274.47265625,6404.275478220188,6229.637508591464,6364.284878978814,985523
2019-10-11,6363.24072265625,6383.283565901497,6294.278369940181,6294.278369940181,835065
2019-10-14,6479.31787109375,6530.089394310555,6360.5334248287945,6362.3385933151585,963217
2019-10-15,6635.716796875,6667.300747559764,6467.823164287567,6469.722950794921,1276061
2019-10-16,6625.505859375,6662.456616494374,6549.514394321237,6652.530509660783,876844
2019-10-17,6766.94482421875,6797.008854565612,6592.259538153746,6627.405590446497,1248295
2019-10-18,6936.40576171875,7076.705189731135,6707.814028453742,6726.47933931196,1463126
2019-10-22,6892.6630859375,7021.611098191214,6869.628173987941,6965.567394891257,959552
2019-10-23,7067.44384765625,7097.602960880011,6839.2319751520445,6840.22917762238,1278695
2019-10-24,7021.041015625,7100.4521856753,6906.673958802021,7086.2037866405,1658859
2019-10-25,7096.79541015625,7132.748965208943,6985.37310885062,7025.885966329464,1353615
2019-10-27,7050.203125,7124.199719995334,7021.658553166167,7102.352174187348,128351
2019-10-29,7334.4111328125,7369.937514161532,7011.970122457158,7044.408886689885,1396732
2019-10-30,7178.29638671875,7365.140121262202,7161.910727230388,7355.973743644774,1243366
2019-10-31,7180.62353515625,7261.934496844038,7126.099750859905,7231.44282823423,1067275
2019-11-01,7236.90478515625,7265.734140721061,7167.040315688171,7219.142058028726,1151035
2019-11-04,7052.00732421875,7242.935863034479,7036.286776822381,7171.693870939058,824953
2019-11-05,7018.76171875,7164.048087099534,6957.968546466876,7057.660035604068,1207089
2019-11-06,6944.8125,7043.4590147019,6929.471815542866,7024.461148175394,923041
2019-11-07,6922.0146484375,6988.364786097745,6878.17716679812,6988.364786097745,877885
2019-11-08,6839.75439453125,7000.714008655209,6818.381794097771,6921.350604571601,983936
2019-11-11,6779.673828125,6874.806021079943,6719.545762762884,6801.236593353442,864507
2019-11-13,6796.10693359375,6810.59280692317,6739.493198179356,6772.739464837042,687017
2019-11-14,6884.01904296875,6905.724197342395,6801.235935759498,6801.235935759498,802462
2019-11-15,6789.07763671875,6990.264853834673,6759.630944169644,6934.221148660567,1049492
2019-11-18,6742.7705078125,6817.384443512304,6720.495323651881,6791.7373235492505,537228
2019-11-19,6692.42578125,6796.486404332583,6679.649531134413,6787.937364830278,755114
2019-11-20,6794.349609375,6856.330150007864,6691.048708320227,6763.240602390689,1289948
2019-11-21,6667.3486328125,6839.232017443601,6653.812652777976,6791.737350655798,763454
2019-11-22,6706.67431640625,6722.82250246025,6649.253081058786,6681.549453166786,685503
2019-11-25,6873.52294921875,6899.549932680065,6687.533564187941,6720.685211160782,952419
2019-11-26,6767.990234375,6909.524345942983,6729.044606359649,6875.328184758772,1249810
2019-11-27,6928.90234375,6934.221839568038,6807.506152413481,6807.506152413481,1070680
2019-11-28,6897.4130859375,6954.264295683598,6859.132569468257,6934.031289044664,602077
2019-11-29,6882.7841796875,6928.379056226812,6774.638739132805,6890.5257170035575,792083
2019-12-02,6781.62109375,6929.329507772772,6750.654478175774,6925.672325659348,703838
2019-12-03,6781.0986328125,6877.228027787737,6706.247220467048,6784.7558150654395,668269
2019-12-04,6721.54052734375,6810.735421481297,6698.648004502944,6772.549522713472,737723
2019-12-05,6661.45947265625,6768.132307138055,6640.276573297067,6734.743649649287,602894
2019-12-06,6541.630859375,6696.7482612332615,6520.163176441213,6661.459815286384,770911
2019-12-09,6644.26611328125,6751.841528747007,6603.990730408523,6655.902306124125,1479832
2019-12-10,6614.724609375,6695.750788892926,6559.013458209852,6667.3012980702315,790378
2019-12-11,6642.79443359375,6682.499790533131,6606.698485897907,6649.253522918539,603048
2019-12-12,6649.0634765625,6692.90142697478,6625.981253021327,6678.130306669436,932863
2019-12-13,6853.43359375,6885.777278597271,6677.893014580137,6691.001821831097,1199360
2019-12-16,6782.28564453125,6894.040965185397,6767.989935526809,6877.227667819522,727854
2019-12-17,6834.62451171875,6911.898422480638,6806.935215487701,6848.635437539074,939918
2019-12-18,6877.8447265625,6891.428478837496,6805.035498974263,6858.229522975178,841740
2019-12-19,6877.8447265625,6943.719918690936,6806.935285545725,6885.7291191231125,1001697
2019-12-20,6897.64990234375,6938.352921267396,6865.353531527846,6877.844535124513,679779
2019-12-23,6992.0693359375,7008.882632480933,6886.821346281145,6910.473596135832,914067
2019-12-24,6960.62841796875,7051.723562769468,6936.121354665659,7026.361224385357,850537
2019-12-26,6878.08251953125,6975.4943587990265,6860.1296283596275,6966.517681305664,556360
2019-12-27,6976.8720703125,6999.289647731356,6888.05703576505,6903.825359260568,665383
2019-12-30,7044.646484375,7059.55999534243,6973.737039290916,7008.313064111748,739631
2019-12-31,6999.3837890625,7041.084011728132,6986.702620878697,7041.084011728132,560622
2020-01-01,6945.3359375,7038.662966457895,6917.171226411224,7007.363792594302,634725
2020-01-02,6962.57568359375,6998.814021192905,6945.619994973198,6960.438423611708,616838
2020-01-03,6890.763671875,6964.617878097322,6863.929185369783,6961.720888974127,571967
2020-01-06,6689.52880859375,6848.731026181746,6674.425597152016,6839.232092719635,748516
2020-01-07,6719.1650390625,6806.5552187531175,6674.329891782156,6744.242128297664,590500
2020-01-08,6682.689453125,6760.057983234566,6630.68279554582,6706.246621169079,793313
2020-01-09,6865.73388671875,6877.227688740578,6746.1424095905495,6782.2383560231665,798184
2020-01-10,6963.19287109375,6981.620708444532,6871.908031736078,6897.555150966626,747847
2020-01-13,6984.28076171875,7000.713730539841,6915.033168013166,6964.61778457505,537399
2020-01-14,7016.671875,7040.989237047348,6958.538681406218,6986.465452586916,548522
2020-01-15,7108.0048828125,7128.949846402126,6984.566052044615,7018.714904722986,692726
2020-01-16,7088.72119140625,7144.1475586068045,7049.348392138563,7082.87944033395,640207
2020-01-17,7143.34033203125,7190.597525854979,7060.129582404737,7094.753380290076,750738
2020-01-20,7076.32568359375,7152.222070468207,7049.205949814691,7144.385450230294,407828
2020-01-21,6936.73828125,7062.124198056874,6922.632272846208,7040.134260713232,442561
2020-01-22,6778.0595703125,7005.416652810305,6751.795110052063,6972.217692305218,1048435
2020-01-23,6788.982421875,6858.229549913744,6766.232292066358,6787.367417756882,589326
2020-01-24,6771.26708984375,6848.730703046345,6754.928739533748,6790.597047475034,645723
2020-01-27,6790.59765625,6862.979717831241,6707.1972024368715,6745.667884592188,573149
2020-01-28,6646.4501953125,6858.181765925628,6614.106516571786,6820.186036977922,1614448
2020-01-29,6659.037109375,6759.678494478061,6625.50605993107,6658.752326898466,1001252
2020-01-30,6668.67822265625,6695.797489296407,6631.204748585362,6668.250585169637,579174
2020-01-31,6567.08740234375,6710.046345578397,6550.036631893713,6682.49943957305,868935
2020-02-03,6659.98681640625,6691.856015425389,6440.276678091212,6440.276678091212,1010531
2020-02-04,6838.85205078125,6853.4803151705,6650.203144353246,6668.251117463189,973311
2020-02-05,6688.103515625,6869.248350005524,6673.570333938269,6853.4800287633025,718489
2020-02-06,6669.77099609375,6763.572960988347,6627.215497275295,6720.495206372468,875714
2020-02-07,6622.41845703125,6696.747605991367,6587.509879085124,6686.298779939465,645814
2020-02-10,6547.52001953125,6638.899948677942,6507.81466157141,6625.506359188814,593773
2020-02-11,6681.31201171875,6733.793616644637,6565.947284685944,6601.7584476908205,743160
2020-02-12,6690.3837890625,6753.741862383341,6656.805429476729,6702.542702490604,599364
2020-02-13,6654.0498046875,6702.44705333248,6578.011032359329,6696.747693593252,723169
2020-02-14,6567.3720703125,6733.746251803128,6555.213621675739,6649.300366917272,614859
2020-02-17,6560.67578125,6630.255467929924,6535.266134578492,6573.261867919065,463548
2020-02-18,6441.32177734375,6582.760801956092,6398.291331041901,6578.011335288014,830678
2020-02-19,6418.04931640625,6511.471417449368,6292.663397819844,6506.769259976338,1033939
2020-02-20,6418.9990234375,6466.445915236525,6383.2829427803545,6422.228567877675,682513
2020-02-24,6146.18994140625,6373.784484618544,6117.123111649288,6373.784484618544,1091346
2020-02-25,6093.1376953125,6183.805193545741,6057.041751018378,6179.435591736595,964897
2020-02-26,5922.44287109375,6049.72858483126,5876.087795562951,6031.823001740234,1580738
2020-02-27,5974.63916015625,6020.471515466303,5857.802275117151,5917.835721899063,1492657
2020-02-28,5968.27490234375,6048.303415769794,5797.389184242138,5854.239929255915,1468843
2020-03-02,5970.22216796875,6116.885610213958,5936.833509076726,6080.220097513995,1219764
2020-03-03,6066.06591796875,6100.357158833672,5965.804865761934,6001.425864482748,849199
2020-03-04,6064.45166015625,6102.114838461879,5897.887769615474,6069.8184647838425,904360
2020-03-05,6046.97412109375,6140.110984143698,6013.015431786334,6090.621444865526,645853
2020-03-06,6122.96484375,6155.308524777776,5794.4914654812965,5885.918694726645,1140899
2020-03-09,5890.38330078125,6054.6197558349695,5774.7811032870495,5985.277546519633,1082030
2020-03-11,5838.32958984375,5994.729908427647,5799.099178145007,5851.343314885052,937029
2020-03-12,5360.39013671875,5641.700937067033,5277.179393148544,5641.700937067033,1345964
2020-03-13,5546.04736328125,5759.67828328491,4562.38503398935,5058.3722139170395,1480205
2020-03-16,5205.65185546875,5402.992154355413,5129.4229313500755,5356.067526227916,933412
2020-03-17,5323.15478515625,5458.989528104906,5226.312976947587,5226.312976947587,1238640
2020-03-18,5084.4462890625,5403.752829696145,5046.3554748977085,5386.844914450321,973395
2020-03-19,4578.05859375,4841.226840998517,4419.426394449421,4625.980901759374,2554559
2020-03-20,4824.69921875,4963.193504606044,4571.457520565342,4625.03142084724,1614552
2020-03-23,4008.8828125,4549.989509765798,3933.508676396695,4345.762423210548,1531965
2020-03-24,4261.6484375,4341.011827061737,3828.0695105161485,4123.486289119256,1746431
2020-03-25,4755.11865234375,4900.879504056625,4094.135292641368,4216.576448866613,1728819
2020-03-26,4633.580078125,4863.454284542846,4511.993721011429,4772.692154270452,1338787
2020-03-27,4413.2998046875,4879.127433826232,4326.764423455365,4844.456324834768,1339426
2020-03-30,4111.56640625,4407.458209956987,4056.0449496912797,4357.588804837832,1528082
2020-03-31,4073.427490234375,4244.170820859083,3999.051026036278,4227.025431321007,2140261
2020-04-01,4033.579345703125,4203.135292963669,3980.1478497176595,4075.0420938248326,1323842
2020-04-03,3810.4970703125,4053.194814663701,3800.618272503103,4037.0466281510967,1724808
2020-04-07,4325.48193359375,4381.7631168339285,3913.5607586419505,3942.057560282547,2688172
2020-04-08,4462.69384765625,4678.224546699552,4185.704865996259,4185.704865996259,2798833
2020-04-09,5059.7490234375,5128.473896044717,4498.8848060941,4554.216090488359,3786650
2020-04-13,5018.4287109375,5075.659782442749,4750.416408261414,5020.186106311053,2192268
2020-04-15,4839.041015625,5081.9289060632445,4788.4118907410875,5041.55844279078,2094519
2020-04-16,4873.7119140625,4966.041719936223,4720.969270865155,4765.614251897481,1752169
2020-04-17,5229.1630859375,5322.205328551214,4950.5595415624675,5058.182276588045,2192902
2020-04-20,5064.21337890625,5294.657569921739,5015.436268644209,5235.811498630091,1555307
2020-04-21,4750.51171875,4874.187554456555,4639.754061533141,4874.187554456555,1843169
2020-04-22,4921.25537109375,4985.278094231489,4740.918014254154,4758.016095651985,1991584
2020-04-23,4897.982421875,4981.810505799507,4792.211709905253,4909.99847938558,1454061
2020-04-24,4792.8291015625,4882.451628399347,4777.96336397835,4844.455895882621,1070808
2020-04-27,4802.9931640625,4963.192579141038,4741.439798858928,4892.045662492064,1432313
2020-04-28,4799.52685546875,4863.454499595571,4740.205823556015,4834.957695887004,1172062
2020-04-29,4814.48681640625,4844.455764087465,4759.962570676024,4844.455764087465,1038094
2020-04-30,5090.28857421875,5153.171702921469,4865.354002279035,4865.354002279035,2341081
2020-05-04,4641.46337890625,4873.190031604428,4597.483505280528,4840.656186551565,1742771
2020-05-05,4587.84228515625,4777.535700423088,4559.487877157161,4744.717072166671,1570620
2020-05-06,4600.57080078125,4749.4665780016,4473.997516477508,4598.623705010308,2214528
2020-05-07,4511.32861328125,4688.056561546565,4497.745322963931,4654.002789833534,1530808
2020-05-08,4420.9462890625,4634.529913502304,4405.130656664672,4629.780446487032,1828141
2020-05-11,4690.3837890625,4763.335885823068,4493.13850284637,4511.993980982563,3176473
2020-05-12,4703.20654296875,4735.218132923982,4455.046916644499,4667.775708162176,3124672
2020-05-13,4783.75830078125,5051.0109047783535,4736.40602147115,4986.940408668545,3304845
2020-05-14,4857.8017578125,4887.201141654225,4609.024789545541,4659.226744375894,2590674
2020-05-15,4844.83544921875,4866.493293651069,4712.562813891921,4853.954517199986,2182462
2020-05-18,4484.39892578125,4839.706326396239,4446.022865703391,4825.837791559546,3164086
2020-05-19,4564.52197265625,4654.477051400157,4517.454946366591,4599.383241403992,2108177
2020-05-20,4646.8310546875,4673.475378177279,4507.7189851911135,4515.793078832274,1518296
2020-05-21,4797.05615234375,4819.568344820046,4607.979616424251,4644.978145254508,1868166
2020-05-22,4877.037109375,4891.95062009239,4683.686508741855,4758.965554691819,1935875
2020-05-26,4983.28271484375,5020.945891968479,4902.066836523386,4939.445231180046,1508751
2020-05-27,4981.62109375,5025.8862210816205,4878.082708171111,5005.938458722385,1534655
2020-05-28,5194.34912109375,5219.66368478195,4958.443027217794,5003.088012328759,2325084
2020-05-29,5329.6611328125,5382.807848380782,5105.676478589439,5105.676478589439,3386733
2020-06-01,5503.30224609375,5570.791983585197,5382.9505722310905,5404.893201541673,2340994
2020-06-02,5404.98779296875,5555.9257409366,5343.244730366446,5507.24371080786,2110719
2020-06-03,5342.2001953125,5539.778011924342,5325.1021150287825,5442.888890316612,1652859
2020-06-04,5405.08349609375,5433.342824147138,5292.805913058103,5374.496743733444,1642049
2020-06-05,5458.2783203125,5495.134003295996,5386.941224326034,5441.27485528299,1236658
2020-06-08,5447.44775390625,5556.875644430292,5415.816493456292,5556.875644430292,1176769
2020-06-09,5378.58056640625,5497.032444665969,5338.400265944832,5465.685966236044,1336806
2020-06-10,5391.21484375,5452.387883336607,5333.651213403318,5371.646947781971,1432292
2020-06-11,5154.263671875,5403.943229919133,5129.708836188193,5354.548776068581,1766481
2020-06-12,5283.0693359375,5327.286685825289,4940.395310147155,4940.395310147155,2064628
2020-06-15,5201.3779296875,5305.153766571645,5120.921786412395,5243.410705725243,1530562
2020-06-16,5226.5029296875,5331.3232808589555,5129.423652079521,5309.903373171208,1184933
2020-06-17,5439.279296875,5522.157488776295,5172.169110630976,5172.169110630976,3454833
2020-06-18,5428.0703125,5469.485754148199,5358.348235350815,5409.642474795762,1580214
2020-06-19,5601.853515625,5637.616906692981,5421.0412277164005,5462.836534185565,1854589
2020-06-22,5600.5712890625,5675.612865018392,5515.413441516085,5604.370862528621,1497563
2020-06-23,5591.54736328125,5706.199679402398,5568.797231377796,5604.370923869766,1398070
2020-06-24,5466.96826171875,5640.466172736526,5442.888374836695,5640.466172736526,1268449
2020-06-25,5473.57080078125,5553.836796710474,5367.847846107045,5392.54507562373,1266203
2020-06-26,5466.54150390625,5518.880723670004,5409.642981290994,5509.381789550091,1063057
2020-06-29,5394.15869140625,5509.380550848849,5366.896571085517,5442.888026959295,1102655
2020-06-30,5545.76220703125,5580.148532120281,5396.771804866377,5461.88680903764,2015814
2020-07-01,5512.3251953125,5590.121353846009,5485.63310424141,5545.761156896954,1284965
2020-07-02,5650.3935546875,5661.364637880829,5474.045474738987,5556.8763643628945,1470941
2020-07-03,5634.8623046875,5688.531277728031,5588.269758652633,5650.393153365789,1059779
2020-07-06,5816.7666015625,5839.659122449833,5628.117702762582,5664.641285026372,1385081
2020-07-07,5914.7490234375,5936.83404608895,5787.368219381583,5832.345766877785,1799721
2020-07-08,5741.53466796875,5922.584414195378,5720.8271806432185,5914.747794882289,1204072
2020-07-09,5701.59228515625,5790.549702171505,5634.149859163111,5775.351408989953,1043427
2020-07-10,5657.232421875,5780.196305573357,5624.318708985878,5680.362418465725,1168821
2020-07-13,5688.7685546875,5755.640949917918,5630.777290716642,5699.359772167762,1035069
2020-07-14,5482.546875,5660.17692925131,5461.88669489323,5652.815255879932,1602929
2020-07-15,5510.6162109375,5585.182840334771,5466.63633351968,5518.880468766176,1246705
2020-07-16,5580.9560546875,5623.36870051876,5463.786615774309,5517.930537384033,1018658
2020-07-17,5622.8935546875,5657.564661156981,5557.825861724227,5602.4708481369835,810152
2020-07-20,5573.4990234375,5638.5667154878565,5520.779944476992,5637.616822173253,912610
2020-07-21,5823.65380859375,5841.844173704945,5604.370833310436,5622.893753861207,1854694
2020-07-22,5702.58935546875,5821.89604694215,5642.0814304309615,5810.497327320139,1140092
2020-07-23,5762.005859375,5784.850609342331,5668.916309339606,5711.708820028808,701651
2020-07-24,5700.025390625,5744.337824036898,5634.862611997028,5708.859213532535,793324
2020-07-27,5740.4892578125,5759.059947733782,5631.014069034058,5706.958214150841,902597
2020-07-28,5967.98974609375,6003.658519628937,5728.949177640098,5746.854760027338,1774828
2020-07-29,5875.232421875,5979.578293112749,5812.349764023612,5955.783651594704,2057197
2020-07-30,5951.46142578125,6073.285242257979,5860.889006304344,5874.1875125864035,2217867
2020-07-31,5948.9443359375,6060.176935464845,5897.887570450032,5951.0815958881385,1613555
2020-08-03,5856.28271484375,6114.891181496372,5818.14412547723,6060.319622566494,1836582
2020-08-04,6040.32373046875,6057.326726494686,5875.089617856844,5888.388123054903,1223516
2020-08-05,6199.2412109375,6267.111273425266,6060.319314427313,6068.773272118589,2278663
2020-08-06,6227.26318359375,6255.855065522948,6111.993535504626,6207.5055879019665,1233252
2020-08-07,6344.33740234375,6411.3048805388735,6157.066029487353,6172.406713644211,1567980
2020-08-10,6277.75048828125,6391.547997517862,6246.49908773732,6354.786936886051,1601750
2020-08-11,6316.03076171875,6377.1087158259315,6279.744651869402,6331.038890441622,880808
2020-08-12,6393.06640625,6438.42380930147,6261.791436335625,6278.747123747198,1114981
2020-08-13,6451.8671875,6490.540243118971,6378.403029822321,6450.238124167478,1087096
2020-08-14,6314.37939453125,6464.805909615136,6279.731497548829,6459.870049094936,905793
2020-08-17,6487.08935546875,6507.743967805766,6314.379170165394,6383.194806864361,1028536
2020-08-18,6606.60693359375,6637.085064936539,6479.901283798968,6487.089566472942,1322527
2020-08-19,6699.7666015625,6723.152854905286,6598.891037635814,6636.222371766009,1326450
2020-08-20,6684.8154296875,6708.105277962636,6594.098929485644,6604.6899465719,958157
2020-08-21,6683.18603515625,6771.3623029368855,6662.100405904358,6755.068862151334,971836
2020-08-24,6788.13525390625,6804.907914258295,6665.934442769922,6694.687574801998,961177
2020-08-25,6814.4443359375,6877.461614930999,6781.569641921219,6804.90769359457,1047620
2020-08-26,6717.35400390625,6860.496761848762,6682.227357307846,6814.4917542253,992395
2020-08-27,6802.990234375,6831.456018915711,6671.492405568958,6750.276165215993,1158891
2020-08-28,6808.83740234375,6858.580225699054,6736.331683465758,6828.868656806282,1019984
2020-08-31,6555.66650390625,6862.414319937055,6508.223835074283,6841.328689345069,1580774
2020-09-01,6618.63525390625,6726.9869174120195,6519.293279230782,6575.314150367287,1117127
2020-09-02,6633.10791015625,6689.895345575353,6567.598597809521,6618.491734795215,776392
2020-09-03,6778.646484375,6821.10508674995,6633.10762788421,6637.180988057386,947751
2020-09-04,6891.26318359375,7019.597901438508,6675.566492681467,6694.687512499724,2185292
2020-09-07,6909.521484375,6996.595648474341,6832.942400943246,6924.712816469467,1348919
2020-09-08,6923.75390625,6975.509541761836,6840.992717718365,6919.920155471345,1145062
2020-09-09,6915.36767578125,6954.759559195336,6825.226796497861,6900.751500727626,1273303
2020-09-10,6931.0859375,6996.020092029997,6870.081471158919,6962.09149086194,978701
2020-09-11,6894.6171875,7044.420805323075,6876.790153574144,6977.378372353333,1383019
2020-09-14,6832.55859375,6938.70556751041,6790.531007607252,6918.9616575747,1003491
2020-09-15,6759.6689453125,6876.79021462969,6713.8558123318435,6866.247400363359,894418
2020-09-16,6764.60498046875,6871.039290867831,6748.3592756312455,6779.987717059428,920570
2020-09-17,6791.34619140625,6817.271745222792,6652.516390396491,6756.506885765749,1133411
2020-09-18,6675.279296875,6851.871451718924,6643.5071791667315,6850.913013972146,1143550
2020-09-21,6351.51953125,6696.508934685359,6316.105067538344,6675.279631128631,1290480
2020-09-22,6172.86572265625,6408.066707906455,6049.994290684431,6397.571627928698,2665724
2020-09-23,6231.0908203125,6277.71918872115,6114.832514711977,6193.424405966895,1456226
2020-09-24,6035.95361328125,6217.193817654057,6009.548372441831,6167.546929333857,1237674
2020-09-25,6227.64111328125,6247.624165843951,6067.869354241172,6129.2093698266135,1316468
2020-09-28,6424.408203125,6440.701644785917,6270.387070347227,6305.561922774784,1099583
2020-09-29,6462.50634765625,6530.123945909022,6393.738436871431,6468.4965837873315,1199391
2020-09-30,6463.17724609375,6498.160224042694,6393.738243764602,6431.1173160936105,812841
2020-10-01,6513.830078125,6621.846196179534,6493.798823408618,6553.988992914202,1255993
2020-10-05,6535.443359375,6591.751577309759,6464.662637786381,6579.675168036101,833476
2020-10-06,6605.93603515625,6651.365889400341,6546.1296151395245,6572.965871248442,756192
2020-10-07,6754.0146484375,6776.154653278318,6580.201875013756,6632.388995853743,1101957
2020-10-08,6785.59521484375,6843.245148654098,6729.191062843196,6795.323263859601,851205
2020-10-09,6768.8701171875,6861.45528984613,6710.022137758451,6766.56996037347,839682
2020-10-12,6840.03466796875,6857.6220942607615,6713.856431907287,6814.492395554719,799712
2020-10-13,6740.5966796875,6886.375153358112,6730.149801931894,6838.453266417554,819414
2020-10-14,6711.31591796875,6780.946319082468,6639.529032159918,6747.401001602908,779630
2020-10-15,6606.12744140625,6756.889496588777,6572.678061011493,6736.8582432969015,681316
2020-10-16,6608.33251953125,6689.8956677599745,6577.758448114141,6608.428456906164,657914
2020-10-19,6567.16748046875,6689.895242529748,6541.33739688618,6685.103053960601,548457
2020-10-20,6560.1220703125,6660.182861846285,6526.960035857418,6533.669099036713,659864
2020-10-21,6576.65625,6658.842288081788,6483.495912349733,6617.054308066088,911967
2020-10-22,6528.44580078125,6574.882292211915,6493.60696652345,6544.212287350286,584523
2020-10-23,6808.0224609375,6828.581136399999,6548.046239837398,6572.965619555749,1758998
2020-10-26,6761.5859375,6863.659550115524,6646.813025662356,6804.907507701635,1559351
2020-10-27,6860.88037109375,6910.096240822984,6759.861130625127,6773.279258489688,1461819
2020-10-28,6887.38134765625,7027.265523274737,6814.492344583112,6895.911817948495,1645177
2020-10-29,6821.8720703125,6899.792866595093,6696.316734081918,6818.325663697387,1434852
2020-10-30,6675.66162109375,6814.491402404003,6595.009189865252,6784.827571200099,1360249
2020-11-02,6582.884765625,6760.243450438535,6565.297342649826,6752.0967311082395,1059351
2020-11-03,6626.01513671875,6673.841082689946,6567.646376413788,6651.557406939034,926491
2020-11-04,6665.0234375,6760.81947190451,6622.325225563398,6626.015304270955,901404
2020-11-05,6798.00634765625,6809.6035367690865,6689.559221619907,6728.232274229464,843221
2020-11-06,6620.50390625,6838.452531020343,6603.635310263512,6797.239712683429,1378439
2020-11-09,6586.52783203125,6740.309354858657,6531.753208698805,6699.432078778762,1479540
2020-11-10,6511.09912109375,6684.144869692243,6480.42911308828,6683.282369314526,1695413
2020-11-11,6572.34228515625,6617.053306382515,6472.42516360492,6573.923613626545,1481918
2020-11-12,6552.69482421875,6641.973201577589,6509.708800160893,6572.007250103539,1418041
2020-11-13,6526.24169921875,6594.051164316922,6503.958023409104,6594.051164316922,970632
2020-11-14,6567.45458984375,6574.786544495042,6550.921539871141,6565.298105064714,128193
2020-11-17,6691.28466796875,6706.09224875651,6577.7575419936065,6579.674417279048,1243068
2020-11-18,6761.10693359375,6776.1545927980815,6659.225192469741,6689.847464422724,1400300
2020-11-19,6673.8896484375,6833.661414567643,6627.789165318045,6738.77607374826,1305695
2020-11-20,6676.3330078125,6728.232313040019,6617.053545474116,6670.294569816209,923474
2020-11-23,6697.3232421875,6751.23536445476,6644.46549501979,6747.401613537978,735755
2020-11-24,6860.88037109375,6909.377412544525,6756.985817511292,6756.985817511292,1910670
2020-11-25,6762.44873046875,6950.925401194468,6725.357006130211,6948.672979114155,947742
2020-11-26,6703.552734375,6802.990643542016,6616.095296191961,6785.738765325088,1068945
2020-11-27,6743.3759765625,6815.45068087192,6641.973452178653,6747.688946336642,2123905
2020-12-01,6806.537109375,6844.970086236306,6685.294741962157,6844.970086236306,1076695
2020-12-02,6906.98095703125,6919.919865366769,6809.699535101232,6814.491723373647,1106734
2020-12-03,7417.4453125,7459.37696195885,6948.290057411836,6948.673338895171,3846792
2020-12-04,7478.83251953125,7555.0283113260675,7323.661560404386,7473.896659320583,2393536
2020-12-07,7421.56640625,7509.3593933291095,7370.385926573179,7503.416892383303,1037296
2020-12-08,7440.06494140625,7680.105396143103,7379.970707025596,7425.975719225236,1885285
2020-12-09,7388.83544921875,7475.765931221029,7372.302399765299,7451.852724671762,822760
2020-12-10,7414.4736328125,7523.735524505962,7389.554254005218,7437.476136326913,1186739
2020-12-11,7412.125,7471.692271918532,7379.969605342994,7456.596879543967,706875
2020-12-14,7376.90380859375,7499.775720695099,7336.841296092139,7485.399153818367,1038032
2020-12-15,7442.50830078125,7466.229633699615,7322.990933185573,7376.9030534545855,891801
2020-12-16,7472.31591796875,7570.699455092324,7447.06099076685,7494.982876164321,963504
2020-12-17,7374.21923828125,7506.387695887227,7308.087040797314,7475.717691256996,734075
2020-12-18,7245.54931640625,7405.848019824874,7228.29743801142,7393.3883298730525,1078328
2020-12-21,7069.5322265625,7283.167890674146,6975.605334433791,7245.788821357619,970306
2020-12-22,7088.0302734375,7128.8598142096225,6905.63976116422,7073.270426037512,1138240
2020-12-23,7140.31298828125,7241.57183567467,7086.688212838042,7092.8221203986,951805
2020-12-24,7136.57421875,7219.670947197648,7106.048355090078,7195.230788005648,589281
2020-12-28,7171.98876953125,7229.495027204894,7144.194078322322,7154.736892229157,521320
2020-12-29,7142.61328125,7231.41244048369,7109.978196799856,7207.451498003625,538719
2020-12-30,7296.48974609375,7317.671311332359,7121.191597013678,7185.406918278808,1029800
2020-12-31,7331.6650390625,7377.094891921753,7264.957682313484,7298.167454638502,908515
2021-01-01,7371.6318359375,7426.454660621891,7332.048545364582,7335.882296237975,767574
2021-01-04,7382.1748046875,7432.876535434509,7324.956352501946,7417.349656878811,598645
2021-01-05,7337.271484375,7354.0918774550555,7270.7078042974135,7341.632188362534,562668
2021-01-06,7311.53759765625,7426.933397864853,7241.475711390875,7335.881820526208,840678
2021-01-07,7251.5869140625,7384.186855064972,7238.216989785747,7356.967319704659,642968
2021-01-08,7681.7822265625,7725.007860421097,7284.126518511208,7284.126518511208,2557157
2021-01-11,7890.57763671875,7943.531317375725,7554.788909308269,7762.386599834217,2182019
2021-01-12,7847.73583984375,7982.827824598611,7801.6830942769475,7821.81028653491,1514072
2021-01-13,7801.53955078125,7907.111374505239,7773.8885283166055,7847.688234478654,877225
2021-01-14,7810.740234375,7840.020318663655,7689.97708521221,7825.451878553918,718274
2021-01-15,7691.22216796875,7877.87789147564,7667.548571938885,7818.119213227873,751177
2021-01-18,7505.18994140625,7690.456226140257,7423.099847535454,7678.044270962752,771183
2021-01-19,7593.318359375,7658.204308683078,7509.359126090838,7571.657574488529,779892
2021-01-20,7806.42724609375,7830.435923020266,7533.559848705025,7554.405868451131,999226
2021-01-21,7741.0615234375,7923.404291857221,7688.060106986574,7863.981155762489,769494
2021-01-22,7714.3212890625,7962.700322645322,7667.501514343112,7748.968717933008,1172914
2021-01-25,7649.7705078125,7825.356481768154,7619.675657609228,7779.63881625184,753043
2021-01-27,7543.767578125,7753.761382336773,7495.4624092169015,7660.745186076048,1080785
2021-01-28,7273.10498046875,7652.6940701421145,7247.706379693574,7514.152078391645,2085637
2021-01-29,6907.125,7365.5937702394685,6871.9983516743,7365.5937702394685,3069968
2021-02-01,7092.24658203125,7164.321278948768,6854.745924687838,6963.241251518407,1611478
2021-02-02,7336.55322265625,7446.821292444657,7178.8420189035305,7221.732105822272,1700845
2021-02-03,7273.77490234375,7395.736088305735,7165.135905573116,7360.800850200757,1491567
2021-02-04,7322.46435546875,7442.26907332655,7216.125500703294,7284.126845754254,1198036
2021-02-05,7182.67578125,7414.474032121018,7150.903665157047,7360.801521030173,1128089
2021-02-08,7259.7822265625,7320.547082563727,7163.842520112931,7202.659246591569,912372
2021-02-09,7310.052734375,7360.802202379253,7259.207796981831,7265.916861489208,925127
2021-02-10,7304.9248046875,7355.9134095310355,7194.081110301838,7289.110582638793,1015600
2021-02-11,7348.677734375,7422.1418938983425,7253.121304047165,7284.126858681224,818869
2021-02-12,7253.93505859375,7356.008664161595,7213.1055227691895,7303.390532917002,756833
2021-02-15,7280.9150390625,7331.185279334429,7264.957146316103,7284.125898681053,470093
2021-02-16,7377.14208984375,7474.854992318358,7308.326455978403,7321.504973242716,1321126
2021-02-17,7191.349609375,7371.82323284713,7160.775073751744,7360.753465112597,1023548
2021-02-18,7185.93408203125,7264.046751228778,7149.94493513571,7260.021593853826,821462
2021-02-19,7018.63916015625,7175.247784129424,6982.218528163086,7138.443870660078,1013887
2021-02-22,6791.92041015625,7020.555515553243,6762.735797644189,7018.638640327154,1502068
2021-02-23,6680.78955078125,6826.32839960228,6649.6403275690855,6822.9256651975975,1589884
2021-02-24,6663.97021484375,6743.568286056629,6591.655896440374,6618.012935648241,1225254
2021-02-25,6642.30859375,6775.195882975394,6627.596481931652,6771.362132298934,1740066
2021-02-26,6580.7763671875,6780.946157607005,6538.653314604955,6613.219574203298,2687534
2021-03-01,6723.4404296875,6740.548636138805,6629.561270277685,6687.019797281495,1417600
2021-03-02,6914.265625,6934.296879679734,6737.817147774504,6766.57027927283,1395296
2021-03-03,6828.5810546875,6960.461703690628,6806.057769442356,6944.456075393812,796258
2021-03-04,6835.19384765625,6876.981821627919,6719.606176693368,6785.738372698481,906310
2021-03-05,6947.71484375,7010.97173155349,6776.1544965253825,6833.660758164919,1821165
2021-03-08,6957.7783203125,7033.782240948866,6916.086281338246,6962.953790173943,977572
2021-03-09,6998.08056640625,7024.7731498158155,6954.42391658342,7024.7731498158155,678485
2021-03-10,6969.85498046875,7079.979380002808,6949.63185114395,7015.764053285577,659270
