Date,Close,High,Low,Open,Volume
,INFY.NS,INFY.NS,INFY.NS,INFY.NS,INFY.NS
2010-01-04,222.17849731445312,223.65820488991432,220.7072813960477,221.95738203904045,4069264
2010-01-05,222.9226531982422,223.7177755874956,221.1155285472091,222.80783932737577,6895528
2010-01-06,219.6697540283203,228.16535471960455,218.989424979585,228.16535471960455,6817288
2010-01-07,214.73318481445312,219.967472355202,214.1506445647265,219.967472355202,10892600
2010-01-08,209.5583953857422,214.58433560057523,209.0311444139084,214.21865450717465,12649312
2010-01-11,211.7227020263672,213.00257555417514,210.39181626305233,210.48536983781594,7849656
2010-01-12,219.99722290039062,220.5967672258605,212.60289825160032,212.60289825160032,24859680
2010-01-13,228.2080078125,229.1859813879961,210.6342561715405,210.6342561715405,19704040
2010-01-14,228.73944091796875,229.85772377334015,225.37605916976773,227.82524852467265,8413904
2010-01-15,227.5531768798828,228.9733603291519,225.71202301093362,228.73949710133195,5049504
2010-01-18,228.47586059570312,228.76075683187577,225.86935693139853,226.46464514620266,6140088
2010-01-19,224.16001892089844,228.59067232546107,223.4967143831295,227.91034294354006,5837512
2010-01-20,226.01390075683594,227.33203881835274,224.3385939536314,225.24427405884,6091992
2010-01-21,223.25001525878906,226.60914056990515,221.10698250384388,224.763751829869,6682792
2010-01-22,219.03207397460938,221.9574822946867,217.02509379924925,221.10707048512853,13486496
2010-01-25,216.20010375976562,218.55148307804146,214.1335998156581,216.85491641379198,6498712
2010-01-27,212.7943115234375,215.48162135452355,211.34009891168995,215.32428685277,9840856
2010-01-28,211.90130615234375,217.27164699313178,210.85955196337366,213.70843076586328,12732872
2010-01-29,210.5194091796875,212.60291777387144,204.50700281744315,208.55494991465545,15012280
2010-02-01,208.4571075439453,215.15409774041066,203.25684981047348,208.09568267619957,12308784
2010-02-02,207.4961395263672,212.687905629458,205.93988240594706,212.687905629458,9889384
2010-02-03,210.32379150390625,212.60289873069974,208.35084075608572,208.35084075608572,6405608
2010-02-04,206.5692901611328,210.05172246004253,205.16185442706583,209.6265165441315,6176408
2010-02-05,200.07638549804688,203.96701958930714,198.06091362940208,203.2824339192085,13544872
2010-02-08,204.4049835205078,207.67055644730914,199.37904160143992,201.96428510499047,9252480
2010-02-09,210.3748321533203,211.07216553411067,203.60980351734264,204.4389548525391,10387392
2010-02-10,209.7922821044922,212.2797359941187,208.18075630104903,211.83752612169653,7187984
2010-02-11,212.4710235595703,214.14632979798367,210.05160737599903,210.30673078576746,6453888
2010-02-15,212.4881134033203,216.20866463087532,210.46415014513406,213.19821548526693,8950128
2010-02-16,216.12782287597656,216.93996999720167,211.6036379245539,212.602871420229,4418096
2010-02-17,214.18893432617188,218.2496501900787,213.75949302765537,216.87198738969863,7991184
2010-02-18,215.46453857421875,216.5998464274323,213.62340566380448,214.55885847523035,3721696
2010-02-19,215.35829162597656,216.38729828378987,213.04091930204916,214.7204827294828,5998992
2010-02-22,218.4154815673828,220.40118028688255,217.28868614591408,217.28868614591408,5855400
2010-02-23,219.51675415039062,220.17156694099737,217.28016745239407,217.54380335762647,3786032
2010-02-24,219.09156799316406,220.96247371241137,216.94002226362886,218.38572213759267,5427016
2010-02-25,222.58253479003906,223.63278087758195,218.60685973198997,218.60685973198997,8729568
2010-02-26,221.27284240722656,223.65825110083549,219.58478783615718,222.72279833957725,10546368
2010-03-02,224.5937042236328,225.4228555360828,223.033190628221,223.79006941165864,8534656
2010-03-03,226.74111938476562,227.61279176120965,223.88372650937302,225.45275339658306,5904976
2010-03-04,223.13101196289062,226.5496626294479,221.4471927504063,226.3795803001465,6755240
2010-03-05,224.1429901123047,224.50867126714795,222.2168160670297,223.98991186585835,4984808
2010-03-08,226.17124938964844,227.85506871969122,224.3471204329373,225.6142255698963,8664992
2010-03-09,228.24624633789062,229.73872303862686,222.62503740221786,225.36335895103616,7958752
2010-03-10,226.14573669433594,228.88405828098078,225.35910585315042,227.47662273164786,7330952
2010-03-11,228.1612548828125,229.1860053671901,225.35915184528895,226.63476968592266,4298424
2010-03-12,227.33631896972656,229.95133507683178,225.8948752191867,229.60265795774893,3176920
2010-03-15,229.71746826171875,230.67418145670047,224.16853173082487,225.73328100714846,10582856
2010-03-16,232.3621826171875,233.43368859515817,228.1058691250857,229.61109325066258,5881344
2010-03-17,232.86819458007812,234.17782003804547,230.71664924598858,232.5875546213707,6352000
2010-03-18,237.0607147216797,237.59645734957004,233.01274773362434,233.01274773362434,8923048
2010-03-19,235.76385498046875,237.69002884141372,234.71784461885593,236.42292393342797,12582544
2010-03-22,234.4924774169922,236.1592923947988,233.25938064359477,234.04177589562718,4108528
2010-03-23,236.03176879882812,238.03023630622226,235.0665432085402,235.56829857185463,4792560
2010-03-25,239.30154418945312,244.06810488499028,233.93545998524436,235.64903088373103,15207528
2010-03-26,235.97650146484375,240.24130788227055,234.96875528450036,239.47593734388454,9105680
2010-03-29,231.0271453857422,235.56410127282226,229.63247814510407,234.54360697127936,13981704
2010-03-30,224.85733032226562,230.88674001642067,223.70927470892428,230.88674001642067,10649936
2010-03-31,222.46340942382812,227.62965968654564,221.66828706693153,225.69071716394032,13070104
2010-04-01,227.09817504882812,227.74023999733777,222.8078524245799,222.82485650518876,8187000
2010-04-05,227.73605346679688,228.7608039715621,224.33866203605234,227.82535086981966,7318616
2010-04-06,225.46536254882812,228.33550153459822,224.95511561802454,228.08037806919643,5348808
2010-04-07,224.82752990722656,227.46806164491966,222.5866874036355,225.83101958318383,8380880
2010-04-08,226.5283660888672,227.7316900713155,223.65822724119033,224.5086387516131,7227984
2010-04-09,227.58721923828125,229.41560474866898,226.6347621015507,227.05996803419902,8260312
2010-04-12,228.17398071289062,229.4410858920737,225.53344812574204,228.41207938886754,8325648
2010-04-13,236.5759735107422,237.5922318913246,224.08343653041223,228.76069991150243,57635400
2010-04-15,238.25135803222656,240.21579666679375,234.65411227022028,237.0947897772914,22395128
2010-04-16,237.1458282470703,238.88065990741987,235.6533514775901,237.4434723587385,6244344
2010-04-19,234.02474975585938,235.95943606200422,232.67260367526623,235.95943606200422,8754896
2010-04-20,231.9327392578125,237.26055915466029,231.31193469245113,235.18130712940206,9542128
2010-04-21,230.6698455810547,233.8418843866489,229.63660399211886,233.26785666790724,6496288
2010-04-22,231.17588806152344,234.95598434795127,229.01585083670977,230.2914682754586,6978144
2010-04-23,231.9030303955078,234.17788185012068,231.0441269763902,232.58761601368968,5888336
2010-04-26,232.9235076904297,234.20338144732665,231.74144373592938,232.17090579548673,4454288
2010-04-27,232.79592895507812,233.2168785621552,231.85621994566188,232.08584769679737,3280256
2010-04-28,229.56863403320312,232.32821579462987,228.8542965236395,230.47007872279895,5544496
2010-04-29,230.38925170898438,232.4089792712557,227.4851043821403,229.5260922345408,11319960
2010-04-30,232.85546875,234.61158134823992,227.66372198864278,230.63165048394796,8067024
2010-05-03,229.17742919921875,230.88250872434404,228.08040646620722,230.29147677497733,5408952
2010-05-04,226.73248291015625,230.12138147803913,225.8268028510469,230.0363403171086,6576208
2010-05-05,229.01583862304688,230.29145599376565,221.95742250506956,225.30803582735697,12122080
2010-05-06,226.05213928222656,228.78622488989748,224.98063317967816,228.78622488989748,7808360
2010-05-07,222.53997802734375,224.96365119817605,221.70657046883244,224.34710275998185,8984392
2010-05-10,227.54466247558594,228.23350428178452,222.8078732912232,222.8078732912232,5635408
2010-05-11,226.27328491210938,227.44260095741296,224.16851603056293,227.0429116252372,5802824
2010-05-12,228.0548553466797,229.51755902266618,225.55039754873187,225.86930187178126,9185176
2010-05-13,230.13412475585938,231.5670765937503,226.3157850110606,228.2504713836305,4923880
2010-05-14,225.52064514160156,231.90724459758638,223.65825203214234,230.46154486962197,6824496
2010-05-17,222.49742126464844,225.19322156915499,219.07025876482487,224.08343040847026,8170824
2010-05-18,223.5902099609375,226.20948179730664,219.580527639143,226.20948179730664,7144600
2010-05-19,221.34938049316406,225.55891770173315,220.54998117211403,223.31807494348237,11939240
2010-05-20,221.17079162597656,224.0451869182242,219.95895512470955,222.12750465329262,6508872
2010-05-21,219.55502319335938,221.787353728394,217.56506827835815,218.3857071988174,7127200
2010-05-24,221.1410675048828,223.65829463908327,219.34245492313897,222.04251228237507,7186104
2010-05-25,215.44326782226562,219.9887344630474,213.46182539114704,219.9887344630474,8838128
2010-05-26,224.22476196289062,225.83732327947675,218.68126784679532,219.43409164526892,7868856
2010-05-27,226.1324005126953,227.89895122101248,222.00472618971713,224.80213031023087,11312696
2010-05-28,229.0496368408203,229.64418905319042,225.61490576507967,228.41659234870886,6793992
2010-05-31,227.38577270507812,233.97294520255403,224.52420649207437,233.97294520255403,7020752
2010-06-01,224.507080078125,227.34297753964012,223.92963319255867,227.1291083227637,5782888
2010-06-02,225.8672332763672,226.8681368274173,224.4856467750638,225.41810801372128,6557144
2010-06-03,230.8076629638672,231.47493910953938,227.5568508094465,227.5568508094465,5517096
2010-06-04,233.4553680419922,234.2295788255431,229.47740039575854,230.80767117286896,4950400
2010-06-07,228.55340576171875,231.83416699579405,226.70130720990932,231.83416699579405,7781952
2010-06-08,227.08633422851562,230.03772941814978,226.5174504665191,228.55346870040083,6651144
2010-06-09,224.55836486816406,228.24119644673286,223.8354911929822,228.24119644673286,5427120
2010-06-10,226.32057189941406,227.04344530813597,224.18188081700885,224.57966900407416,5187448
2010-06-11,225.05455017089844,230.20023456310452,224.22046032421355,227.97599497194483,9912864
2010-06-14,234.9481201171875,236.01320535159468,226.70989593881052,226.70989593881052,9728848
2010-06-15,233.9472198486328,237.82253365693774,232.8693316879162,234.95668657869766,7946312
2010-06-16,236.91574096679688,237.77978090485075,234.57174284623161,235.6752995841308,5720064
2010-06-17,236.52647399902344,238.14759810153328,234.05841546704556,237.4803221259205,5639240
2010-06-18,238.35296630859375,240.81674392266223,231.65031742388672,231.65031742388672,8356232
2010-06-21,239.60194396972656,241.1418021946147,238.7849594566115,239.48216468750363,7164752
2010-06-22,236.71900939941406,239.4779222625943,236.11161247681983,238.67804304722006,4763688
2010-06-23,239.34097290039062,239.95691189362154,232.5057230168773,235.0079921464766,4948088
2010-06-24,241.47540283203125,242.4164271977452,238.08344608624506,240.76535299713294,12316104
2010-06-25,237.62579345703125,240.555801582088,237.05262816152535,240.3889877783783,3345664
2010-06-28,240.30337524414062,240.98775651931086,236.96701652768584,236.96701652768584,3834168
2010-06-29,238.98175048828125,240.69698582774865,236.71901829415577,238.93897664383402,3773072
2010-06-30,238.7635040283203,240.27341177799835,233.71619240608064,237.6513845183353,9449976
2010-07-01,236.7146453857422,238.76350756698724,235.34160133170258,238.76350756698724,5847248
2010-07-02,233.331298828125,237.39053209531647,232.34750050126033,237.39053209531647,11169440
2010-07-05,234.69573974609375,235.42717646639,232.68965115864128,233.54512781731276,3616720
2010-07-06,238.25888061523438,239.44798515616986,234.6573144992404,234.6573144992404,5872600
2010-07-07,237.97225952148438,239.499293968123,236.55644123629708,239.499293968123,5923392
2010-07-08,241.9716033935547,243.50289845125496,239.54205773107012,240.04678066901695,6278192
2010-07-09,245.84690856933594,246.42007380532468,242.79286079894194,242.79286079894194,7859112
2010-07-12,247.73751831054688,248.94374895355654,243.8108881503904,243.81516971152587,8597240
2010-07-13,239.25547790527344,245.9538655346215,237.908101923506,245.52184556650923,25502384
2010-07-14,234.6487579345703,240.30346877587357,234.14403490194587,238.6737810529301,14193928
2010-07-15,236.07742309570312,237.480396913403,234.40067995054906,235.16632762945846,8328136
2010-07-16,237.56590270996094,238.76357020651818,235.3416630734975,235.68385378679957,8205560
2010-07-19,237.00564575195312,238.91764539858022,234.0371444326736,235.170651574676,7047120
2010-07-20,236.08163452148438,238.03640726243296,235.55552467101856,237.0055535947299,5054736
2010-07-21,237.10824584960938,237.73702972329525,236.11162361867395,236.73612593074068,2634480
2010-07-22,235.64111328125,236.51797710812707,233.2928333561614,236.51797710812707,8226952
2010-07-23,238.37432861328125,245.52612301117895,236.5393350555348,238.42138401438532,5323096
2010-07-26,239.9141845703125,240.38897836663915,238.67802478395845,238.67802478395845,4470816
2010-07-27,241.9972686767578,242.44211241230835,239.79013447131274,239.79013447131274,5093960
2010-07-28,242.27960205078125,242.8270988692344,240.56008526344448,242.01439587847952,3725168
2010-07-29,242.3694305419922,242.95544057511077,240.46173375586878,241.65511985902518,3613008
2010-07-30,238.54112243652344,242.20684856958098,236.11157688372396,240.81669888684166,4472672
2010-08-02,239.2725067138672,240.62844538423255,237.92084960333398,239.53343123573765,3815232
2010-08-03,238.1904296875,241.15893025669797,236.9243197395974,239.96126263569982,2434584
2010-08-04,245.90684509277344,247.40392972979677,238.67806498828944,238.67806498828944,9536024
2010-08-05,245.45767211914062,248.66999156614304,244.79895918367686,246.37730964646687,6594296
2010-08-06,244.99143981933594,247.40388011636705,243.98197306081562,244.7519021483147,3676480
2010-08-09,245.91957092285156,246.6253391134265,240.92359596443936,243.68250798214135,4201544
2010-08-10,242.01869201660156,245.52186567903507,240.81674281759013,245.52186567903507,4811984
2010-08-11,240.4659881591797,244.48672950043405,239.53352671302753,242.44214810882858,5344800
2010-08-12,237.19802856445312,239.19129352092665,235.59829125773678,239.19129352092665,6973400
2010-08-13,237.58724975585938,239.36236378320083,235.6838142325655,237.39476751193078,5561808
2010-08-16,236.2740936279297,237.65141942377895,235.25608474276174,236.11156141455362,5193608
2010-08-17,235.29888916015625,237.5231287959185,233.54516175503602,235.6838537124997,5140640
2010-08-18,240.15367126464844,241.2016301115598,235.95327275664195,236.54784570892738,6128144
2010-08-19,239.92703247070312,241.6721967941724,238.50265106262395,240.81671999136117,4826744
2010-08-20,236.93280029296875,239.79008369590954,235.5982484832447,239.79008369590954,4624824
2010-08-23,239.8030242919922,240.38903438488475,236.22286561734094,237.1382218202493,4511832
2010-08-24,236.56072998046875,238.59248744798026,235.7009715907678,238.59248744798026,5247552
2010-08-25,237.04408264160156,239.01596104640623,235.76514887063556,236.28271656522702,3502008
2010-08-26,236.59494018554688,238.07491927264266,235.02943430145896,237.39481937265393,7834984
2010-08-27,231.82569885253906,235.9405514876461,229.38758945536793,235.9405514876461,6973800
2010-08-30,231.01724243164062,234.0584668190875,228.0957973349302,232.63410621409272,4781168
2010-08-31,232.16358947753906,233.03189011175854,228.93842509748976,229.69553045156817,7722280
2010-09-01,237.4932098388672,238.20754140042177,231.68453007638436,232.16360549182613,10131800
2010-09-02,235.51278686523438,240.73119587314548,234.9053899215225,239.44798054333128,3402512
2010-09-03,237.60440063476562,239.87569572541838,236.2057085923016,236.2057085923016,7606688
2010-09-06,242.2410888671875,242.95542037643344,238.30163476292546,238.35723240275976,6391192
2010-09-07,245.08985900878906,245.76995899135406,240.40612281463933,242.95544824447893,8321272
2010-09-08,246.3260040283203,246.94196408934133,241.67221816378668,244.4097441748455,9386496
2010-09-09,247.6605224609375,248.08826084169905,244.49525844330202,245.53039367901022,7591392
2010-09-13,251.24502563476562,251.93797034209615,246.5484653738272,247.23284695709947,6650488
2010-09-14,254.55577087402344,256.6431266162337,252.36574117262978,252.41707815222148,9767144
2010-09-15,261.16424560546875,261.77590316873784,253.99106421829498,254.50435030293954,14344648
2010-09-16,253.7301483154297,259.3848585627682,253.07143532801416,259.3848585627682,7088984
2010-09-17,254.08946228027344,257.7124152943628,253.16982461573753,253.73016616056478,8616488
2010-09-20,257.37884521484375,258.1829853238105,254.50443384305376,254.50443384305376,5025976
2010-09-21,261.70318603515625,262.2036483348574,256.35219517326544,257.9262641858385,9223912
2010-09-22,257.8664245605469,262.0240300600766,256.16829443850247,261.81872394368054,10806440
2010-09-23,258.60211181640625,259.61586032880683,254.33757186823127,257.0750980336557,11181376
2010-09-24,260.84344482421875,261.66469003776496,256.0998091618126,258.60207885344164,8791520
2010-09-27,259.43182373046875,261.7758210945029,258.6405079314086,261.3480828247406,7210320
2010-09-28,258.06304931640625,259.0468472913,256.7284976222876,258.78164122206596,6209144
2010-09-29,259.29931640625,263.40132375033437,256.86548893002254,258.8672964171847,8972920
2010-09-30,260.96319580078125,263.05911394440335,257.28036402842685,260.6594973620216,13665816
2010-10-01,265.3817443847656,266.0575836320356,258.89296496695044,261.0059886229828,8086512
2010-10-04,263.3542785644531,270.50179214503925,261.9940786659979,266.2244077025181,7636640
2010-10-05,263.8889465332031,266.1388548837346,262.6313997084749,263.0591381444822,5189152
2010-10-06,265.5228576660156,267.15680560296016,263.1959652599603,265.71105835958235,5788528
2010-10-07,261.2155456542969,264.9839249383002,260.23602894666965,264.2567696963388,6833672
2010-10-08,263.1702880859375,263.9701462285805,259.81254220828555,261.775856958341,6548160
2010-10-11,263.01202392578125,264.94112801792943,261.6603665931168,263.51248613826493,4493832
2010-10-12,263.0762634277344,263.9103534411148,260.94613420936827,262.8025149850917,4625624
2010-10-13,269.7189636230469,270.7412540414274,263.07617491244105,263.5723555459726,13024504
2010-10-14,272.4906921386719,276.22912081499254,270.0055283644507,270.76691509254516,9193376
2010-10-15,263.1702880859375,277.0033414480746,261.87422841960034,273.7525301525135,25870360
2010-10-18,265.80096435546875,266.8146919885695,260.0051081407048,263.52966892369346,12591096
2010-10-19,257.5156555175781,265.6298623709623,256.7286209367581,264.744435413998,14077712
2010-10-20,258.2342224121094,260.4584619819444,255.7875505310257,257.4813986882634,7093856
2010-10-21,263.0762023925781,263.41864935023244,258.36426009873287,259.9031230451014,9231920
2010-10-22,264.6974792480469,267.4500938378756,260.3496571104125,260.5447242860697,11345744
2010-10-25,261.749755859375,266.5830862209553,260.9651693882994,265.18728513012,5224432
2010-10-26,261.290283203125,263.8434911705689,260.32360442406946,261.82345826923716,6925872
2010-10-27,258.3729248046875,260.95648493528125,257.24587021858827,260.26291288229714,9072696
2010-10-28,257.5623474121094,262.9418491797629,255.5856626571581,258.7023981062081,18232152
2010-10-29,257.635986328125,259.91610852472826,255.23449749726484,259.135840020151,6886024
2010-11-01,260.2325134277344,262.859421335072,258.6156323390017,258.6156323390017,4552944
2010-11-02,262.43475341796875,262.91592342578895,258.77182477356075,260.26300095888337,4998504
2010-11-03,262.20062255859375,263.9692230585196,261.3943407083379,262.85950339540403,3047536
2010-11-04,266.7782287597656,267.4588050120731,262.94624622426426,263.90424714967605,5514792
2010-11-08,261.4679260253906,267.37196524183435,260.67466163777084,267.37196524183435,5381520
2010-11-09,265.2739562988281,266.5917388723844,262.6903963523007,263.27993678856313,5266960
2010-11-10,267.25494384765625,269.19261899187853,262.69905993418126,264.2509187398537,9728432
2010-11-11,264.8275146484375,267.37206596053056,264.51108081892954,267.37206596053056,5586392
2010-11-12,259.9031677246094,263.4490468821691,259.1358950656696,263.3840244929757,7499456
2010-11-15,262.69476318359375,263.98653271035914,258.1475354876633,260.3496183653565,5850488
2010-11-16,257.571044921875,261.73681731407754,254.9094657528044,261.12994161974217,8375136
2010-11-18,260.43194580078125,262.85079083986653,256.50459013476006,259.13583736468723,7128224
2010-11-19,256.9511413574219,260.843806504865,255.32124260434236,259.01018363648916,5664792
2010-11-22,263.8782043457031,265.98493409999764,257.60572357011705,257.60572357011705,8780144
2010-11-23,261.1385498046875,265.1872723336839,258.35124448390127,262.5083376435782,4579872
2010-11-24,259.7341003417969,263.11526468090096,255.776412601072,262.1616029442306,4038888
2010-11-25,265.6684875488281,269.71287171023437,260.5707279775856,260.5707279775856,18331976
2010-11-26,263.7351379394531,269.10598281557566,262.42601209525327,266.1583013027762,9515792
2010-11-29,265.6336975097656,268.38197191857034,264.5239782412704,265.7247330544794,4964328
2010-11-30,264.5110778808594,267.25935328343013,261.14724873062755,263.86085399226334,9072544
2010-12-01,264.6324157714844,265.8548450156087,263.1239049803921,264.4070175476266,4624096
2010-12-02,268.62908935546875,269.57407268309987,262.8637724465971,264.94448832348314,7197360
2010-12-03,270.92657470703125,272.9119161800289,269.01925162109376,269.3660376367188,6647816
2010-12-06,272.5218200683594,275.38280509783345,271.01330915563875,271.3600952198174,6023648
2010-12-07,275.5735778808594,276.9953923988594,272.24441868098046,272.7342667381168,6085496
2010-12-08,271.459716796875,274.31638318682894,269.9728804017718,273.87422260410955,6951112
2010-12-09,273.21966552734375,275.87692580454126,272.3266873936789,272.6604773666077,7931128
2010-12-10,272.595458984375,274.1343217964837,270.3023408863193,272.66048135671764,6125120
2010-12-13,272.68658447265625,273.6489032010238,266.59181452842006,273.0073573821121,6849080
2010-12-14,273.8439025878906,275.17470238440296,271.0826316483352,274.28172416423155,3933584
2010-12-15,277.7279357910156,278.2091056635184,272.8079087587923,272.8079087587923,8254392
2010-12-16,285.5176086425781,286.0984710019907,278.2957854292091,279.11072412257727,8509144
2010-12-20,290.4289245605469,291.62967950494715,281.93700695155263,281.9456850676676,11346320
2010-12-21,288.6343688964844,292.1325816987441,287.0564965767604,290.48100887575004,8059840
2010-12-22,288.91607666015625,291.27421714865613,287.29051733911257,288.2658529317388,5927280
2010-12-23,291.98516845703125,292.3406326155763,288.6343568017222,289.9131303281397,6231504
2010-12-24,292.18023681640625,293.1902638648717,289.74407756752777,290.1732210618935,3620064
2010-12-27,292.7653503417969,294.05714066185186,291.0400987649314,291.0400987649314,3691760
2010-12-28,293.263916015625,293.8968047177511,291.6036864575044,292.25391022692054,2554440
2010-12-29,295.19293212890625,296.06857532766355,292.26260708639336,293.1208940506092,3802920
2010-12-30,298.8385925292969,299.4498072840523,294.94158783449507,295.63516005750387,8991688
2010-12-31,298.47442626953125,299.18967251649184,295.21462884723,297.62913525039596,5859728
2011-01-03,299.826904296875,300.8108970528771,297.1696433842555,298.5828008269727,5048544
2011-01-04,301.82952880859375,303.35105663253324,299.7098035949321,299.7098035949321,8119288
2011-01-05,299.93524169921875,301.44375244257054,298.6781423577125,300.4033943668412,3523160
2011-01-06,301.5434265136719,302.83087802009226,298.59142758726813,301.7038235069914,4691840
2011-01-07,292.2322998046875,303.0043425995351,290.98387836172174,300.26040616090637,8550928
2011-01-10,294.399658203125,298.5090640925048,290.60668609198996,292.60070571612954,10390408
2011-01-11,288.32659912109375,296.7968445038011,285.0668228181259,289.56636353352246,12319416
2011-01-12,292.80010986328125,293.901151240897,287.67633796368796,290.43329104926397,10035400
2011-01-13,277.879638671875,286.01177522274253,276.9953385379395,285.49159618323466,22352872
2011-01-14,277.8016052246094,284.1824550636918,276.12835850499357,276.2280510157065,10321640
2011-01-17,283.39361572265625,284.5119924704096,276.67029572492504,277.42889034696753,8218616
2011-01-18,288.0925598144531,289.19360147639236,281.7637133304161,281.7637133304161,9797168
2011-01-19,281.72900390625,287.31225101165546,280.5325877647656,286.7183714168254,6935088
2011-01-20,285.7430114746094,286.7400213139013,278.9980401034418,280.2031130949127,7231848
2011-01-21,281.2304992675781,284.1911767948815,280.11644058092196,283.58430118854716,4626824
2011-01-24,284.7677001953125,285.2315350181055,279.79566774810115,280.8967092579519,7501360
2011-01-25,282.6003112792969,286.5190110316884,280.5542860466895,283.0641461414223,9925912
2011-01-27,277.16009521484375,283.41092274834125,276.1717633572472,283.41092274834125,12710648
2011-01-28,274.6675720214844,283.3719153497669,272.2834177158428,277.9317087068938,12684296
2011-01-31,270.2937927246094,272.0970849511425,267.5628517732119,272.0970849511425,7749368
2011-02-01,267.8228759765625,271.22137520838135,263.82617924413853,271.0393252224389,10301688
2011-02-02,267.8271789550781,274.3077427252139,265.72478870189025,269.88622095562295,9174728
2011-02-03,270.2850646972656,273.35411287392253,267.562781415836,268.880564215809,6049408
2011-02-04,264.24224853515625,270.81384733537146,262.37827382288395,268.67244806194196,6959880
2011-02-07,267.671142578125,269.96426109446696,265.378024061783,266.58309711589476,7341128
2011-02-08,268.4643859863281,270.493075586774,266.3316436546698,268.7591456150639,6023992
2011-02-09,271.4207763671875,273.9349753122835,265.97623097009614,267.45874984900587,7504144
2011-02-10,264.70172119140625,269.9728720595795,263.64402823801584,269.2489478957273,8252152
2011-02-11,263.631103515625,266.04558873498246,261.853824975576,262.70777294025635,11214152
2011-02-14,269.15362548828125,270.34570237293667,263.600710385077,263.9041481375347,6979048
2011-02-15,269.32708740234375,271.2734201078885,266.5181073611763,268.75922094421685,4599952
2011-02-16,269.0192565917969,270.8138700225878,267.12061158762396,267.2203041025027,2920384
2011-02-17,269.9166259765625,271.18672156089394,268.9499470539214,270.36310459963164,3392984
2011-02-18,268.78521728515625,272.66054738196726,267.8142205229385,270.92661703295636,7102304
2011-02-21,274.4161071777344,275.50415252780294,266.67844425518075,268.7591603351952,9398952
2011-02-22,272.3874206542969,274.5678292722102,269.97291454173114,272.24435872243834,6085648
2011-02-23,266.9212341308594,269.27069698341114,266.162639625986,269.27069698341114,7076384
2011-02-24,260.8524475097656,267.02523440964393,259.6560315119752,264.4243392692902,16486520
2011-02-25,260.722412109375,263.78712096005927,257.14184210443,262.10087811677636,10366720
2011-02-28,259.83807373046875,271.77617686331354,257.2631708950734,261.9968079903409,14514472
2011-03-01,267.23333740234375,269.4527767195147,260.78312495891254,262.69044834624503,8377632
2011-03-03,262.3523254394531,265.2046322396475,260.1762345051265,265.126613844706,12571856
2011-03-04,265.4820861816406,267.89225373324604,264.25099979900773,265.8982337216394,9770912
2011-03-07,263.7913818359375,266.59168244081894,262.3002065771375,263.2105196391305,7357728
2011-03-08,270.1723327636719,271.5334637093189,261.84078985837004,262.71209399909435,8514512
2011-03-09,268.36907958984375,271.6028640423264,266.2450148345696,270.4931443451179,6676440
2011-03-10,267.91387939453125,268.7591703334833,265.5080513375138,268.3256878006874,3438200
2011-03-11,264.762451171875,266.9385419386424,263.99086073503287,265.98488037276877,7278272
2011-03-14,268.8284912109375,269.4527017307545,262.7467194937486,263.1238577068339,3557952
2011-03-15,262.7033996582031,265.1959241152709,260.6096875807215,262.8637966549394,9037824
2011-03-16,262.7685241699219,265.4171075948241,261.8278794480173,262.2570230707219,5594720
2011-03-17,258.24285888671875,260.0028020602004,257.575300073643,258.7110326838088,8321376
2011-03-18,254.98313903808594,259.6387378485134,254.24621863080333,258.3686211527469,7468000
2011-03-21,253.35325622558594,256.3616213740548,251.7970578535849,255.87611237337526,6607096
2011-03-22,255.15213012695312,256.33986790447784,253.50055762330032,254.46721509990292,5119744
2011-03-23,259.5129699707031,259.9854616501482,253.76064887932742,254.43254673679743,7266720
2011-03-24,260.3323059082031,261.1472447028842,258.24725043770184,259.4783367478945,8189232
2011-03-25,274.22540283203125,276.1283870116464,263.5617319992424,263.90417898381526,12662792
2011-03-28,272.1880187988281,273.7485559019737,269.604458694837,272.14033148744863,12056632
2011-03-29,275.118408203125,276.4491870757394,271.2690700434972,271.5334986607983,9860592
2011-03-30,274.9059143066406,277.73222857977584,273.6704892224322,275.0012889199466,5608128
2011-03-31,281.0094299316406,283.0641331889414,274.29910669326495,275.86832214615976,18839928
2011-04-01,279.00244140625,282.3055878060397,278.1224800558235,280.47196458509757,5588288
2011-04-04,284.6376037597656,285.75166224437606,279.249424784325,279.5962107821944,7375992
2011-04-05,284.6463317871094,285.49162280513247,280.12511701357573,284.1001395114662,4302536
2011-04-06,283.9440002441406,286.0117199933597,281.94132402843934,284.27779019649176,6766920
2011-04-07,281.408203125,282.79534733322066,280.6972959515151,282.79534733322066,3800288
2011-04-08,279.7956237792969,283.0337254135916,278.0746897564975,281.0700581192813,4832928
2011-04-11,281.03546142578125,282.7867269820942,275.7816435906987,277.0214081204842,8000064
2011-04-13,286.635986328125,287.5809909512006,277.08203551935264,278.38248312035086,11068904
2011-04-15,259.17919921875,285.97709712441457,258.1388411686998,285.76467375628505,81019736
2011-04-18,251.94863891601562,257.2284458703599,249.68585241207836,253.06701499682526,41086712
2011-04-19,250.3231658935547,253.76067390136933,249.77263461217802,251.94004726934722,19210632
2011-04-20,252.0528106689453,253.83874637932195,250.63965308212315,253.0671557754125,17949856
2011-04-21,252.2868194580078,254.9310627547326,251.51522906082857,253.04107478810826,23953696
2011-04-25,255.0004425048828,256.96410993916913,252.0614181921677,252.72032011759222,15527240
2011-04-26,255.0914306640625,256.18379375913355,253.15375560929738,254.45420298400268,18230880
2011-04-27,256.0278015136719,257.0248114233519,255.10449210725073,255.32123339196377,9981328
2011-04-28,253.9470672607422,256.44826997629065,253.24049918889284,255.66800140638307,23419304
2011-04-29,251.96165466308594,253.93399965872814,250.37510478501295,252.28676647555443,16254336
2011-05-02,253.3749237060547,255.23455986313323,252.28687812558346,253.07148588013044,13468184
2011-05-03,252.3778839111328,256.3745803896321,251.4155441675001,253.15381345544796,13234040
2011-05-04,248.7973175048828,251.85336957981866,246.4565116602511,251.5065835287621,16924400
2011-05-05,246.955078125,249.59064430309135,245.95806797985784,248.58497720420078,12661232
2011-05-06,250.8130340576172,252.2868749075928,246.9116906312111,247.76997771856335,11930664
2011-05-09,252.1611328125,252.89371407255734,248.60223692254309,252.28683851598967,4938200
2011-05-10,249.69029235839844,253.57861820228592,248.99238120709336,252.08744243664145,4873368
2011-05-11,251.9443817138672,253.50057973998716,249.68159447476677,249.85932654262757,6410072
2011-05-12,249.7943115234375,252.2001395997153,248.99236883134492,251.2377999027484,4996480
2011-05-13,249.54290771484375,252.46023680626226,248.92735402815265,249.96337308813716,8282336
2011-05-16,247.1197052001953,249.3391441570613,246.42181527967628,249.3391441570613,6469368
2011-05-17,246.57791137695312,249.45191386016305,244.82664581750674,246.94637160561,7570472
2011-05-18,246.43479919433594,249.88966315697186,243.0102874729019,247.08502293891203,10176496
2011-05-19,246.7772674560547,247.9259961707284,245.83662305730738,247.9259961707284,7455960
2011-05-20,247.07205200195312,248.27278593909816,245.53750687612657,246.651565471337,8023672
2011-05-23,245.9623565673828,247.32782670335607,245.16475284816963,246.89868317956424,6778880
2011-05-24,246.6082305908203,248.28581657948877,245.6112206938984,245.6112206938984,7625464
2011-05-25,241.7661895751953,245.15169217986661,238.98758364498738,245.15169217986661,11075416
2011-05-26,242.45608520507812,244.30732400044613,240.83624326449126,243.97986355365794,8476176
2011-05-27,243.4122772216797,245.115071627356,241.0109004957259,241.0109004957259,6264944
2011-05-30,242.80972290039062,245.03645371982017,241.09818793901806,245.03645371982017,6867352
2011-05-31,243.250732421875,246.07563333357288,242.4561077884115,243.89256348497838,20410608
2011-06-01,245.5124053955078,246.59956991549836,243.10665816032133,243.9798860991156,8105864
2011-06-02,244.77011108398438,246.25022787067624,242.49534850952764,242.75731683704964,7117288
2011-06-03,245.91839599609375,248.24119035103377,245.45558102233056,245.4643218274917,6293384
2011-06-06,247.81336975097656,248.5163225665815,244.08031998833167,246.4249457352944,3769264
2011-06-07,252.58558654785156,253.58542841190643,247.12791117741625,247.12791117741625,7978664
2011-06-08,250.7648468017578,252.55496396122575,250.37626465777888,252.27553530258024,5945968
2011-06-09,249.8741912841797,251.6206472777787,249.2673020902126,251.6206472777787,4221616
2011-06-10,249.94839477539062,251.55949597606852,248.97473288212257,250.48542140260312,7187264
2011-06-13,251.2800750732422,251.68174712547543,246.2240726192544,248.73897329552923,7733184
2011-06-14,250.81716918945312,251.79517984301836,250.15787808402524,251.29744437209112,7870104
2011-06-15,247.6125030517578,249.8959854014893,246.85277775052512,249.8959854014893,7335880
2011-06-16,244.53001403808594,247.0361738568839,244.07156938882875,247.0361738568839,7628960
2011-06-17,241.853515625,244.79631020227853,238.5046999899954,244.51251118308983,8525168
2011-06-20,236.60548400878906,242.73553996830103,231.62371427859287,241.73569822702368,12458152
2011-06-21,238.1423797607422,240.57432841407018,235.18651559506662,237.77999864664721,7542816
2011-06-22,240.57864379882812,242.9057874984345,239.44781799349806,240.39962782523395,5625000
2011-06-23,242.6787567138672,243.55198455088725,238.871474816844,240.13765518052313,4158768
2011-06-24,249.73873901367188,251.2887181018291,243.71783859418633,243.71783859418633,11219288
2011-06-27,250.70811462402344,255.24452955640228,246.27211237818798,247.26758371267974,10724296
2011-06-28,250.20599365234375,251.21457613743323,248.32855367333508,250.6207769035201,4486792
2011-06-29,251.64244079589844,253.8473411620289,250.44175247770858,250.44175247770858,4800752
2011-06-30,254.14857482910156,254.89518884440605,251.6205846711737,252.01790757466674,11341840
2011-07-01,256.2181701660156,259.3443304877051,255.34059313237455,256.29240306930825,6402464
2011-07-04,256.63726806640625,259.9599039544892,256.29234736527576,259.05610469596104,4114592
2011-07-05,258.1654052734375,259.3398922942033,255.50643112718905,258.2134370618927,6423728
2011-07-06,257.92529296875,259.5625951061067,256.47574760123314,257.3402346021422,3440224
2011-07-07,261.5928649902344,261.9683572327425,256.9909584453204,258.05629216759235,5751472
2011-07-08,259.9206848144531,264.0554066063782,259.1085785099864,261.968400212304,5669792
2011-07-11,255.0830078125,259.8814130874058,252.23629711054642,257.9428297268621,9206520
2011-07-12,243.7659149169922,248.86992723095622,239.85822044555877,248.86992723095622,29652656
2011-07-13,242.5215606689453,245.1456144664635,241.10256549680568,241.53480899312675,13338168
2011-07-14,239.29498291015625,241.3601580795679,238.4785064092981,241.03269766249178,10891224
2011-07-15,238.5091552734375,241.26854315829468,237.51803289531904,239.61378024439537,6392624
2011-07-18,236.94166564941406,239.54825963224732,236.41337978993874,238.82784656673522,9408656
2011-07-19,240.1812744140625,241.18548625036925,237.2253901769716,237.60525274701476,8324424
2011-07-20,240.35153198242188,242.12855871658252,239.70098166938456,242.12855871658252,6222712
2011-07-21,241.7181854248047,243.15027042745027,238.9849782648295,239.7184810575919,5897088
2011-07-22,246.97067260742188,248.34600650420148,241.8841202590148,243.13284037831156,7749624
2011-07-25,245.18052673339844,246.6912150369131,243.7266110262663,246.07558519623072,7404256
2011-07-26,244.66104125976562,246.5996032823834,243.41232087451976,245.28976119696,6848736
2011-07-27,244.2112579345703,247.6386772429002,243.73535302053364,244.5911205766124,8506440
2011-07-28,240.23379516601562,242.2247382123222,238.7842279679755,241.4475737178469,9481376
2011-07-29,242.39932250976562,242.97129104400668,237.9895216461222,239.35176568805196,9757592
2011-08-01,245.82228088378906,246.5819845413707,242.76598464832097,242.76598464832097,6094952
2011-08-02,240.22067260742188,244.37724676475702,239.70110616751617,244.37724676475702,4932528
2011-08-03,238.61825561523438,239.2382346097734,236.513767926815,238.8278217758313,5646088
2011-08-04,236.5705108642578,241.00651253873212,236.12080705594954,239.26442726823288,6529888
2011-08-05,226.2707977294922,230.84652448527558,220.49003358794485,230.84652448527558,15758072
2011-08-08,215.73097229003906,218.3069948290215,212.2817217717405,218.3069948290215,16170240
2011-08-09,207.35232543945312,213.06322710740582,205.2260070760255,205.29586956852538,16849744
2011-08-10,213.68759155273438,216.2461320483332,210.5439713537624,213.7661735300931,13955960
2011-08-11,213.11996459960938,215.5999227820026,210.88012271974776,212.36898023727434,8206232
2011-08-12,207.4090576171875,217.2590712192302,204.54051715718248,217.2590712192302,14098080
2011-08-16,209.51358032226562,212.91479882654681,207.155864924617,212.1943857883764,10146704
2011-08-17,213.84913635253906,215.29433275060887,209.2253990145848,209.2253990145848,8531328
2011-08-18,205.5665740966797,215.52137146079903,204.59728266782088,215.25066230310648,10674664
2011-08-19,194.26699829101562,198.57201591660393,189.63017113293557,198.57201591660393,28899200
2011-08-22,191.63861083984375,196.04841190462434,189.9270755623322,193.32392369649713,15708072
2011-08-23,198.82960510253906,201.0737963461931,191.5861845669711,192.21927473930953,17143440
2011-08-24,196.5548858642578,199.52823152663746,194.72984783592415,199.0959879219314,8606144
2011-08-25,190.6605987548828,197.79488878574298,188.74823790470106,196.49376623499225,26853752
2011-08-26,192.332763671875,196.72945217495197,190.59502782662082,190.93122900535326,21021960
2011-08-29,200.51495361328125,201.91211823290564,194.9044644376021,195.51572395868774,11222528
2011-08-30,204.59292602539062,206.0817838547596,199.09596067324233,203.54942295145958,12142920
2011-09-02,202.51905822753906,208.26490343302234,198.68559536701906,208.26490343302234,14960904
2011-09-05,197.79483032226562,200.29224894814357,195.620480387809,200.29224894814357,10902544
2011-09-06,201.06507873535156,202.5888570384928,194.05305498008215,196.81681254094434,10816696
2011-09-07,200.0957489013672,202.09108264219728,198.01746279622344,200.6589764811158,13157432
2011-09-08,204.199951171875,205.5578246683046,200.75507175549376,200.84239453572667,11027872
2011-09-09,198.5982208251953,203.2961910789794,197.43682348208094,203.2961910789794,12392104
2011-09-12,191.9747772216797,193.62519069088827,190.42042734598988,192.80871410309842,8198264
2011-09-13,194.03562927246094,197.32332411856444,191.7390354009804,194.12732247497883,10365216
2011-09-14,205.35256958007812,206.68424173203198,196.38889637667123,196.56354190479632,17236880
2011-09-15,210.43917846679688,212.06339085270415,203.46209622680695,207.65359005465533,13703456
2011-09-16,209.15113830566406,214.63064249696242,207.26934953902156,214.63064249696242,11304104
2011-09-19,206.3131866455078,210.58765438269714,205.7412394113267,209.4873786723912,6558432
2011-09-20,212.76629638671875,213.06755567499314,207.40466559593503,207.5662212456798,9008904
2011-09-21,212.68772888183594,214.36869246245382,211.32113584910502,213.06759151727945,7402480
2011-09-22,205.43563842773438,210.60514419116646,204.04282264049758,208.17756596186277,9037856
2011-09-23,204.2305450439453,208.68400732365583,202.67619512172843,203.28745465031616,10448432
2011-09-26,205.64511108398438,206.51833873189938,200.93842258933623,204.77188343606934,6544288
2011-09-27,213.42996215820312,215.5693702476422,207.58370635719655,207.58370635719655,10341024
2011-09-28,215.7091522216797,221.7999176775899,214.15917248200364,216.5605495434736,20061760
2011-09-29,222.7690887451172,224.4151098849825,215.79635823272616,216.73507784871072,23256344
2011-09-30,221.1929473876953,223.89558286241854,219.02296801993631,221.09251341051268,10730656
2011-10-03,216.20248413085938,219.8787820647204,215.48644152694277,217.4337439798069,9885128
2011-10-04,212.9366455078125,216.71335656715755,210.76231633883557,214.13296359112596,7838480
2011-10-05,213.6745147705078,218.21967063763313,212.02849283143325,214.63506554162183,10771856
2011-10-07,219.0666961669922,224.8474610539467,217.22854702971605,223.5463599086577,18457728
2011-10-10,226.16163635253906,227.11781655744656,220.78691482394393,222.2364815415752,16946432
2011-10-11,218.7042999267578,226.6026420895388,217.4337490570141,226.462917096665,22339248
2011-10-12,233.9683380126953,234.72367165763765,226.60265176769707,226.60265176769707,34633704
2011-10-13,235.48336791992188,238.30389835332048,234.46169552168027,237.4306704370386,18041536
2011-10-14,239.5918426513672,240.722668223491,234.5751539364695,236.74076282815943,19600992
2011-10-17,239.83644104003906,241.43880163152775,237.53547672823672,241.1069920461586,14145496
2011-10-18,235.9069061279297,237.95462145054893,234.69747686376598,235.76281072168112,10518136
2011-10-19,238.1947021484375,238.82779227421008,235.86755869648826,237.69259618661786,10135320
2011-10-20,241.2503662109375,242.080125138118,235.98202834068468,236.37275911201075,5573680
2011-10-21,239.06405639648438,241.37774396488012,237.68990647978555,241.25043005337542,6858312
2011-10-24,242.98452758789062,243.64306982210948,240.69279203804038,241.4654858802415,6075592
2011-10-25,251.00999450683594,254.5485663079185,246.82166950381472,246.82166950381472,15677584
2011-10-28,251.00555419921875,260.90126579355604,249.81141050015336,256.4802437733954,24868784
2011-10-31,252.6650848388672,254.43875420689827,250.7728693002852,250.7728693002852,10291624
2011-11-01,249.06947326660156,252.36218458506158,247.43627987787633,249.36800385137286,7906192
2011-11-02,248.8761749267578,250.58838406388725,247.38347978156804,247.6117829079506,5317856
2011-11-03,246.04013061523438,249.54356619642667,242.97570168684288,248.84112125287587,10779624
2011-11-04,248.13433837890625,250.3250847592701,245.11383300696016,249.80704006992255,7643688
2011-11-08,249.55238342285156,250.0704280522645,245.05234499670038,247.17723690273783,6107336
2011-11-09,248.9552764892578,251.7606617362619,248.05087432380847,249.8069867084018,6679648
2011-11-11,243.72201538085938,246.53179476241493,229.23409044471353,229.23409044471353,9441224
2011-11-14,246.62850952148438,248.70070996163759,245.68020423134777,246.7470342846728,4633040
2011-11-15,245.70651245117188,247.61189044129662,244.2357680664585,245.86456688139126,5098024
2011-11-16,243.95037841796875,246.2069787503723,242.19426587338694,245.41672810531045,6552648
2011-11-17,241.77276611328125,244.88986551296222,239.9639618305301,243.07229353067274,6366984
2011-11-18,240.6576690673828,242.73426359099705,238.83130772095603,239.8015641959566,4737896
2011-11-21,234.44979858398438,240.13521257712947,230.60390807421044,238.83129052285278,9365792
2011-11-22,239.18255615234375,242.7737981453538,228.29465712044558,228.29465712044558,14859512
2011-11-23,232.9175567626953,236.1575968281907,229.81803569331169,234.88002083867528,12792816
2011-11-24,234.10736083984375,235.6703053039831,227.11804572055178,231.89466330395655,13231776
2011-11-25,228.26834106445312,233.12399773401958,227.50443620672118,233.12399773401958,8022528
2011-11-28,231.4688262939453,232.67615382820736,229.3878369404566,230.0551683705272,7290208
2011-11-29,228.11465454101562,230.757612837964,226.64830466360334,230.2439412773226,10659368
2011-11-30,228.89614868164062,230.48981252490012,224.8702513814359,226.62636423876847,11640232
2011-12-01,233.15478515625,236.27188631754416,230.9815949099956,234.79235226198875,8125208
2011-12-02,236.56155395507812,238.43181835488633,232.5005431475858,232.77274920350607,9451408
2011-12-05,237.17623901367188,238.63382147733034,234.89768652897143,236.19721452452163,7468184
2011-12-07,242.2512969970703,243.43227823036526,235.67466501430442,237.51418835950187,8070392
2011-12-08,239.1342010498047,242.16788937559542,236.73273030991686,241.20202759781023,7295584
2011-12-09,237.97959899902344,240.5698650374669,233.5805284403222,234.27857889889142,10570752
2011-12-12,240.60935974121094,241.99229831102173,236.8820153118667,238.82250672862395,11025800
2011-12-13,241.6586456298828,242.77377282057046,237.8391008034163,239.82351657538337,9648336
2011-12-14,240.60935974121094,242.98011157517232,239.27032398314014,241.46546457014142,9857632
2011-12-15,238.51087951660156,240.09138117395534,234.00205093599146,239.38454142314254,10053168
2011-12-16,239.2263946533203,244.8722999046269,236.36831763847655,236.63612904778796,13669288
2011-12-19,235.00289916992188,237.3868340711034,233.19411667280391,236.19706390420316,12064432
2011-12-20,234.33135986328125,236.91283774470836,232.78159850771587,236.19723017600992,10484608
2011-12-21,240.85081481933594,241.88692541910328,235.31906077864392,238.74347994669134,8422920
2011-12-22,238.9059295654297,241.28984357180275,232.6848928185143,232.6848928185143,12707136
2011-12-23,236.61419677734375,240.58740112066866,235.6044321376037,240.58740112066866,7045296
2011-12-26,243.73529052734375,244.71431482314418,236.28497351599606,236.28497351599606,4236568
2011-12-27,242.29086303710938,245.76797479221858,240.25817114155342,242.78258317273466,6178200
2011-12-28,244.27525329589844,246.2069770818473,241.60157625227603,243.1337801496559,6851248
2011-12-29,240.7718963623047,243.65190471126053,239.801639582285,242.1679977090616,8837168
2011-12-30,243.0152587890625,243.66063878547965,240.7191499929342,240.93866408193014,5308816
2012-01-02,246.64158630371094,247.3176852746805,240.76300446813985,242.27325680980505,5826176
2012-01-03,251.50169372558594,253.4904828555875,247.61189966683924,247.97191135814546,8903008
2012-01-04,250.6324005126953,252.44120520125438,249.46020812634936,249.80703610350216,7341424
2012-01-05,249.38116455078125,252.52900512616677,248.61725981709566,249.2977534852903,7125272
2012-01-06,248.67872619628906,251.7914531767454,246.8304346874123,249.1923977473875,7087632
2012-01-09,249.06512451171875,251.67734263820125,247.36607658409312,250.02659210618162,8265784
2012-01-10,251.44024658203125,252.47633601458617,250.26363810970153,252.0021941195839,11179176
2012-01-11,248.19149780273438,254.18860748906056,246.99733220061506,251.82664370827018,13795800
2012-01-12,227.2630157470703,241.4655822677266,226.3674022384088,241.4655822677266,48970600
2012-01-13,226.9072723388672,229.9629121136719,224.10188714857546,229.87510649621728,20898944
2012-01-16,231.82005310058594,232.1581133911482,226.45953589969784,226.64830945192938,13188736
2012-01-17,233.74302673339844,234.68693743804135,231.26691177697612,232.68496440034386,8740424
2012-01-18,229.3526611328125,232.1580462469379,226.97751495776643,232.1580462469379,9700424
2012-01-19,227.82931518554688,230.2966625190137,226.24004578676295,229.6995798131539,9652336
2012-01-20,227.311279296875,229.14640887402723,226.21370863184927,227.94347571254443,11635712
2012-01-23,228.3209686279297,229.65560982682663,227.32876078824475,227.41656641234218,5160864
2012-01-24,230.1210174560547,231.7717677170241,227.85562773683566,229.87515738537022,5653208
2012-01-25,234.072265625,234.88007317807842,230.48979143643209,231.36784778476135,10545360
2012-01-27,239.27040100097656,240.14845751841133,235.8635374259443,237.25087101087658,12218872
2012-01-30,238.15525817871094,239.28794243850857,236.19718798350723,236.97864965894274,9588456
2012-01-31,241.1142578125,241.8737679304038,237.60203264407318,238.1288664193372,8658896
2012-02-01,240.82456970214844,241.28994396880424,236.6933092780335,240.56115273275017,6269336
2012-02-02,242.08013916015625,244.36308570283452,239.7093869812211,240.59623248218452,11538256
2012-02-03,244.3850555419922,245.15335491718034,240.59185605701958,240.59185605701958,11637200
2012-02-06,243.84507751464844,246.54947436652924,241.6499362797282,246.30363569775906,7937680
2012-02-07,239.4898681640625,246.2948048396683,238.27375155113685,246.2948048396683,7221640
2012-02-08,243.14698791503906,244.27529900317728,240.70600818740823,241.28990713901192,6671496
2012-02-09,246.72509765625,247.7963437804949,239.87188353730133,241.37774192287142,10156840
2012-02-10,245.01284790039062,246.0314018934198,241.56647654981361,245.76798497490435,5177616
2012-02-13,244.8372344970703,245.89969130063375,242.0889351539436,243.68259892236523,5734008
2012-02-14,245.94798278808594,246.72504981016525,242.69477966331857,243.7484473029567,5477768
2012-02-15,251.48410034179688,252.44117308411288,247.17283555887923,247.17283555887923,7178328
2012-02-16,255.42222595214844,256.19052534354256,251.17244132194983,251.47536650888594,8256552
2012-02-17,258.8334045410156,261.48512991224504,254.649453989033,256.0631330109418,11457280
2012-02-21,257.994873046875,259.8958562193937,255.6241212142312,257.27047665356713,6049224
2012-02-22,259.2241516113281,262.8900363872695,255.09289274411083,255.09289274411083,10413120
2012-02-23,257.5469970703125,261.8890013085201,256.0586963798784,258.06066842503304,10474960
2012-02-24,258.8554382324219,261.1339904521767,256.69980534194303,257.44615333079423,8536440
2012-02-27,253.17440795898438,260.3437300966571,252.17780534151743,260.3437300966571,6910568
2012-02-28,252.21295166015625,255.51445282120807,250.68074728715337,253.40711712783727,7950200
2012-02-29,253.1831817626953,255.34760376533634,251.4929231032894,254.10953560107941,8868408
2012-03-01,250.8299560546875,252.44119801504817,246.29480362859482,250.38216018297078,9806632
2012-03-02,249.86851501464844,251.56316821883038,247.00606390335335,251.56316821883038,6077656
2012-03-05,246.72068786621094,251.46219245960128,245.56603082992538,250.95731002604583,5780456
2012-03-06,250.46116638183594,252.88021578900745,245.95236011872305,246.30358264065222,10349688
2012-03-07,253.2183074951172,254.19733182183748,248.93778247739192,249.543632828208,7908568
2012-03-09,250.7113800048828,254.89970360659134,250.0703947197975,254.10945306147963,6644808
2012-03-12,247.3835906982422,255.9534293606971,244.18747411735802,255.9534293606971,7294472
2012-03-13,251.10659790039062,251.98904895531572,249.5436530695019,249.714869796714,7710424
2012-03-14,252.779296875,255.95346245729013,250.5929233901391,253.7583212698348,10602088
2012-03-15,253.0470733642578,255.08855455898433,252.04609761129072,254.19733585949717,6251360
2012-03-16,251.55874633789062,255.77781133053853,249.99580176843148,255.07536625994317,9031008
2012-03-19,249.14857482910156,254.63642890022714,246.8480706898717,254.19740057453708,6061528
2012-03-20,248.60848999023438,250.52703022781358,246.11919169567508,248.13872127434098,9225384
2012-03-21,251.7650604248047,253.75824372655333,247.69965590055602,248.7050259698051,6250664
2012-03-22,248.34071350097656,252.401724638808,247.1114344538492,252.35342724600005,5664640
2012-03-23,252.23922729492188,253.12167815779338,248.5250448838451,248.75334809505804,5497736
2012-03-26,248.5558624267578,251.91442879179306,247.70854641531747,251.91442879179306,4922664
2012-03-27,252.52015686035156,254.96555178630186,248.691844950093,251.12405617178592,7590752
2012-03-28,249.6402130126953,252.41485825621442,247.9631167854467,251.65095350817643,5919920
2012-03-29,245.15325927734375,249.22305781181828,243.02836783603368,247.65571912311893,14000208
2012-03-30,251.67733764648438,252.26563121121023,246.11923574139306,246.72508614864742,7963600
2012-04-02,250.26361083984375,253.6485222787104,249.45580330378755,251.47533286238914,4851584
2012-04-03,250.988037109375,252.67390117540458,249.59193595397343,251.67731998488986,5451584
2012-04-04,250.34263610839844,252.43678748695189,249.71920757098798,250.15823571369364,5254144
2012-04-09,247.85333251953125,251.06702702830526,246.94453570932697,249.1484655120609,6541568
2012-04-10,243.3445281982422,250.03970786517664,240.3240229298303,249.5436146023302,7243056
2012-04-11,246.24212646484375,248.0509312105646,240.86842562299432,243.12942083668352,8179640
2012-04-12,241.52264404296875,248.65248119598843,240.451419216532,247.8534410691028,11805608
2012-04-13,210.95750427246094,221.50734632440094,209.77652236817588,221.0946639871881,75255568
2012-04-16,207.62088012695312,213.0648311121525,204.85500180382763,210.73358652384664,33491480
2012-04-17,209.03887939453125,210.6457268672728,205.1227607776189,210.6457268672728,23687088
2012-04-18,208.2091064453125,210.9574270349587,206.78226491458554,210.733518384291,19165328
2012-04-19,211.20761108398438,212.04615896816708,207.92368976133815,208.96856797211186,17113512
2012-04-20,211.38327026367188,213.22718853882648,207.44080595489572,210.27253759174033,11507520
2012-04-23,202.91006469726562,209.85550007363625,202.39201994549438,209.85550007363625,18136696
2012-04-24,206.3037109375,207.64274672154983,193.02311012848122,202.88805925570603,53037912
2012-04-25,206.3388214111328,207.66030033702512,202.23830306606897,206.31687000517752,24638504
2012-04-26,206.8876495361328,208.8720656214753,205.67155425574614,206.34325884274108,17137064
2012-04-27,209.94325256347656,210.55789194781127,206.78225001546937,206.95786126813644,14062464
2012-04-30,216.1863555908203,216.7044004856039,209.8862985669783,210.03116935233572,10869608
2012-05-02,217.0555419921875,218.46043223161914,216.1555341825516,216.44090251243617,10124688
2012-05-03,218.01260375976562,219.2726232036799,216.00186328203125,216.00186328203125,11400728
2012-05-04,214.41700744628906,219.33851852442461,212.78820831557783,217.93362809352357,10800888
2012-05-07,214.03504943847656,215.01846837790214,207.91497881494553,211.52379940952946,10710000
2012-05-08,210.19789123535156,211.41400779807714,204.51247663461413,210.29448600410956,11526640
2012-05-09,207.7700653076172,210.27692025090516,206.57152707141918,207.92372515517698,10498144
2012-05-10,205.83396911621094,209.4032811076439,203.91103424863786,207.9237475555474,9084024
2012-05-11,202.94515991210938,207.22128986905685,201.25490150957575,205.81639976824968,8901312
2012-05-14,205.3730010986328,205.9481323384016,202.31298735153845,203.7266453189078,7918416
2012-05-15,212.06817626953125,213.27989838222464,202.39199908234986,202.39199908234986,10267152
2012-05-16,207.96322631835938,209.4164136860385,206.69443933624095,208.8017743167294,8589288
2012-05-17,208.14767456054688,208.75352493196442,206.02715538673561,207.9632741325894,5807416
2012-05-18,209.2276611328125,211.17254732865894,202.14172940139423,204.17883723618135,5938160
2012-05-21,205.50465393066406,209.4603013006699,204.06025580497038,209.4076093552128,4776760
2012-05-22,205.56178283691406,207.92814043768666,204.02955734049849,206.7822726014913,5823208
2012-05-23,206.18521118164062,207.6427934625625,202.5851797387354,206.7822938546782,5402032
2012-05-24,211.9358367919922,212.65687560143422,205.900361410513,209.10503629627974,7612048
2012-05-25,211.2281036376953,212.30967252145598,209.28749096362782,210.35126044788282,4313728
2012-05-28,212.380859375,213.466883375833,210.31562948712192,213.11080850781659,4725784
2012-05-29,214.49066162109375,215.87045213992624,211.68657121185345,212.84381487280976,5144760
2012-05-30,216.520263671875,218.87926004243755,212.99511323244042,214.26808543185226,8051488
2012-05-31,216.25765991210938,227.17579842779614,212.8526934975862,214.35710133782646,21626352
2012-06-01,212.6835479736328,216.44904464535793,212.1316361874925,214.98023558237279,6543040
2012-06-04,212.363037109375,213.31998821411744,208.74886889497512,211.33041141009423,4812088
2012-06-05,212.65240478515625,214.70426915347056,211.3927766984392,212.30967397669633,5992720
2012-06-06,215.02474975585938,216.6137428345813,213.32448326078688,213.3957025938691,8777184
2012-06-07,218.35845947265625,219.41779525428754,216.8629406670556,217.91782116617995,6647088
2012-06-08,215.35861206054688,221.55875933714196,213.00407045738714,221.55875933714196,5564824
2012-06-11,215.92831420898438,218.34073093744914,214.97136268209516,216.04849821024933,3553784
2012-06-12,218.81246948242188,219.8762388419428,213.84076526719457,213.84076526719457,4134680
2012-06-13,219.88519287109375,221.62994709162822,217.38375764638207,218.20718097080018,6157784
2012-06-14,222.39556884765625,223.4370839761451,219.07516480688966,219.07516480688966,7883336
2012-06-15,224.55422973632812,225.39545249320946,222.79165431571087,223.44149547243987,6311512
2012-06-18,223.58839416503906,226.49486944616837,222.23531348662408,225.66253542503188,7117032
2012-06-19,220.4993896484375,222.9919140368736,218.79912324737626,222.54682039608144,6414080
2012-06-20,219.88519287109375,221.2115633707041,218.3585084783995,220.76646968182945,6535976
2012-06-21,221.77232360839844,222.8138382018381,217.21900340753152,218.6299586990469,6536616
2012-06-22,220.2724151611328,221.1670578379063,215.9995156738237,218.0736566465731,6414328
2012-06-25,219.7115936279297,221.47862430365294,218.83031679841432,220.31247012071492,7949448
2012-06-26,217.24130249023438,218.97716774514242,216.2754622985105,218.37185776067102,10330160
2012-06-27,219.7071990966797,220.32141981626296,217.95796751161504,218.27398844019262,8677384
2012-06-28,220.1700439453125,222.27978364045617,217.9490308302447,219.4311840903983,7612976
2012-06-29,223.36585998535156,224.23824814770995,220.42824101398418,222.0127792300074,9364968
2012-07-02,222.493408203125,224.2203846293067,221.71894958783255,222.81388432887505,5175216
2012-07-03,221.70558166503906,223.99335846599297,220.4637748440058,223.99335846599297,6428808
2012-07-04,220.71304321289062,222.97858740867545,219.78725706067044,222.54683785001058,6390816
2012-07-05,220.7887420654297,221.47863733848968,219.20865934325997,220.78874206542966,5780464
2012-07-06,217.61962890625,221.21154334351382,217.20570050630732,220.41037477607253,4887440
2012-07-09,217.02322387695312,219.77834941959435,213.8230046526868,215.52327120973055,7314680
2012-07-10,218.9326171875,219.2798032130118,217.32584678135674,217.5617376809439,7054720
2012-07-11,219.9652862548828,222.76046573987608,217.65079922832396,218.09589288727759,16945880
2012-07-12,201.5740203857422,202.96272138317897,197.53257839880445,200.2921592597161,54271864
2012-07-13,198.49398803710938,201.07553146119415,197.44356257310505,197.44356257310505,26756504
2012-07-16,193.28639221191406,199.52659277191108,192.56978701681086,198.51178784120572,18441096
2012-07-17,193.2819061279297,195.66315701517073,192.48519288797485,194.49700302762344,13503128
2012-07-18,193.96290588378906,194.85309320113737,192.54751674244076,193.2819212792531,7873264
2012-07-19,199.8648223876953,200.29211658302287,195.24030430920664,195.84118065895572,10912392
2012-07-20,197.5103302001953,199.8381615676846,196.31303248881116,199.8381615676846,5153832
2012-07-23,194.8709259033203,196.72249824686045,194.29230411269148,195.8412214436003,3890800
2012-07-24,193.05043029785156,196.9094003404336,192.7344312416394,194.99549794110297,7153512
2012-07-25,193.04159545898438,194.06085569848898,191.3902934641061,193.5267432516124,7036544
2012-07-26,189.05799865722656,192.90360376263712,187.05062178414454,192.90360376263712,11975336
2012-07-27,191.2700958251953,192.63654209754264,187.76722165084465,192.45850462795156,9862488
2012-07-30,196.70472717285156,197.17653089361747,192.0624080619795,192.2804996524667,7166920
2012-07-31,198.240234375,199.04585813850156,194.50590341351784,197.17646501644944,6914440
2012-08-01,197.49252319335938,198.54738218628975,195.90798532914113,197.17650233059075,3047984
2012-08-02,196.35308837890625,198.22693722756503,195.3961369111183,197.44356795847852,2420032
2012-08-03,196.59786987304688,197.38569434548842,194.51484023482246,195.50739040465436,3095592
2012-08-06,197.3367156982422,198.94794159535496,196.4999266358775,197.81740812432284,3250784
2012-08-07,200.58592224121094,202.01911085142711,197.8085420237179,198.68981881717104,5465344
2012-08-08,203.28317260742188,204.29797739668018,201.18232196797265,201.36035942104166,8039104
2012-08-09,203.14517211914062,205.76676904808747,202.51758580333075,203.87512126860582,6931096
2012-08-10,205.90481567382812,206.61251036097516,201.53844181699603,202.7847042663944,5635688
2012-08-13,206.5323486328125,207.50264402360065,204.75197416671554,204.85879228806402,4013928
2012-08-14,207.35585021972656,207.85879750331674,203.79509994129717,205.92709482388778,4044816
2012-08-16,206.11839294433594,207.2489263530557,204.8365320567158,207.2489263530557,3729624
2012-08-17,209.28750610351562,209.63912576827116,206.1941049907991,206.87954491951683,8493280
2012-08-21,214.4461212158203,217.1166831238629,210.5292970840245,210.5292970840245,12206136
2012-08-22,216.6360321044922,217.20574339392775,213.12422513732528,213.90313917613548,5149168
2012-08-23,220.51719665527344,221.03350964302268,215.80365918328542,216.7606105440033,14722856
2012-08-24,217.63296508789062,218.83917305772604,216.6715585914021,217.91782063753175,6724512
2012-08-27,214.70423889160156,217.7842952511716,214.14343835038463,216.3332857900668,7891360
2012-08-28,215.52772521972656,218.2249975330396,213.3779312266374,213.3779312266374,5666056
2012-08-29,212.60340881347656,215.60333526723346,212.08264061928725,215.60333526723346,5616416
2012-08-30,212.99510192871094,214.19239945002641,210.97883647260159,212.20729924133616,11175392
2012-08-31,210.23109436035156,212.39870932858818,209.61687376005574,212.39870932858818,5811064
2012-09-03,210.5382080078125,213.5470237095125,209.9061663286004,210.61831617195443,4321512
2012-09-04,210.15542602539062,211.15243147325026,208.66881755345725,210.115371942766,2333328
2012-09-05,208.2548828125,209.81716601510666,207.60949696031096,208.92697863277698,4013224
2012-09-06,215.6033935546875,216.1285954403001,209.23855348897314,209.23855348897314,7623384
2012-09-07,221.4117889404297,222.0126652396951,218.19377123093062,218.54093551060603,6075696
2012-09-10,223.64617919921875,224.95029469167255,220.65514165689882,222.19071450352777,7337320
2012-09-11,225.17291259765625,225.74707914894458,220.28579225289678,222.5468596537421,5441904
2012-09-12,226.08084106445312,226.99328295344137,224.42953944556933,225.3063825394413,5083328
2012-09-13,227.4473114013672,228.50217031650473,224.1491630942092,226.00075703270917,5249704
2012-09-14,234.30625915527344,235.42788235865365,230.21139667996715,230.38052361070996,10627848
2012-09-17,228.2884979248047,235.81057945128,226.73067038973582,235.81057945128,9859272
2012-09-18,231.51988220214844,233.14001849570778,229.49025111948632,229.66828855247275,7184200
2012-09-20,232.97984313964844,235.45456847056977,227.58532050868388,227.58532050868388,11625136
2012-09-21,230.85226440429688,235.89962177644333,229.98878711648734,232.81513164154472,12293872
2012-09-24,231.46202087402344,232.32995341186964,229.236552828264,231.44867675898345,8854032
2012-09-25,231.2751007080078,232.42788883954904,230.38491346618648,230.55849563172424,8849752
2012-09-26,230.49618530273438,231.44868129838343,228.52440753566722,229.4902693797048,8489904
2012-09-27,226.9398956298828,230.82555428902586,225.64021354959826,230.78104492645568,13822880
2012-09-28,225.65797424316406,229.6593609052894,224.8790605317849,227.97691598194382,9685224
2012-10-01,232.3077850341797,233.24693724500423,226.9088062426713,227.1135537255625,8826288
2012-10-03,229.51255798339844,233.15341562256657,227.93247540637708,231.9160638752056,7823624
2012-10-04,229.28106689453125,230.99467732493306,227.6253316743587,229.2321239829892,7164280
2012-10-05,224.93698120117188,230.11341153333854,183.4275440506875,230.11341153333854,11632000
2012-10-08,221.4964141845703,226.36573468871032,218.98609018034048,224.75450860975764,8077440
2012-10-09,225.7738037109375,226.99781151814318,221.12257404355594,222.99196778547005,9084320
2012-10-10,222.91627502441406,225.0527248414073,221.62106970933502,223.17889770089258,5932104
2012-10-11,225.50221252441406,229.67274816396431,220.87323917951684,222.19072055506624,14966400
2012-10-12,213.23101806640625,217.90450127015163,205.7222796924869,209.19401007241203,56701776
2012-10-15,210.58274841308594,214.71320942013713,209.4433041491468,212.37201211839871,14790120
2012-10-16,209.70144653320312,212.66577499337492,208.9269878231272,211.8556957465847,7282048
2012-10-17,210.98776245117188,211.77558701033587,209.83942937373445,211.51298606831165,5707320
2012-10-18,212.99899291992188,214.73694694593192,210.08745734389234,211.78061851488656,10192576
2012-10-19,213.51409912109375,214.73693524780577,211.95977838811368,211.95977838811368,10937200
2012-10-22,213.71116638183594,214.8265039483839,212.16132943109264,212.16132943109264,4566864
2012-10-23,210.80410766601562,213.57229689308215,210.52638326289556,211.60141160296143,4743144
2012-10-25,210.0560760498047,211.16246822487827,208.74811604399775,209.8993010703454,11256776
2012-10-29,209.22731018066406,209.54085999253832,206.70099892786274,207.92831810289928,4736664
2012-10-30,211.27442932128906,211.87016543532673,208.37632338375053,208.37632338375053,5728256
2012-10-31,211.6909637451172,212.7211990743888,210.12769798934934,210.52634989463624,6517320
2012-11-01,211.8387908935547,212.31808307864267,209.72906541333256,211.60139756614092,7010976
2012-11-02,213.93960571289062,215.41776967164895,212.23747751795682,212.40768158884723,7049216
2012-11-05,213.07513427734375,214.16361381098795,212.09417509629054,213.49172096485398,4959200
2012-11-06,213.36170959472656,215.58792231991163,212.43002734306688,213.5722446751171,6815768
2012-11-07,215.3998565673828,216.25988806887034,212.77052929475366,213.39314555925813,4695264
2012-11-08,212.79293823242188,213.6216060378307,211.87020105858335,212.49730101943328,5229160
2012-11-09,210.40988159179688,211.87013254558732,210.07841895112145,211.87013254558732,5938920
2012-11-12,211.3281707763672,212.22851138512223,209.0527028727194,210.9743116555352,3696192
2012-11-15,205.71563720703125,209.3617706441185,204.14788753382967,209.1960283586341,9133048
2012-11-16,209.93064880371094,213.841055673093,205.24082888439716,205.24082888439716,13693104
2012-11-19,211.29234313964844,213.32145036188993,209.33040331645736,209.98886691652638,4036128
2012-11-20,208.264404296875,212.95868731519332,207.19385930830106,212.95868731519332,5440304
2012-11-21,210.512939453125,211.77160088282977,207.96420911103914,208.70777470194886,6989808
2012-11-22,213.44686889648438,214.2889656147628,209.18258140069864,210.34719534425713,5827312
2012-11-23,212.99449157714844,214.9161005234922,211.15798467396726,213.39314357939074,3477736
2012-11-26,216.5644073486328,216.88692453520468,214.1769577994798,214.1769577994798,3788056
2012-11-27,221.3348846435547,222.17251962542275,216.96312030296986,216.97654940837657,5717304
2012-11-29,219.0593719482422,220.31357139912672,217.37964054080757,219.4849039047923,10365096
2012-11-30,218.30690002441406,221.85448026775015,217.24978449552603,218.7324320569807,7050712
2012-12-03,218.51295471191406,219.7537254242871,217.18710382906448,218.32035420260402,5202984
2012-12-04,218.36065673828125,219.21620453444805,216.3494621784602,217.60366195920489,4510288
2012-12-05,213.43789672851562,217.69321681019642,212.989968298865,217.6036311242663,13995024
2012-12-06,209.47825622558594,214.46817556856428,207.2968355826234,214.46817556856428,11011928
2012-12-07,207.94189453125,210.3920728314592,207.04157550218702,207.92846542125474,9485912
2012-12-10,207.26101684570312,209.9888972500979,205.9575404342897,207.92394232903183,6829920
2012-12-11,205.51406860351562,209.27666780476537,204.5107131908172,207.48047024034344,11384424
2012-12-12,205.85006713867188,208.17929580603786,204.81534772175087,206.94300852367175,15359688
2012-12-13,204.5734100341797,207.26992622325147,203.57451645185606,206.49053508213123,9967112
2012-12-14,204.1478729248047,205.60364037431572,203.0011717287348,203.62827155313954,8507992
2012-12-17,203.02359008789062,205.31699272783436,202.19043871400046,203.090779362051,10961640
2012-12-18,203.44912719726562,203.73579706648263,201.1198989686752,202.46368448516967,8292000
2012-12-19,205.70216369628906,206.03811001803126,203.36399041986658,203.7178495044673,9991896
2012-12-20,206.0112762451172,206.9429587393231,204.07621645375673,206.59358327187286,8441728
2012-12-21,205.764892578125,207.95525823653472,204.86455205540904,205.95749305530313,6924016
2012-12-24,208.04486083984375,208.59132044847271,207.21170951418824,207.93736238171243,4323992
2012-12-26,207.4132537841797,208.8152609827638,206.43677858234534,208.10754283150823,3263560
2012-12-27,204.94964599609375,208.6450554146661,203.95523616758518,208.53755696951762,8110232
2012-12-28,208.12548828125,208.33153976002296,205.01238528978115,206.23524318487455,7064256
2012-12-31,207.7223663330078,208.2061422548179,206.37858078049575,207.39090360435677,3451824
2013-01-01,206.8399200439453,208.7256812386296,206.5442829055952,208.51965165786032,2959992
2013-01-02,206.87127685546875,208.55549224965569,206.36064278225166,207.49837670329848,4349944
2013-01-03,209.44235229492188,210.42333298705486,207.03250625415228,207.39084897376136,10599288
2013-01-04,210.486083984375,210.96983801157728,208.91385058870458,210.38304730736306,8454008
2013-01-07,212.74813842773438,213.2050124042356,209.23189947641333,210.62496157537888,8761624
2013-01-08,209.98886108398438,212.13443402323313,208.15235440641538,211.8701606073477,12867424
2013-01-09,208.8242645263672,211.58350843194822,208.13445901784905,209.64844858348656,6149968
2013-01-10,208.04486083984375,209.86791658361201,206.87127950384965,208.82425200068,10901016
2013-01-11,242.96536254882812,243.85225214564863,225.8455281628142,225.8455281628142,92852568
2013-01-14,251.42225646972656,254.15013654563103,246.5622324492446,247.2386088300833,50924760
2013-01-15,249.67984008789062,251.6865511039068,248.55553513117877,251.37748480017575,20377880
2013-01-16,247.92388916015625,249.83655220313025,246.853344643696,249.13777951519455,11660824
2013-01-17,250.65626525878906,251.43565635110028,248.9765336497108,250.12323480247596,11767072
2013-01-18,249.7694549560547,251.73585700928024,248.81983763652508,251.28792843808932,7290592
2013-01-21,250.50845336914062,251.78953302886387,247.52972936632318,247.52972936632318,5899560
2013-01-22,249.36630249023438,250.71903356145071,248.77951172709086,250.26664323214808,5110280
2013-01-23,249.9083251953125,250.6608364704212,249.13787927957162,249.13787927957162,7458712
2013-01-24,250.67869567871094,253.34835385244784,250.01128660315376,251.73581128903058,11211296
2013-01-25,252.1522979736328,253.34827541984833,250.04703472314964,251.73573335564845,8442536
2013-01-28,251.79408264160156,253.3125780172611,250.92958923521914,251.9150321061893,6723008
2013-01-29,250.75035095214844,253.07957893526952,249.81418484861845,251.37745079375796,6197184
2013-01-30,250.0023193359375,251.37298488942446,249.09751690918418,251.26548642614296,6805528
2013-01-31,249.89926147460938,251.47597823609993,248.1523406648747,250.12322568098563,17480440
2013-02-01,248.2374267578125,251.0100990805071,246.53978255673155,250.0425912682573,7899648
2013-02-04,247.93740844726562,249.94411951122476,245.9127627449147,249.13784815796274,7500016
2013-02-05,246.88914489746094,249.2587034208022,245.96194631448137,247.54760833574514,6166112
2013-02-06,248.68992614746094,249.76943830637293,246.88478287449777,248.62273686626116,9097344
2013-02-07,249.89926147460938,250.75032545883911,249.05268114880812,249.58571158568265,10704472
2013-02-08,249.894775390625,252.33598521643088,248.35390604001353,249.33038122173417,5482696
2013-02-11,250.1278076171875,252.17931180504902,249.4872566123697,250.95199184618158,7394792
2013-02-12,246.8309783935547,248.5196774398504,245.6215715490531,248.1523673532879,4442392
2013-02-13,249.90382385253906,250.5846621314836,245.91277606343672,246.9878045926758,6322888
2013-02-14,251.98220825195312,253.34839034273344,250.33383992053427,250.33830170886864,6894000
2013-02-15,249.81874084472656,251.6014878763382,248.71683214395821,249.94415210075968,5194256
2013-02-18,249.0572052001953,249.64845767801725,247.52528103152724,249.31699497312354,2754784
2013-02-19,252.67198181152344,253.07960111860027,247.88811420623904,249.05721195915945,4643344
2013-02-20,252.5823974609375,253.73806611370662,251.60143842035484,253.10199889517804,5545224
2013-02-21,251.53871154785156,252.62268530321506,250.22626803101176,250.9832846291563,5558744
2013-02-22,254.47264099121094,255.76714986227205,250.58014706025284,250.72347104410173,8703536
2013-02-25,261.3930969238281,261.76935239897153,256.8959002404873,257.1108971201397,10457648
2013-02-26,265.15576171875,266.0157713239028,261.2319036476826,261.2319036476826,12173544
2013-02-27,260.7436828613281,264.0986632010282,259.98668801444677,264.0986632010282,7029760
2013-02-28,260.42559814453125,263.01015402298225,258.49053851188273,261.16916373816497,11808104
2013-03-01,261.0347900390625,265.2990557951629,259.0818176067298,261.0527028029083,8414632
2013-03-04,260.1075439453125,263.6058692005932,257.3035077253095,262.12770544806654,10108320
2013-03-05,261.7066650390625,263.32815280892373,260.9854959030625,261.9978185142826,7171944
2013-03-06,266.0784912109375,266.6697436966825,262.15014959274276,264.0090528320591,12205480
2013-03-07,269.1467590332031,269.63499663771654,266.9653388746689,267.0773209799016,13715360
2013-03-08,266.0918884277344,267.7716200691854,264.9272744896616,267.68203438164136,6162896
2013-03-11,263.8971252441406,267.8612932122483,262.4861502046447,267.12669470884504,4866160
2013-03-12,261.4200134277344,263.80297968335236,260.8735319645083,263.38193131032085,5714056
2013-03-13,256.5241394042969,258.9026438457625,255.32818356687508,258.9026438457625,10730136
2013-03-14,257.4781494140625,258.8039996604525,254.68305937632485,256.75249683282317,8332320
2013-03-15,257.85003662109375,260.84219020138625,256.9362668710021,257.67983254260423,7260792
2013-03-18,256.2822570800781,258.902638455449,255.40879662162115,256.7749783643359,6446824
2013-03-19,255.8567657470703,258.5622495819987,254.52194753151744,257.55889409062576,11976144
2013-03-20,256.72119140625,257.53194617274846,253.3079901708391,256.64505670226066,8994640
2013-03-21,257.36181640625,259.3058218206884,256.39428642280535,258.27558621836056,9940080
2013-03-22,256.5017395019531,257.60364784722316,253.52749901152546,255.31472912672245,7370288
2013-03-25,255.5655517578125,256.6629763512866,253.76487081910233,254.88917549120723,5036856
2013-03-26,255.72695922851562,257.0796906777092,253.8859680358857,254.8714111016566,3415584
2013-03-28,258.84442138671875,259.525259505807,255.42671420039446,256.6630010930497,12348048
2013-04-01,263.7582702636719,264.595905487335,260.7616323288107,260.7616323288107,7422040
2013-04-02,265.98443603515625,267.8343720546758,261.12889530377845,262.48610995648545,9720888
2013-04-03,265.93060302734375,268.7167263779062,264.0985802759177,264.179198637984,8355472
2013-04-04,258.01129150390625,264.2016500553319,257.2946059265597,263.8298781606867,7499960
2013-04-05,256.7391662597656,259.7089232251726,255.3192242813874,257.9172093705664,4372960
2013-04-08,253.69766235351562,257.43786425630645,253.28109771653632,255.31917180727865,3716360
2013-04-09,247.82534790039062,254.32925496922863,246.92052380831035,253.84550105894021,10840656
2013-04-10,252.2418975830078,253.3303766593941,248.7122307293624,251.1086475405323,6551616
2013-04-11,261.2945861816406,262.9877689008377,253.9664721260295,256.79738877107957,17018672
2013-04-12,205.74696350097656,235.16691683538903,203.24304787250168,235.16691683538903,98027744
2013-04-15,209.54539489746094,211.15345352304917,197.44684410895223,205.15121279922894,66559976
2013-04-16,205.7111358642578,208.37631007959226,204.8824682510866,207.74921026421944,14301736
2013-04-17,204.6002960205078,207.1176408993726,201.56781152956015,206.04709623021705,15149144
2013-04-18,205.66192626953125,208.10762071944333,204.37190069254024,204.82877472661445,13224368
2013-04-22,201.07960510253906,205.42002827731494,199.1983052360656,205.294617034821,15401288
2013-04-23,202.66525268554688,203.4133020397088,201.06613916937243,201.5678278450571,7869960
2013-04-25,199.570068359375,201.56783393220502,199.16244903201013,201.38866252426527,13762344
2013-04-26,198.16355895996094,200.47487428415715,197.3124948505036,198.8892118439961,11129584
2013-04-29,199.71339416503906,201.4603152169026,195.83432919865083,197.62604309799804,8965680
2013-04-30,200.2643585205078,200.88251300375467,199.07734793724438,200.13446362343376,8840720
2013-05-02,204.8555450439453,205.28107697193616,200.31355599737486,200.31355599737486,9376184
2013-05-03,206.75933837890625,208.19719342206577,204.09416346311173,205.75598278490943,9117192
2013-05-06,209.7290496826172,210.07842509515444,207.39085462485397,207.39085462485397,6000104
2013-05-07,210.41891479492188,210.9743418088213,208.2643741486443,210.52641326994907,6983104
2013-05-08,210.58460998535156,213.21395894191494,209.4558433256227,211.87017348639867,7278352
2013-05-09,211.54766845703125,212.2195612236283,210.52640020040747,210.69660428600832,4561424
2013-05-10,212.4569549560547,213.66187815457465,211.16244606438812,211.610374530121,4534040
2013-05-13,209.59469604492188,211.6148359244182,208.7615447259052,210.97430696821309,5014960
2013-05-14,210.5308380126953,212.38974092880207,209.38862055822008,209.38862055822008,4484448
2013-05-15,211.46258544921875,212.5600104001129,210.29348755580065,210.7951762819568,8893176
2013-05-16,208.96763610839844,211.4043630485892,207.2341438695204,210.83996870070953,6991752
2013-05-17,210.68319702148438,212.22855054486934,209.1826363538497,209.35284045709614,6431752
2013-05-20,212.50172424316406,213.48268310006148,209.98884145469748,210.16801282112638,8758288
2013-05-21,214.79067993164062,216.53311739689102,212.04486514383728,212.33601866458505,5660128
2013-05-22,213.6887664794922,217.9619998331148,213.05718294414518,215.00567184524272,6245672
2013-05-23,211.40882873535156,216.73021071379097,211.07734413898478,212.8556290817267,5100584
2013-05-24,210.33827209472656,213.66191056320275,209.0930395197129,211.5656137742057,3688648
2013-05-27,212.55995178222656,213.75144577463433,208.76152746257867,209.73800268671062,3325168
2013-05-28,211.97764587402344,213.21393271532938,210.85334114023607,212.31807585518092,4234952
2013-05-29,210.7413787841797,214.19939533705295,209.0034250612064,212.31809575441883,5166528
2013-05-30,212.1959228515625,212.8484246411641,209.93481199101743,211.4754516645971,6338632
2013-05-31,218.56240844726562,220.66492422727387,212.24578966996725,212.24578966996725,18498304
2013-06-03,227.84249877929688,237.8928984781536,224.31260359484705,228.83031186946204,33215248
2013-06-04,226.19308471679688,228.32732823540218,223.265887015016,225.65840097030227,11714560
2013-06-05,223.05291748046875,225.67653193239514,222.48650580581037,224.7521525044439,5078784
2013-06-06,220.18910217285156,222.45474857277577,218.94299665289327,222.0333471925711,7509232
2013-06-07,221.7433319091797,224.10865329441836,219.3145547292367,219.76768397454504,6618168
2013-06-10,225.3638458251953,226.38338669803474,222.68584737411317,222.93960419422157,4289040
2013-06-11,224.3443145751953,227.87872308597397,223.46978388360728,225.65838953433095,5957704
2013-06-12,219.43698120117188,227.144694517986,218.66666122884925,223.14357080604668,5927288
2013-06-13,215.68048095703125,219.76771619920663,215.2364230816972,219.67709033685642,4154328
2013-06-14,217.0443878173828,218.31768550997657,215.4312431672704,216.7498537875333,5584064
2013-06-17,219.55023193359375,219.85835102796844,217.035364150813,218.5397402519058,2720504
2013-06-18,221.720703125,222.9396165219499,219.74051922562944,220.2208407107066,4284904
2013-06-19,220.97760009765625,221.91556458169137,218.1636623946376,221.67087915652814,5836832
2013-06-20,214.70175170898438,221.8521238100322,212.31375124834676,220.03960645864302,6802928
2013-06-21,219.20130920410156,220.40210190568473,214.83768268966242,214.83768268966242,6161368
2013-06-24,215.72581481933594,217.79662482514314,213.1429774917518,217.72865542178567,7336552
2013-06-25,215.13674926757812,216.31037201349122,212.517670409937,215.68957593844354,5790640
2013-06-26,217.4477081298828,218.82523908276863,214.93284018531466,216.74084402961304,5567232
2013-06-27,225.0059051513672,226.56012990737779,218.64397376568638,219.40522219200673,10670944
2013-06-28,226.46043395996094,227.2669952454327,219.677079643078,223.95461571268748,11707392
2013-07-01,222.12399291992188,224.16307486227123,221.22680571547022,223.75525847380138,4209080
2013-07-02,217.86001586914062,223.2613255822914,217.50204817327926,221.8611605722664,5110832
2013-07-03,217.909912109375,222.20556964887157,216.83147306847806,217.59272155317504,5349856
2013-07-04,223.6645965576172,224.31256253133728,219.3145557817802,220.49269182523605,5210784
2013-07-05,222.59530639648438,225.07393333598174,221.00935332288387,223.57407043271297,4337360
2013-07-08,223.67820739746094,226.02089472747627,222.98492841898772,225.20526198788235,5415168
2013-07-09,226.40151977539062,227.83341279321527,224.8427594033282,224.8427594033282,8611368
2013-07-10,226.66891479492188,228.37722151237077,225.93032271045251,227.01783328908286,6865416
2013-07-11,229.1339111328125,232.31486567058766,227.44826121930583,229.73656427570089,15704960
2013-07-12,254.13302612304688,263.3225013830495,249.22110905334083,252.04409567479996,52873040
2013-07-15,248.55953979492188,252.8461473634868,247.25453627161446,252.39755378519075,12874240
2013-07-16,247.29983520507812,251.08800033326287,242.9724506698449,244.87559360680612,6301536
2013-07-17,249.2982177734375,249.97791189231873,247.5581831287339,247.5581831287339,6575048
2013-07-18,253.82040405273438,255.33838736716203,248.2106715797484,249.5836446527646,13078696
2013-07-19,258.05267333984375,259.64316205606457,254.0243571529316,254.0243571529316,16402840
2013-07-22,260.7079772949219,262.3528280216584,255.74621080256173,255.76433155187166,6751136
2013-07-23,262.99176025390625,264.3692691640274,261.90878544506415,261.90878544506415,6168480
2013-07-24,263.5943908691406,265.26189787853,261.00248236766873,261.00248236766873,4875280
2013-07-25,264.20159912109375,266.9249108972689,262.9056447751872,263.6306517238951,7177688
2013-07-26,264.02032470703125,267.61816695588163,263.0506324215133,265.53377215737663,6899640
2013-07-29,264.7362976074219,266.80257195115684,263.72129224791655,263.72129224791655,4362952
2013-07-30,267.8628845214844,269.43071652676855,265.6244299158959,265.6244299158959,6336208
2013-07-31,269.1271667480469,271.1164227439665,265.37072801366025,269.06826876943387,11807328
2013-08-01,269.5802001953125,271.4380302880739,267.95800618400966,270.79006425224344,8690632
2013-08-02,272.67510986328125,273.6901151367104,270.1647778018535,270.5182098288346,11962296
2013-08-05,272.69775390625,274.143231977038,271.5603949154362,271.76883882269146,8502784
2013-08-06,270.731201171875,272.9651200137036,267.44147767092136,272.60261653426977,10031832
2013-08-07,268.55621337890625,272.1313999601613,267.45963136834746,269.61199604263743,6503608
2013-08-08,268.6649475097656,269.8838611277122,266.44007780909124,266.44007780909124,5765368
2013-08-12,272.3670349121094,273.6901817269339,269.24951321547036,269.7026426554156,7594376
2013-08-13,279.4539794921875,280.39647981786203,272.60265394057177,272.611725378985,10334312
2013-08-14,278.189697265625,280.47800051825124,275.73374942619927,278.22142517079465,9211208
2013-08-16,269.9200744628906,275.4981010233295,268.94584638888597,273.69011939480276,12087616
2013-08-19,272.33074951171875,274.31998300735347,267.4324166303516,270.9804328485158,5259328
2013-08-20,272.48028564453125,273.7807758364069,270.2916795538178,273.69014995893707,10362056
2013-08-21,268.1392822265625,271.40634913556323,264.817853072992,271.40634913556323,7526584
2013-08-22,273.70831298828125,275.1809837246455,268.61514231284,270.88078959955425,10965816
2013-08-23,271.9410705566406,273.6856187265338,270.27356323404314,272.33076626124097,5498864
2013-08-26,274.6597595214844,276.3952578264769,272.64787007399946,273.68553163273737,5571544
2013-08-27,276.95709228515625,279.12757664599894,274.7684650566402,274.77753649047685,8525552
2013-08-28,282.412841796875,283.65894739646006,276.59013017699556,276.59013017699556,14329696
2013-08-29,281.3570861816406,283.3825611104374,277.4057893807875,278.2214222146415,20086288
2013-08-30,281.47039794921875,283.0155515012104,275.27611020761447,280.2152206623683,12678560
2013-09-02,279.66241455078125,283.44153172158633,277.73210086696986,278.86492444923505,5125040
2013-09-03,274.9317321777344,280.4417901959475,273.400163631146,278.40270786296674,6267312
2013-09-04,282.09112548828125,284.55614459055994,276.9164018733776,277.2879546445094,8979400
2013-09-05,272.3126220703125,280.64113077923383,271.4335555452046,280.64113077923383,9457072
2013-09-06,274.5102233886719,278.3935276164435,272.41222177745226,272.41222177745226,13465928
2013-09-10,286.2781066894531,288.9153288614277,274.7776904353353,274.7776904353353,21879136
2013-09-11,282.67108154296875,287.5512700132362,281.6424693536641,285.01828207457925,9145680
2013-09-12,277.8452453613281,282.67107142725393,276.227565238345,281.3932382103219,6957440
2013-09-13,274.4195556640625,277.84521654688325,273.0828246388896,277.3377030362997,9255384
2013-09-16,271.27947998046875,277.1293845204859,270.0741735673023,274.14326642370594,6332184
2013-09-17,273.92578125,274.59186816235797,271.06199472237546,273.4182674949538,8027280
2013-09-18,273.43182373046875,274.5284055631762,272.3307283048096,274.14324563129753,7439816
2013-09-19,273.59954833984375,275.0495625079251,271.1798416219501,271.7870306297421,15327808
2013-09-20,271.4380187988281,274.77759038171575,270.3822364458605,271.8775630425947,7991712
2013-09-23,273.6357727050781,275.8606424799684,271.97280108549387,272.3307688857261,8886376
2013-09-24,273.24609375,274.68703636076555,271.5966850691759,274.5964104827184,11752256
2013-09-25,272.75213623046875,275.04951084670193,271.21149646625327,274.7595124926467,8080776
2013-09-26,272.99224853515625,275.21711754641063,271.96817201948943,274.9588250273679,10682440
2013-09-27,272.4756774902344,276.49945620328776,271.06190544216116,274.05255836078084,5701568
2013-09-30,273.05572509765625,276.8620113419648,271.65555994001943,273.7082268858753,8679184
2013-10-01,273.237060546875,275.3486482259448,272.1495498581312,274.5964489078047,5310216
2013-10-03,275.244384765625,276.1370585408587,273.6901597615337,275.0495479722698,14686712
2013-10-04,273.3638610839844,275.4120145636961,272.3307350325459,274.2565347395148,7352816
2013-10-07,273.8577880859375,275.4799822730733,272.4576007248706,273.2369920399098,9795344
2013-10-08,274.97247314453125,276.59015376559057,273.8985698660298,275.52983551733405,17982912
2013-10-09,281.8328857421875,283.78585564476765,272.7838832885616,274.3245231609555,17371792
2013-10-10,283.4414367675781,286.4637957972829,280.101865115646,283.21487212702516,17434688
2013-10-11,296.7544860839844,302.509230278925,286.0878229225491,302.23735260042383,41290600
2013-10-14,301.2721252441406,302.28713058144257,295.07783806720914,295.07783806720914,12231712
2013-10-15,304.0317077636719,305.14187479774176,300.22542078971804,301.24042622434723,9221320
2013-10-17,297.9871520996094,306.13768668654444,297.2122122823089,303.6122990276779,11513008
2013-10-18,302.18548583984375,303.03790622436907,297.3033608806519,299.5825954780197,10944776
2013-10-21,304.0909729003906,307.94288007727016,297.67721892052646,303.8676123204628,9383368
2013-10-22,304.7199401855469,306.7119774831995,303.17460162110973,304.32334453910534,7208760
2013-10-23,303.11993408203125,304.39630529678874,298.9443723706952,302.6823166424849,6561584
2013-10-24,301.6567077636719,307.6966796229369,299.9518446867246,301.0686696720227,6480560
2013-10-25,303.7353210449219,305.4173914807011,301.4332944374927,303.4116653276935,6011344
2013-10-28,302.99688720703125,304.040772210483,300.23445039828505,302.42707855251064,3412448
2013-10-29,304.1045837402344,306.78039160835306,301.4743383026042,302.6367478628547,5200392
2013-10-30,303.0379638671875,304.40096422219887,301.53823166847576,301.8618874944967,5591088
2013-10-31,301.7615966796875,303.4117717695567,300.5125803160412,301.25106138016054,9687544
2013-11-01,298.7347412109375,302.22653336326573,298.0692002001662,300.85899248831885,6166704
2013-11-05,297.7455139160156,299.99739303950884,294.7505910272184,296.4828091619283,5320232
2013-11-06,301.4195861816406,301.9711652896718,298.607024635701,298.607024635701,3704664
2013-11-07,306.1102600097656,309.97126915141195,302.0988080653153,302.8327036259089,7192712
2013-11-08,306.3337097167969,308.9912885007669,305.4174529064472,305.4174529064472,8616112
2013-11-11,306.566162109375,309.7935492161958,304.5148510860188,305.41741903303586,7803200
2013-11-12,304.2185974121094,307.6967008458166,303.4208652247313,306.5570834352766,6452184
2013-11-13,303.7809143066406,306.2014656158055,302.32220433599787,302.32220433599787,4687512
2013-11-14,305.804931640625,307.69669651549805,305.4220246477028,305.62715577871313,4343528
2013-11-18,310.3497009277344,311.34343828429843,308.8681984761619,309.15537312505296,6326536
2013-11-19,313.89154052734375,314.35195024252386,309.9803839243937,310.5228371595233,8975208
2013-11-20,310.176513671875,313.9235847392878,309.5200984743112,310.7964700144115,4306608
2013-11-21,304.90228271484375,309.9758491065199,302.0532399840853,309.61117163698276,8495496
2013-11-22,305.19866943359375,307.6967019028178,304.1410955697186,305.05278950128246,2720936
2013-11-25,303.2293701171875,308.043118027082,301.49715182728175,305.599774092848,5707296
2013-11-26,302.3359680175781,305.32632887020725,300.18892413779145,302.68241619859305,7321096
2013-11-27,300.24810791015625,304.12736927799773,299.5643375959004,302.6823257772776,6779624
2013-11-28,303.3934631347656,304.3233863466276,297.66802169614715,300.9865781802504,7499968
2013-11-29,305.832275390625,306.8761604330406,301.7706746979692,304.14107878925233,5411560
2013-12-02,304.3872375488281,307.8699037907065,303.1473472013182,305.59979488589477,4711376
2013-12-03,305.3034973144531,306.2835682651453,302.68237733004383,302.68237733004383,7001240
2013-12-04,306.8168640136719,308.6995026977453,304.2139739146646,305.4174052089329,8443120
2013-12-05,305.53594970703125,309.88472471074186,304.68807001568086,308.15250647905486,6317072
2013-12-06,303.211181640625,305.3263071760004,302.51828532782724,304.4191761375142,6544848
2013-12-09,304.3963623046875,308.52177718214375,302.77810564005,306.7849958594517,8856632
2013-12-10,307.318359375,309.050577853711,303.7353977542461,304.04992771059204,12345896
2013-12-11,307.637451171875,308.3075328577096,304.5057736088937,306.78500844129564,6256960
2013-12-12,306.6801452636719,308.6721829751117,305.23510160520175,306.730270619004,5520232
2013-12-13,307.5918273925781,308.1525101868475,304.96158182692454,304.96158182692454,8315624
2013-12-16,314.7394714355469,315.81071158019677,305.76385101562033,308.15248416312505,10117696
2013-12-17,315.11322021484375,317.71608758573984,314.08756493477796,314.08756493477796,10713952
2013-12-18,315.2136535644531,316.6997193114499,314.30652244007877,314.5344459516379,9183344
2013-12-19,320.2096862792969,323.19092084576977,314.99023876289294,315.6740091798891,7331456
2013-12-20,323.77435302734375,325.7481609966225,319.85861075544545,321.37203120993405,8685456
2013-12-23,316.2164001464844,322.7304472477201,315.4961710194055,319.0927982509185,8845904
2013-12-24,317.8529357910156,319.3572306474451,316.0022150772018,317.8164769401807,7109912
2013-12-26,320.9754943847656,322.2290734597121,317.61135289780606,317.9076534064298,6869928
2013-12-27,324.6815490722656,325.6570570816582,321.82337982759685,321.8279427486712,7382064
2013-12-30,319.3070983886719,325.9305451797642,316.8136068530575,325.26500423028455,11863432
2013-12-31,317.7845153808594,321.07117572176134,317.2922096710235,319.0928047837317,3590808
2014-01-01,316.1754150390625,319.00166586553627,315.63296167077254,318.3634801950422,1478688
2014-01-02,317.319580078125,319.82217502916075,315.7423454018646,315.7423454018646,4404744
2014-01-03,325.0325622558594,325.9305897069847,314.921885173525,316.81365013476136,10046344
2014-01-06,320.7247314453125,326.43194315303475,316.2300991198815,325.93963743737856,11098328
2014-01-07,315.18621826171875,321.4541132380988,314.23350267693894,320.82961632988753,7713688
2014-01-08,312.5376892089844,316.81352325264726,311.8903778553399,315.53715222371574,8990392
2014-01-09,314.607421875,317.45190317264655,311.6033941010317,313.62278774092596,12590808
2014-01-10,323.7652893066406,325.9305622727885,314.3520499906503,318.18116428868024,30258176
2014-01-13,334.1357727050781,335.0474664914494,326.5687142781964,326.5687142781964,17119912
2014-01-14,336.1187438964844,336.8708913534983,331.8975967467033,332.31242191705036,7425832
2014-01-15,338.4253234863281,339.54671138487487,335.594509601628,336.8982362720311,17130144
2014-01-16,339.6105041503906,340.74099556156006,336.7477722573495,337.23553734465736,17608232
2014-01-17,340.0389709472656,343.2207731804257,339.15006955528605,339.9705939171133,25667896
2014-01-20,341.8213806152344,342.7923256650166,337.73242478296396,338.4207580933238,9761944
2014-01-21,342.6464538574219,343.7085682486172,338.9996785974896,341.8851806186511,12102464
2014-01-22,343.3348083496094,344.43796690866577,340.97809289439266,341.0829287931287,6769760
2014-01-23,345.7599182128906,346.35251925926735,342.87441586725555,344.9941042254493,7907344
2014-01-24,342.6282043457031,346.1655808218823,342.3136744291709,343.2527235161838,6876584
2014-01-27,340.2623596191406,343.15242454778064,338.3478026164382,339.1500976215815,8099048
2014-01-28,335.05657958984375,338.11985724066056,334.3044322446928,337.9648737545015,14108544
2014-01-29,338.9495849609375,341.31086341449765,333.1010548516015,334.2270057956638,8102080
2014-01-30,337.7141418457031,338.84919606073464,333.6798971870887,337.6639942401248,7183632
2014-01-31,337.42694091796875,340.9506279219729,336.1004222244078,337.3266457146333,5369928
2014-02-03,330.86737060546875,336.597375458779,330.4707971284943,335.95918975232956,4384112
2014-02-04,324.6632995605469,327.4758616786222,323.3367805827694,326.4775613837702,4535112
2014-02-05,326.5003356933594,327.206898374441,322.9903146325023,326.38637397060427,4326992
2014-02-06,324.9004211425781,326.65999520275346,322.8308799924505,325.6571316952932,5749904
2014-02-07,325.16015625,328.3784398112687,323.54646267781663,327.02456561684363,7551456
2014-02-10,325.82110595703125,326.93336784329585,324.3350407424777,326.37722577108985,6049424
2014-02-11,327.8678894042969,330.2155009864062,325.793785967676,326.75106447688563,5833592
2014-02-12,328.2189636230469,330.7124333412874,327.5898814124097,328.25542247953854,4208712
2014-02-13,326.9151916503906,329.84627853285167,326.39096767627245,328.64740999965056,3588320
2014-02-14,332.24853515625,334.0445672699092,328.50602811552955,329.62741580335427,5962168
2014-02-17,333.51123046875,335.9591370189449,332.6633731126422,335.9591370189449,13569920
2014-02-18,335.6856689453125,336.83441207690254,332.4947405332848,332.4947405332848,4978240
2014-02-19,342.1951599121094,342.97922552443663,336.8800025862336,336.93012794133955,7064304
2014-02-20,338.3523864746094,341.4202274345677,337.87374719431523,341.4202274345677,8816848
2014-02-21,341.9489440917969,342.37743566974984,339.81102686391483,340.6087588338817,5517984
2014-02-24,341.87603759765625,342.22248568157045,340.0617759002682,341.52048593093957,4357608
2014-02-25,344.8846740722656,345.7234502608153,342.34105701263616,342.34105701263616,8099512
2014-02-26,347.12744140625,348.06649054507244,343.90005400595663,344.6202832608339,7352168
2014-02-28,348.709228515625,349.83059413622783,342.89718026529147,342.89718026529147,9839496
2014-03-03,346.2840881347656,350.9975405005037,345.7097166048106,348.72286898321033,7204176
2014-03-04,346.40264892578125,348.672757759465,342.9701081493665,343.7085890875365,6937912
2014-03-05,348.4219970703125,350.4915374376242,347.3461939903345,348.98724274544213,4943504
2014-03-06,349.3519592285156,350.9975710876404,348.0254624766403,349.90810138306216,6226312
2014-03-07,341.0008239746094,349.5433901160613,338.08340392147585,348.9052044794383,15072744
2014-03-10,334.7375183105469,340.03444615201886,332.3397590660713,340.03444615201886,7432472
2014-03-11,335.0793762207031,338.13809099026554,331.04056839737746,333.0417317563285,4124272
2014-03-12,334.71026611328125,337.632250214153,332.9506920132774,334.90170852323575,3940104
2014-03-13,306.1102600097656,313.61348072661906,304.50567032872743,311.7992193186371,40790880
2014-03-14,309.4425354003906,310.33143683578993,304.0544385160903,304.50572248550935,11167544
2014-03-18,305.4676513671875,311.0608809539813,304.5058097022753,309.9759739484239,11804312
2014-03-19,298.28338623046875,306.13307788896356,295.2747970211448,305.41738943136556,15777848
2014-03-20,301.13702392578125,305.37183715919224,298.12387147650657,298.12387147650657,8023032
2014-03-21,301.37408447265625,304.32342313578596,298.1694893246219,303.5940680174258,12380320
2014-03-24,298.65264892578125,302.5410139424261,298.12386208879525,298.32443026609377,8160344
2014-03-25,296.7016296386719,299.0082194685931,295.9358157285862,296.1181544936685,7548064
2014-03-26,296.2002258300781,298.02817657319287,294.5318437795343,297.21221497450983,8458568
2014-03-27,294.5728454589844,297.4765770124316,293.196178844079,296.11816208102215,13599368
2014-03-28,297.4492492675781,298.944418302764,294.2309654728288,295.39793807153904,7146824
2014-03-31,299.29083251953125,301.3102252982823,294.4816479269329,299.51875595993874,9176928
2014-04-01,302.1307678222656,303.1381939409776,298.5797248591584,299.31364283296125,8628352
2014-04-02,302.8692626953125,305.41744257802736,301.81625183718194,305.3080437666445,5644400
2014-04-03,304.33709716796875,305.2351245829208,302.59577513470794,304.46018475049704,4700216
2014-04-04,302.3222351074219,305.96444748445816,301.41510420372697,305.50860057223457,3925584
2014-04-07,300.2572937011719,302.1764140269217,296.8475670371154,300.67668184533375,7097544
2014-04-09,296.7153015136719,301.75240961238836,294.52267353671846,299.13129001350876,10664680
2014-04-10,291.8514404296875,297.00707377299545,290.4793366885833,296.71077326197945,21263240
2014-04-11,294.94659423828125,296.8110257610864,288.5510714937409,292.65369336332014,18678336
2014-04-15,297.19403076171875,308.8819440268044,296.0726426289986,303.7946867780376,20782384
2014-04-16,287.84912109375,295.5666010967558,286.9556566151685,295.5666010967558,13198304
2014-04-17,291.0172119140625,292.65826068658293,287.94480838602897,289.9186164786066,8391912
2014-04-21,290.18756103515625,293.5653908693038,289.00692206698545,292.65369710884016,6119624
2014-04-22,287.2427673339844,291.7419846568734,286.4906200297909,289.19380521126544,6626896
2014-04-23,289.2485656738281,290.9990358251976,288.4599593279782,289.3762161788648,12016720
2014-04-24,289.2485656738281,289.2485656738281,289.2485656738281,289.2485656738281,0
2014-04-25,289.5174560546875,291.74197974699973,288.40063128846856,290.6479473229485,5962904
2014-04-28,289.7409362792969,291.10391445249024,288.55117107489247,288.91584870026355,6042480
2014-04-29,289.7135009765625,291.28617280154737,289.0981076537423,290.19214022764487,4835464
2014-04-30,289.9916076660156,290.8303616240847,289.0981431692704,289.7044107251944,7741936
2014-05-02,293.5380859375,296.0270147819693,290.3745124978664,290.3745124978664,4764392
2014-05-05,289.6359558105469,294.750566250034,289.4217211509938,291.0126221682983,4196688
2014-05-06,288.56475830078125,290.3288947320882,287.63939798390277,289.6359985309907,4566024
2014-05-07,279.6484375,289.00696648627104,278.0666396792198,287.2747480751546,15596072
2014-05-08,279.4615173339844,281.56751675030165,277.7429655416653,279.8900089873186,9161992
2014-05-09,283.6689453125,284.9042947863231,278.3264333315557,279.4341323264257,6179400
2014-05-12,289.471923828125,290.5112459160598,283.08550394375675,284.2843724557785,7044200
2014-05-13,297.69085693359375,298.5797585047147,290.1921744490097,290.1921744490097,7299968
2014-05-14,296.6742858886719,297.66802321912996,293.3055595192285,296.3232748753376,5184688
2014-05-15,298.34722900390625,300.3894364425568,292.22065120425276,296.67428425892894,8409192
2014-05-16,289.6952819824219,304.50574403324714,278.8917099261525,300.7677992711624,14188792
2014-05-19,274.8802795410156,291.55971533999565,273.5173015835364,291.55971533999565,17246512
2014-05-20,284.64898681640625,286.16697009782393,277.35543761986446,277.9753937531996,8787344
2014-05-21,287.83087158203125,288.48728669623284,282.53848438088335,284.2661397587686,6788304
2014-05-22,283.8923034667969,289.9186079632545,280.90650648226966,288.0952204917875,9832744
2014-05-23,279.8490295410156,289.09816049858756,274.6158927510496,284.9043681987027,9081776
2014-05-26,282.15557861328125,283.62339234931017,278.08028931830813,279.98117988900094,5750544
2014-05-27,285.7294006347656,287.63939469944427,282.57949409538116,282.6250787855078,4984128
2014-05-28,289.3078308105469,290.64801639688204,284.26615907323657,284.7675907200944,5389320
2014-05-29,270.2874755859375,279.5758637878136,269.40946874098404,279.5758637878136,41341328
2014-05-30,271.66448974609375,273.51755039290595,266.17464668380205,271.71995182304795,28035616
2014-06-02,276.6321716308594,277.05269513600194,273.6146103046409,273.6146103046409,6229856
2014-06-03,278.8548889160156,280.680218408664,274.93159029143294,278.0046133613347,6824936
2014-06-04,275.83270263671875,279.79298350278367,272.9676284930637,278.6515659070889,5508008
2014-06-05,281.0683288574219,283.58682094341276,273.75315811761686,277.2651837788152,12153720
2014-06-06,277.5470886230469,278.18941515189675,272.64411119538056,277.2790520601422,16882424
2014-06-09,276.01300048828125,278.651646630014,275.0564486725239,277.8198506699244,10858344
2014-06-10,284.2108459472656,285.50937655222845,276.92802726787556,277.26535776091964,10479176
2014-06-11,295.135009765625,301.04075067267013,285.61556934217424,286.96953897878296,20375704
2014-06-12,293.4436950683594,304.71914907625865,288.4205637040325,303.1433536549967,21128856
2014-06-13,294.5481262207031,296.39656127699874,289.3771336634971,294.6867588499253,10151744
2014-06-16,299.8300476074219,301.26721050703577,293.9012006512925,294.45573121855915,9375328
2014-06-17,300.0796203613281,301.9419099231392,297.4640798672718,300.27831813292903,10079392
2014-06-18,299.4927062988281,302.68125694450305,296.9280025186113,299.90860420913356,9791280
2014-06-19,306.0915832519531,307.11747369732814,299.91782843428837,299.98714474643793,11313704
2014-06-20,306.5260009765625,308.6331989347501,304.3309843001963,306.8402259173014,8853000
2014-06-23,298.7579345703125,305.81894729426614,297.73204411255693,304.9917771387464,6328112
2014-06-24,296.100830078125,298.975133187226,295.02410306895445,298.52227560274076,10638024
2014-06-25,296.789306640625,299.90854030325517,296.304092515327,299.90854030325517,6433520
2014-06-26,294.1322326660156,298.98437476027044,292.8614335460918,297.5980484476262,7376552
2014-06-27,297.91229248046875,299.0398560048126,293.1618230368962,295.7496323196935,6890744
2014-06-30,300.8836669921875,301.5722045953226,296.8032327266345,297.598068892718,7290576
2014-07-01,297.6950988769531,300.8143331126188,296.30414694945307,299.90859539955557,4662512
2014-07-02,297.16363525390625,299.7791750977519,295.58321442052863,296.85863898874015,6119632
2014-07-03,296.7385559082031,298.37441663336085,294.8716407709071,296.69234502577547,7504912
2014-07-04,299.9963684082031,301.1470146580239,295.754219200559,295.754219200559,5752968
2014-07-07,309.1923828125,311.27649808293285,301.2949476693471,301.7570564847909,11638312
2014-07-08,308.8873596191406,314.8208543445581,305.2736825349778,309.520457666804,11460480
2014-07-09,305.94842529296875,312.75527984923,304.0676331867514,307.76450410695503,8270752
2014-07-10,304.3171081542969,312.54264434871783,300.4261658074138,306.3781178034328,11345616
2014-07-11,307.45477294921875,317.19141230290006,305.02409923356646,314.3632980277857,15826360
2014-07-14,298.083251953125,306.3781040925849,294.43721839457777,306.3781040925849,8231600
2014-07-15,298.1202697753906,301.10549742312827,297.3254561013325,299.35410941555654,4139800
2014-07-16,298.48529052734375,299.9085764408235,296.04996840803324,299.44646769438157,4589488
2014-07-17,299.3818664550781,309.2340143352633,298.6748263233758,301.3042439275736,4946672
2014-07-18,300.51397705078125,302.6535317607464,299.77922857447203,300.64798408946933,4098368
2014-07-21,295.81427001953125,302.5287232256867,294.64976958933227,300.83277520625944,7435968
2014-07-22,298.8642272949219,300.0657101206324,295.5694007253624,296.2117274155574,8733360
2014-07-23,309.56207275390625,310.0750180566174,300.27831107777945,300.27831107777945,11827336
2014-07-24,312.5934753417969,313.77185269728744,306.97422822401006,309.0583432753252,5571560
2014-07-25,309.816162109375,314.14150419089145,305.4261293205938,314.14150419089145,5337672
2014-07-28,311.56292724609375,313.03242384175695,306.91873495260444,309.1507108800345,4601448
2014-07-30,311.66461181640625,313.67941042087074,309.20620687590457,313.67941042087074,9934720
2014-07-31,311.24407958984375,313.76257213353733,308.9843724441542,312.38549716273013,8457168
2014-08-01,308.80877685546875,313.4945547500669,307.7644066384796,309.61284151318523,7607008
2014-08-04,320.2922058105469,321.89570966266655,309.54817718569217,310.07497665709775,13086960
2014-08-05,324.6776123046875,325.32456456376315,320.7081025992826,321.2580075067161,10985624
2014-08-06,330.486328125,333.49003503964457,325.7866730499099,325.7866730499099,18004184
2014-08-07,324.1553955078125,327.5796028887607,321.84485203138263,323.3836649611245,7754224
2014-08-08,321.8726501464844,325.32461208723436,321.16563267134643,323.47617679128416,3811352
2014-08-11,330.26910400390625,331.2118012851204,324.40032322756707,325.694227650697,5628672
2014-08-12,330.57415771484375,332.6259162866872,327.26545417370363,332.6259162866872,5916936
2014-08-13,333.4945373535156,335.028746985962,328.16643403045646,329.02596056998607,8941360
2014-08-14,333.878173828125,335.27835421589475,331.47983409826986,333.4576503826281,6762480
2014-08-18,329.0029602050781,333.8273711895549,328.09722251465115,333.8273711895549,6777888
2014-08-19,327.8938903808594,331.7016619822239,326.24877871196725,329.1138529726106,6424824
2014-08-20,328.5177307128906,331.1009140712309,327.81994199878744,329.2986899751,3938224
2014-08-21,328.00018310546875,329.3356729532968,326.2487953598731,328.6748664301837,4298880
2014-08-22,332.8107604980469,333.4577128233694,327.9124071777479,328.00020333768896,4855040
2014-08-25,335.28765869140625,336.0177815551463,329.21092809373147,332.62590754420637,4198352
2014-08-26,334.9503173828125,336.4152113258241,332.7183408716942,334.75161962146564,5842128
2014-08-27,335.5417785644531,337.3393770333984,332.81996262418346,335.4909420907496,5569872
2014-08-28,332.6073913574219,335.8282757382573,330.9807595663649,335.39852363543486,7599304
2014-09-01,332.6859436035156,334.4650622923075,331.33197399059395,333.64714334255586,3643152
2014-09-02,333.98907470703125,335.02881931871,328.6101337620603,332.7182757372017,3583832
2014-09-03,345.1259460449219,346.2488613668045,333.6425427387475,333.6425427387475,11857560
2014-09-04,342.7691955566406,344.27104912665624,341.7618074183156,344.27104912665624,6238464
2014-09-05,344.8025207519531,350.74061951448425,342.45501680369114,344.91804796523195,6468352
2014-09-08,349.5066833496094,350.324624819347,344.9826434395151,344.9826434395151,6517296
2014-09-09,345.292236328125,347.085209007097,343.80886293092516,346.3966715766418,4316800
2014-09-10,338.9382629394531,342.69982337035486,338.26357970213024,342.69982337035486,5080752
2014-09-11,340.49554443359375,341.9327070035351,335.5463783071603,339.5574727980492,5013032
2014-09-12,339.1785583496094,342.6998359157286,337.33937462039086,340.85140098630177,3907552
2014-09-15,336.5353088378906,339.00296494782185,335.2414043915249,338.7256997093149,4958800
2014-09-16,337.4549255371094,341.0824793412399,334.8994730930098,336.9697113340091,5034904
2014-09-17,345.7544250488281,346.4060029607296,339.2895275377132,340.1028209635046,7926120
2014-09-18,341.6831970214844,344.7053836211199,337.75064719270046,339.5528712505633,9104776
2014-09-19,342.14996337890625,350.0843575251317,340.23221195834947,341.8680725127422,14755016
2014-09-22,337.39483642578125,340.36618654691296,335.6757829172189,340.1120267443187,8612040
2014-09-23,333.3744812011719,340.4308678043868,332.3070055471344,336.8772562668354,12962304
2014-09-24,336.8587951660156,339.39576766251696,332.5565582385872,335.49094876844896,5564560
2014-09-25,341.1286926269531,343.69802189048704,336.9697137138637,337.33940072836054,24975512
2014-09-26,340.1258850097656,343.8320061097849,338.30980669709504,340.5741395106666,8864840
2014-09-29,346.4938659667969,347.5936760824293,340.2138107615703,342.05299508977174,4996144
2014-09-30,346.37359619140625,347.16380662705694,342.06213079569346,346.04549448258024,6927368
2014-10-01,355.5741882324219,356.7433142948584,343.99373893496863,343.99373893496863,9470864
2014-10-07,354.09552001953125,359.793312923076,348.3653704720099,348.3653704720099,20063456
2014-10-08,337.3533020019531,350.4633386070002,336.50765186394716,349.8163862414282,20327680
2014-10-09,337.043701171875,343.254439341854,335.11207272177893,341.96053461627884,12432832
2014-10-10,359.3959045410156,361.1842748044156,330.1952510127392,338.2636759939,45893056
2014-10-13,364.37738037109375,368.3006792039104,359.4559221107153,359.4559221107153,17726984
2014-10-14,362.1361389160156,366.45223002547704,360.444816418502,366.45223002547704,6860512
2014-10-15,362.1361389160156,362.1361389160156,362.1361389160156,362.1361389160156,0
2014-10-16,359.9941101074219,366.7929535881005,358.9742881329198,363.23520716361907,10017392
2014-10-17,358.7228698730469,365.3494287207842,357.3677758676399,359.9569067523919,8190016
2014-10-20,355.0626525878906,359.73801748520856,354.10802038051196,358.8485751248801,7702720
2014-10-21,351.3930358886719,358.55975617484256,345.53020316160155,358.55975617484256,26081384
2014-10-22,353.5445251464844,355.02069876452003,351.69578941863045,354.7785618156366,5353320
2014-10-27,354.1964416503906,358.56911764130007,352.2545712297838,358.56911764130007,4767752
2014-10-28,352.8180236816406,355.06258220486706,350.65263885999525,350.65263885999525,6666368
2014-10-29,361.4981689453125,362.5459357468416,355.1184333093351,355.1184333093351,8229336
2014-10-30,367.561279296875,370.79305345062244,362.8533089465934,362.8533089465934,15245208
2014-10-31,377.3125,378.6862388151805,371.3332481452544,371.3332481452544,8670800
2014-11-03,380.5395812988281,382.7841397291777,375.5615293334041,379.7013678541657,8578408
2014-11-05,384.1625671386719,386.8821226379358,377.8480432214987,380.4558187231506,10241080
2014-11-07,388.05560302734375,389.58300518844226,383.5571633222881,383.5571633222881,9970400
2014-11-10,387.9530944824219,389.406006776257,385.57815656157163,388.8425138270908,5594168
2014-11-11,384.1997985839844,387.9065464315179,382.2066769466184,387.9065464315179,6255088
2014-11-12,382.4116516113281,386.57479713417325,381.58276063362405,383.8086742061089,5392896
2014-11-13,389.1731872558594,391.2640367830042,383.00764367556405,383.90174708712186,4956680
2014-11-14,390.38861083984375,392.2327078055684,388.7447901444219,390.60748679101715,5233176
2014-11-17,392.8846435546875,393.76474041651466,386.3325991397917,389.7692652869081,5458184
2014-11-18,389.5224914550781,393.75544247671473,388.5678593835899,393.4946831256327,5267120
2014-11-19,388.6842346191406,390.2302818236984,385.5548953748768,389.3035721159454,5201120
2014-11-20,393.5505065917969,394.19312775803616,389.66212783600287,390.2348978868686,5347928
2014-11-21,386.1510009765625,389.2104895119307,382.00186211796404,388.3722759666789,10463272
2014-11-24,398.1606750488281,398.7706899247939,390.41652391992665,391.16624102482984,11047440
2014-11-25,400.77783203125,402.3378404858499,395.4505013869356,400.0141082093473,14886576
2014-11-26,400.5216979980469,402.12827381608497,397.83474905644863,400.47976913413635,7930800
2014-11-27,406.61737060546875,407.5952863815647,401.59741205004207,402.51943782944795,17389032
2014-11-28,406.0539245605469,409.6070094651423,404.52183831519204,407.00855663126487,14347264
2014-12-01,405.12255859375,409.99817615044697,399.790589454862,408.5825085118213,18341864
2014-12-02,396.12109375,403.2645082248249,393.9603474130348,403.2645082248249,10654992
2014-12-03,395.5435791015625,397.3038180979639,388.28838574514407,391.44564703646506,12775044
2014-12-04,391.50152587890625,399.529719819587,390.23488327237175,393.0289277826751,9399228
2014-12-05,385.6340637207031,394.258357571328,383.6782324046775,393.9603079423001,7358760
2014-12-08,366.9791564941406,376.07842437381305,364.66940828025383,374.2157278687422,166320408
2014-12-09,365.982666015625,369.9315740248199,363.68221734224295,369.3261975819293,10050460
2014-12-10,365.78704833984375,369.74527865287837,364.9208898649217,366.20615507887095,7804712
2014-12-11,357.83331298828125,363.9615661589035,356.70637253338293,363.41207979771804,8285932
2014-12-12,361.1116638183594,365.16302873164386,357.28381339129965,361.18617622643245,14572500
2014-12-15,358.5317687988281,364.5762087904892,354.82499886360415,354.83429870168334,12966284
2014-12-16,360.9906005859375,363.5238634108713,358.69947467587497,358.69947467587497,17792756
2014-12-17,361.0837097167969,364.2502937070912,353.223139730205,360.6180356005771,17851776
2014-12-18,366.1875305175781,369.149222670306,362.2479226461756,363.9709170076499,19949980
2014-12-19,372.2879333496094,374.0295504637805,369.9316171419661,372.0923410731409,14294632
2014-12-22,372.4648132324219,374.4206446920589,367.9477739089744,373.6569436220855,10465104
2014-12-23,367.25860595703125,376.6186570415665,365.7591259915735,372.69767132289564,8196952
2014-12-24,359.6029357910156,370.117850014031,356.7157557833571,368.068883556983,27339488
2014-12-26,363.64495849609375,365.21892809178615,359.6774054818444,362.3131258254328,2268748
2014-12-29,364.6787414550781,367.47278629387586,363.6915031835049,364.3527695572184,2792676
2014-12-30,366.2713317871094,367.8825688514502,364.4924702235614,365.5076307487383,4640552
2014-12-31,367.4262390136719,368.6183466864865,363.2258489473134,364.15719727794755,6968808
2015-01-01,367.7708740234375,369.18651909497083,364.5111545056969,366.7556905879704,2002764
2015-01-02,374.9980163574219,376.0877119017288,367.32371656694033,367.32371656694033,6778320
2015-01-05,371.775634765625,378.12742589437954,368.3482683281456,374.3834101166207,9937024
2015-01-06,364.00811767578125,369.7452316243947,360.2641024976114,368.81388343390506,9667316
2015-01-07,365.74981689453125,367.83602808776556,363.2258537896659,366.0198988188172,7249916
2015-01-08,367.59381103515625,371.98047014128355,363.2257970833765,369.8569917030436,13564920
2015-01-09,386.40704345703125,392.84266857849065,356.3431419183748,368.8325075682237,44863328
2015-01-12,394.13726806640625,394.74264444617666,386.509534776497,389.6761189168346,12758888
2015-01-13,389.09869384765625,392.61921788155007,386.50956363586636,392.61921788155007,8801236
2015-01-14,396.5029296875,397.31322097270885,389.78794421360044,390.88691711731343,9921260
2015-01-15,397.5460510253906,401.00136256712625,393.44811820470017,397.72299812017604,8342452
2015-01-16,394.57501220703125,402.3424475860644,393.4015043063741,400.1072117661418,6690960
2015-01-19,391.6319580078125,397.1921255187954,390.160445892258,394.89167703998214,4087744
2015-01-20,395.6739501953125,397.31313208109253,391.4363159923847,392.47012156346085,6804504
2015-01-21,404.1865234375,405.3134639935255,394.5191461209666,397.0337865707461,8494908
2015-01-22,409.13201904296875,410.35209451086234,402.58465814936454,405.09929876484193,9958396
2015-01-23,412.5965881347656,414.44996201577345,403.29242841976634,409.7932208695288,9486328
2015-01-27,397.9651184082031,413.70490427550624,396.77301080509926,413.70490427550624,13739968
2015-01-28,399.464599609375,401.37386358212933,396.81025701310676,400.4797601387146,13134356
2015-01-29,399.6415100097656,400.46107823001813,396.30730166593736,399.548375190374,15369424
2015-01-30,398.9709777832031,402.8174736559665,396.18625538309124,402.62188141226795,10833744
2015-02-02,398.0303649902344,400.85233231778034,396.01864344660066,398.89650077069075,8702540
2015-02-03,395.05926513671875,398.60771090850693,391.538787096795,398.03030230447,5265956
2015-02-04,399.14788818359375,400.47969782550393,396.0837164403749,398.5983564034653,5160016
2015-02-05,408.6383361816406,413.5185915452205,400.10717776537547,400.62874184089986,11875936
2015-02-06,415.4745178222656,418.6969923549564,407.6511913266211,410.7246410213386,7453728
2015-02-09,418.90185546875,419.8518490051668,409.793286517909,409.793286517909,6536868
2015-02-10,424.3780822753906,428.0475846763318,417.4302163880155,417.802755626202,8516920
2015-02-11,425.5982971191406,427.15362166366526,420.2709660734729,424.78800581963657,5796972
2015-02-12,430.50640869140625,432.5088074414954,423.39091711186876,425.25361362357955,6287536
2015-02-13,427.6938171386719,433.39364188383036,425.81247523877636,428.3457609983988,5657516
2015-02-16,424.4620361328125,429.7055094694084,421.94739543603004,424.75076323393864,6244276
2015-02-18,427.76824951171875,429.342218952717,420.624790272434,426.6599541938554,8613764
2015-02-19,433.02105712890625,434.7533740125863,426.9393710941476,427.30258782556683,9673624
2015-02-20,425.27227783203125,435.1259246300464,424.1173695622374,433.7289021836743,6971628
2015-02-23,422.0126037597656,430.1339344944825,418.75288437087795,428.4202625395236,5090488
2015-02-24,423.3537292480469,427.66585406254956,420.5224392644342,424.50859214552105,6437676
2015-02-25,431.69854736328125,434.9023761614966,424.69479052216974,426.3525721719709,6044972
2015-02-26,420.6155090332031,430.0966158965694,418.2498481301578,429.81721142543694,6445776
2015-02-27,422.04052734375,424.8159273845871,419.3861844044811,423.7448767248821,7801076
2015-03-02,426.8741455078125,430.00348470613477,424.3315829894192,428.97900163665946,7040992
2015-03-03,428.0197448730469,428.96969282782175,424.3781640231017,426.55750989110277,4905552
2015-03-04,423.6982116699219,431.00929492317726,419.4605774275891,428.42016515891544,4375228
2015-03-05,418.6596374511719,428.1873108096255,416.00529523081855,422.28257264972046,5684916
2015-03-09,407.9398193359375,420.7831014514888,405.88153079362286,420.7831014514888,7984720
2015-03-10,409.4206237792969,411.0877277791073,402.3796230649662,409.4392689316448,6329916
2015-03-11,406.47760009765625,417.24399440564196,404.03749509453655,408.69423610352806,6780912
2015-03-12,413.2020263671875,414.7201060178241,405.50907974625574,405.8816190937489,5688564
2015-03-13,413.59307861328125,415.3812852964312,408.3775288427431,414.44993712312083,6179684
2015-03-16,422.2081298828125,425.06738751155456,411.7584286673578,411.7584286673578,6818632
2015-03-17,417.3371887207031,424.60170573034713,413.0064189649538,422.2081223201057,5539312
2015-03-18,415.28814697265625,421.5002574265792,413.99358211788234,419.94488779988944,4905564
2015-03-19,415.465087890625,418.9203986285786,414.0308208322246,416.23813414211514,6891740
2015-03-20,420.49444580078125,422.62722436801556,415.93083901216954,417.43031890934043,6430896
2015-03-23,416.02392578125,423.7634385564566,414.54309121204136,419.6655064033832,5078700
2015-03-24,411.926025390625,419.7400284352809,410.910864851444,416.2940397681224,6736532
2015-03-25,413.35101318359375,415.222986851777,409.9329467943219,414.0588014979365,6170968
2015-03-26,399.7998352050781,412.5685818542522,397.1268478464872,411.2833396083695,15740840
2015-03-27,410.1937255859375,414.39411563709103,402.90128637386715,403.0875560393197,10074220
2015-03-30,415.0088195800781,417.24405559217905,408.8432753896357,410.83639721455353,4623088
2015-03-31,413.2113037109375,423.5119791606892,410.60352856396446,418.1753717824581,8016412
2015-04-01,404.94091796875,409.70011687350404,401.9140359959405,409.58833688718846,6738488
2015-04-06,405.7325134277344,406.9432660658755,402.4169048003969,405.88153823224116,7741752
2015-04-07,402.24932861328125,406.5894207632095,398.2445309447536,405.1365083278012,8542268
2015-04-08,409.89569091796875,410.70593661682415,404.77327549903885,406.5335146114369,10185576
2015-04-09,412.5872802734375,413.313713727767,406.88741071673604,411.9166913340646,10581548
2015-04-10,416.1170654296875,416.8714665890878,411.69316134948605,411.69316134948605,7123776
2015-04-13,417.0205383300781,417.9891315003885,412.7922259969974,416.8715135017244,4872336
2015-04-15,412.34515380859375,418.1754034959633,408.87124270046104,416.59211132237056,6237784
2015-04-16,408.7966613769531,415.5675812155715,402.4355711413009,413.89115439757956,9007812
2015-04-17,405.9281005859375,408.8525247495219,401.12233492535466,406.07712538858834,6450316
2015-04-20,397.15478515625,406.0678054056629,393.98820135262787,405.32272686363416,12825384
2015-04-21,399.1013488769531,401.4297193770848,394.91028197671625,400.10718674261545,8881648
2015-04-22,398.1885986328125,401.411072486252,390.78438047442336,400.67531650659043,12350984
2015-04-23,395.2642517089844,400.4798026269163,393.4015549525801,400.23764295338475,11891800
2015-04-24,371.6452331542969,400.5170317452511,368.81394329089875,397.8533663929515,43565452
2015-04-27,369.6800842285156,372.91185827284147,362.8719190794351,372.5393189538876,19822640
2015-04-28,365.25616455078125,369.1864496538872,363.598360103122,369.1864496538872,10393500
2015-04-29,365.3027648925781,367.32378624801686,360.98129494098,365.25619747545744,8289056
2015-04-30,361.78228759765625,366.0199228366042,359.9289133685684,365.0885744324398,13134260
2015-05-04,371.254150390625,372.5394159231602,363.2073081018853,364.9954927507162,13361592
2015-05-05,365.6007385253906,373.2284712427597,363.60766245833,372.53928266502675,9408516
2015-05-06,358.01959228515625,367.8825612237808,356.76227213920157,367.8825612237808,10508408
2015-05-07,362.10821533203125,366.41103988637144,355.7750469568826,358.0102828539939,6779984
2015-05-08,364.7066955566406,366.49490260000067,362.341079815108,364.7160181354486,5777676
2015-05-11,371.35650634765625,372.5393141223958,363.6356154196725,366.0198761252539,4785512
2015-05-12,362.6856689453125,371.5334782467933,361.7356981784371,371.3565311559624,8284892
2015-05-13,364.4739074707031,366.00133263077225,359.22111110407536,363.55188156462486,7099084
2015-05-14,360.3946228027344,365.2376349778408,355.4025857731938,365.0886101234066,6233844
2015-05-15,365.4144592285156,366.3178624175086,359.92882753142027,360.43174645453183,5189344
2015-05-18,371.24481201171875,372.3344851425824,365.38661666162415,366.95128659368436,6469976
2015-05-19,376.70245361328125,379.1891491010111,369.93155581749386,370.17371547793044,10272076
2015-05-20,381.349853515625,382.22531175241403,378.79794573491057,379.9900760111718,5882188
2015-05-21,381.56402587890625,384.0693433820649,379.47781505576995,381.6478381197137,10059312
2015-05-22,381.1914978027344,382.14149116241214,378.14599371939596,380.7351462773937,6888824
2015-05-25,375.6685791015625,383.0727965042564,373.8524503046753,381.94585620688906,4675808
2015-05-26,373.8990783691406,378.39747223621816,372.939785121915,376.26469383418754,3965040
2015-05-27,366.6717834472656,374.2157038077504,364.15714332710405,373.8431645306894,8454708
2015-05-28,375.6313781738281,378.4999353813051,367.91980998214154,367.91980998214154,10980540
2015-05-29,376.8514709472656,383.05423704453136,372.7255933893842,373.44272703996046,18993044
2015-06-01,381.4429931640625,384.46055235771905,376.87006422371854,378.6489484521604,5724892
2015-06-02,374.15057373046875,382.8028134646935,373.47068489366154,381.4989257867605,4673140
2015-06-03,376.4323425292969,379.88763091508173,374.02945948203745,375.92940082843165,5495796
2015-06-04,377.76416015625,382.7841179608308,374.886280517106,378.12737686641685,7489464
2015-06-05,374.7093505859375,380.73516929006735,374.05740680290654,378.1273941579436,6125788
2015-06-08,372.5486145019531,377.1308432450252,370.11778652694846,376.264684843702,6141048
2015-06-09,371.0677795410156,373.96428180552147,369.3727302081838,373.2378255948806,7561740
2015-06-10,377.4754333496094,379.8689937260385,369.7452431280408,370.67659134750687,6385840
2015-06-11,372.1015625,380.8748582700535,371.6172659684927,379.2356762917277,9229464
2015-06-12,367.89190673828125,377.29852471300376,364.2503257340566,373.47067404591337,9852924
2015-06-15,374.5763244628906,377.7341851583192,366.0859989007571,369.47078625508044,5236426
2015-06-16,377.9422607421875,379.3226565119539,372.51527085171944,376.0513202810113,5223444
2015-06-17,376.56182861328125,386.129981219905,375.238170499403,382.3481008945386,6412068
2015-06-18,378.925537109375,381.1946655039625,376.59967127181574,380.3059096997551,3474426
2015-06-19,376.4294738769531,382.12122260971273,375.5785507474031,382.08338995429466,6670458
2015-06-22,387.20782470703125,389.06095538010146,377.0534848252356,380.0411796452223,5710868
2015-06-23,378.33935546875,388.55043338594544,377.4884323089837,387.6427727824209,6952116
2015-06-24,376.3349609375,383.8609131978362,374.8600412290615,383.8609131978362,7073694
2015-06-25,374.5763244628906,379.5116734472208,373.5174026363422,377.88546959758236,7117466
2015-06-26,380.17352294921875,382.5750077431978,377.4694692604179,377.8098477257096,5320284
2015-06-29,374.462890625,377.9989395053252,371.5697429354497,373.2715890862991,5690668
2015-06-30,372.2693786621094,375.7109035899893,370.62426996222,374.40615026795695,6212530
2015-07-01,377.20477294921875,380.07899291627484,372.8934199158677,374.0279840738267,6880852
2015-07-02,373.6497802734375,378.71750919851155,372.534120948578,377.8098486772916,4007568
2015-07-03,374.51971435546875,375.54082696073823,371.38075737708454,373.6498862408956,2695306
2015-07-06,371.8722839355469,373.649772286662,368.7333279144691,372.5152082007713,4305602
2015-07-07,370.8133239746094,374.406109877474,370.24604198994655,372.51516992859786,3497418
2015-07-08,362.1150817871094,370.2461253990393,361.0939693681273,370.2461253990393,7024178
2015-07-09,354.7403869628906,365.32965224536497,353.24653956541687,362.1150538560424,8587772
2015-07-10,354.5512390136719,360.0727744094729,352.717036503613,358.56002245634795,7411522
2015-07-13,359.33538818359375,361.1695910095407,353.2465466739822,355.87495826175683,6531768
2015-07-14,367.31512451171875,368.16604758008566,357.5767827292974,361.1695690179577,5367074
2015-07-15,372.13702392578125,372.87449520560193,366.08601540666285,366.8423914715526,4129566
2015-07-16,374.0469055175781,374.97347090439473,370.43521407045347,373.5363608568669,3472938
2015-07-17,378.88763427734375,379.8898416991028,374.06573733193454,374.7843037569048,3447978
2015-07-20,378.6607360839844,382.2724268777707,373.4228415020954,378.71747351725224,4377180
2015-07-21,420.7909851074219,434.5381128653099,391.4246708577857,391.4246708577857,38310112
2015-07-22,417.19818115234375,420.5451363587826,407.17619723731883,417.89781985292694,12665660
2015-07-23,415.25048828125,422.43606139358496,412.2249838128985,417.5006887633727,7710748
2015-07-24,411.31732177734375,418.4461574224522,409.6154755199448,414.32394453140233,4480302
2015-07-27,402.8837585449219,411.44968116640644,401.04950952258355,411.05261140296307,6752244
2015-07-28,401.9571838378906,406.93036622702516,398.7047756457633,404.09395568176245,8476602
2015-07-29,410.4852600097656,412.9812915497632,402.7702156597966,406.1739076231188,7071334
2015-07-30,404.6611633300781,412.2249233923226,400.12290729273144,412.2249233923226,11956598
2015-07-31,407.3274841308594,408.953665151985,400.8793589940332,407.89476624264336,7931012
2015-08-03,408.04595947265625,412.9813317662956,404.26407914512606,407.6866993077534,7961012
2015-08-04,399.8393249511719,408.04598735650256,397.4756495849436,407.6867271670497,9099054
2015-08-05,410.8445739746094,412.2249695737197,401.61677643177916,401.63570430026635,4753476
2015-08-06,411.0714111328125,418.0868167088823,407.30845915465056,413.7376548887537,7238252
2015-08-07,414.3428649902344,416.38508992323807,407.8758578403381,408.2540459329114,4988058
2015-08-10,410.71221923828125,418.40833676530264,403.5266463418472,415.2504758044501,3992754
2015-08-11,419.4673156738281,422.39827327642075,414.38065832871627,415.5530783021828,7574406
2015-08-12,432.7984313964844,434.53808726469816,420.1669407755262,421.6796930375443,10168440
2015-08-13,437.94183349609375,441.28878905265776,399.19647990559616,433.7817642659927,9787960
2015-08-14,434.6325988769531,441.9883376856213,432.3067332304526,440.5890604234504,5109066
2015-08-17,431.94744873046875,436.2209455824977,424.51604503418105,434.9162154025018,3107436
2015-08-18,440.34326171875,445.3920631243747,434.9162722502989,434.9162722502989,4150446
2015-08-19,444.5789489746094,448.60661448777614,439.75705168059204,442.4799869804133,6869518
2015-08-20,429.0733642578125,441.9128328918768,426.5962135233522,438.32004563259324,8369114
2015-08-21,434.87847900390625,439.05742955570804,422.6251760751959,431.47478631068316,10822142
2015-08-24,413.0002136230469,424.7051134665329,407.91355744988886,419.7697417227282,14122684
2015-08-25,410.57989501953125,423.1924581541089,395.01744641820085,416.00688469125987,13735078
2015-08-26,402.6190490722656,414.87235295979235,400.5012049083137,412.1494170583599,11498212
2015-08-27,409.5020446777344,416.04467033402835,407.70565141535474,411.46860409875745,15343392
2015-08-28,420.1858215332031,425.4237164200537,416.6119170155752,416.6119170155752,7208820
2015-08-31,413.88897705078125,429.1866639466171,409.3885303934883,429.1866639466171,9917064
2015-09-01,411.8467712402344,421.5283757295798,409.19945498800143,412.2249592762676,9071550
2015-09-02,415.79888916015625,421.6797325966664,412.22503007207746,415.2505348799459,11171830
2015-09-03,415.7611389160156,420.5452283092981,413.17055928768724,419.84558945574173,8590536
2015-09-04,406.1549987792969,420.1668831507611,403.526610550731,417.1413790416648,7318888
2015-09-07,400.4065856933594,410.33402170228567,398.98838054922703,410.31509383415107,5180988
2015-09-08,400.425537109375,406.17397716542786,397.9673147149846,401.6357204373225,5459496
2015-09-09,411.7332458496094,415.8555041697381,405.41752488891234,411.12815429929833,9148664
2015-09-10,408.61322021484375,412.7922162250654,401.25748182757155,410.2961845721561,8363004
2015-09-11,412.5085754394531,418.42722707973513,410.52308836995314,412.8111443162552,9883810
2015-09-14,415.91229248046875,417.51959163304156,409.4452862996937,415.6286514535441,6557076
2015-09-15,415.70428466796875,417.21703686278016,411.52533442912215,415.7799499770293,5291886
2015-09-16,416.6308898925781,419.6942039775319,415.36396911142543,419.0323748656052,7478240
2015-09-18,417.68975830078125,422.7764150892543,415.6475798368177,420.46947730051386,11576876
2015-09-21,417.7654113769531,419.35378261698656,413.1704176364938,416.00682782621806,4351234
2015-09-22,418.82427978515625,429.6026377247146,416.42279523172846,421.6796176353553,9626986
2015-09-23,422.1524963378906,425.9721871836288,415.0425410912459,418.8244223574308,4758254
2015-09-24,431.3424072265625,435.93735519040285,419.78874360965074,421.1124018102217,13399262
2015-09-28,418.1058044433594,432.2121905805447,416.38503040191614,431.11543603575296,9788464
2015-09-29,424.2702331542969,428.6383233766037,415.0613638366759,416.763209975414,8699370
2015-09-30,439.4356384277344,442.08295509218436,425.82086701056306,429.01658411197246,9495692
2015-10-01,443.6335144042969,452.97474085489904,438.69814184235685,442.44221280325615,10864394
2015-10-05,446.9237365722656,449.79795657372546,439.45452244296393,443.6145910719421,6881760
2015-10-06,436.65594482421875,451.00821005729756,434.1977223217308,448.9281756321154,8711880
2015-10-07,428.562744140625,442.0073498029877,426.76635063340433,437.1854514415005,9182488
2015-10-08,428.1656799316406,434.7650440151653,425.8587416831774,429.7729794065059,9080874
2015-10-09,441.4967041015625,443.5767382130723,429.6215910318371,429.6215910318371,11782138
2015-10-12,424.66741943359375,461.31385492765713,419.4105957007204,453.4475241164687,30404970
2015-10-13,415.77996826171875,420.16694058649045,410.4096700346494,418.8243544883393,15326862
2015-10-14,415.0991516113281,421.88765410761835,411.1659870640988,412.7732861107358,8865510
2015-10-15,415.0046081542969,417.65192425372896,411.884557037109,415.96900605673017,8255666
2015-10-16,417.88623046875,420.3670601677908,416.01605722376064,419.4510521916632,6418992
2015-10-19,424.3935852050781,425.93935148764524,420.0235271614279,420.59602628977154,7347494
2015-10-20,429.7369079589844,431.2826742327605,423.8783428969395,424.7943508150995,8788310
2015-10-21,434.4887390136719,437.7137992303429,429.3744034676804,429.3744034676804,7278098
2015-10-23,438.8778991699219,440.06105487367756,429.4125603596674,435.7864127858814,6033362
2015-10-26,439.7366638183594,442.1602345516137,436.3016684700948,440.4427368774814,3195942
2015-10-27,438.68701171875,440.8243324976888,436.6641628123748,438.91600205397583,5263748
2015-10-28,440.1373596191406,441.96937566727433,434.71771924440884,436.81688294576463,5255472
2015-10-29,437.02679443359375,441.16786237630754,433.5917994707729,440.09917864072287,5887324
2015-10-30,433.36273193359375,437.0076616339157,431.2826704334714,437.0076616339157,4044676
2015-11-02,431.7406921386719,433.4963935457992,425.2142108677181,431.2827114351356,3544988
2015-11-03,437.1986083984375,439.08783734997303,432.5804569468208,432.5804569468208,3614682
2015-11-04,433.87811279296875,441.8167410303749,432.16061505923705,438.95424480748875,3205572
2015-11-05,428.57293701171875,437.00774976336584,427.2371054622238,436.2253155054759,2345306
2015-11-06,434.4505310058594,436.587851802283,428.57286387312007,428.61102116428674,3026172
2015-11-09,433.0383605957031,435.0993669148993,425.634028717903,427.4660446883221,6125676
2015-11-10,421.3020935058594,430.3285056247891,419.87084570444654,430.3285056247891,4680052
2015-11-13,420.1380920410156,422.12273726916925,416.0160792254923,419.8136385603625,3520868
2015-11-16,412.27569580078125,417.5427065301631,407.3140365824155,413.5924717781764,6808334
2015-11-17,405.1385803222656,413.3062444861612,401.51275223647997,412.19940343669043,7184106
2015-11-18,389.2994384765625,398.89835061584324,385.95985996021943,397.3144269157859,10125252
2015-11-19,399.9097595214844,401.51273851067697,390.74974979653285,393.2115008085789,8539622
2015-11-20,401.6654357910156,405.78740195127205,397.71520074948137,399.98609553753215,6082978
2015-11-23,402.1615905761719,405.48211392754536,396.16945085154964,400.7494445030126,5616350
2015-11-24,397.3716125488281,401.054699205537,395.78768914214993,400.7493477331316,4325802
2015-11-26,401.6654357910156,404.37525593703754,396.9518685060891,397.29533074353344,9853968
2015-11-27,406.9896545410156,408.38274518607267,398.8410922611644,403.8027517821167,5142478
2015-11-30,415.2145690917969,419.18390594143517,403.1157254884773,408.3827364260879,18105534
2015-12-01,411.8177490234375,417.92440702563863,409.50865033031397,415.25274414967566,5898550
2015-12-02,404.833251953125,412.1803250735563,404.1844381577521,412.1803250735563,6397616
2015-12-03,403.7073974609375,406.3981626364278,400.3869203674514,404.94781253231355,5504726
2015-12-04,400.3868713378906,406.436270165644,396.9709315286437,400.3677693953956,8375530
2015-12-07,399.3181457519531,404.18438838835687,396.9327326948925,402.7722424946164,4513870
2015-12-08,398.612060546875,405.6156237490102,396.66557287019214,398.8601528151997,5724372
2015-12-09,392.42901611328125,399.5852545897933,390.2726168960539,398.0776923201125,6818254
2015-12-10,399.7379455566406,401.3600263397764,393.2305670748239,395.6350353404735,5587746
2015-12-11,401.81805419921875,405.29120609284934,399.1845490174211,402.2760348438374,5390198
2015-12-14,408.1918640136719,409.5849544945242,400.00514540511654,400.55854257349097,4816672
2015-12-15,411.2643127441406,411.8558672278964,404.1080735770237,409.62312992577563,5431808
2015-12-16,418.24884033203125,419.06943187092907,413.4971154099744,413.4971154099744,5495852
2015-12-17,422.54248046875,423.5730067720293,415.25266813115763,419.8326607943689,4958782
2015-12-18,413.4017028808594,421.1304424780042,411.98951016089734,421.1304424780042,7219820
2015-12-21,421.1493835449219,422.6569923940027,406.83690669342343,411.0543351750359,4331012
2015-12-22,413.6306457519531,418.8594528107701,412.23755513566795,418.8594528107701,4109254
2015-12-23,420.15716552734375,420.786923983299,414.890200691412,417.9435298450323,2870928
2015-12-24,418.43963623046875,421.531122446669,416.05422300961953,420.6151610419444,1230054
2015-12-28,421.6455993652344,423.6493462732837,416.0160247188101,416.0160247188101,5526952
2015-12-29,421.62652587890625,423.6493748633933,418.8022339852307,420.3097964579386,3345062
2015-12-30,414.60394287109375,422.35173749087943,413.34442598413074,420.25257373934414,5153970
2015-12-31,421.893798828125,423.630351968931,414.8711318956777,416.0733896639952,7943938
2016-01-01,421.8363952636719,423.2485409908787,417.2373007959881,419.8326485320417,1806550
2016-01-04,411.779541015625,420.76774920159676,410.69180201096566,419.8135840062645,3975362
2016-01-05,409.9284362792969,414.298493879948,405.4247582901656,414.298493879948,4949786
2016-01-06,408.13458251953125,410.15743122686365,404.14619092065766,410.15743122686365,5588328
2016-01-07,401.0547790527344,407.58126041146056,399.94793798251703,404.58519067612076,5294088
2016-01-08,405.8256530761719,407.3904750392605,402.8486383443579,405.1386353411046,3156716
2016-01-11,402.9248352050781,408.36357648312674,401.5508467265374,403.1538721099137,5360622
2016-01-12,400.7303466796875,405.69200651977934,393.4405326941889,405.32944232135316,6565212
2016-01-13,413.4971008300781,416.3977541440414,400.0242676007415,403.4211055272702,8751294
2016-01-14,432.4276428222656,440.8242960809504,402.4095981044486,406.85601698899836,30227006
2016-01-15,435.0611572265625,444.25930008381823,434.16425129097604,438.15264303799256,13036614
2016-01-18,432.0079345703125,443.53423393287295,430.65300107019533,435.0612638414657,10066612
2016-01-19,434.9658203125,442.331948768031,430.72933552966646,433.1910634657428,7500436
2016-01-20,427.943115234375,442.7326766304348,426.32103430706525,432.8093580163044,7507998
2016-01-21,433.973388671875,436.0534499502615,428.2292961437141,433.1909546551832,6743000
2016-01-22,433.66815185546875,439.8702266344799,431.6644046191729,438.1908862993728,6436018
2016-01-25,434.20245361328125,437.713763142772,429.2026369564691,435.19477616812856,4579262
2016-01-27,434.52691650390625,438.7634014969902,433.1910849643686,437.56114379338493,6971962
2016-01-28,431.13006591796875,436.09172577815633,429.8323917134371,433.5727385517745,7788598
2016-01-29,444.60284423828125,446.54933200850354,431.89334461430707,434.3360169450231,10232108
2016-02-01,447.827880859375,450.32781229267124,443.3433044673484,446.54930882307195,4251126
2016-02-02,448.6676025390625,454.1826590486128,444.25934044755064,449.16374051505557,7632702
2016-02-03,441.8547668457031,448.80111690027576,439.9655385368201,445.7096312175153,5245966
2016-02-04,450.2705993652344,456.0719056796929,442.75179553253594,442.75179553253594,5549346
2016-02-05,448.3431701660156,452.9041082300494,447.25543104776654,448.648521696448,3984224
2016-02-08,439.2214050292969,447.38902301339675,436.5497420950313,444.16396282164646,4221044
2016-02-09,422.7525329589844,430.63394850928677,417.351947457584,430.63394850928677,7579572
2016-02-10,423.09600830078125,430.32856284966306,421.7410748992263,422.8860732926179,5866054
2016-02-11,411.6842346191406,424.79445859189275,408.82173826744327,424.0311262314401,5214378
2016-02-12,413.9742126464844,421.51211935900653,407.2377955575253,417.8099296271462,7408096
2016-02-15,416.68389892578125,419.9089583258539,414.71830950291474,418.4013961047746,5093478
2016-02-16,411.875,417.0656498797509,409.7948917056553,414.8710697042225,5125448
2016-02-17,419.01220703125,420.97779717925675,411.0544764841881,412.8673908419411,4164598
2016-02-18,428.76373291015625,430.13772163818487,419.83273629281575,419.83273629281575,4189072
2016-02-19,430.2331237792969,432.88568461565916,425.1187885720394,427.1606929486026,3974018
2016-02-22,430.00421142578125,432.79034658837674,425.19522687120946,431.66444999234517,3857010
2016-02-23,428.9545593261719,432.23687862285925,425.9584896179765,431.3781298573834,2501960
2016-02-24,429.5079345703125,436.5306000997736,426.83627188117725,427.2751972124123,4950714
2016-02-25,423.7639465332031,431.51174145251804,420.25258998627805,429.52709610129114,4484528
2016-02-26,427.9049987792969,432.0460670473749,425.93940885589257,427.52333264232925,4235636
2016-02-29,413.74517822265625,431.4353936607259,407.7339368006838,431.09188483287835,8166076
2016-03-01,429.54608154296875,431.3971993480508,417.8480531786476,417.8480531786476,6386154
2016-03-02,441.2060546875,444.06855071704695,429.37440443203934,433.9735000222199,7214898
2016-03-03,446.2821350097656,455.27034261595975,440.4426257549661,445.7859505041598,5814304
2016-03-04,446.79742431640625,452.2743234725049,442.38916227436863,448.6866528543655,4281680
2016-03-08,444.0494079589844,454.3734946593121,437.92369497286654,443.8776768490382,7617746
2016-03-09,449.79351806640625,451.79726517701175,436.22526899569357,437.00770317016134,6305782
2016-03-10,436.0535888671875,443.83958786826423,434.8513311422236,443.83958786826423,24381016
2016-03-11,436.2444763183594,441.18703508242146,434.41245988150206,437.46578954952207,4058548
2016-03-14,435.5572814941406,440.5380421269352,434.52680178602185,437.38929718645676,4174262
2016-03-15,432.9620361328125,440.6335154775016,430.88192791946045,436.62602139996693,6720258
2016-03-16,439.8511657714844,440.8244331560545,431.8743799674147,435.82461556988216,5588850
2016-03-17,443.40057373046875,446.4539024068998,440.4617635154432,441.54950253840207,6474622
2016-03-18,455.48040771484375,457.6177289071475,443.49608089249824,443.80143245858784,8477422
2016-03-21,456.0527648925781,457.6175863535834,450.38503346218084,453.41925987327534,5138392
2016-03-22,454.1635437011719,455.70930999674806,447.3126560437092,454.6597282526182,7097950
2016-03-23,460.9763488769531,462.08314333007354,451.167501840932,454.18267344484667,6333176
2016-03-28,459.8695373535156,472.1210110215843,456.3772828852542,470.36535611106905,10787510
2016-03-29,456.94970703125,465.2127868501895,454.7742290457994,457.61762266065466,6995356
2016-03-30,460.270263671875,461.8160301775195,456.30097308127625,457.0833607155305,5756818
2016-03-31,464.98382568359375,469.41114310098516,458.1138359217486,461.91139495961755,17996320
2016-04-01,460.07940673828125,466.4723142624589,456.1291717055413,464.1060029492521,5511428
2016-04-04,474.6780090332031,476.31919155038236,463.1708158363297,463.1708158363297,4577054
2016-04-05,465.5563049316406,474.14379176690136,463.34262302251204,474.0292733063921,4790716
2016-04-06,458.26641845703125,468.68592050494635,456.47260661556663,468.68592050494635,4931354
2016-04-07,450.9384460449219,461.2052722893974,448.4576166760755,461.2052722893974,5657890
2016-04-08,444.92718505859375,449.4117610177947,443.5150393500314,448.7820027352926,4195578
2016-04-11,451.8545837402344,452.94232299650395,439.3359148456823,444.94643544609113,5768678
2016-04-12,451.2056884765625,456.05287637000106,449.831699701532,450.5568746797745,5842138
2016-04-13,447.5798645019531,456.07193613137275,445.15629382685887,456.07193613137275,12511386
2016-04-18,472.76983642578125,483.91451584331867,470.78519110257474,477.08268251172956,25015990
2016-04-20,474.639892578125,475.72763150745584,467.8462648118926,474.79256831682454,8072848
2016-04-21,468.03729248046875,477.46442924192576,464.90760160091395,477.46442924192576,5441100
2016-04-22,462.29302978515625,468.8767695282266,460.67094897889257,468.03712280572876,5143938
2016-04-25,464.04864501953125,467.4645840286686,458.41907093434077,462.59834202282593,5364134
2016-04-26,470.2698059082031,473.0941438345624,461.2815523091354,463.89595528397336,5846744
2016-04-27,473.3232116699219,474.16285843336965,468.8958943360995,469.1439400229598,4486208
2016-04-28,461.4915771484375,473.11329133333453,460.6709857100557,469.8309721699076,12165168
2016-04-29,461.0909729003906,466.9877442327196,459.90781688038146,462.3695454799185,5036410
2016-05-02,458.4000549316406,462.2548729451941,456.52988185869975,461.8159476438769,3615250
2016-05-03,449.5263366699219,462.6556128129946,447.23634014402336,459.0488869207438,6824810
2016-05-04,453.7437744140625,455.32769818932195,446.7974694063107,450.7477045780295,5812842
2016-05-05,455.1177978515625,457.6177298575531,450.78589621555307,456.1483244466743,6302668
2016-05-06,450.9384460449219,454.10629295194826,449.24005072844193,454.10629295194826,2596720
2016-05-09,457.6366882324219,458.59085334145897,450.59492177367196,451.1292635527514,5123678
2016-05-10,462.8846740722656,464.3540792689465,456.7016551732291,458.9534945267652,3395704
2016-05-11,458.7052917480469,463.6096907328112,455.13672381851507,457.4267199131994,3709888
2016-05-12,461.8160095214844,462.9610078921988,456.77803532638205,459.48785548571897,3406932
2016-05-13,460.76629638671875,461.81587792746296,455.0031488810138,460.2892138681986,5652064
2016-05-16,463.7243957519531,467.0258174347932,459.9077340585214,461.89237950306244,4533878
2016-05-17,463.43804931640625,467.82720934699194,461.1098954877675,465.6326293316991,3796294
2016-05-18,461.7588195800781,463.3427435486164,457.1979273549969,457.6177508359069,4256596
2016-05-19,460.1937561035156,464.16309161973015,458.38084269568503,462.17840056658014,3954400
2016-05-20,458.60992431640625,465.4417560479207,457.99926794383344,459.90759822693275,3994548
2016-05-23,453.4193115234375,459.9648942359243,452.27431326201463,459.2969785834277,4585946
2016-05-24,453.3240661621094,454.85073108709224,449.45014459694204,454.5835833612667,3485060
2016-05-25,461.30084228515625,462.99923816671753,455.74758067581814,455.74758067581814,3857396
2016-05-26,471.03326416015625,473.1896871149781,461.8541750878198,461.8541750878198,6136436
2016-05-27,476.12847900390625,480.70847238911415,470.05997845048535,470.05997845048535,6180764
2016-05-30,483.7998962402344,485.4792362496833,473.8384212295455,473.8384212295455,5285700
2016-05-31,476.5673522949219,483.47549891161754,472.8842653653003,482.80758328257053,13782038
2016-06-01,480.21221923828125,484.1433983019982,475.55591193085513,475.5750138699403,4840534
2016-06-02,481.4909973144531,486.58623159783934,478.60939896375464,478.991065151126,5053552
2016-06-03,483.5327453613281,488.2654138686574,480.91834214331703,480.91834214331703,3998380
2016-06-06,483.4755859375,487.3876638975232,481.3191629146857,482.7695128920047,4225768
2016-06-07,479.90704345703125,485.67019320971036,479.02919264465623,483.5710293097863,5692420
2016-06-08,472.5408020019531,482.40686163847715,471.49122019827814,482.40686163847715,8741370
2016-06-09,457.7335205078125,473.4675069782413,455.6292393298302,473.4675069782413,12740804
2016-06-10,455.84149169921875,459.4709354054061,451.78733638681814,453.8337383975349,6383956
2016-06-13,455.95745849609375,457.5018990044165,450.2044081760748,454.3744164015797,5286722
2016-06-14,453.67938232421875,456.5366065840962,450.68702895144196,456.5366065840962,2940728
2016-06-15,459.4516906738281,460.4942162143725,455.2431283262406,457.0385025696701,6711572
2016-06-16,457.9266052246094,459.2779906531812,451.7874448511524,459.2779906531812,5302564
2016-06-17,455.4168701171875,460.53282902270064,453.71797622393484,459.08491612491395,8515082
2016-06-20,466.7104797363281,467.88813413284805,455.49396496905786,455.9959268406234,6229566
2016-06-21,465.6873474121094,469.0465333108381,461.65251602140944,467.656499348563,4761724
2016-06-22,463.1390075683594,467.94605886474676,458.7566679028352,464.8765028030885,3031258
2016-06-23,467.81097412109375,469.06583190957986,460.7644650011335,462.28962813130255,3828626
2016-06-24,461.227783203125,462.94595408795277,447.88766200335715,458.6987434999899,7808348
2016-06-27,450.28155517578125,456.84542651730914,447.88769153954934,452.54033684348707,5583778
2016-06-28,447.5595397949219,452.71410029500544,445.9957750091006,448.9688511114823,7655974
2016-06-29,454.3936767578125,455.5713314547186,447.96493395408646,451.3627217992781,5459150
2016-06-30,452.0577697753906,457.34745982877627,450.9573181727314,455.80301927215737,9346224
2016-07-01,452.6754150390625,455.6098418822983,451.7873431043984,455.6098418822983,3991912
2016-07-04,457.1351013183594,461.24718391504905,454.1427476029758,454.1427476029758,5381322
2016-07-05,453.8530578613281,458.50570300591346,452.1542112783568,457.5404278416905,3596416
2016-07-07,446.8258361816406,452.13484914124103,445.95708860643333,451.24677721133344,5954876
2016-07-08,447.192626953125,450.5904141389932,445.37792862838785,449.0459739877027,5551648
2016-07-11,453.69866943359375,455.1079335228752,447.88769386277386,450.74491788806927,6668882
2016-07-12,454.27777099609375,455.74496081875094,450.9765114131146,455.6098317358521,6197368
2016-07-13,460.9381103515625,461.710330307164,453.756427058416,455.6097738048859,5275420
2016-07-14,454.1620788574219,461.80707893160655,449.43222936453907,461.40164440775277,7413328
2016-07-15,414.12237548828125,459.4323828918872,406.1877946765032,459.2779294369777,61484126
2016-07-18,417.75177001953125,418.89082300185845,407.4040484568622,415.9370715494869,14332824
2016-07-19,419.68231201171875,420.85996655096966,414.72080715366513,420.3194030389762,10404644
2016-07-20,418.19586181640625,420.8214294871404,413.1378286676461,413.1378286676461,9822896
2016-07-21,416.9601745605469,419.7787491196763,415.29988280255134,416.6126661539239,8668002
2016-07-22,414.083740234375,416.9602886362599,411.86360725404717,413.137789382745,9386538
2016-07-25,417.3271484375,418.25382222898355,410.4350916495818,410.4350916495818,8469552
2016-07-26,420.3580017089844,420.8213620585897,413.27289156416396,413.27289156416396,7189610
2016-07-27,419.0645751953125,423.3697121093055,416.43905487263174,418.8135942112307,7431820
2016-07-28,416.0335998535156,419.6823211569728,414.70153896687617,419.08387882884097,11258562
2016-07-29,414.6242980957031,415.7440267491261,411.78639844712603,414.1416604978983,8156784
2016-08-01,419.0259704589844,420.02984725517615,412.5007005848696,413.7169567812041,9096662
2016-08-02,418.4660949707031,418.929408182022,415.0683076457821,416.9602563350546,6822502
2016-08-03,418.8908386230469,419.50860532955215,413.25364083574624,419.18042118540046,7213460
2016-08-04,413.83282470703125,419.6630778000107,413.15713203093077,419.4700227496963,4237278
2016-08-05,412.3655090332031,414.46978982833076,409.2766288157259,413.9099491419417,5609968
2016-08-08,416.4969177246094,417.38498974731544,410.2612777392567,412.75166886205386,4643064
2016-08-09,418.3116455078125,418.73635714432993,413.7169263994002,415.84053171456276,7192664
2016-08-10,417.9062805175781,420.0492105446214,415.1455837227423,415.45449067293015,5576454
2016-08-11,415.9756164550781,422.79046766635116,415.1647948477115,417.65518559874545,5038552
2016-08-12,410.26129150390625,416.5355804132063,409.276691929723,415.08766758798316,7449928
2016-08-16,406.110595703125,408.5237836716676,396.92115706588385,402.3266981154193,16429408
2016-08-17,398.96759033203125,406.43881143693727,397.88646318504624,405.39628587393435,6599316
2016-08-18,395.1451416015625,401.2070521750942,394.41152288138414,400.2031751997598,8434000
2016-08-19,394.334228515625,401.1683817926264,393.2338241903516,397.69339099750255,5686016
2016-08-22,392.0754699707031,397.6933666996591,389.6236569197236,393.0600459225757,10253518
2016-08-23,401.4192810058594,402.3266301021286,393.87081146329547,393.87081146329547,7406138
2016-08-24,408.2728271484375,410.0682485310789,404.25727270177015,404.25727270177015,6129966
2016-08-25,400.06793212890625,408.3499737323418,398.5041675952854,407.34609704292143,4796562
2016-08-26,393.9288635253906,403.8711994585235,392.6933063854904,400.01009812526803,6881054
2016-08-29,394.9134216308594,397.693419177201,390.3573269787866,392.90564431592986,5220282
2016-08-30,401.7089538574219,403.4850508749487,395.7628489443277,398.63935031045196,4375438
2016-08-31,399.9521484375,403.77464795703537,396.8439903282811,400.4347860755075,11139814
2016-09-01,400.6084899902344,401.72817139775873,398.46556041983104,400.78222065483004,2877826
2016-09-02,398.40771484375,401.5545217241626,396.22618325594357,401.18773596600533,3332592
2016-09-06,403.4849853515625,404.99082391001104,399.8555416070531,400.8787426232151,8215044
2016-09-07,407.0951232910156,408.8905444566461,403.09889368530554,404.64333389099636,7425470
2016-09-08,400.64715576171875,403.4850555777832,395.3767434561244,403.4850555777832,9092774
2016-09-09,399.8170471191406,401.94065287399843,396.3613802438151,400.39621232501094,5053438
2016-09-12,406.9600524902344,408.5044929171423,395.8593869218338,395.8593869218338,6203096
2016-09-14,403.7167053222656,408.42727675400863,401.8054792078086,406.9407151843422,5152418
2016-09-15,402.4039611816406,404.1801054969574,399.759116200906,403.71674505847216,4701722
2016-09-16,409.3345947265625,411.0141640823471,400.8208489425637,405.0294580764511,9949384
2016-09-19,409.74005126953125,412.71312755129037,402.07577461243244,403.8711961441792,5809154
2016-09-20,405.4734802246094,408.17625058654494,403.7745865705921,406.6897363139953,4214004
2016-09-21,407.6357421875,409.7593477589243,405.82104355222435,406.9600495056832,4231532
2016-09-22,408.8133850097656,409.66280836068614,406.1878175263354,408.8905881752749,3629514
2016-09-23,402.5391540527344,408.81344396400493,401.55455432131583,408.1184268438758,5205294
2016-09-26,399.971435546875,403.0989177233858,398.0794867555658,402.6162801303262,6371798
2016-09-27,401.45794677734375,405.37697342895177,398.9868328936271,399.6432482946174,6525660
2016-09-28,401.1490173339844,402.44252370670404,398.94820890344323,401.5544517392509,5434708
2016-09-29,397.38446044921875,403.465693979155,395.3767069622068,403.465693979155,8902638
2016-09-30,400.02935791015625,403.06031254097246,398.1180847791716,398.1180847791716,6502354
2016-10-03,400.82086181640625,401.5544803897877,396.18754088883173,399.8169850419473,3656160
2016-10-04,405.1067199707031,405.95619051618155,400.89815735921457,401.5545257116716,5066586
2016-10-05,402.13372802734375,405.35773840786254,400.3962323229529,405.10675737959974,2307574
2016-10-06,396.68951416015625,403.48504228796406,396.1296262525537,403.48504228796406,3721882
2016-10-07,390.955810546875,399.1606744413267,390.00983600754637,397.6741127228631,6288558
2016-10-10,397.6740417480469,398.3690587165994,389.97116482070794,392.67393526996034,5413170
2016-10-13,406.3228759765625,408.5044070475177,394.37278953836176,394.37278953836176,9778690
2016-10-14,396.59295654296875,418.0413420416632,384.6621462929143,406.53529056258486,33461690
2016-10-17,394.7589416503906,402.2494863714513,392.8090669603779,399.6045947082955,8014858
2016-10-18,401.1877136230469,401.7475544085467,396.65092000046116,397.69339840538504,6388134
2016-10-19,402.2494812011719,403.7552727359997,400.01002398989687,402.32668436049477,3509836
2016-10-20,400.2610168457031,405.6858350951102,399.1606125634985,403.3884990123921,3535490
2016-10-21,405.1977233886719,406.25138227016674,399.0317371481705,403.90987574411395,3863620
2016-10-24,400.826904296875,406.91481206617567,400.2025120504473,404.885525355767,2902974
2016-10-25,396.9633483886719,405.4318004162019,396.1828463367158,404.4951884262416,5636014
2016-10-26,395.7926330566406,397.9975372722742,393.88039331936903,396.885331269781,2775216
2016-10-27,391.616943359375,397.25607600713107,390.68033127664154,397.2365682177064,7227790
2016-10-28,389.2754821777344,394.15362105214206,387.5778993770555,392.280420488177,5840706
2016-11-01,386.13397216796875,392.9048195148416,384.9437110258865,392.9048195148416,6332798
2016-11-02,382.85577392578125,385.37289787061616,382.44601510197856,384.31921531010005,5377194
2016-11-03,377.314208984375,383.2265217756348,376.63126966349176,382.85577852334865,5225108
2016-11-04,378.933837890625,382.13390184156253,375.03132668680803,377.37283340909823,6005548
2016-11-07,381.64605712890625,384.7875736305411,380.4948116529184,384.39732254166626,4537672
2016-11-08,383.46075439453125,385.47055726043203,378.7777407907599,385.13885332444715,5261108
2016-11-09,373.97760009765625,380.3386878510587,351.61621828256125,362.93349944814867,12764158
2016-11-10,366.6018981933594,375.6166892067054,364.88478380079954,375.6166892067054,7287330
2016-11-11,359.6358642578125,368.7872564976728,358.52365824995724,366.83600117228826,7096782
2016-11-15,360.4163818359375,366.81650910513133,354.562615608883,360.59199958655626,9235850
2016-11-16,367.1872253417969,373.41171058270766,362.36761054521634,362.9334793359448,12222616
2016-11-17,362.85546875,370.34829464896023,361.52862929873885,364.5920909123194,5706730
2016-11-18,359.03094482421875,364.20177093174146,358.0553172567616,362.93345509404725,6040228
2016-11-21,355.5577087402344,361.7236941533051,353.9381812351317,361.7236941533051,7940568
2016-11-22,356.767578125,362.4067115642279,355.77244253432167,357.8212609112045,5483126
2016-11-23,359.1285400390625,360.16271488164887,356.0845865172897,359.85049497661817,8251786
2016-11-24,363.050537109375,366.7969613782028,360.3187798341818,362.23101945443034,16780644
2016-11-25,381.470458984375,384.39734230139067,363.10914907277083,363.10914907277083,12631380
2016-11-28,382.3485107421875,383.79244455906564,378.7777036914384,382.17289298543915,7365712
2016-11-29,379.5581970214844,384.28024945730664,377.41181604675677,381.977758520439,6125506
2016-11-30,380.7094421386719,381.27531097711244,375.05080139233803,379.7143066332962,8500918
2016-12-01,380.7289123535156,383.8314129444595,377.37276287315683,380.88502230010454,4611590
2016-12-02,376.3971252441406,378.3873960055322,375.0702621905242,376.5141957914519,4453228
2016-12-05,375.2849426269531,377.99716844776196,373.8605167255936,376.943509637479,3659576
2016-12-06,377.1776428222656,382.2509065125807,375.28493474233863,375.34345810888345,3562110
2016-12-07,377.138671875,379.7143196026551,374.71911029563614,377.7630641062386,3385980
2016-12-08,384.2607421875,384.8265872081934,378.56306202817166,378.56306202817166,5941662
2016-12-09,386.0948791503906,393.43161818049725,383.03141783743,384.39729655615747,8648384
2016-12-12,381.4118957519531,383.5387689700231,376.670359269193,383.5387689700231,5345020
2016-12-13,386.4266357421875,387.46078684370923,378.97282559973854,382.6411953891151,4854282
2016-12-14,390.1535339355469,392.18284440224477,384.04609474442503,386.7388368393368,5382614
2016-12-15,387.265625,397.6463173570571,385.9582934930316,389.2364118834779,7966416
2016-12-16,392.2608642578125,394.03650182502327,389.37299687315897,391.7340110330129,6436742
2016-12-19,392.0657043457031,393.47059851723424,387.94853694992986,392.6315492804102,4124134
2016-12-20,394.9926452636719,397.66585566866826,390.75840669942886,391.03158722277294,7636498
2016-12-21,390.85595703125,398.8365962303912,389.5681332553699,396.49508979459637,7343976
2016-12-22,384.2802429199219,392.98283723287045,378.3484217450525,391.2267073743323,7060054
2016-12-23,385.7436828613281,392.82672563649595,379.94844006087936,384.35829629806136,7306036
2016-12-26,383.51922607421875,387.90955046326474,380.5337959620538,385.5680441224402,3213828
2016-12-27,389.84136962890625,390.99261522193666,382.44610597907456,383.5192965825873,4912816
2016-12-28,389.6657409667969,394.07557383235815,388.2998620550454,391.40236320411697,5476816
2016-12-29,387.265625,393.37306353991494,385.626589623811,391.71449655574366,6240124
2016-12-30,394.38775634765625,394.9341174211106,387.4217836658177,389.47060196271576,7267768
2017-01-02,390.6803894042969,395.30487949967863,389.9974499395772,394.58290063126634,2335222
2017-01-03,387.85101318359375,392.1633065266506,383.2265475699612,391.8510866180053,6778482
2017-01-04,389.3730163574219,391.8901405955516,387.22663541032506,388.31933367413086,7073586
2017-01-05,388.7486267089844,393.9584691508237,385.86075916084883,390.87547606076106,8207074
2017-01-06,379.4216003417969,389.8022692087232,377.78254109464143,388.26079654746866,14393448
2017-01-09,378.68011474609375,381.25578608930687,376.5922810574823,379.42160130376914,10545692
2017-01-10,378.7581787109375,382.8363072368497,377.7435354364968,381.275302925996,11939854
2017-01-11,378.19232177734375,381.84118376013,376.1825429553401,380.1826166276916,12241574
2017-01-12,390.27056884765625,391.96817525468106,381.489919973842,381.489919973842,11855740
2017-01-13,380.8070373535156,405.86116397009243,375.6947572195845,401.9586527780723,31276246
2017-01-16,372.9433898925781,376.76784505403384,371.6945818878699,376.5922273344757,12351372
2017-01-17,372.845947265625,376.20209752924535,371.67519385007756,373.1776512057478,5560094
2017-01-18,371.0506896972656,375.03125512945996,370.66043865134526,373.8995175686775,5952962
2017-01-19,373.8996276855469,374.48500442682626,369.9971160770179,371.12885397110756,8876480
2017-01-20,370.2311706542969,371.9677925660035,369.177488070416,370.73849224830366,9124742
2017-01-23,371.79217529296875,373.86050106742647,366.8359822582264,368.7872374830042,7948580
2017-01-24,369.00189208984375,370.738514103927,366.87501900828266,370.738514103927,6826010
2017-01-25,365.50909423828125,369.48965938903206,364.80664716909746,369.21647891239616,9978090
2017-01-27,367.675048828125,369.7823902785954,351.6747552322847,364.43594594739795,10635138
2017-01-30,370.4848327636719,371.3238820668439,362.48468606648817,365.86036724925503,11369208
2017-01-31,362.3871154785156,367.42136355079754,352.923527516639,367.42136355079754,24068534
2017-02-01,357.7626953125,360.279819666998,353.2357920878649,359.4602780669789,11531782
2017-02-02,365.2359924316406,368.7872677041404,355.1674955914738,357.86023754994363,11828268
2017-02-03,365.3139953613281,367.18721944108967,359.44072187112505,364.4164227175453,8423958
2017-02-06,364.9823303222656,368.29946457272194,363.1481454435002,365.7628324988436,6727934
2017-02-07,367.7139892578125,370.66037941987173,362.36754601925776,364.10416765989817,9268002
2017-02-08,365.47015380859375,368.43605263009306,363.8896416232021,365.2750282593099,6319962
2017-02-09,369.177490234375,370.7384944214125,365.4896130786921,365.6652308135406,11907266
2017-02-10,377.88006591796875,379.3239994864046,368.1237902110139,369.2750355082411,12252452
2017-02-13,384.14361572265625,384.8265550675925,375.75321805629693,379.65572859878966,13724268
2017-02-14,385.45098876953125,385.958310399576,379.46062051993675,382.4460507498327,9338818
2017-02-15,383.1485595703125,389.78282886515876,378.0752948154301,386.03642749686117,7259486
2017-02-16,394.97308349609375,395.6755544507803,386.3680524915252,386.73879575782433,12815858
2017-02-17,390.2900695800781,395.61700599482305,387.4022260718816,395.61700599482305,4851208
2017-02-20,394.25115966796875,402.3488697032178,387.7144539768641,388.8852072349724,4650662
2017-02-21,395.5584411621094,399.8121869885761,390.2705443800934,398.87557497314197,7613996
2017-02-22,386.4071350097656,396.1048652874647,384.9436933892454,396.1048652874647,6607838
2017-02-23,393.70477294921875,398.0560818024178,387.6558815100643,389.82179395156976,9542656
2017-02-27,395.0901794433594,399.2268311179453,392.96330641993103,393.09988476220127,5328696
2017-02-28,395.0901794433594,399.1097605647088,393.86087908679013,394.8755223068858,5940132
2017-03-01,400.0658874511719,400.7878423913516,394.1925898876775,394.9340764362686,4282448
2017-03-02,399.343994140625,401.1781792961566,396.69029110364124,399.7732846939416,2948498
2017-03-03,402.4268493652344,403.6366656875795,390.40714603636894,394.2511092142848,5401612
2017-03-06,403.4805908203125,404.28057693100953,397.939020862235,398.07559920912763,5286386
2017-03-07,397.97802734375,400.31955752937137,395.9877564597649,398.8365844419721,4644496
2017-03-08,393.2950744628906,396.8463739507443,391.98774273687474,396.8463739507443,6179176
2017-03-09,394.75848388671875,395.32435272896333,389.86083748887893,393.2950423045533,3480630
2017-03-10,398.7781066894531,401.04158229315885,395.4805037042336,396.10489598309397,4550324
2017-03-14,403.83184814453125,406.6026213638572,399.1488112320743,399.1488112320743,7878396
2017-03-15,394.9145812988281,403.8708482608453,393.1779592460435,403.8708482608453,6373978
2017-03-16,401.5097961425781,402.62200214313657,395.4413968842521,395.4413968842521,6702956
2017-03-17,405.9782409667969,406.9928843056341,397.7634362043304,404.06600103702243,9507846
2017-03-20,398.6415100097656,400.61229717615504,396.1438933709783,400.61229717615504,4427388
2017-03-21,403.0708312988281,403.8903490653371,397.58780821385625,398.4073497994017,4869584
2017-03-22,401.0610656738281,405.84164199759084,398.2122610188403,399.01227106839696,3990852
2017-03-23,406.03680419921875,407.0319637218442,400.6318351098192,401.2757590575132,4501662
2017-03-24,402.5050354003906,407.4221902377128,401.06107759926806,405.08068339726617,4883896
2017-03-27,401.5097961425781,406.5830599552938,399.81221354824476,400.8658723618119,7684824
2017-03-28,403.96844482421875,405.4709020655667,401.97817369684395,402.54401874940527,4796796
2017-03-29,402.6805419921875,406.4464742044608,400.33903565975663,403.6366856607711,6981186
2017-03-30,400.2024841308594,404.26110490660716,398.153665952715,403.51961832404544,12157180
2017-03-31,398.9341735839844,401.6854628018614,393.37309559565296,399.3244246708848,14153854
2017-04-03,393.685302734375,402.9147269068031,392.63162000640716,402.797680160296,4315600
2017-04-05,388.67059326171875,392.35847097226576,386.7388455258096,392.2023610024608,7398338
2017-04-06,390.0950012207031,392.51456287390596,387.1291023032529,389.52915616470364,5379008
2017-04-07,383.0509033203125,390.60227523124,382.05576793271115,390.60227523124,6404508
2017-04-10,372.06536865234375,386.15342233471824,370.7775211042365,384.3582769934692,9528472
2017-04-11,377.43133544921875,379.2069730707121,373.09953423981193,373.09953423981193,8655466
2017-04-12,378.0946960449219,381.23623585140837,374.7775623324106,378.5434942512863,6696752
2017-04-13,363.47979736328125,386.3484968405756,361.6261050804603,378.5434767023821,30973188
2017-04-17,360.9432373046875,363.7530260557026,360.39687625919237,362.93350830649587,7213434
2017-04-18,360.065185546875,364.4945259870905,358.6797750920158,360.88470332608347,4647518
2017-04-19,358.71881103515625,362.9335180943805,356.1626711285139,360.2017604313045,10071702
2017-04-20,361.8797912597656,362.8164033005427,358.46509459719016,359.61633995009373,4549000
2017-04-21,360.4749450683594,364.80672274154637,359.4602779190919,364.80672274154637,3577466
2017-04-24,361.587158203125,362.3481526251112,356.299260470357,358.05539045076955,5556666
2017-04-25,362.6798400878906,364.10426609056464,359.2456352679926,361.33349288587146,4737060
2017-04-26,356.7870788574219,365.0994227724911,355.20656661890774,362.91402607467376,9084496
2017-04-27,361.079833984375,362.5432756244089,357.4700112722913,357.4700112722913,7797208
2017-04-28,358.6212158203125,361.91884203624136,357.31386047982573,361.70418489833133,5029702
2017-05-02,360.04559326171875,361.5285662412886,357.1187105163036,360.5919542351427,3231126
2017-05-03,364.611572265625,366.4847726497804,358.11390620005153,361.56761866399313,4659448
2017-05-04,365.9189758300781,366.6994780778304,362.50427849616193,365.6653030719433,5279806
2017-05-05,363.5189208984375,365.8018804392665,359.0310329861111,365.27505095108694,4432788
2017-05-08,368.9823913574219,370.17265237218714,363.7140018457083,366.0555082953588,4707098
2017-05-09,369.43121337890625,371.4995394453021,367.6555518185024,370.9726861688282,5649372
2017-05-10,368.2603759765625,370.7384603682535,365.72374440562186,369.62625451476134,3364302
2017-05-11,368.43603515625,370.67997886659026,365.8798953456696,369.50922562641273,3229482
2017-05-12,376.29962158203125,376.9825610041402,371.3044122869846,371.90929672561657,10979996
2017-05-15,371.3434753417969,376.00698132704565,370.3873552648065,376.00698132704565,7297164
2017-05-16,372.6898498535156,374.6996528122788,369.54833284630706,371.94836313770935,6130168
2017-05-17,371.83111572265625,374.03604320865196,368.3383648123834,371.3628097995477,2915508
2017-05-18,375.3240051269531,380.065565642135,367.9482496186785,368.00679681280667,8057848
2017-05-19,373.841064453125,375.6947572695812,369.8995138572373,375.22645116266887,4257396
2017-05-22,375.2069396972656,377.3338130401853,373.2946997040268,374.01667855900126,5503052
2017-05-23,373.58740234375,377.37284307219085,372.3385939627437,376.4557624434262,4039982
2017-05-24,372.6116638183594,376.78735443661606,370.5823537794931,374.6409738572257,5636286
2017-05-25,383.7338562011719,385.0216799141112,375.0312624706036,375.0312624706036,10438514
2017-05-26,388.572998046875,390.251072896523,382.68019255471637,385.1778089488682,4988004
2017-05-29,384.45587158203125,388.9632669164106,380.7679940106168,386.69981535385574,6308434
2017-05-30,388.76812744140625,390.2510767693226,381.91922580791174,383.22655738747477,3716910
2017-05-31,381.2947692871094,387.733911369746,380.4362122456179,387.733911369746,7763900
2017-06-01,384.9005126953125,388.18923976612507,379.8089072193955,384.06840938892697,5508606
2017-06-02,384.1279296875,386.5053267158192,382.0477072877207,385.6930542346368,3917966
2017-06-05,379.88824462890625,385.1383298871414,379.21464394762666,384.3458641877852,5462698
2017-06-06,388.05059814453125,391.2799052641616,382.12693690074883,382.36466691637054,7008686
2017-06-07,380.8985290527344,391.83456721384204,374.4399402118319,390.289249850428,12455046
2017-06-08,378.9768981933594,381.55241160944746,375.68817051425805,381.55241160944746,6195352
2017-06-09,375.86639404296875,376.79755555822584,365.72284485604104,371.8842595614812,14757662
2017-06-12,381.9089660644531,382.44389484296727,372.4984372749319,373.78619384612955,8591676
2017-06-13,379.5118103027344,381.55241910769774,377.0551618515151,377.8080139231275,4937794
2017-06-14,379.8287658691406,381.1363535027919,376.8966575556924,380.3835014824552,7438110
2017-06-15,377.25323486328125,383.53353918145876,376.26265287468516,380.2448118161459,5528062
2017-06-16,372.557861328125,377.94661731686375,370.873872058628,376.06451166272007,10948450
2017-06-19,368.4371032714844,372.5579345557519,367.7040821778652,372.4390695384263,6855860
2017-06-20,373.86541748046875,375.192811742695,370.1012062441651,370.47763220462116,5184396
2017-06-21,373.7861633300781,376.02488809088806,370.8936690277431,374.4399570557315,3735864
2017-06-22,372.518310546875,383.8307531811227,370.5173153771894,375.5098636227143,9465242
2017-06-23,373.74658203125,376.08436518381484,371.66635986781074,374.43998941906307,6403018
2017-06-27,367.32763671875,375.62871926507364,366.02007322902085,374.4400207863867,6904660
2017-06-28,366.3964538574219,369.6851810708511,364.930387745181,369.6059296785974,5905224
2017-06-29,368.5758056640625,375.60893882325774,367.149352879041,368.5758056640625,15914040
2017-06-30,370.6955871582031,371.6663623444363,368.100267183349,368.81348137874033,4216700
2017-07-03,377.17401123046875,378.40232323433105,370.31916445703433,372.894677651823,5088924
2017-07-04,381.2354431152344,384.3458612880876,376.18347431995284,377.9466911404108,5167726
2017-07-05,376.7777404785156,379.9872161550792,374.5984603024437,379.9872161550792,4226228
2017-07-06,375.2324523925781,379.1947802953509,374.12300541662785,374.4399868120236,3829720
2017-07-07,370.6361389160156,374.61827337669445,369.7049774056244,373.9842864407438,5776886
2017-07-10,379.214599609375,380.30423981858775,372.45883514908223,373.7267849566287,1464376
2017-07-11,386.4656982421875,392.07240270951417,379.05616333919846,379.05616333919846,11539708
2017-07-12,385.2769470214844,388.9024867550538,383.8505186387757,386.30716679488995,6275976
2017-07-13,387.13922119140625,389.67512058061044,382.00800200826694,387.21847258184306,5170392
2017-07-14,385.1581115722656,398.9470090049072,382.7807146292539,396.01490061900546,22478180
2017-07-17,389.9128723144531,393.06292783300535,385.9307376102291,386.3269704003833,7698250
2017-07-18,390.5270080566406,398.1346820700305,388.7439605933834,390.70531763979216,8260180
2017-07-19,388.2486572265625,391.73552483504983,383.98915508931975,388.88264414816393,5890278
2017-07-20,384.1279296875,388.2487366927734,383.137347592367,388.0308134686707,6809740
2017-07-21,388.34783935546875,389.3186147566479,384.9006326171195,385.5345955569195,5980754
2017-07-24,392.4884033203125,393.85541134541006,389.33834765833933,389.69496685936696,6129176
2017-07-25,393.79595947265625,395.83656807079774,390.76479305646654,392.2704728629527,7145614
2017-07-26,393.8752136230469,395.8365708378987,392.42897840023386,395.47995164096886,6870024
2017-07-27,384.7618103027344,397.81768436241,383.07782110100106,394.6478223356179,12676852
2017-07-28,395.1828308105469,397.4215561293961,381.2948739900105,386.72326897536453,11098428
2017-07-31,400.6705627441406,404.8310066306386,390.98266714304106,393.0232754848317,19158248
2017-08-01,398.4319152832031,402.96878599977146,395.5790340853163,400.5913890322212,7689398
2017-08-02,393.5978088378906,401.2847341798604,391.16099183495777,398.6101630066054,4257584
2017-08-03,389.8930969238281,395.7375310494648,388.4072238410392,392.6667266783676,4640348
2017-08-04,389.79400634765625,391.87422849080764,386.7430090342081,391.47799570163596,5349018
2017-08-07,383.6524658203125,389.7940751363103,382.642076866443,389.69501692153614,6073744
2017-08-08,381.9089660644531,384.44486560138677,378.4221223392671,383.75145821689574,6004648
2017-08-09,384.0882263183594,385.891104771005,382.18631385724154,383.41464995597426,3922410
2017-08-10,388.8034362792969,391.27989128744525,384.08825627013,384.3062036581518,9140684
2017-08-11,391.359130859375,395.04409096333023,384.18730286199985,386.72320238737245,6544156
2017-08-14,388.8827209472656,391.95352542009243,387.1789245927173,391.4780411810217,3816470
2017-08-16,386.4062805175781,390.72520407612996,383.9496320084578,389.10065906326685,6178080
2017-08-17,404.4942321777344,407.8225972724097,395.46012944321143,398.213952158146,25784260
2017-08-18,365.82196044921875,403.32540749792577,350.3490732681281,403.32540749792577,164404960
2017-08-21,346.0697326660156,366.11910241005705,344.72253148998874,366.11910241005705,90407176
2017-08-22,346.86224365234375,355.4406702723623,340.7602481399059,354.70764917966835,49242598
2017-08-23,353.7566223144531,358.07556930435607,346.2678372582204,348.68484755054385,61284190
2017-08-24,361.4237365722656,363.84074683402093,357.540636017259,360.57182642957696,42380524
2017-08-28,372.8550720214844,377.9862917176924,371.6663735984616,374.0239636409497,40712108
2017-08-29,367.486083984375,373.2512658978828,366.73323205466613,373.03334271321825,13369392
2017-08-30,367.1691589355469,372.0626246769744,366.15874587905415,371.34941042496325,16149664
2017-08-31,362.533203125,368.0804622932982,361.72093072646817,368.0210176999856,15022452
2017-09-01,364.51434326171875,366.87193309080294,360.571822345402,362.92941217448623,8433922
2017-09-04,356.6888427734375,364.9700954401113,354.03407764536917,364.93048182583664,10177108
2017-09-05,357.36236572265625,358.59067770744946,355.51987356133594,357.40197932830876,9783392
2017-09-06,354.8660888671875,356.7283878790271,352.6471948429517,356.609522874895,7735910
2017-09-07,354.925537109375,356.8076429438931,353.57833589101483,356.6095265402596,6241192
2017-09-08,350.3886413574219,356.2132680409689,349.51692440748127,356.2132680409689,8604542
2017-09-11,348.1697998046875,353.3604403120732,346.1688288083655,352.805728849007,13787642
2017-09-12,350.2896423339844,351.755708699607,348.2094198944767,349.69529306555364,17241354
2017-09-13,350.1707763671875,351.69626314503466,349.081136044687,350.8641838451423,11478228
2017-09-14,353.59820556640625,355.26236419170056,349.31887143240954,350.4679563728594,13698006
2017-09-15,359.87847900390625,361.85964321532333,353.51894672208425,353.5585603326592,13459460
2017-09-18,360.2152099609375,363.64263317527707,359.1057630158067,360.57182913593255,8475860
2017-09-19,361.46331787109375,362.9491906494074,357.996281388362,359.77932872233833,6033330
2017-09-20,361.6416320800781,363.34542805090683,359.56141016375614,363.34542805090683,5767830
2017-09-21,360.3935241699219,362.65205587755037,359.8388127823079,362.55299768146256,8204152
2017-09-22,355.9359436035156,360.670930722277,351.85475032285854,359.8388514593557,17604088
2017-09-25,354.76702880859375,357.3821798064603,352.29057380159753,357.00575380857066,9088700
2017-09-26,358.9472961425781,359.9378781231194,354.3509812423885,355.42081461819913,7366478
2017-09-27,356.5303039550781,359.73980446379596,354.66800477359493,359.02656600576984,6000138
2017-09-28,355.024658203125,358.15490760870415,354.35105747461785,355.06427181721665,17537266
2017-09-29,356.5698547363281,357.5604365928196,354.62830462395385,355.8170028517436,5705832
2017-10-03,358.0161437988281,361.3643158161881,357.24348499726335,360.6114638179186,4947522
2017-10-04,356.4509582519531,358.7491274591573,355.4802073998129,357.79815922278823,4991492
2017-10-05,357.81805419921875,358.570906253879,356.2133160660038,356.6095488981128,8611300
2017-10-06,364.5936279296875,365.3266489507844,358.17465160370426,358.1944584072766,8574308
2017-10-09,366.0794677734375,368.1002452372562,362.1567536564609,364.5341502887791,3504832
2017-10-10,370.656005859375,372.43905359533255,368.3182224874665,372.43905359533255,7143220
2017-10-11,368.7738952636719,371.666390050909,367.7040617987671,370.6560011834393,5982504
2017-10-12,367.4266662597656,370.2201026299178,364.35586209606606,368.4964996439451,10280972
2017-10-13,368.5361022949219,369.8833034326026,367.5257135337263,369.6059356473001,7180728
2017-10-16,372.0625915527344,373.25128992830224,369.6851948015987,370.85408637439986,5758750
2017-10-17,368.69464111328125,371.19090305669516,368.29840829102085,371.19090305669516,5625102
2017-10-18,366.2577819824219,368.49650699426525,365.703070568393,368.0606605843761,7231852
2017-10-19,367.2879943847656,369.28896516390273,366.5945869930952,368.4964995734222,1091434
2017-10-23,372.2607116699219,373.25129365946395,367.74364812395766,368.4965001096619,9154096
2017-10-24,367.10968017578125,375.09378057316997,365.16812982985573,374.83621958584894,14529328
2017-10-25,370.5965270996094,374.32112503392926,362.65206442299,364.1379373993202,13984134
2017-10-26,375.37115478515625,377.1343956824057,372.4984668215458,373.25131885807593,33659258
2017-10-27,374.9748840332031,379.47214062491184,374.0437466680099,378.40230727537016,8524956
2017-10-30,374.0833740234375,378.26364937964394,372.87486882925407,378.26364937964394,12968326
2017-10-31,370.3670654296875,373.64146007671025,369.6238099683585,371.6326350225344,9954988
2017-11-01,372.45623779296875,373.40040025464145,370.9496190452044,371.63262444854877,5633134
2017-11-02,370.7889099121094,372.03437154160025,369.6237816612011,370.8491599460463,4686138
2017-11-03,372.2956237792969,373.60136029837565,368.3984975718412,368.4185809216219,3699086
2017-11-06,373.1191101074219,375.6502243618665,370.6884370894376,370.8893195623584,5066534
2017-11-07,383.886474609375,385.6944171899529,371.9741320197399,372.13484783561864,13442820
2017-11-08,382.6007995605469,386.4376503556953,380.6723324902838,385.7948361728707,5369994
2017-11-09,383.4847106933594,386.8997133553746,380.9736793242305,382.88206316476845,4723232
2017-11-10,386.51800537109375,387.44205994767094,381.67674212533547,385.2122691480334,6589428
2017-11-13,382.4601745605469,389.4709783099074,381.4155709078174,386.5179910174207,5021216
2017-11-14,381.315185546875,383.62533450198475,378.9648698969148,382.4602306116131,5733710
2017-11-15,382.39996337890625,383.0829688570003,379.46708346663536,379.7282405535453,7023516
2017-11-16,397.10455322265625,400.11779085479355,381.07411921096934,382.3999388647516,15687502
2017-11-17,390.0937194824219,395.9393951456637,387.76348745948906,395.9393951456637,8057670
2017-11-20,385.9153747558594,390.1138240071533,384.5895551296061,389.31029398860096,5661190
2017-11-21,388.2054748535156,390.3147413404299,385.7145266693726,386.2167329757808,5364656
2017-11-22,388.2254638671875,390.13384736782376,387.02016902468034,388.3459884470809,6084920
2017-11-23,398.2496032714844,399.53525632763984,389.31033096602107,390.3147435846124,11894618
2017-11-24,405.6019287109375,409.5191382129425,397.82778427721456,398.1090247355635,18619912
2017-11-27,401.2628479003906,404.4568849857836,399.0732234505431,404.4568849857836,6017730
2017-11-28,395.61798095703125,401.72481356119664,394.2519702154642,399.5151061698188,4616868
2017-11-29,394.8144836425781,398.53081001718743,393.8502378015309,396.803225363619,3838070
2017-11-30,392.1628112792969,397.52638880512046,389.04913249286915,397.52638880512046,17266944
2017-12-01,385.2122497558594,395.01532486881865,384.5091610557599,393.4886228815316,4085000
2017-12-04,395.87908935546875,400.47930300334866,389.1294430029547,393.72965665083456,17811606
2017-12-05,395.4773864746094,402.97031388446754,393.32795343259596,395.87915149343735,9976738
2017-12-06,397.86785888671875,399.39456092208246,395.3367443910121,395.7385093751493,7490094
2017-12-07,401.6846618652344,402.93014813960684,395.97959368009185,397.3456045560382,7549544
2017-12-08,402.5082702636719,404.5773698985824,399.7561897210422,402.1667798098123,5983244
2017-12-11,403.89434814453125,404.5371868552954,399.3343252196303,399.73609021818686,5139098
2017-12-12,405.98358154296875,407.38975921283554,402.5685786304351,402.5685786304351,9320434
2017-12-13,403.2716064453125,409.398522508367,400.82084982880616,406.1442359163782,5362398
2017-12-14,407.0281677246094,407.7915311384132,401.48381486570673,403.8743218491526,6023572
2017-12-15,410.9653625488281,412.3715398238212,406.5258403917787,406.9878798765621,10384134
2017-12-18,408.43426513671875,414.0991414943724,404.09520829662364,406.5459893653596,4035448
2017-12-19,403.35205078125,408.97676181494336,401.5842746476573,408.77587927802574,7118898
2017-12-20,408.1329650878906,409.2378188369339,402.16676465177244,403.8139913416303,4186326
2017-12-21,410.62384033203125,413.3960036260352,401.1221144846204,407.7110445999596,11059162
2017-12-22,417.57440185546875,419.7640503161732,408.1931998372161,408.1931998372161,12906940
2017-12-26,416.0677795410156,418.43820259534976,411.005550892984,413.81790559117644,10808906
2017-12-27,415.5254211425781,417.4739714426776,412.7733409006994,413.0143900745181,6970172
2017-12-28,415.1236877441406,417.8356015039015,411.3270035761174,413.81795148944093,8433472
2017-12-29,418.6593017578125,421.37121592166983,413.8180131515659,413.8581798489798,6601768
2018-01-01,415.2442321777344,419.64353927650944,413.8179468212587,416.91151768006387,5431340
2018-01-02,413.6974182128906,418.6391475373377,411.005612217559,416.730763707393,6112248
2018-01-03,410.3225402832031,414.4607143815207,409.23777000921257,413.2152528399157,6846552
2018-01-04,407.9522399902344,410.2021144527568,405.62198309187386,410.2021144527568,8947614
2018-01-05,406.5862121582031,412.3716384245068,404.1756219675418,407.91203185870853,11025976
2018-01-08,416.2486267089844,417.4338137813082,409.8203625139517,411.7689373779769,5594690
2018-01-09,418.3779296875,419.80421490747585,413.375975572056,417.83555680228875,9948236
2018-01-10,422.7572021484375,424.2638208303635,415.0433341144071,420.56760261480247,9468634
2018-01-11,432.2188720703125,435.2722767239877,423.9625804525928,423.9625804525928,16775298
2018-01-12,433.283447265625,436.2766259599619,430.1095429812005,436.23645926843363,18016528
2018-01-15,434.3681945800781,439.1089916630232,427.91984738037,433.90615506920625,10649250
2018-01-16,451.1218566894531,455.9229782513763,434.40844115522646,434.40844115522646,22646966
2018-01-17,462.8734436035156,466.77059350366574,451.18209199022294,451.92534742654897,26154088
2018-01-18,463.1144104003906,468.01597192180236,454.83806273676396,460.0208400888369,13204970
2018-01-19,459.3982238769531,461.1861077642086,456.4050938909648,460.02097931791786,5988278
2018-01-22,462.0298156738281,464.82206320329203,454.79804464588995,454.85831921317333,9650214
2018-01-23,472.91754150390625,477.2967895330849,464.0385453793881,464.0385453793881,15403796
2018-01-24,476.4129638671875,490.5751803326993,469.0606446378728,471.9935487999356,20604718
2018-01-25,472.23455810546875,475.44867788288417,466.95133891262714,474.88619711312134,13548914
2018-01-29,475.2478942871094,480.6114479730127,468.13662337370823,468.6790454338757,10823002
2018-01-30,470.3262634277344,475.3282186597915,467.13220186877584,473.6408250749875,8628312
2018-01-31,462.1301574707031,468.6990049318389,458.87587101729025,465.70587551805266,9213698
2018-02-01,459.86016845703125,465.2036621011381,449.3942205602487,458.89592273372796,13005454
2018-02-02,459.3178405761719,467.21253270924535,454.0346209676951,456.1037205458991,10244486
2018-02-05,457.28887939453125,463.9782761023409,456.3447415027738,458.0120759740261,9860220
2018-02-06,445.0551452636719,453.33149383223656,439.9929164532741,441.92135888202904,10552078
2018-02-07,445.57745361328125,451.9052518058196,443.3677463079504,448.36970049986036,8342056
2018-02-08,455.70196533203125,460.583420041593,448.59074422971304,451.10177555730854,8807244
2018-02-09,445.6176452636719,450.09733467868296,444.35207574555443,449.173255590895,4382690
2018-02-12,443.06640625,450.21779293018534,441.05758150103117,447.88758564752527,6291972
2018-02-14,441.03753662109375,448.89206212870323,438.0041911995267,444.3520979302479,8345712
2018-02-15,447.7469787597656,453.8738949294029,443.146789187535,443.146789187535,7986736
2018-02-16,453.2110290527344,458.6750232583088,449.21343786613187,451.9856261820979,9889222
2018-02-19,454.697509765625,456.40501090678157,450.0973204262925,453.3516069101345,6461840
2018-02-20,456.7867431640625,461.82891403960576,443.4481634373335,443.4481634373335,7188594
2018-02-21,460.9851989746094,462.7931415850735,458.0121279842409,461.0253656683477,13771358
2018-02-22,466.3487548828125,467.6544912199817,458.1929052209074,460.2419460925618,17859974
2018-02-23,464.2997131347656,468.45797090656737,460.7239949717891,467.45355844750526,9459828
2018-02-26,457.44964599609375,464.05871005950723,455.7421446460407,462.43154209672974,5083608
2018-02-27,462.1100769042969,463.4961955610125,452.2467757187169,460.00081068386646,6616026
2018-02-28,471.10955810546875,477.8993953896646,459.03655110331465,461.06543462102854,17268416
2018-03-01,466.3487548828125,469.90436556146443,464.4604788741854,469.90436556146443,6579852
2018-03-05,464.400146484375,470.3864544473141,459.31780971922143,466.34869681310846,8101456
2018-03-06,462.57220458984375,468.2170234536417,459.45852529024864,467.07200281025,6689734
2018-03-07,459.65936279296875,466.04743660340444,457.2287137782128,464.03861144563115,6370416
2018-03-08,464.7015075683594,468.37766721021484,461.6279954401333,461.6279954401333,6093014
2018-03-09,467.4133605957031,468.4579396747709,464.25951549322843,466.9914877735922,4220964
2018-03-12,476.392822265625,478.8435788206629,470.7681125783227,472.47561373339664,7676970
2018-03-13,475.60943603515625,480.91271452273685,472.13415890762514,474.1630427716524,8581052
2018-03-14,474.40423583984375,478.3415042786793,469.7035548809983,474.0828041517964,4429710
2018-03-15,475.0871887207031,477.4576124097183,470.868655543902,474.08277605956,6101500
2018-03-16,470.82843017578125,475.04696282690696,469.7637430789239,474.8862470124336,17954826
2018-03-19,460.7240905761719,474.283661587243,459.0768636102111,467.65453798183046,7526620
2018-03-20,467.87542724609375,470.0650267704571,461.467246386624,461.467246386624,8553766
2018-03-21,469.0606994628906,472.2748198874757,466.93132506416873,470.06511209557345,7692994
2018-03-22,466.5696716308594,473.05813655514623,464.1590818503715,467.85529989635637,6813168
2018-03-23,469.10089111328125,471.59186400099327,458.9563229835446,460.8245403884316,12008084
2018-03-26,464.1390075683594,468.81957953952593,459.6191514029025,468.81957953952593,8930722
2018-03-27,463.63671875,466.56962229019643,462.06982574967003,466.0473082755633,3802088
2018-03-28,454.7176513671875,462.33107857928195,452.48783597646434,462.33107857928195,12558322
2018-04-02,456.86712646484375,461.84902278504626,450.49916036976634,458.413912064935,8072702
2018-04-03,458.1928405761719,459.4383512184593,453.23105300368564,455.88269199787976,4077168
2018-04-04,451.6642150878906,459.8401724656604,449.97682162423234,459.61918208760875,4813302
2018-04-05,461.0453186035156,462.55193693927254,453.6327269654523,457.83119948723424,7763544
2018-04-06,452.7891845703125,460.42272006883593,450.82052613302943,459.21742499012174,5937742
2018-04-09,446.46136474609375,452.3070652247682,444.5730888275918,451.9856336012198,7202882
2018-04-10,447.3251647949219,451.7847465259463,444.11104476628014,446.7626839811936,8926058
2018-04-11,451.6842956542969,454.59709186821163,448.5706169428708,449.17326443540486,9025574
2018-04-12,467.09197998046875,471.16990454607446,451.9856257636613,453.7734603992503,17044366
2018-04-13,470.6476135253906,476.4531474962609,462.1302147104293,471.67213394483286,21227038
2018-04-16,455.280029296875,458.0120506197557,442.7449822657639,442.7449822657639,24745084
2018-04-17,452.06597900390625,452.94989147037404,447.9679954344052,452.78917565432704,10397940
2018-04-18,452.3673095703125,455.90286140218836,447.5059625841697,451.12184780348645,10430380
2018-04-19,455.139404296875,457.9317000672243,451.2221961161543,451.5837943723198,8525542
2018-04-20,473.4599304199219,479.58684648599984,456.78668342043085,457.61032126313796,24272692
2018-04-23,477.1763916015625,487.9035492415317,464.13913367074906,469.26163871667165,21830638
2018-04-24,463.8377685546875,480.67173462363996,462.0699924561124,476.09160306392783,8526216
2018-04-25,466.1880187988281,470.4668259571976,460.10126909835157,462.83329077941215,11594178
2018-04-26,472.6563720703125,474.74557930832884,466.0473580328796,471.6720675263798,11302084
2018-04-27,476.1717529296875,478.7430581689627,471.75233890840985,474.0825950097836,7663370
2018-04-30,481.9171447753906,485.31203960010214,474.34388390547747,474.76570775320425,5511678
2018-05-02,480.9328918457031,482.76089346974805,474.4845429193307,481.6761474090439,10295042
2018-05-03,475.1072998046875,484.0063568077337,472.5158856952593,481.0132266747183,5332230
2018-05-04,471.3105163574219,476.49329471744903,464.038579594143,476.0915297134714,6023368
2018-05-07,475.28802490234375,478.10038007928074,472.2747872127685,474.58493610810956,4638960
2018-05-08,468.2772216796875,473.2390096878553,466.4692791553169,473.2390096878553,5718556
2018-05-09,470.34625244140625,472.83722479636873,467.2526816472433,469.06062409557745,3783504
2018-05-10,469.2615661621094,475.2880417549447,467.1924663998525,472.4756864782882,3182862
2018-05-11,474.3840637207031,475.36836843620716,468.4781373405126,470.98916880208736,3311706
2018-05-14,477.8191223144531,478.7029856751885,470.06503838856105,475.8303561874317,4432094
2018-05-15,479.928466796875,485.33218717740095,477.3370527620362,477.3370527620362,5611974
2018-05-16,478.080322265625,481.31455067515924,475.89072226604856,476.9955762012378,6205004
2018-05-17,475.2478942871094,481.0935464225105,471.49140082431336,480.51100670906845,9519598
2018-05-18,475.3683166503906,476.7142686020356,471.27033336896125,475.2879832698049,7139660
2018-05-21,473.8818664550781,477.45758513318896,470.06509856078117,473.90197432458706,8475320
2018-05-22,479.64715576171875,481.31449039107184,471.6319632895837,472.0738949995905,5636804
2018-05-23,476.0513610839844,485.1915148872693,474.685350267305,480.10917779892463,9538442
2018-05-24,490.5550842285156,493.1866646990985,481.31448886630767,481.31448886630767,9740570
2018-05-25,493.488037109375,501.663946177122,490.4747991942162,494.21118478286155,8901438
2018-05-28,487.90338134765625,495.2154840638963,484.5285458464783,494.5726699311897,5739794
2018-05-29,488.827392578125,492.78481655049137,484.6088606244361,487.7627547008617,3388934
2018-05-30,486.8186950683594,493.6688088389609,484.3679380539492,488.9480694665436,6323066
2018-05-31,494.89410400390625,498.9920870336122,486.2360493819881,486.8185889643961,19720340
2018-06-01,490.4747619628906,500.6996622280691,489.02836863853963,494.3316963928017,4998356
2018-06-04,497.94769287109375,499.39403747501393,486.9393189217352,490.5953716560758,4270156
2018-06-05,490.4947509765625,498.9920898515909,488.94796565973115,498.9920898515909,4710862
2018-06-06,497.16400146484375,498.81127694071046,490.17333079883093,492.2423809886566,4038184
2018-06-07,503.1905517578125,505.4203671125051,497.38506715841123,497.38506715841123,6676226
2018-06-08,506.2440185546875,507.0274407037946,500.6193084359449,501.402730585052,6459878
2018-06-11,507.188232421875,510.24163713459285,504.2352689763096,508.4538021967137,5171290
2018-06-12,505.62115478515625,510.7436575451966,502.3869275427618,508.533950472238,7839820
2018-06-13,512.1701049804688,515.8663238203142,508.9559845828344,508.9559845828344,5766928
2018-06-14,510.27667236328125,515.7511459662442,507.97164935783013,515.7511459662442,7598848
2018-06-15,527.379150390625,531.59818359375,508.34204935213415,509.1652753429878,19957760
2018-06-18,521.67822265625,531.49518070769,519.5995573207325,528.5109870502799,8214846
2018-06-19,511.05865478515625,520.0318376519605,509.59745888542426,519.8671824144026,7545700
2018-06-20,511.69671630859375,515.4835358495953,509.57689928745265,513.8988358322978,5371802
2018-06-21,513.0961303710938,517.1916590251336,508.7535937565182,512.8491224105582,5798790
2018-06-22,513.6311645507812,516.7800133911971,510.89392862425717,511.63485196754925,4343118
2018-06-25,523.7567749023438,526.3705568162724,516.1625375698754,517.4591281559756,7731178
2018-06-26,525.9795532226562,528.4698314559311,521.2048534592608,522.3367889751644,4483504
2018-06-27,522.7484741210938,532.4007782103157,520.9373669962538,528.4904549787012,6952142
2018-06-28,530.8159790039062,534.2735373688414,525.3209569083081,525.3415576513307,10996818
2018-06-29,538.0603637695312,541.2709644937117,528.2022548947191,534.2941459241893,9966600
2018-07-02,549.3798217773438,551.5613906595859,540.8594532288774,540.8594532288774,4830144
2018-07-03,557.2210083007812,558.9292120226477,548.1655237706855,548.2272757598072,8127452
2018-07-04,553.7017211914062,556.7682678215988,551.0879890035675,556.5213101003195,5025722
2018-07-05,528.5110473632812,554.545567414471,521.966391166881,554.4838154205409,17019902
2018-07-06,528.6139526367188,535.8583308035804,522.3368548927359,531.0836304376301,11215356
2018-07-09,534.62353515625,536.331739155892,526.4736279013176,533.8620611551742,6644998
2018-07-10,535.673095703125,541.456227422481,532.7506538480558,538.5955375581942,5974488
2018-07-11,543.514404296875,552.4258364280049,531.5364751965651,542.3207667088061,11899832
2018-07-12,532.7711181640625,546.2514399077813,528.6961406259791,545.8398270301105,13272240
2018-07-13,542.2589721679688,548.1038566256877,534.417724478693,541.2710909262584,19496158
2018-07-16,548.6182861328125,569.8369528666404,530.0339522118036,542.2588864344154,35344680
2018-07-17,546.5808715820312,555.4717016632505,540.3243243058224,547.321744778794,11161690
2018-07-18,544.3787841796875,552.9609050375756,540.8594729900234,551.4791083114059,6919016
2018-07-19,541.9707641601562,548.2273112975863,538.8425157143025,544.5639459056149,5118864
2018-07-20,554.8953247070312,562.7365703279821,543.8641294472454,545.7986899241056,11705738
2018-07-23,558.1266479492188,563.0866048814443,550.0178916468055,556.5625486386524,7675702
2018-07-24,566.852783203125,569.0137511870471,558.1471592758943,565.7208475924991,6172246
2018-07-25,569.5694580078125,573.7061885328258,562.0369204160859,567.6142963633412,6936922
2018-07-26,565.24755859375,572.3067316721202,563.5805058267497,567.4291276165246,7362218
2018-07-27,565.3298950195312,571.7304977237301,563.2101281151246,565.2269917622016,6493232
2018-07-30,556.0891723632812,565.144658515755,554.8543333424893,563.9098194949632,6409970
2018-07-31,561.892822265625,563.9097357492006,549.7296898645985,555.0806581600289,7943996
2018-08-01,557.3445434570312,563.2717298299051,556.089103842296,561.3577697800974,4675706
2018-08-02,557.179931640625,562.5720517380083,555.7392861816288,559.6290088226281,5940742
2018-08-03,561.4813232421875,562.345700554607,558.1472677538659,562.345700554607,3970390
2018-08-06,560.0612182617188,565.9678545491411,554.6484974581582,562.2839384305478,6178930
2018-08-07,563.0659790039062,568.0053349666434,560.0612342740108,565.5562577334105,7351528
2018-08-08,560.925537109375,564.9387632967288,557.0358149029971,564.6506543354121,3992358
2018-08-09,568.0053100585938,571.9156333576193,565.4121784393064,565.4121784393064,6409524
2018-08-10,570.2691650390625,571.7304111702203,565.1652044447768,570.4132697740931,4779520
2018-08-13,579.8598022460938,580.3125664879658,567.4908117431926,572.1420586492069,9979746
2018-08-14,579.6746826171875,586.3633947281951,577.904726391058,582.000256169966,6151320
2018-08-16,588.4212646484375,590.6233837016991,580.8887281811759,582.4116758733373,6626774
2018-08-17,588.7506713867188,591.7554665222267,585.725325747709,588.9770786453489,6390408
2018-08-20,569.7752075195312,579.5304140191937,565.3503684508406,571.3187560318652,16101876
2018-08-21,569.6517944335938,574.6117512095894,565.4533619084337,572.1420731957946,8361482
2018-08-23,575.1879272460938,576.875530235813,570.2279712652931,573.376820277194,7717182
2018-08-24,567.3262939453125,577.0403519965716,566.4207150766476,574.8176314498743,7053000
2018-08-27,582.596923828125,584.4697324242971,568.6020848649447,569.2606554728923,7012950
2018-08-28,586.425048828125,592.0641773431435,580.9917770686022,583.3379511816394,6496890
2018-08-29,580.4154663085938,590.0883715595737,578.3780021093374,590.0883715595737,5646496
2018-08-30,582.92626953125,585.1284391230545,574.673459608728,581.5268256261907,11507962
2018-08-31,593.175537109375,598.6088593409808,584.9432763757892,586.5897285225063,10875864
2018-09-03,590.3558959960938,604.206682339656,588.6065408920439,596.4271872395606,10976328
2018-09-04,606.8411254882812,616.1847214059638,589.4298737831264,594.3692302673425,15370124
2018-09-05,600.87255859375,612.5211740412102,597.1680423268235,610.7924198815982,8658978
2018-09-06,598.6087036132812,605.4826194392874,596.0978245461557,603.054093105513,5598659
2018-09-07,603.2599487304688,605.1945598046658,595.8509153939287,604.5359388670615,6510605
2018-09-10,601.6546020507812,614.9497198403975,600.4609647456583,607.334880605426,5629871
2018-09-11,604.4947509765625,613.0974714338756,602.6013415100329,605.8119425262022,6963561
2018-09-12,611.5745849609375,614.5381783146673,606.1001122359997,612.8094238992791,4636617
2018-09-14,604.0007934570312,613.3032351627048,600.1727733003466,610.7512552220594,7896514
2018-09-17,597.6209716796875,609.1872878388326,596.5095863449751,605.0711575155972,5427054
2018-09-18,591.9817504882812,600.9549332891067,590.2529961209445,600.9549332891067,7729732
2018-09-19,592.5169067382812,598.4852951701708,587.1247865489609,598.4852951701708,4849498
2018-09-21,580.621337890625,590.582403498253,569.6724411942745,587.6599107492981,14350769
2018-09-24,591.2820434570312,600.913797200499,581.6091384648696,581.6091384648696,8637881
2018-09-25,597.8267211914062,605.8943258065327,590.2530320696793,591.2820645523669,9602273
2018-09-26,590.9527587890625,602.4779226874019,586.1369068298329,601.9428559395581,6599606
2018-09-27,596.674072265625,601.6134272516745,590.6233825060013,594.3690499879455,14592616
2018-09-28,600.9961547851562,604.7006719302208,588.7712683047351,593.5459692425612,7490031
2018-10-01,614.6616821289062,621.4532962878195,603.4246276949598,607.1291445089124,8252398
2018-10-03,599.7200317382812,619.0246879703525,597.9089248190975,612.3153771944166,7792464
2018-10-04,582.1853637695312,600.7490976773931,578.3161920087273,599.7200653072708,6173037
2018-10-05,596.5094604492188,602.1897391947301,583.914114367564,586.9600602130453,8543578
2018-10-08,588.15380859375,599.8847787515786,583.8730234694673,596.879983840932,7259306
2018-10-09,590.8704223632812,594.6984431080207,578.4397306849279,590.3353054004341,6777212
2018-10-10,576.6285400390625,592.640292408577,572.4712596656931,592.640292408577,8866251
2018-10-11,554.3192138671875,570.4133225631018,546.0458025138632,563.9098169842622,10985897
2018-10-12,558.8057250976562,563.1276610280049,544.5639272239371,556.8300131055008,8909221
2018-10-15,575.270263671875,580.3742744323395,561.0284652845947,566.8733492266881,6222176
2018-10-16,572.3477783203125,587.7009606849415,567.5319271447075,584.4903597373922,11588963
2018-10-17,580.6622314453125,594.2043043538747,577.3693286223531,584.4902510752866,20360697
2018-10-19,562.7161865234375,566.1325949119455,558.1472917507308,565.5563265969795,10421001
2018-10-22,559.75244140625,572.1831319682934,554.6895821979596,566.9556677822698,6672840
2018-10-23,541.3533935546875,561.4401279065256,537.8135318296422,556.4596206919841,9041701
2018-10-24,534.93212890625,548.680010178162,532.750610626115,545.7987198021326,7058164
2018-10-25,539.8837280273438,546.2083571637642,529.4813440576454,535.0986314012825,8270469
2018-10-26,527.2760009765625,539.8421108739105,524.1969360572328,537.0126422101663,5464141
2018-10-29,536.5549926757812,541.381688926694,525.5284651023744,527.3592949335186,7137446
2018-10-30,548.9129028320312,552.4081135321886,530.4799114039494,533.5173766369737,8793411
2018-10-31,571.2157592773438,576.6665986091341,551.7840745115141,552.4914671348552,11947995
2018-11-01,554.8215942382812,573.9619818696494,548.9130093198185,573.9619818696494,5860244
2018-11-02,551.1182861328125,562.3944598581148,549.3290558267017,554.1974018537782,6654067
2018-11-05,554.2389526367188,556.4026279304591,546.7492370605469,552.1584760877821,5799426
2018-11-06,554.613525390625,561.7287460149021,549.7868292871493,555.8202121147168,6975525
2018-11-07,562.1448974609375,563.8092790966472,559.2322295984455,560.0644204163004,758956
2018-11-09,548.829833984375,565.057554625308,545.5010707759785,565.057554625308,9694143
2018-11-12,552.7410278320312,562.8937636991542,551.159845314366,554.2389608107807,7118080
2018-11-13,553.9893798828125,555.6953607230846,546.1667666928787,552.1585501157119,4137808
2018-11-14,543.5870361328125,553.9894210450567,533.0182029033934,553.9894210450567,7323026
2018-11-15,546.25,554.2390104643116,538.1777399893142,544.2527219874771,5513390
2018-11-16,541.6312255859375,551.326266283779,536.097188634064,549.1625910653278,8583785
2018-11-19,542.3387451171875,550.9103000500213,540.2998675339521,548.413727693299,6018930
2018-11-20,533.7671508789062,545.9171151364327,532.6852623030122,542.3387051805495,5384830
2018-11-21,515.2092895507812,532.6436964816639,509.3839541137346,532.6020971014067,14359086
2018-11-22,516.5823974609375,522.7406292017122,513.253634529252,517.8306835603195,6632975
2018-11-26,517.1650390625,522.6158792367231,499.1896853518657,516.7905430031929,15075209
2018-11-27,531.686767578125,533.4343480893389,520.3689412614881,520.5353895941988,12285851
2018-11-28,554.5719604492188,556.485989099619,532.6021033681257,533.3926947738917,17719890
2018-11-29,550.1196899414062,561.6455624054709,548.2472607375261,558.3999981349215,13399070
2018-11-30,555.4457397460938,559.2321975920445,550.0364997396231,550.0780991195556,10445773
2018-12-03,557.8590087890625,565.0574785755532,554.1974002283711,560.1891833556439,8260890
2018-12-04,570.2586669921875,572.7552390476075,558.6495967759067,559.6898351323317,7827923
2018-12-05,567.0547485351562,568.9271775614118,559.6482311808126,568.3862333033383,5177288
2018-12-06,556.3195190429688,570.4251624816944,553.0323554061258,562.6441484561432,8039771
2018-12-07,568.219970703125,570.6749441650774,553.906276199463,559.2323185985156,5553948
2018-12-10,556.9020385742188,569.0520027383362,553.5732757026369,557.4845822353237,5121196
2018-12-11,561.3128051757812,567.4710386260803,549.745330459889,556.9022032254941,7120933
2018-12-12,564.6414794921875,566.4307100980838,558.0671516024593,563.4763920102694,6926183
2018-12-13,580.6610717773438,582.5335008873387,565.889686576272,567.5540680073786,7521474
2018-12-14,587.568359375,593.9346399101785,577.8733661200324,580.411538139878,9560576
2018-12-17,577.8733520507812,592.3950418870146,576.500216818068,592.3950418870146,4778465
2018-12-18,563.0601806640625,571.2988885214392,561.3541999683516,571.2988885214392,8021298
2018-12-19,553.281982421875,558.8576704301208,550.1612672075088,558.8576704301208,8295459
2018-12-20,555.11279296875,558.857651096436,546.2499925422932,549.2458587272863,11705260
2018-12-21,537.7616577148438,548.8297842206083,535.4731332165774,548.8297842206083,12802132
2018-12-24,540.091796875,548.2472560683091,538.9267095075734,546.7493228765409,8379825
2018-12-26,535.9722900390625,538.4272622123622,530.3966034402662,538.4272622123622,6178552
2018-12-27,546.5828247070312,551.9504647147002,540.0917476062426,543.2124626347841,15333902
2018-12-28,546.7078857421875,552.1587266149975,543.6703682853941,552.0338776482606,4736598
2018-12-31,548.3721313476562,550.910303099126,545.7507100414315,549.2459215187662,3373319
2019-01-01,553.4484252929688,554.4886636875473,544.3775769679785,550.0364636759074,2943390
2019-01-02,556.7771606445312,560.8965146420975,550.9518259227291,554.2389892457521,7416655
2019-01-03,556.8604125976562,563.3930891039366,551.8256183605706,559.2321357132133,6827249
2019-01-04,550.1196899414062,560.8133716481908,541.7561829893202,559.0241412028815,7889310
2019-01-07,558.9826049804688,560.56373712221,550.4942481385732,553.4069161181424,8046340
2019-01-08,557.6094360351562,563.7676682795343,556.3611498336927,561.6871912770952,8621545
2019-01-09,562.6442260742188,574.0452511352715,552.5747368789756,571.0493843247743,18130292
2019-01-10,565.6401977539062,567.5542267765364,559.6900121560226,567.2213300800336,9572493
2019-01-11,568.8023681640625,570.4667496363787,559.6482700663233,566.0561488933191,12281903
2019-01-14,584.1146850585938,591.0218578567815,579.163140129804,588.358837401619,19312937
2019-01-15,604.6697998046875,607.4992687709153,588.5253291651422,588.5253291651422,19671304
2019-01-16,613.158203125,613.9903939682188,606.2510292848639,607.4161167825295,9658944
2019-01-17,610.287109375,614.9890077623305,606.75029843726,612.3259870153353,6903771
2019-01-18,608.289794921875,612.6587960437128,604.4200878968061,607.4992036079171,5902151
2019-01-21,619.982177734375,624.9753227899538,610.8280784658137,614.3232901632986,8129422
2019-01-22,620.2733764648438,623.3108931236587,610.8280314456149,616.8614145900027,6723375
2019-01-23,608.872314453125,617.9847615120964,606.8334371850922,617.7767138478662,7212099
2019-01-24,612.5122680664062,615.9429857510504,603.3078487375395,609.2488626027837,7429783
2019-01-25,611.1316528320312,617.4492731148181,606.0274037915924,609.1652743669717,5543112
2019-01-28,609.1233520507812,613.0142803188987,601.6342918886505,611.6754761760828,7944693
2019-01-29,609.0816650390625,613.2236136590734,599.5425173282316,607.073407287693,6760819
2019-01-30,607.4080810546875,614.8552631674062,603.3915659016351,609.0816120110889,5763026
2019-01-31,627.1974487304688,628.6617880716116,607.4916352397968,607.4916352397968,13825233
2019-02-01,633.4732055664062,638.0335869927756,622.971810512946,628.7036328000394,6276585
2019-02-04,632.510986328125,638.0336175396252,626.9046479333555,633.4314078393394,3945391
2019-02-05,631.6323852539062,635.899919731023,625.0637968404512,625.0637968404512,4694366
2019-02-06,638.7030639648438,641.7572783158081,631.2140029002915,632.2181316644517,5880482
2019-02-07,639.288818359375,643.8492003801566,636.7785219522046,638.4938809493487,3961797
2019-02-08,636.6948852539062,646.1921531885313,631.674292286433,635.9417758799401,5915169
2019-02-11,638.2848510742188,643.2636170892039,635.1051517017311,641.7156210086356,5500216
2019-02-12,627.9506225585938,636.2345696116539,620.0431790885888,636.2345696116539,7310690
2019-02-14,619.2481079101562,630.0842280221681,616.9051754440152,628.4106975360535,4610535
2019-02-15,620.838134765625,624.6454073421027,613.0143471784224,621.1309822437732,5586389
2019-02-18,620.0850219726562,625.6077045455282,615.8593666954855,621.1728068352779,5346825
2019-02-19,606.0692138671875,619.6666526236781,603.5589174813739,618.4533324894461,9401334
2019-02-20,619.7921752929688,621.7167256019445,607.5335410955266,608.3284784826564,5210675
2019-02-21,613.7255859375,617.5328582502312,608.4120950640344,617.5328582502312,7202786
2019-02-22,614.9808349609375,617.700322926685,609.1653043274544,612.9307492031048,3750833
2019-02-25,631.6742553710938,634.2682078238514,615.4828133539605,615.4828133539605,6547552
2019-02-26,621.2982788085938,629.7495885022662,619.3319006445734,626.4025270676071,8319610
2019-02-27,615.2317504882812,624.5617049775716,613.1398370218132,623.390213007507,5936354
2019-02-28,614.4368896484375,621.2147207668366,612.7633586669235,618.1186782366133,8559921
2019-03-01,620.7962646484375,622.0514127362248,615.4409457117025,615.4409457117025,3998826
2019-03-05,612.9306640625,621.2983181793942,611.0479418861988,619.6247873560153,4826505
2019-03-06,612.9306640625,615.9429991157389,608.3284542982082,615.9429991157389,6076668
2019-03-07,604.9395751953125,614.6042056552518,602.9313177432252,614.185822942076,5951551
2019-03-08,596.0698852539062,604.93963022333,594.647424757402,604.93963022333,7193994
2019-03-11,595.1494750976562,601.216025107439,593.601479317109,596.8648341963444,9932198
2019-03-12,591.5513305664062,598.2454540020323,590.4216665933791,593.2666894823636,11997387
2019-03-13,592.8065795898438,601.2997195008263,591.0075131815245,594.103556011784,11348867
2019-03-14,592.7227783203125,598.2036328037598,590.9237632696264,597.4505234797736,6415187
2019-03-15,601.2578125,605.6090031167811,593.7687514007487,595.7770089383739,14638664
2019-03-18,594.2708740234375,605.5672083819586,590.2125306661821,603.7681421108302,8065544
2019-03-19,604.3538208007812,607.9100738134546,591.9278748206364,596.4463774170036,8917337
2019-03-20,618.3277587890625,621.1309022518581,608.4539379821952,608.5375940874326,13471173
2019-03-22,621.8004150390625,624.5199028809017,612.7633579636808,623.3902898985211,8883260
2019-03-25,615.2317504882812,621.2146434312226,611.2989429569,621.2146434312226,7644966
2019-03-26,608.9559326171875,615.231672218189,601.7178925151925,615.231672218189,9406261
2019-03-27,610.5877075195312,612.7632770769756,608.4539660166329,610.8387269189125,7387487
2019-03-28,617.365478515625,623.3901993817894,610.8387188573239,610.8387188573239,9277241
2019-04-01,631.841552734375,635.9417237505576,620.8799460827812,620.8799460827812,6584982
2019-04-02,635.439697265625,640.794965452693,631.4231822851871,635.1049706598853,7283600
2019-04-03,630.3352661132812,634.6864557209096,624.8962918717705,632.5945425510978,6897127
2019-04-04,625.81689453125,630.7537799960257,623.4739104358479,628.7455735783932,7688525
2019-04-05,635.35595703125,636.7366403679755,625.9005182401714,628.327158325293,6276040
2019-04-08,642.0082397460938,644.3093445480511,632.0925903919564,638.4938149250469,4919911
2019-04-09,636.4437866210938,646.8196987241678,634.4355801661219,644.3094023513702,6730692
2019-04-10,629.8333129882812,641.5480283314911,628.6618210251179,639.2887515865938,7031088
2019-04-11,621.4657592773438,629.0384769867387,619.2483102299217,629.0384769867387,8200995
2019-04-12,625.69140625,628.8711049539993,619.7085124614923,621.800426223612,7043212
2019-04-15,608.7468872070312,611.9684138788698,596.2790611158019,606.4039540755022,31574803
2019-04-16,605.90185546875,609.0816051075615,597.5342007815854,609.0816051075615,12524411
2019-04-18,600.002685546875,604.5630676905898,596.4046041473605,604.5630676905898,13801105
2019-04-22,603.3496704101562,607.2824779325804,598.2872500472546,600.0026088714303,6455426
2019-04-23,609.3325805664062,610.8387480869937,601.1322897791119,605.7344995249729,5516668
2019-04-24,616.2359008789062,617.4492209466289,605.8181612344177,609.3325861963318,8285120
2019-04-25,609.6253051757812,617.239899500394,608.3701573162173,616.2357709983235,8005235
2019-04-26,617.5328979492188,619.039065534673,610.002008949838,611.6755398385893,6895168
2019-04-30,628.7037963867188,630.7538822665421,617.5329963530812,617.5329963530812,9920046
2019-05-02,611.5081787109375,626.235281227611,610.420393843801,625.0637891724733,6351352
2019-05-03,605.4833984375,611.6754825750359,600.9648961041484,604.8977035389561,6348116
2019-05-06,601.13232421875,603.977296126828,594.6473919325978,598.2873012385617,8858265
2019-05-07,606.2783813476562,609.0815761779796,601.3833240170102,602.8058354606853,5747536
2019-05-08,601.9271850585938,607.4916955360802,599.5424240380186,603.3078684318372,6247642
2019-05-09,603.3496704101562,611.0897502184599,598.9566521405785,601.7598468225251,7396525
2019-05-10,599.8352661132812,607.4916900740494,598.2872705274729,603.1404997103372,8352335
2019-05-13,602.2200317382812,607.8681978426109,595.8605844442181,599.5842004607525,6808993
2019-05-14,597.3250122070312,600.588417979127,588.7481661125888,599.5424611383414,10513001
2019-05-15,599.2078247070312,606.8224222972884,596.2791451120368,598.2037468464426,6668929
2019-05-16,613.4327392578125,616.6961449857673,601.7180227994668,602.4711321434904,6468556
2019-05-17,605.7344970703125,615.691974745923,602.5547476738263,613.4745770660766,8155948
2019-05-20,604.4793701171875,607.8264318541109,590.7563965669585,602.2200932303425,11213708
2019-05-21,593.5176391601562,604.68848697408,592.1788350591802,604.68848697408,8645535
2019-05-22,593.8943481445312,601.0068553079387,591.5932428857817,594.1035395316902,5795713
2019-05-23,586.6144409179688,599.7098413628212,583.6021055603841,598.2873298048067,7233736
2019-05-24,593.4340209960938,595.5677625124865,586.1123238805557,588.9154674902336,7016424
2019-05-27,592.5136108398438,597.2831842490571,590.3380410394853,591.9279158665936,10247544
2019-05-28,609.2488403320312,613.7255656670544,593.9360444045432,595.776938417445,23860490
2019-05-29,608.997802734375,613.8929106045542,605.5252572252083,607.073252671546,10293077
2019-05-30,613.8092041015625,616.9052460697411,604.6047853741741,608.3284013464927,15089296
2019-05-31,617.32373046875,621.6749211622472,613.5164577639817,616.2777736228185,8290306
2019-06-03,623.097412109375,628.327196166319,610.0020124019434,610.6714145468102,7744761
2019-06-04,615.2737426757812,618.7463403853233,613.4747272579706,616.9054458293265,11733702
2019-06-06,615.524658203125,623.0974265507804,613.89300639723,616.2777675536236,7563925
2019-06-07,618.4534301757812,622.5117739504725,615.7339419949329,615.7339419949329,3218358
2019-06-10,630.5028076171875,631.0048464910234,619.2901294284611,619.2901294284611,4435148
2019-06-11,631.6742553710938,635.1049732695293,627.9924669812672,631.7579114868176,5733127
2019-06-12,630.7537231445312,633.3895544782296,623.3901981326869,633.3895544782296,8738342
2019-06-13,630.2022705078125,634.0633255723081,627.953497401044,627.953497401044,4808577
2019-06-14,628.3352661132812,632.6206133635378,626.4683672912566,631.2204262986297,5556353
2019-06-17,628.420166015625,631.7720900826338,626.0865552060518,630.4992114592302,3085588
2019-06-18,636.566650390625,638.51838734678,628.1232114306342,628.1232114306342,6202838
2019-06-19,638.0516357421875,641.0216858187757,635.2512613779825,638.5607664664632,4596253
2019-06-20,640.5973510742188,642.2945224356091,624.4742231410103,626.0865048581953,7148684
2019-06-21,636.6090087890625,640.6822098305977,634.0208327372009,640.6822098305977,13200318
2019-06-24,632.62060546875,638.051574375308,630.2021570706991,638.051574375308,4758178
2019-06-25,634.8271484375,637.2032306070685,625.6624302480626,631.3479666505397,3677911
2019-06-26,627.2745971679688,637.6697726122509,626.2562839085916,630.4992126613598,5447130
2019-06-27,619.9343872070312,631.941897795865,617.897812227246,629.6507056242325,11122346
2019-06-28,621.1647338867188,627.5291266519515,618.1946839296102,624.1347838438273,5919494
2019-07-01,620.5707397460938,625.8319816796044,619.3402800674687,623.7105173349278,3224968
2019-07-02,627.9534912109375,629.3536784966049,619.5524710840672,622.8619764173353,4837606
2019-07-03,620.5707397460938,630.6689307441798,619.4675886455746,628.8020317621517,5958379
2019-07-04,622.6921997070312,624.8985536861002,618.2795435424563,618.61899855264,3274064
2019-07-05,609.2846069335938,624.8986064359483,605.4659708177146,623.7105655935814,4926289
2019-07-08,608.9451904296875,615.1823275564586,604.447695745091,607.9693477700171,7177092
2019-07-09,607.1630859375,610.8544131220012,601.689697655242,609.2845502489517,5022638
2019-07-10,608.6480712890625,613.272873545335,599.5257753443327,601.6472395175257,7573816
2019-07-11,612.2544555664062,613.9516266144074,602.1562671133795,610.5148656009151,6252688
2019-07-12,616.7097778320312,619.9768126972011,610.6423681754917,613.103287903189,7874441
2019-07-15,661.3452758789062,663.2970645161327,640.0033755899351,647.4709197446603,31064152
2019-07-16,666.0125122070312,668.5158505546938,658.5025489576079,659.3511347165739,9924322
2019-07-17,673.9044189453125,674.6256961420003,659.1390056330802,665.2064146868779,6754348
2019-07-18,672.674072265625,677.5958602657597,667.1582637600177,669.5767129258157,6534471
2019-07-19,666.4791870117188,674.2012956720372,662.9575358637874,669.2795092844959,6812754
2019-07-22,665.6306762695312,672.079907186726,663.6364687011094,666.9459738099845,7107151
2019-07-23,670.4251098632812,682.2628905239953,666.6064742819902,667.8369338835627,10782564
2019-07-24,667.2429809570312,673.5649553057001,664.9517890180658,668.6855871255328,5745146
2019-07-25,674.201416015625,679.0383654193844,668.3886240210227,668.8977547820219,9773568
2019-07-26,667.8369750976562,674.6256609944559,663.7637739182892,672.3344691455734,4941763
2019-07-29,671.6132202148438,676.2804419650602,667.1581449078191,669.9584675992359,6244316
2019-07-30,672.674072265625,677.0018397602871,669.1524199638459,671.9952138851882,8673253
2019-07-31,673.4800415039062,678.698812327647,663.2545426880004,671.1039601796842,7350584
2019-08-01,652.4351806640625,669.0250747190742,648.6590152365278,667.3703220274037,10066407
2019-08-02,658.1630249023438,661.8119847180122,646.8344269258222,649.210456442994,10838336
2019-08-05,659.0966186523438,666.9036185775585,652.265513140369,655.6173857041751,9976238
2019-08-06,657.187255859375,665.0366741831933,653.2413113359215,660.8785832185556,9331718
2019-08-07,658.5872802734375,664.8244156689666,655.4050841921132,660.9633614490044,5130457
2019-08-08,669.3219604492188,672.7163031963463,662.9575677983546,664.1880274029003,8009009
2019-08-09,670.2554321289062,676.1106945056844,665.970084461571,672.0799122039562,4362520
2019-08-13,648.9558715820312,666.9883165262851,645.052398335051,665.4184538015024,7517099
2019-08-14,657.4842529296875,660.4118842336059,651.7138799761121,657.73881830534,5940968
2019-08-16,657.2720336914062,661.9392549712147,647.0465865189016,661.8968360455648,5128088
2019-08-19,659.9027099609375,664.4426228736196,656.2537499074969,658.1630677893176,3881451
2019-08-20,672.7164306640625,677.1715063638245,665.1639959032285,666.3096178735949,8435344
2019-08-21,678.4019165039062,682.0508250224516,672.9285278293053,672.9285278293053,5926896
2019-08-22,675.2197875976562,679.9718477556055,672.376993854993,678.7838586129038,5222488
2019-08-23,680.7355346679688,687.3120745749704,675.3045648660504,675.8561663498708,6895015
2019-08-26,681.0325927734375,684.6390827906472,667.7522547273851,675.3895277050055,5412074
2019-08-27,665.8427124023438,674.5831337320985,662.8301920845821,671.231210250141,16061642
2019-08-28,680.989990234375,683.1114543784073,667.2428922223339,668.1763675218431,5881134
2019-08-29,684.7662963867188,687.0999072505604,675.0499789767379,675.0499789767379,7830413
2019-08-30,691.5125732421875,693.5915669695459,680.5657959563854,687.3544822003394,8174186
2019-09-03,690.9610595703125,697.877055277607,689.0941602572785,691.5974989865579,5647088
2019-09-04,696.9435424804688,697.9194369173231,687.5666792742576,687.9909721957474,6199015
2019-09-05,707.762939453125,710.6905706701207,701.4834359346858,704.4110153581173,7926895
2019-09-06,712.9392700195312,718.7520611306138,708.6114520345811,715.6122837988404,6106841
2019-09-09,703.5624389648438,713.0666099175037,702.2471413842159,710.0965597318952,4377870
2019-09-11,695.9251708984375,703.0957310305367,690.8761269898993,697.7920699555469,7981036
2019-09-12,692.7854614257812,695.7130409738332,688.0757688445153,692.7854614257812,4400017
2019-09-13,703.7322387695312,705.2172640148881,693.7189360452677,694.2280668405334,4832021
2019-09-16,702.3743896484375,711.072393016469,696.3069812157523,706.0657167018364,4846496
2019-09-17,705.3868408203125,708.5690370946899,696.3069637587107,705.5989872386043,5540901
2019-09-18,704.1989135742188,706.8295606608481,699.2347073041105,704.2413842995645,3199389
2019-09-19,696.434326171875,701.7804059674489,691.7671046086091,699.955925911656,6601607
2019-09-20,683.111572265625,708.5691463873253,680.565814853455,698.3012788756664,22462366
2019-09-23,648.6165161132812,684.7238822582095,629.5658069079171,684.7238822582095,17279260
2019-09-24,673.8194580078125,677.7229832650279,649.1680540273172,649.1680540273172,13717998
2019-09-25,672.631591796875,679.7172628961548,663.2971474874397,668.4310814989151,9313576
2019-09-26,664.0606689453125,676.3227415568422,660.2844525641069,668.4733245437923,18442824
2019-09-27,663.7637329101562,673.9891800517574,661.9816718962064,667.8793527633977,5087642
2019-09-30,683.6632080078125,685.6573640298278,665.4186123065238,666.224727425911,8178091
2019-10-01,673.3952026367188,685.2754029794016,671.6980311591926,684.8086911817946,5881438
2019-10-03,666.64892578125,677.0441009271369,665.4185179131174,672.5466069370167,5497672
2019-10-04,673.3104248046875,676.8320248583607,667.8794548750174,670.3827933862492,8201713
2019-10-07,670.0008544921875,680.5657572166701,667.0732233574182,674.4983485140839,3679845
2019-10-09,664.9942016601562,675.3893764404133,660.8785299567345,675.0075025183448,6335025
2019-10-10,664.4849243164062,674.3709669851271,659.011536997534,666.4791314943025,10402917
2019-10-11,691.427734375,699.065006960424,659.0117448203756,663.1698361676453,20636344
2019-10-14,667.0732421875,676.322847646897,661.8968897924462,667.6248436464193,15150858
2019-10-15,651.9683837890625,658.4600851198286,649.1680613341763,656.0415847955844,13762133
2019-10-16,654.6414794921875,658.4601153222486,646.2404599486277,649.3802375453906,10767032
2019-10-17,652.9867553710938,653.8777600781892,649.2529572350414,650.8652909286926,9860495
2019-10-18,651.586669921875,656.635766442345,644.9252912494254,648.1499073469579,10037200
2019-10-22,546.107421875,586.4576693093293,541.6947650278773,586.4576693093293,90152532
2019-10-23,559.0391845703125,564.2377927633723,528.5352008676192,541.3383023294866,60516887
2019-10-24,545.9354858398438,561.2734393921497,543.0569612166646,558.5237734032152,25666433
2019-10-25,547.739990234375,560.6719535395555,546.494042070739,555.94598304995,16549337
2019-10-27,557.5355834960938,560.6719302141954,554.700011809401,559.4689349795909,2945281
2019-10-29,559.0823974609375,561.7461056260407,555.9460502333435,559.3831200956826,16709764
2019-10-30,567.6319580078125,576.9120868141313,563.8512133510844,567.4601465040402,22879467
2019-10-31,589.1137084960938,597.5775238538986,572.3579941951182,574.3343511716492,27405901
2019-11-01,591.0899658203125,596.3314750987396,586.5358074114204,592.8944060779976,9713519
2019-11-04,609.2205200195312,629.4133017127033,582.7121446047856,585.8484388047144,29381982
2019-11-05,598.1358642578125,609.0056150855132,594.1832561998341,609.0056150855132,12897805
2019-11-06,612.0560913085938,619.9613610094597,594.6129754934803,597.8781807657579,21372589
2019-11-07,618.7583618164062,622.4102478417876,611.8842234156884,616.0946541643336,13733737
2019-11-08,608.4901733398438,622.3243562068998,606.2130939647467,620.3910047378414,8585630
2019-11-11,605.267822265625,607.673759879313,599.7684913381897,600.5418527780032,6951494
2019-11-13,594.0542602539062,601.4869412923616,590.9609198197452,598.4795065858998,9973690
2019-11-14,606.0411987304688,609.9079014690028,598.3507461280597,598.3507461280597,10539902
2019-11-15,604.8382568359375,612.6146151982521,603.4633977263906,609.2634518420883,7362623
2019-11-18,605.9552612304688,610.0797334463563,600.8855635940487,605.7833972953256,7490916
2019-11-19,612.5286254882812,613.5168037835034,605.7833986937954,609.9938291097293,6495885
2019-11-20,612.6575927734375,614.3761273955229,605.783454285096,612.485728822126,6142171
2019-11-21,612.8724365234375,619.9184392726071,610.509451314269,614.8057880582118,9692973
2019-11-22,595.6441650390625,611.7983814765877,588.684067715065,611.583564629159,14415826
2019-11-25,599.8544921875,605.9123687203597,595.6441138073487,595.772972437411,7334511
2019-11-26,593.4100341796875,607.7168570958895,589.4574251930437,605.783505482647,27253106
2019-11-27,597.835205078125,599.4678338747251,592.9803240083766,596.5463041688656,3861635
2019-11-28,603.0767211914062,604.3656221150429,596.374446877598,600.713736164739,4837683
2019-11-29,598.350830078125,603.4634815721621,594.226357067451,602.260538685372,4262379
2019-12-02,595.2144775390625,604.9241876760091,593.1522150119612,604.1508261169674,9383736
2019-12-03,600.0693359375,601.2293783331933,591.6485263538979,595.2145068526893,5239013
2019-12-04,609.0916137695312,610.5094258140188,595.7729704196124,598.909317089896,7427886
2019-12-05,614.2471923828125,615.1494649806565,604.7522994549195,607.0293787186483,4814422
2019-12-06,614.4620361328125,618.6724669555772,609.736065899124,615.192444818055,5226096
2019-12-09,616.3093872070312,620.6916288635526,613.7315856571935,615.2353032279321,6435865
2019-12-10,613.9893798828125,617.3834958816324,610.0797245316061,612.6575261845566,4457939
2019-12-11,619.5745849609375,620.99239677541,612.6574947033876,615.7508355497745,6043554
2019-12-12,603.29150390625,619.2739059231227,601.1003829490404,617.3835075195558,11112042
2019-12-13,611.1968383789062,612.5716975675551,601.7878506718857,601.7878506718857,10302412
2019-12-16,613.516845703125,618.8443133958123,610.2516404868048,612.0560808194911,5616324
2019-12-17,627.00732421875,628.3391779701315,614.3760851263507,618.4146516995003,10525565
2019-12-18,629.3704223632812,633.5378483064871,621.0355180313489,628.1244741347854,12215295
2019-12-19,627.9955444335938,632.3778395440605,622.6251233022757,630.2726239714801,7199210
2019-12-20,628.5968627929688,631.5613449009926,625.7612917335344,628.1242763573138,7794167
2019-12-23,632.420654296875,633.5376911591131,628.682862984057,629.1124965807261,4975608
2019-12-24,630.1866455078125,633.2370338693783,625.8043509029251,633.2370338693783,2890759
2019-12-26,626.3629150390625,631.1747909886018,624.3006525203946,628.9836698409637,3821806
2019-12-27,633.2371826171875,633.709769244129,626.2770845317335,627.0504462452924,3399094
2019-12-30,629.757080078125,634.0963698325123,624.9021984314574,632.5066937215461,5368416
2019-12-31,628.2532958984375,633.924438996651,623.3554618887915,627.0073478470914,6927885
2020-01-01,633.1510620117188,635.8577748694352,629.4562232684716,631.5614385527498,2112415
2020-01-02,631.3037719726562,636.5452821568949,628.0385663277771,634.9127055572154,5658200
2020-01-03,641.0135498046875,642.732084790759,630.6164341171649,630.6164341171649,7882938
2020-01-06,634.8696899414062,647.7157479073298,632.8504325536925,641.0993785171215,6519403
2020-01-07,625.4607543945312,638.091943075868,623.0547637452105,634.1393340585887,7899363
2020-01-08,617.1257934570312,626.4058699298521,608.6190260970619,622.9258478082336,8639443
2020-01-09,625.1598510742188,628.5539670587161,613.7745604883978,620.1331588503805,13521186
2020-01-10,634.2682495117188,638.349769643852,627.6948329522857,636.2445540339635,9341405
2020-01-13,664.6862182617188,668.0803346309402,648.7468201239355,653.0431566810477,36952038
2020-01-14,666.4907836914062,667.607820828844,659.2299636297804,661.5929489936188,11414418
2020-01-15,659.5307006835938,664.9440749647168,654.8906880621404,664.9440749647168,6047430
2020-01-16,659.0580444335938,663.7840147652558,653.2579899356449,662.237344054906,5740586
2020-01-17,659.7884521484375,664.1277944750946,654.9765756863783,662.2373957058855,3762957
2020-01-20,660.3040161132812,665.416667416314,655.5780456130107,663.0106768415801,3887680
2020-01-21,655.1913452148438,662.0654839187372,653.687627373367,660.3039963649677,4448374
2020-01-22,661.8077392578125,668.5100142587062,658.1988058125564,660.3040213594156,9733935
2020-01-23,673.96630859375,674.95448700041,667.3929449935188,667.7366204578454,12528017
2020-01-24,672.5913696289062,675.8136214795718,664.7290541350803,666.576499507664,7540490
2020-01-27,668.5960083007812,674.353110932502,665.4167605665032,669.4123228996601,3741610
2020-01-28,668.5098876953125,671.7750925959823,663.354284448305,671.0876893188163,5121009
2020-01-29,678.5634155273438,681.2271232506934,673.8803981274411,675.8996553584789,6832757
2020-01-30,670.8298950195312,678.5632996061508,668.5098631544441,678.5632996061508,3859680
2020-01-31,666.7484741210938,674.481879846576,663.0106298864689,670.7010827359123,6092028
2020-02-03,659.4017333984375,679.6374674069847,656.9098373016258,671.9470147414929,6416745
2020-02-04,676.9736938476562,678.7352336975645,661.7216998917521,661.7216998917521,5771311
2020-02-05,674.1381225585938,675.3840705824857,665.4165912823738,671.087734255625,6310409
2020-02-06,662.7958374023438,676.0715282077489,661.6358474791257,673.9663127493939,7341622
2020-02-07,667.9085693359375,669.2404233762667,662.4951949634727,666.7485792723816,2853344
2020-02-10,664.3854370117188,668.5099092532279,661.4209545599899,665.0728403110519,3827682
2020-02-11,664.6862182617188,669.4551413510103,660.948426435237,669.3692355980739,4312817
2020-02-12,671.1306762695312,673.0210747118617,666.0180256341979,666.6195231993272,2948825
2020-02-13,680.7545166015625,682.2582343725347,672.1188907487963,674.5248286932491,4387430
2020-02-14,675.7708129882812,686.7264716212071,674.1811369350173,682.687904616437,5321680
2020-02-17,678.3485717773438,681.7856409332788,673.0640569718882,679.0789279947746,2929629
2020-02-18,685.3945922851562,686.5975350544546,673.3648499190842,674.5248398118925,5083346
2020-02-19,687.8006591796875,691.5814045931755,684.1058195352806,687.4139783277732,3985192
2020-02-20,684.8359985351562,692.6553095352078,682.1292857183249,690.2064188498924,4564569
2020-02-24,683.8478393554688,697.3812989273168,680.6685923965873,687.4997252716818,6627536
2020-02-25,686.0390014648438,692.5694116636162,683.461199684458,686.5545408427163,6996695
2020-02-26,672.5913696289062,688.6596760133258,670.658018518507,682.2151723119949,8760569
2020-02-27,668.3811645507812,670.8730611322997,663.5263349288891,668.510075646403,5223386
2020-02-28,628.7259521484375,650.2935423983963,620.4340009570107,644.4505347061641,14123957
2020-03-02,636.7601318359375,658.1129593855362,630.4874899547933,633.280109160726,9821523
2020-03-03,641.8726806640625,652.1838883855736,636.9318936308385,648.7468191450699,7826587
2020-03-04,651.9690551757812,654.3320402192519,640.6267164780191,647.8016298045927,11013444
2020-03-05,648.4031982421875,664.6863269452155,645.9543069824189,656.2655164054837,7755293
2020-03-06,634.9556274414062,639.2949171290524,626.4918124610296,636.7171150438545,9216022
2020-03-09,605.3108520507812,623.6991405627762,598.9093002604727,622.5391507011657,10308654
2020-03-11,589.4573974609375,598.0071180152542,574.8928055039582,593.4530115851985,16165009
2020-03-12,542.3696899414062,575.7092605086204,539.190389506208,573.9907254026245,13965574
2020-03-13,551.9503173828125,573.1312768534269,489.7823505344128,508.6862307304778,16903113
2020-03-16,501.0818176269531,534.5932470521457,498.37510427209446,534.4643359607634,19140152
2020-03-17,476.85040283203125,508.6862460888613,472.5970191703948,505.3350826110837,16059887
2020-03-18,459.1064758300781,496.65646470613166,453.6931027073313,488.06379230637157,15390183
2020-03-19,468.77325439453125,479.47114252601534,437.5818626010274,437.5818626010274,16583991
2020-03-20,502.84332275390625,530.5546980453278,470.87856309144104,472.1674642677862,21354894
2020-03-23,452.361328125,482.0060530911666,443.29606764618916,464.0043907747818,17146150
2020-03-24,506.7958679199219,516.5485837208066,448.53755261022576,448.53755261022576,20027097
2020-03-25,520.8878173828125,545.6347036910361,486.0874937615732,512.9825481945646,18339548
2020-03-26,552.5089111328125,559.2541389141585,525.9575287953459,528.4494251114769,14843813
2020-03-27,560.8439331054688,579.9196829573496,551.864576835237,571.4558662322246,13495283
2020-03-30,538.5028686523438,570.123897225642,533.6909399364066,537.1280093997111,14624804
2020-03-31,551.219970703125,568.8349502813231,544.5176962795475,558.5237427233535,15175521
2020-04-01,517.9664306640625,547.783022951467,510.40488726771986,545.0763093892614,13083824
2020-04-03,503.2729187011719,520.7160361559045,500.22252996857037,518.5678676899148,10221655
2020-04-07,549.0718383789062,553.5829919806109,526.6449814514958,528.4494219139708,15145605
2020-04-08,542.7132568359375,563.3786793044334,538.2021030858991,541.3384500046095,11806896
2020-04-09,546.708740234375,560.9296014951816,543.1427604790052,555.7739984438555,11931114
2020-04-13,547.6970825195312,559.9845963166536,537.944365692171,540.479215107455,8330276
2020-04-15,549.11474609375,561.3593048627127,546.1502634816354,559.7267284941587,11963447
2020-04-16,536.0538330078125,545.54877772377,518.5677660985184,532.7027223246884,17783287
2020-04-17,540.264404296875,555.0867676751988,537.9014188307654,553.3682327907554,8878320
2020-04-20,561.3593139648438,567.9756826328771,549.0718021216468,549.9310694176118,13322913
2020-04-21,544.0880737304688,555.5163185179138,539.4480092565216,539.4480092565216,11660575
2020-04-22,551.520751953125,554.2274652032556,539.6628724890429,544.0881205149975,8266728
2020-04-23,583.7003173828125,587.438161931594,548.2984910416214,555.9889445374286,14451289
2020-04-24,565.3978881835938,580.0054324071821,562.6482223112272,574.4631477861883,7319940
2020-04-27,571.069091796875,585.1610981038692,568.0187030227356,568.0187030227356,7183306
2020-04-28,567.718017578125,581.7240665949247,561.1446005741384,578.2869967775249,7296571
2020-04-29,581.3372802734375,586.0202975390621,565.3978823763971,572.2720207639521,8639056
2020-04-30,614.8057861328125,618.6724891902516,599.8545133325081,601.4871422683001,16253821
2020-05-04,578.888427734375,602.5182800042948,576.0098506269107,592.722611176012,9122740
2020-05-05,578.888427734375,589.1136777947754,575.7091280307733,585.8055194551935,6393053
2020-05-06,572.18603515625,585.5476292931716,570.5963594086796,581.6379741199961,7934250
2020-05-07,571.369873046875,579.4469552092237,569.2217045283481,571.8854125131132,4779548
2020-05-08,579.318115234375,585.0752175386579,574.4202803651933,577.6425332468231,8400321
2020-05-11,586.793701171875,600.2412038897027,582.5832701293116,586.4499732496389,7370186
2020-05-12,590.8751831054688,593.7537075982532,580.4350643742691,583.0128662885886,7356039
2020-05-13,596.4603881835938,601.4011749176295,587.52398772122,597.0188804340474,8287101
2020-05-14,565.52685546875,577.212871030953,560.7578794829756,566.2572117743179,16888262
2020-05-15,560.5000610351562,571.2409025100194,555.6881850326236,571.2409025100194,9255353
2020-05-18,570.4675903320312,576.1816864987078,561.1015556379695,566.9875157564253,10435442
2020-05-19,574.506103515625,579.8335713362592,562.8200890569237,570.5534948607593,5902208
2020-05-20,575.3223876953125,578.2868702533211,566.815673225758,574.4201675547478,5794636
2020-05-21,577.5994873046875,583.8291752054804,571.7564801764948,572.7016532246166,7213225
2020-05-22,594.9136352539062,597.9210705060365,578.7164692313511,580.0053700536926,11867731
2020-05-26,584.7743530273438,601.0145260450187,583.4424991957494,595.4722414472081,7099606
2020-05-27,606.1701049804688,609.3923572369612,580.0054061686474,589.5002989953427,8774636
2020-05-28,607.845703125,610.0797771052081,592.8944312712586,607.5019752301157,9440091
2020-05-29,601.8359375,610.3713714231113,587.8569802637555,603.1423830951519,28290128
2020-06-01,609.2827758789062,615.4666513657602,602.271527227805,608.5860154019216,12276438
2020-06-02,616.7293701171875,619.8213337567048,607.5407137824409,610.1100673102036,7059304
2020-06-03,611.024658203125,620.0391656492571,606.1908196267768,618.9939984318112,11378568
2020-06-04,616.4246826171875,617.9053318367771,607.4973028971929,611.4166403352393,10782424
2020-06-05,612.7666015625,619.8649781519487,610.1972475918731,615.7714374549481,7718679
2020-06-08,627.8343505859375,632.1456328286368,613.1586290936992,616.3376688179678,10719105
2020-06-09,625.0037231445312,635.4552907767771,622.7827756545635,627.0940579347492,10078029
2020-06-10,623.4794921875,626.6149941514957,617.6876140957919,622.7391941295748,7263049
2020-06-11,613.1149291992188,621.3455470907938,609.8923527619546,620.1261766033726,8825715
2020-06-12,602.7506103515625,605.4506305790543,588.3361671473426,588.5974457088618,9795316
2020-06-15,598.8312377929688,613.5070118687655,596.828031391361,603.5780018303001,7857344
2020-06-16,610.7198486328125,620.1262473711666,608.9343834120114,611.4166090653918,10131760
2020-06-17,612.8536376953125,618.6455144890311,607.9326714548738,609.5875237727398,7291916
2020-06-18,621.7811279296875,624.1326878506742,614.9004920943274,616.8166232398189,6670195
2020-06-19,614.5086059570312,620.0392589501816,610.545730605669,617.513442224564,22438862
2020-06-22,612.8972778320312,617.2520971243443,609.6747009238366,615.858523055155,7804096
2020-06-23,627.6600952148438,631.0132846424152,602.7940357424677,605.9295373754688,12157390
2020-06-24,621.9989013671875,633.0165629999383,617.8618227695662,624.3940521342314,10220838
2020-06-25,610.1102294921875,614.5521242461359,604.0134820168909,613.8989013023541,14945284
2020-06-26,651.6551513671875,654.6163965077595,618.3843222695353,618.5585256682546,26030458
2020-06-29,637.327880859375,648.6068748286409,635.8907690545501,640.5069205927532,8954428
2020-06-30,640.9859619140625,643.5988538956462,630.7956725540013,638.2424040696302,10411290
2020-07-01,637.4585571289062,646.5165506096668,635.5859633113594,642.1181931501195,5477468
2020-07-02,658.9713134765625,666.6793764486785,640.5069199791261,642.205257180301,17263756
2020-07-03,664.2843017578125,665.4165444082971,655.4004576796382,657.5778678380423,7796572
2020-07-06,665.4163818359375,674.9969841922141,663.238972209511,666.4615490885051,8810958
2020-07-07,691.6759643554688,694.1146525092771,666.7663662916871,670.1196090176614,19362533
2020-07-08,674.7357788085938,683.6196216792831,672.5583689461415,683.6196216792831,8476642
2020-07-09,680.8324584960938,688.0614478863074,674.9969900150484,679.351809305468,6854166
2020-07-10,680.963134765625,687.974437005429,673.6906071353015,673.6906071353015,5206452
2020-07-13,694.2017211914062,701.4307104643391,684.6211189079156,686.3195090355082,10804688
2020-07-14,682.1824951171875,702.3453312701514,680.5276423938313,690.6308558322335,8961822
2020-07-15,723.7275390625,738.969408907299,692.2421695193315,695.9002289139679,30060599
2020-07-16,793.4481201171875,832.2060140197285,778.8594746594895,783.9545922570675,90432109
2020-07-17,786.611083984375,801.1997296141931,777.030480884196,793.4481294784624,31682878
2020-07-20,813.7415161132812,823.0608399595206,789.7464726278258,791.2706593684916,18421053
2020-07-21,815.8754272460938,827.1544202989401,809.2996604819718,823.0608793675566,12877784
2020-07-22,799.4578247070312,817.8351426443229,792.5771882921554,817.791605079048,14354201
2020-07-23,790.7916259765625,797.6286708292745,784.4336006020394,797.4980581494486,13051307
2020-07-24,803.76904296875,806.2948596340178,786.6981711741039,786.6981711741039,18209580
2020-07-27,826.0657348632812,829.8544066254051,800.1110208580247,802.6367843129677,16827870
2020-07-28,838.6075439453125,842.7010847807401,819.7512079884654,823.9318239474359,15818463
2020-07-29,831.0302124023438,836.1253298674569,821.841500885121,830.2463236418263,11152710
2020-07-30,837.3882446289062,847.1430508515814,835.0366314885284,837.867264137642,12492320
2020-07-31,841.3510131835938,859.1622331525406,830.2897625233145,844.1816454743253,12704346
2020-08-03,833.4253540039062,840.8285469480918,825.1947347458402,836.125320755078,8479792
2020-08-04,827.2850952148438,845.4447256561396,819.1851410278081,836.5173450761472,11133170
2020-08-05,822.7996215820312,836.9527852085158,817.2254312592177,829.1576475331221,9614176
2020-08-06,845.5753173828125,848.6672818881982,820.8835110206543,830.4641143323012,10976491
2020-08-07,828.1995849609375,844.3559545021349,826.5447323047797,844.3559545021349,8010948
2020-08-10,828.5914916992188,833.3382556244732,823.3221706935072,826.457672654504,5716319
2020-08-11,826.0657348632812,837.8672852660703,824.0189377697347,827.328643170462,6802442
2020-08-12,831.7269897460938,835.0801795086522,820.6221999835866,825.6737799887651,6908726
2020-08-13,828.4608764648438,843.5285413784923,825.8915223150804,831.5963252567942,5097703
2020-08-14,830.5510864257812,838.7381676856475,829.2011031221366,832.5107550418692,4663873
2020-08-17,833.947998046875,846.9689199798568,830.9866992965691,830.9866992965691,9008210
2020-08-18,842.7010498046875,844.138161399413,834.9930411114858,839.5220636954849,6141761
2020-08-19,835.515625,846.1849323454503,833.9043631136369,845.6188377288921,6622744
2020-08-20,831.901123046875,840.9155774188267,828.5478804075061,835.1672374076421,5656501
2020-08-21,826.37060546875,839.1302489140896,824.4109365330139,838.7818420617455,6513773
2020-08-24,825.1513671875,829.1577805777814,818.0094513027386,824.8029603016375,5798574
2020-08-25,817.0512084960938,826.2399201143072,813.1318709692636,825.2382903714615,6233918
2020-08-26,828.1124877929688,831.1173239607862,817.3125670377282,819.7947929558187,5153601
2020-08-27,824.8463745117188,836.9527943325807,823.2351125142904,836.1253679719745,6154280
2020-08-28,814.5690307617188,829.5931588351106,812.6528994480108,828.6786573233969,7593610
2020-08-31,808.777099609375,827.8512313051073,796.5836043560646,814.5690311184657,12808355
2020-09-01,796.1917724609375,814.3513508388687,794.4062537096336,806.7304157374355,6907773
2020-09-02,804.770751953125,806.8610868583316,795.6256297718395,796.9320757977374,5678118
2020-09-03,814.830322265625,826.893205009047,804.7706991580338,806.9481090583532,8827948
2020-09-04,800.5465087890625,809.5609641024442,796.4529677308403,796.9319872552302,8650342
2020-09-07,805.6852416992188,807.8626517103834,795.233673645629,800.3288449674085,6700385
2020-09-08,818.096435546875,829.1576884511645,806.1206811180898,809.9529437990697,12891964
2020-09-09,808.0368041992188,823.931896278589,806.5126172874983,814.3512928334891,5528947
2020-09-10,818.7496948242188,820.4480852504116,805.4674938687317,814.6126158380835,5171884
2020-09-11,823.670654296875,831.0303106292663,810.8674730380734,814.2642538559227,6671903
2020-09-14,852.1511840820312,863.1688465952603,825.9351362411305,833.5125335415748,21871587
2020-09-15,855.678466796875,865.738088887986,846.2720676098545,853.1091127422357,11608203
2020-09-16,872.4882202148438,875.8850012079257,855.2866805599966,858.7705366926239,10059251
2020-09-17,880.5445556640625,889.2541951859622,866.6091324290229,866.6091324290229,15628241
2020-09-18,872.83642578125,887.337941693032,870.179943565271,880.5444344331456,12897633
2020-09-21,879.5864868164062,897.9638043219828,871.399404679092,871.8348866404508,14140637
2020-09-22,877.4960327148438,890.5604897775958,863.2993333385356,878.802478421119,12625762
2020-09-23,888.16552734375,903.1896561465738,878.018775613146,888.513934202947,13486204
2020-09-24,849.5382690429688,878.8026368763717,844.8350423885832,873.5768531090196,14427432
2020-09-25,880.9364013671875,883.941237297441,849.1897582351297,849.8865186869268,13311078
2020-09-28,880.02197265625,885.0300152339487,869.6574806664623,883.8541820374461,8554526
2020-09-29,878.8025512695312,895.350864920791,874.5348070114925,886.64122615697,8708463
2020-09-30,878.1494140625,891.8235588880676,875.3187811880114,878.8026370335358,8048817
2020-10-01,886.3364868164062,894.0444965260971,881.1977782369984,888.9057879466892,5563358
2020-10-05,913.3799438476562,918.7799846729393,886.684927986661,886.684927986661,14212509
2020-10-06,919.5202026367188,923.2217994742334,898.2686607058074,918.8669796653927,9090819
2020-10-07,928.9266967773438,933.6734080500593,901.8832220483548,910.0703049125633,9284008
2020-10-08,952.5732421875,978.9634927491102,947.9571969827468,949.3507180574111,21482613
2020-10-09,963.9827880859375,969.6440528547571,948.0005171065945,953.7924477107673,10567867
2020-10-12,986.0182495117188,992.8988858617214,968.5989708123903,978.0924989672923,14633537
2020-10-13,1008.4022216796875,1015.5876751068815,989.0232715275582,989.0232715275582,17523825
2020-10-14,990.2859497070312,1014.5858636680948,985.1472414570976,1012.0600471060425,16649573
2020-10-15,965.2457885742188,1032.9632350543861,951.5281064898119,1027.7374514031835,44288251
2020-10-16,982.0117797851562,989.3713820817334,955.3603061829134,970.1231014978265,18365685
2020-10-19,980.6182250976562,992.0278303284492,971.3860295032295,988.5439749102633,12902123
2020-10-20,990.721435546875,996.9923330948903,966.7699283138736,974.5215282821393,10448776
2020-10-21,1000.1714477539062,1005.3972315429131,988.5441000871346,993.9005497346353,19811433
2020-10-22,983.3618774414062,1008.5762409373028,978.7893167635817,994.6408179191708,11271335
2020-10-23,988.159423828125,999.1634263206431,986.0906928517239,997.4027859218402,9069862
2020-10-26,979.312255859375,994.4097702053341,971.1253417038876,987.9394376173436,6309368
2020-10-27,960.29736328125,976.8913791938127,948.2370183375131,973.3700980469146,10172479
2020-10-28,947.7088012695312,972.5337891556483,941.9867196859044,964.3908269020255,7608392
2020-10-29,946.2123413085938,952.5066535334748,933.2276156712381,941.9428089471517,6935616
2020-10-30,933.6675415039062,953.9149052120999,926.4049001737933,943.7032128340719,8800386
2020-11-02,943.967529296875,950.7018938272915,925.3046738944053,937.541147927628,7183119
2020-11-03,935.3843383789062,950.2177133173723,930.9386780666352,943.7033218793692,7204782
2020-11-04,963.0264282226562,982.4375354148427,939.1258160852482,940.1821575475377,15702690
2020-11-05,971.8734130859375,988.5994953763658,967.4718124831933,977.0673232893662,9568890
2020-11-06,979.5763549804688,986.9270075517098,961.0455707942493,975.3948338066585,8807127
2020-11-09,1000.5282592773438,1008.8472446189932,986.9713027352913,994.145935958419,10160320
2020-11-10,960.4734497070312,980.544686887823,948.9852274845427,980.544686887823,15622869
2020-11-11,988.159423828125,991.5486351036283,956.9080567493736,964.8309385439867,12514800
2020-11-12,983.9778442382812,1005.3256078014916,980.4565636505353,993.0891362668831,9180976
2020-11-13,989.6558837890625,997.4027442041574,983.317621602863,985.9585820906057,6363212
2020-11-14,997.799072265625,1003.2571229917621,995.7303409051702,1000.9242525380654,1136144
2020-11-17,989.2158813476562,1007.9667467831207,979.4884064775566,1007.7466667074038,12813968
2020-11-18,977.6397705078125,997.1387795501915,969.6287696586,993.4414772051522,9839468
2020-11-19,965.4913330078125,981.2930401282673,962.8944309889007,968.3523741131469,10092343
2020-11-20,971.3014526367188,976.2752841881243,960.5175281720618,973.6343230947389,8063554
2020-11-23,1003.4329223632812,1007.7905716730223,970.0687664918972,972.7537859896456,10546363
2020-11-24,1003.6092529296875,1016.6819885689223,997.7110421379086,1007.9667956557724,8515426
2020-11-25,982.1294555664062,1006.646356710311,978.2560243938199,1000.9242742279174,8958701
2020-11-26,979.972412109375,985.9145735106353,966.8557269849931,985.9145735106353,10962256
2020-11-27,968.3524169921875,986.8391449529474,960.4295335804331,984.198183815696,25306145
2020-12-01,1001.6725463867188,1003.7853368404745,972.7981017220103,972.7981017220103,8933802
2020-12-02,1004.357421875,1010.1234551918326,986.8390269341093,998.2831904935592,6741637
2020-12-03,991.6366577148438,1009.7272810173693,988.3354569268619,1009.7272810173693,16212632
2020-12-04,998.8554077148438,1000.9241388403057,981.5570930579954,990.3602956863183,10564055
2020-12-07,1006.646240234375,1015.0092828948267,1000.0438381340183,1009.9915002829443,7792141
2020-12-08,1015.3175048828125,1027.3338997525784,1007.9668510854347,1007.9668510854347,12308330
2020-12-09,1034.552490234375,1038.3379109356183,1018.5307019521072,1028.258285348404,10039346
2020-12-10,1027.993896484375,1031.427166699572,1012.3682131937753,1018.882604057823,9488782
2020-12-11,1023.9885864257812,1031.6913894754193,1016.9900826393592,1020.9074652059261,10574009
2020-12-14,1025.1771240234375,1032.2636384849482,1010.7838000872065,1029.4466563014007,6728187
2020-12-15,1016.4177856445312,1024.4286787937226,1014.1289743820441,1017.6502555430928,6905926
2020-12-16,1026.189208984375,1029.006298086756,1015.5373561102448,1021.1714268540456,7788404
2020-12-17,1020.4672241210938,1029.0063953013716,1017.8262632848994,1026.3654344651773,6658153
2020-12-18,1047.4051513671875,1051.9827740102896,1034.9045384462956,1041.2868607153957,15995676
2020-12-21,1036.4012451171875,1064.9675989808431,1014.1731551198606,1045.8206303692841,10858352
2020-12-22,1074.430908203125,1077.3799596666704,1035.3446660438115,1040.5385772192492,10901851
2020-12-23,1103.0855712890625,1108.1913653689237,1083.2783613717768,1089.8367056711036,15878346
2020-12-24,1088.119873046875,1100.312286849666,1079.272611671543,1100.312286849666,7313885
2020-12-28,1091.861328125,1098.639751556463,1088.075907791497,1090.2326495757873,4607051
2020-12-29,1100.6646728515625,1104.3179166547845,1087.1957273342005,1087.1957273342005,6878105
2020-12-30,1097.5833740234375,1103.305455874379,1089.968582068067,1103.041316804562,5194690
2020-12-31,1105.5062255859375,1107.7950367699373,1090.7168022322983,1094.2380832725962,7430470
2021-01-01,1109.5994873046875,1114.045147035438,1105.5060845862022,1107.354735404382,4253550
2021-01-04,1134.0726318359375,1135.6131923682199,1110.2159730853582,1117.1264659808303,7208454
2021-01-05,1138.95849609375,1143.5361188661745,1122.4524897590766,1128.5706731227374,8145280
2021-01-06,1128.6585693359375,1146.1769637767932,1116.2901343186134,1144.4163232794403,7161715
2021-01-07,1111.09619140625,1142.3475593355365,1105.2420404287118,1140.8950094747993,10954918
2021-01-08,1155.0682373046875,1159.205807166795,1125.2694168181652,1125.2694168181652,13186251
2021-01-11,1211.496826171875,1217.7911381846839,1179.6292723945633,1181.477923642687,20528626
2021-01-12,1207.5792236328125,1213.0812248339826,1197.2354613746127,1213.0812248339826,8309868
2021-01-13,1221.1361083984375,1226.1099387007935,1197.235395013153,1209.4278075069415,14442997
2021-01-14,1206.4791259765625,1218.3634515516692,1160.6584054970342,1197.2357616403685,27521697
2021-01-15,1183.9866943359375,1201.152939458616,1179.6291520199532,1197.2355572739823,15018441
2021-01-18,1155.024169921875,1179.629076709147,1149.6981896881687,1177.8684362961483,8861765
2021-01-19,1159.07373046875,1171.70630512877,1154.980219631064,1162.0227819458878,5585744
2021-01-20,1179.1448974609375,1187.0238280519566,1162.506930964582,1162.506930964582,8225838
2021-01-21,1179.364990234375,1198.1599134497121,1175.227528063781,1188.4323317498906,6142421
2021-01-22,1180.37744140625,1193.7143153151292,1167.78892571395,1168.1850268607495,9646591
2021-01-25,1166.5123291015625,1186.5836735677526,1155.8604756845532,1184.0307233783124,6542611
2021-01-27,1145.2965087890625,1168.6690516261344,1131.2993969896108,1161.670441995931,8133665
2021-01-28,1123.4647216796875,1141.291207719844,1120.251638559747,1137.1978043016243,4660690
2021-01-29,1090.7608642578125,1136.6255284428273,1083.6742431601515,1132.311937664293,12183519
2021-02-01,1109.9957275390625,1125.005122010936,1092.4773346055727,1100.8844352414333,8880279
2021-02-02,1119.107177734375,1139.4866141052723,1112.3727059690884,1126.8099803343166,6892490
2021-02-03,1130.9034423828125,1147.937617904773,1120.6476898717608,1124.7412005689066,8182968
2021-02-04,1126.2376708984375,1138.6062131817557,1119.8113976609816,1131.2115017172475,5032240
2021-02-05,1119.85546875,1134.5128237163976,1110.9642549215084,1132.444092435958,5477481
2021-02-08,1147.54150390625,1153.2195265295848,1122.8484779301416,1131.6516804227338,6921922
2021-02-09,1149.3023681640625,1172.5868003058606,1142.523836448464,1150.4907792397423,7965949
2021-02-10,1141.33544921875,1148.2459431730363,1129.979294062902,1140.7192678958165,5951207
2021-02-11,1137.946044921875,1140.8950964026346,1129.494991625902,1134.7328543695958,4673317
2021-02-12,1153.043701171875,1165.3241277490283,1145.7810578827875,1148.8181202738297,5797875
2021-02-15,1152.911376953125,1169.4173807823101,1150.6665174479708,1162.0226695746428,4363513
2021-02-16,1135.965576171875,1161.802960933433,1132.0921445428262,1156.7411181409593,6896421
2021-02-17,1127.9544677734375,1139.574653000407,1122.4084067790798,1135.9653611845283,4575741
2021-02-18,1137.77001953125,1149.6984035323842,1122.4084720549693,1123.2887924252084,6437551
2021-02-19,1136.7578125,1143.9763970305332,1123.9931662845765,1140.9832860809256,5389696
2021-02-22,1113.7811279296875,1151.9430964143678,1109.2035056526506,1140.014714143002,7371303
2021-02-23,1114.7935791015625,1136.4934957685794,1107.0468250167494,1119.0191594830774,6612942
2021-02-24,1121.7921142578125,1123.8167863141757,1102.1609301061992,1109.247550955885,4537258
2021-02-25,1122.0123291015625,1144.196358621312,1119.767469256633,1134.2486958235556,8788221
2021-02-26,1103.305419921875,1121.792145299428,1095.7786387480553,1117.1264049578488,15132388
2021-03-01,1115.36572265625,1130.7713265603418,1108.3231608715223,1112.1085808151993,5756286
2021-03-02,1148.377685546875,1153.2194465821435,1126.1055418002557,1128.7905613587432,10461434
2021-03-03,1182.75439453125,1185.7914566139111,1151.458964551593,1161.3185090312531,9056399
2021-03-04,1171.1341552734375,1200.6248869768604,1167.2167727031958,1175.2276663901384,12041941
2021-03-05,1159.11767578125,1179.6291813973996,1148.8620304341473,1169.5054981242129,6486176
2021-03-08,1175.8878173828125,1184.9991108147522,1159.5578331575844,1166.2483532735523,5119392
2021-03-09,1184.5150146484375,1188.8284981205222,1160.9223877834072,1170.3858309444852,6518173
2021-03-10,1204.41015625,1209.560008154973,1192.8339236171678,1194.5065535631416,7925984
