Date,Close,High,Low,Open,Volume
,SUNPHARMA.NS,SUNPHARMA.NS,SUNPHARMA.NS,SUNPHARMA.NS,SUNPHARMA.NS
2010-01-04,134.28294372558594,137.01341474221508,133.72615970403382,137.01341474221508,831170
2010-01-05,138.31842041015625,138.86630041332774,134.79063323578396,135.58795122576097,1231990
2010-01-06,140.113525390625,140.8885640725163,136.48775643700588,138.53226487235492,1882490
2010-01-07,137.97991943359375,140.6613987226474,136.59910658288572,140.6613987226474,923100
2010-01-08,140.30508422851562,142.98210557053602,138.08686586988006,138.5991043393897,3298080
2010-01-11,140.2828369140625,142.0378210876961,139.40534482724567,141.26278214571127,1032970
2010-01-12,140.02447509765625,141.62801558780288,137.9042510655228,140.28283046200778,1534080
2010-01-13,137.88638305664062,140.18924666152105,136.15367906974902,138.5277990335246,934880
2010-01-14,138.9287109375,140.84405563959123,138.1046680769117,139.86411057402304,1520300
2010-01-15,135.86415100097656,139.64137719805962,135.4098203132699,138.52780959679916,1165560
2010-01-18,135.0935821533203,137.8908636565388,134.51897741715382,135.85525864977456,1561220
2010-01-19,132.37200927734375,136.03342022243987,131.23171710112766,136.03342022243987,852620
2010-01-20,131.2539825439453,133.07577737706615,130.58138341140025,131.85085310398816,1596560
2010-01-21,130.49676513671875,133.07579159703224,129.61927329268698,131.222813412917,1417400
2010-01-22,127.5703125,129.17385270047006,124.71958191769524,129.17385270047006,3423490
2010-01-25,128.68386840820312,129.70835875041104,124.71957049333582,128.68386840820312,2196320
2010-01-27,126.59036254882812,128.71504450751422,124.97790534313596,127.92664358800639,2767580
2010-01-28,128.83531188964844,132.7327984651422,125.61932813733542,126.94670560179688,3399690
2010-01-29,131.2272491455078,135.85524245425108,126.50127494100757,126.50127494100757,3314050
2010-02-01,134.2071533203125,135.8463350559349,127.7128334643931,128.83976326137207,2688440
2010-02-02,134.8396759033203,137.0178070896265,132.30073630388264,135.23165387872098,2939510
2010-02-03,133.7572784423828,136.74608982425943,133.3697591249835,135.0534726513982,1224590
2010-02-04,133.5523681640625,134.9643777006195,130.95553479862093,134.69711878848236,5378300
2010-02-05,131.30296325683594,133.601368080965,129.7083406660743,132.7372386612724,3625520
2010-02-08,134.67486572265625,135.6770765437542,131.05354178081896,133.44994138575876,1833970
2010-02-09,137.40084838867188,138.17144188658915,133.18265473347947,135.23162137112635,1626630
2010-02-10,134.4788818359375,136.83073610814515,133.89537348990515,136.74610388146672,1390320
2010-02-11,135.4409942626953,136.70154672056742,134.5189570891167,135.32072027018722,841350
2010-02-15,136.13140869140625,137.18706859275133,134.16262880277102,135.30736595538463,790530
2010-02-16,137.58798217773438,139.2405128973881,136.0868814461281,136.3140536149117,1686250
2010-02-17,137.347412109375,139.86407182967798,136.2204823928254,137.45876885446233,1427580
2010-02-18,137.6458282470703,138.8841145978126,136.5768063086387,138.8841145978126,491460
2010-02-19,138.0690155029297,139.30284346875047,135.1559189528697,136.48775500129287,1234270
2010-02-22,136.81736755371094,139.57900697133942,136.40756870686906,139.15140083059222,589910
2010-02-23,139.89967346191406,140.63018009588697,136.7460570204959,136.7460570204959,1664490
2010-02-24,136.07794189453125,140.03333563746583,135.58796949964474,139.5077350653842,1546110
2010-02-25,135.46774291992188,137.63697067109572,134.07355395469193,135.40983522334335,1763060
2010-02-26,137.164794921875,140.6658447052371,134.42986654818802,135.23164332439222,1603740
2010-03-02,138.21153259277344,139.67697747605558,136.403100257077,137.81509608111324,1616660
2010-03-03,139.13803100585938,140.62131054083167,136.30512178642385,137.36968525699106,2654430
2010-03-04,141.3607177734375,142.09122463807972,138.09574357709297,138.83961270909552,1249950
2010-03-05,143.6680450439453,144.15801751942658,139.88636013199198,141.20037537168875,1432040
2010-03-08,146.0688934326172,146.9731098263114,143.51660506267746,144.31836833832608,1622100
2010-03-09,147.4185333251953,148.05994936754985,145.227039841613,145.65464600539775,1321800
2010-03-10,146.42965698242188,148.05992131507878,146.10004537626278,147.43632627909446,846760
2010-03-11,150.83494567871094,151.97077908002728,145.65908616533318,145.65908616533318,2264970
2010-03-12,147.4853057861328,152.33601162858858,146.5410028597456,151.44515775941557,3116460
2010-03-15,144.59005737304688,148.14902848012954,143.73930373326078,146.99091551798375,1667150
2010-03-16,148.99981689453125,149.6456780045779,143.69477874003516,145.9219141402423,1126450
2010-03-17,150.3538818359375,153.48523317349841,148.05993545237925,150.37616134245673,2594110
2010-03-18,151.249267578125,151.91294979413422,150.13124089243092,150.30942265728936,1078760
2010-03-19,151.2759246826172,151.8727952673888,149.21805399352374,151.44518912775544,1237280
2010-03-22,151.97523498535156,152.24693892297574,149.31603532566928,149.84163590862786,961970
2010-03-23,150.5855255126953,153.0442779262181,149.7703864018571,152.33605055047548,1388000
2010-03-25,155.88607788085938,157.68114803366674,150.55431648412247,150.55431648412247,3202560
2010-03-26,157.6544647216797,159.01747052442053,155.0531721571888,156.34490799459834,1398310
2010-03-29,160.42503356933594,161.42278597074286,155.98858324924365,157.19122832022012,2078100
2010-03-30,156.18453979492188,160.88824812831933,155.23131942914097,160.88824812831933,1270730
2010-03-31,159.64105224609375,160.15774925608852,155.89946773902804,158.1266029924427,2012990
2010-04-01,160.71453857421875,161.42276597786017,158.58093912222833,159.90831667233638,1676080
2010-04-05,164.06858825683594,165.07525768013858,160.35372851086993,161.24458255815256,1464850
2010-04-06,162.3002471923828,164.701105445079,161.27577044528337,162.84812734114806,915050
2010-04-07,160.07308959960938,161.4227327881759,159.47621908517377,161.4227327881759,1813120
2010-04-08,157.9973907470703,162.22004315657566,157.50297335387842,161.24455704170055,1480810
2010-04-09,157.6366729736328,160.08652241219644,157.23579123872136,158.56316910086124,899640
2010-04-12,160.13992309570312,162.0908956884001,158.68784020176435,159.00408959119812,2378590
2010-04-13,158.4784698486328,161.6365455221363,157.68115174412685,160.53188171235578,769190
2010-04-15,160.29583740234375,162.04636252390688,158.67448993713666,160.7100813147707,1035670
2010-04-16,161.12875366210938,162.11315708897203,159.5519519179406,162.11315708897203,829140
2010-04-19,157.06646728515625,159.55195756882915,155.81035987699266,159.37377589332962,812290
2010-04-20,160.35372924804688,161.66328579104092,155.5074810336137,158.36712851961298,1567020
2010-04-21,155.5921173095703,161.51184644134193,155.00860897818401,161.51184644134193,2602980
2010-04-22,152.25143432617188,155.59213754024492,151.45411601960672,155.59213754024492,6015500
2010-04-23,150.03317260742188,153.04872214095406,149.39621525057797,152.79482548486268,2977230
2010-04-26,142.81729125976562,150.55435770412026,141.11129787823535,150.55435770412026,8794320
2010-04-27,142.1802978515625,144.94193697928577,140.47876352079217,142.27383371148574,6763620
2010-04-28,144.5945281982422,145.47647865940246,139.9620895519909,140.75494916494534,4522590
2010-04-29,141.41860961914062,145.47645653542014,140.59012194891278,144.90631053633294,4617420
2010-04-30,139.9709930419922,142.98208427567755,134.60806110123528,141.82397121707896,3013200
2010-05-03,140.16696166992188,142.0912095252707,139.15138867849106,140.2204107336783,1296650
2010-05-04,138.73715209960938,141.98431882622975,138.1714646874538,140.66584508227646,1499840
2010-05-05,136.2115936279297,139.6859329569617,135.58799844375127,138.08239277382043,2016300
2010-05-06,138.99549865722656,139.77499595626676,135.05348033390658,136.21157973208298,4462350
2010-05-07,136.48777770996094,141.1112995809673,135.60582715998822,138.08240074392694,3046990
2010-05-10,137.93540954589844,140.6391415846916,136.78174144904432,138.79508054603096,1827250
2010-05-11,137.04006958007812,139.49882167495767,136.6213671213821,138.08236710703858,998470
2010-05-12,139.41419982910156,141.64579356820985,136.69264723849713,137.19152333021583,1291230
2010-05-13,140.4876708984375,141.64578379911345,138.9732218406396,141.37852488459544,999830
2010-05-14,141.81951904296875,142.52774639164588,139.6859197565633,140.30951488181162,2244930
2010-05-17,140.80397033691406,141.55674331042337,138.10914150766192,140.924244367569,1271080
2010-05-18,138.9910888671875,142.09125796203728,138.09131734272606,140.93314467690402,1740050
2010-05-19,138.59902954101562,139.4186133685939,137.9041646960395,139.4186133685939,1540500
2010-05-20,139.32066345214844,140.73711812025985,137.1915228298863,139.3295670989845,1005990
2010-05-21,137.7215576171875,138.9732062397634,135.4097906951541,137.54783458457908,2411990
2010-05-24,137.92201232910156,139.41864041061731,135.40979771510436,138.21598216462255,3036590
2010-05-25,141.41416931152344,143.34286224669336,136.47883052326438,136.83518028043025,5335890
2010-05-26,139.80169677734375,144.37178165955586,138.24270244369964,142.89296091495189,6726850
2010-05-27,145.66799926757812,146.90182723174317,140.56340937333002,140.9331078225615,6044350
2010-05-28,145.356201171875,146.99092440313132,144.4519848170081,146.99092440313132,1666830
2010-05-31,148.25148010253906,149.12897194088228,143.3428788709735,144.31836520473314,1343930
2010-06-01,149.74371337890625,153.72583364887643,147.6190305207783,148.68359446410818,3651750
2010-06-02,149.88619995117188,151.3249341934936,147.1067395530652,150.10891347264464,2331720
2010-06-03,151.7035675048828,152.72359944914857,150.64346234306757,150.64346234306757,1739370
2010-06-04,151.872802734375,153.00419124432977,150.8260464511504,150.8260464511504,665870
2010-06-07,150.94186401367188,151.71245771273985,148.1401240304547,149.84165864364482,601010
2010-06-08,150.30487060546875,151.966318017159,149.21802776354377,150.20241751369613,986960
2010-06-09,150.2737274169922,151.43629913039257,148.4430286964554,151.43629913039257,1063870
2010-06-10,151.66343688964844,152.33157739850122,150.14008414174202,151.89060901253148,1161850
2010-06-11,149.88169860839844,153.59655745647353,148.42961610578058,153.13776827674766,2286930
2010-06-14,151.6233673095703,152.14896797382,148.59891378988286,150.10891803618483,1392880
2010-06-15,151.5788116455078,151.89061600132723,149.76147535888444,151.26702088304245,804690
2010-06-16,151.6946258544922,152.23804736624723,149.6634797172267,150.19799758212983,1175680
2010-06-17,151.3338165283203,153.2268811942375,150.10889233272684,151.9707738476243,1508370
2010-06-18,152.63449096679688,153.3917087846824,150.376172594001,151.623362878374,1151500
2010-06-21,156.30030822753906,156.96844862770809,152.9596062266939,152.9596062266939,1726010
2010-06-22,156.9373016357422,158.91945738357364,155.8237340455794,157.94842970735675,1914680
2010-06-23,160.28688049316406,161.0663776061427,157.05753531082397,158.1265572042388,1348760
2010-06-24,161.2267608642578,162.58086281549032,158.1265926013673,160.7991547298411,1986600
2010-06-25,159.5207977294922,162.0018297558627,158.7502040097335,160.97733934542939,760880
2010-06-28,159.5296630859375,161.46727308158694,158.12657087989894,158.1755613207147,855650
2010-06-29,156.5096893310547,161.24458071311966,156.1756190671463,159.46287263894155,924660
2010-06-30,159.0263671875,160.2646538948595,155.18678802990885,157.23575526477816,2114880
2010-07-01,156.13552856445312,158.7501829263752,155.2758577014513,158.57201484185282,570070
2010-07-02,156.4161376953125,158.19784558988033,155.89944077468553,156.13551652698166,1286100
2010-07-05,155.0264434814453,157.41392608621638,154.58992005295107,155.18679070414385,378780
2010-07-06,160.34039306640625,161.11989048817662,154.65673894408096,155.89948435407175,2168640
2010-07-07,157.80587768554688,160.25126757604514,157.14664082914376,159.06643011981765,667150
2010-07-08,156.14892578125,160.07313751245277,155.2135261364482,159.46290454986658,827260
2010-07-09,155.2268524169922,157.05756447366133,154.56317053029426,156.14888957852585,2182320
2010-07-12,155.20016479492188,156.6077160948132,153.93961205372392,155.54315236963538,955700
2010-07-13,155.15562438964844,156.52308892509444,153.89953022875173,155.00863941955183,1605890
2010-07-14,155.39613342285156,156.51861829339703,154.69680968895693,156.33599157091376,1397340
2010-07-15,155.71681213378906,158.57200063027236,154.11773094964673,155.39610417304993,3518620
2010-07-16,155.03089904785156,156.75025474823966,154.13114118593603,156.67452615902462,1936080
2010-07-19,153.20907592773438,154.38500980019353,151.2046543124232,154.38500980019353,3730250
2010-07-20,153.511962890625,155.2847535941288,152.3271254773513,153.13779226045196,2614680
2010-07-21,152.9329071044922,154.11774457549467,152.42512738455028,154.11774457549467,3286470
2010-07-22,155.67674255371094,156.122169571032,152.33603992380299,152.42957579130135,710800
2010-07-23,155.05322265625,157.137818846035,154.48307634126536,156.7903861477375,970690
2010-07-26,156.77696228027344,157.14666075764916,155.00861631478722,156.523065594594,645750
2010-07-27,158.12216186523438,158.57204758606886,156.8794300435601,156.8794300435601,1495850
2010-07-28,161.01295471191406,161.56527983469434,158.30475097565903,158.56755127096105,4418560
2010-07-29,158.54974365234375,163.9171334825704,157.2090040530617,161.24457152361543,3540910
2010-07-30,157.55648803710938,160.7947384416937,156.3805538661864,158.07318514917938,1995600
2010-08-02,158.2513427734375,159.8192413038227,156.97742776625387,157.68119661753772,743890
2010-08-03,159.40501403808594,160.16669066820543,156.79035880902052,157.28477642704394,875070
2010-08-04,158.42062377929688,159.90834884767955,156.89281189811632,158.75023552454007,1061300
2010-08-05,157.0887451171875,159.45396138535696,156.21125338878176,157.28472049011248,1100790
2010-08-06,158.11326599121094,159.25801695680286,156.4340106353984,156.4340106353984,794320
2010-08-09,157.4451141357422,159.28473019342732,157.0397738524085,159.01747122060382,469770
2010-08-10,156.32708740234375,158.12661664865402,155.89948120289833,157.89944448331303,596950
2010-08-11,155.71681213378906,157.22681608033025,154.44734255614028,156.34486578995956,967090
2010-08-12,154.8527069091797,156.95958169071977,153.8504960745395,154.56318205339898,457100
2010-08-13,155.97962951660156,156.34488293286674,154.56763348529796,154.98633596865486,573930
2010-08-16,152.8616485595703,157.23574536149343,151.89062087328404,156.35379492733125,1947360
2010-08-17,152.04202270507812,153.62774144721445,151.44961088464296,152.8616066037839,1321090
2010-08-18,157.5920867919922,158.46513360795137,151.55209700713223,152.6923891816963,2243880
2010-08-19,159.51187133789062,161.1554982088148,156.803680906118,158.99963295873656,1946970
2010-08-20,159.6767120361328,161.50741089615713,158.92393914808724,160.79918343687615,892410
2010-08-23,159.1020965576172,165.43161142957842,157.039767044214,160.35374553949873,792670
2010-08-24,159.24461364746094,161.06640847517474,158.14885342285427,159.5074139504298,784710
2010-08-25,159.23568725585938,160.97730838460964,158.57200540334185,159.46285936628198,774500
2010-08-26,158.74574279785156,160.62098675318026,156.050901160395,160.17555973145394,1461150
2010-08-27,157.970703125,158.8392913239243,156.35380073234847,157.74798959638915,1259150
2010-08-30,155.97071838378906,158.92834656552296,155.4762873502141,158.1265834109215,857050
2010-08-31,157.004150390625,159.01747600554629,154.70574490455215,156.79034048726132,2370990
2010-09-01,155.94845581054688,156.96848754718792,155.00861127275505,155.8994653605295,1677640
2010-09-02,154.40728759765625,157.20902761060282,153.6767942879555,156.07763907230282,848250
2010-09-03,153.67674255371094,155.8103276651867,152.78143011482769,154.1711598989536,1228880
2010-09-06,153.984130859375,155.09323982249228,152.9150951047006,154.02866268802453,1086470
2010-09-07,153.4718780517578,155.54312462002503,153.22689862211647,154.5631797147512,1078460
2010-09-08,156.24246215820312,164.62986223444955,155.00863395966132,155.00863395966132,10281660
2010-09-09,156.73178100585938,159.37608373203483,156.32325155212214,159.37608373203483,2821520
2010-09-13,157.535400390625,158.2088204667041,156.23345765035864,158.02475066848385,1988480
2010-09-14,156.8125762939453,157.93942304793697,156.45790461083732,157.73291142899748,1115330
2010-09-15,162.1505584716797,162.72970352465634,156.6868850526372,156.99665935766433,3631770
2010-09-16,165.086669921875,166.02047296646776,159.46586254978695,162.96764109296615,3435260
2010-09-17,168.2742156982422,169.79165782939162,165.67031645815044,166.55923591092144,2948770
2010-09-20,168.52114868164062,170.86914524635927,166.28988266262763,170.5099796060219,4327330
2010-09-21,173.3607940673828,174.81987108311372,167.01269380641764,167.89711949936836,3406180
2010-09-22,172.5526885986328,178.11962563900522,171.9196720278841,174.99944020106463,4357790
2010-09-23,169.55821228027344,176.33731122643138,168.89377983122287,174.19134622050842,3083340
2010-09-24,172.50328063964844,174.19132466497697,168.89375893124557,170.59525710916867,2768870
2010-09-27,174.69418334960938,176.16224821062212,173.93098198068753,174.84234347174421,1561010
2010-09-28,176.8895263671875,177.24418446123045,173.65261019696422,173.65261019696422,1674770
2010-09-29,179.6370849609375,180.92556008255374,177.3339856888554,177.3339856888554,3386350
2010-09-30,181.41940307617188,182.69890418543642,179.21956651504755,179.21956651504755,3902690
2010-10-01,182.30381774902344,183.97838042865394,180.47660111127962,181.64386545066043,1504270
2010-10-04,185.38357543945312,185.8639517430117,183.1702712829681,185.32521017069607,1370400
2010-10-05,185.05587768554688,187.15694543550038,184.16695808328848,187.15694543550038,1479130
2010-10-06,183.3992462158203,186.72144951604187,182.90989588910043,186.6137066773565,1798630
2010-10-07,183.04908752441406,185.41503227761663,182.5732050025234,183.1702982306721,871910
2010-10-08,185.36109924316406,186.49243989451747,181.51811692816898,183.08044253707155,1636600
2010-10-11,185.86398315429688,188.46786922542603,184.66080896699,186.40272481766064,874860
2010-10-12,187.66873168945312,189.6081851049183,184.24775935151158,188.53968955563604,1713680
2010-10-13,189.00205993652344,190.34441983695118,187.8392896701405,188.5576071040232,2669790
2010-10-14,188.8359832763672,190.7799304121573,188.12215957479125,190.3534255114825,895390
2010-10-15,183.1298828125,188.55315389066666,182.54176362631634,187.89769542758572,2118050
2010-10-18,183.98736572265625,188.46784564943596,181.19491630843447,188.46784564943596,1463960
2010-10-19,183.87513732910156,185.5945974808467,181.473269298231,185.5945974808467,1176220
2010-10-20,182.96377563476562,185.59459720468791,180.9300472574211,182.45196972618308,871870
2010-10-21,190.4342041015625,191.25129036737215,181.05122099974832,182.4070350743024,1716380
2010-10-22,192.1312255859375,192.598133989399,188.22539752269597,190.80234719229506,1572580
2010-10-25,191.94715881347656,193.67560637302182,191.1615020773893,193.40623560906724,852930
2010-10-26,191.11212158203125,192.777710000751,189.72487792484372,192.77322985027743,910810
2010-10-27,188.47683715820312,191.4309008903928,187.2961049554134,191.4309008903928,858140
2010-10-28,190.17385864257812,192.59816851307858,186.34882331060982,189.72491186282735,3223250
2010-10-29,189.46002197265625,191.25131511732644,187.6597411245128,191.25131511732644,1900520
2010-11-01,196.7015380859375,198.3446711548497,192.95731008734884,194.79799452556517,2186570
2010-11-02,196.67906188964844,197.89570363351203,194.49718746262886,195.0224474391634,844550
2010-11-03,201.96315002441406,204.42338280129084,196.81822482794058,196.81822482794058,2258390
2010-11-04,201.28526306152344,204.1809611621806,200.40981148413493,204.1809611621806,959910
2010-11-08,206.06207275390625,210.46623945393026,205.1686730694252,206.96446014224293,1578830
2010-11-09,208.4594268798828,210.5111167021925,204.34259308230514,206.69506953806382,1343280
2010-11-10,208.49986267089844,210.56052667856406,207.41340547104554,208.58066980043012,621270
2010-11-11,209.02960205078125,210.82538898643955,207.28319267948535,208.6928920003453,528430
2010-11-12,208.45497131347656,214.05333818489504,206.96446472187216,211.00498572511913,1352140
2010-11-15,207.08566284179688,211.37311253307143,204.36056647659578,205.61761189872638,1263600
2010-11-16,206.86569213867188,211.0049819062247,205.19560960619188,208.5806720883068,1300790
2010-11-18,205.52781677246094,210.82539664557035,204.2707713521394,210.82539664557035,1809430
2010-11-19,198.8699493408203,207.13955479296388,197.71615286484118,206.61428104878163,2331080
2010-11-22,200.3065948486328,201.49630109916373,192.934882545939,200.6792146551128,1514060
2010-11-23,204.3695526123047,206.4257228250245,197.34353828421467,200.02375109406105,1180560
2010-11-24,204.12265014648438,206.87468255638186,202.44807362918823,204.98911419317565,1028950
2010-11-25,203.82183837890625,213.13748407573954,199.8711121901952,204.27078515947653,1944798
2010-11-26,200.34251403808594,207.16651103296826,197.82840916098354,206.02168844657473,1297068
2010-11-29,201.93624877929688,203.82183066665237,198.47936692016904,203.79938880878038,830126
2010-11-30,200.92608642578125,204.2707447598477,198.45687962099188,201.80153795505834,1541054
2010-12-01,201.41998291015625,203.37290426744786,199.8037716592677,202.02606384183562,1024502
2010-12-02,203.3280029296875,205.88700516936385,201.98116253001976,204.18099910932327,1755540
2010-12-03,199.7364044189453,204.89929199442213,198.8834083422809,203.37287579921724,1511732
2010-12-06,204.697265625,207.86233456956464,202.47497384637936,203.8218140271757,1812332
2010-12-07,208.01947021484375,209.99483308791716,205.48292392892182,206.47059851507507,2249692
2010-12-08,205.7971954345703,207.41340653735264,203.8218323981777,206.5379548606215,1171240
2010-12-09,201.6220245361328,208.7602764086621,195.8979524410566,206.96448908471663,1857606
2010-12-10,201.5771026611328,206.06657042641416,196.27953617840814,203.14841637898127,855188
2010-12-13,202.69943237304688,204.27074580229532,198.7487069455286,203.61976761558606,1177454
2010-12-14,203.12594604492188,206.0216441271292,200.67918097553994,204.62990657484133,1636232
2010-12-15,200.4323272705078,205.21360849735026,199.33240200436467,204.27081736933766,694932
2010-12-16,202.02606201171875,202.87905820005884,198.097777472602,202.02606201171875,1061144
2010-12-20,198.9956512451172,203.55245811610394,197.9855210357511,203.55245811610394,1002280
2010-12-21,192.21652221679688,198.88338329073653,189.90444950785906,197.5365432233049,4454016
2010-12-22,193.5858612060547,195.51632692152808,193.04711957808743,195.51632692152808,2116514
2010-12-23,203.35044860839844,205.61762435735892,193.5409587673533,195.06737507264728,1990918
2010-12-24,212.48651123046875,213.69867304950245,198.88342890951594,198.88342890951594,3160432
2010-12-27,214.75367736816406,217.62693378473531,212.80075629492427,212.80075629492427,1332940
2010-12-28,216.95352172851562,217.73917855836538,211.2967898134437,213.4741843391809,2234692
2010-12-29,215.6290740966797,217.91870478986746,213.96797968454462,217.73912886703727,2009792
2010-12-30,216.59437561035156,219.19826140738755,212.441617969761,217.7391843985314,2085146
2010-12-31,217.71673583984375,219.80433552503683,215.06793900620912,217.6493828655087,1544020
2011-01-03,218.771728515625,222.22862369789888,217.7167146970663,222.22862369789888,902034
2011-01-04,219.93902587890625,220.8818168617626,216.45968831655125,218.63708295056583,1572686
2011-01-05,219.10845947265625,224.4733787039887,217.80651661632666,220.65733126602086,1925424
2011-01-06,224.47340393066406,225.82024435424805,219.53498904418944,219.9839358520508,1458314
2011-01-07,221.48788452148438,229.74850208086767,218.59217246878532,225.59574459332876,2635206
2011-01-10,214.14761352539062,222.67760232409591,212.64363907599153,221.95928473773546,1666680
2011-01-11,213.60887145996094,224.02444218830155,210.10709207239503,212.37426782064665,1573020
2011-01-12,217.8514404296875,219.26562014672788,207.14405622791995,214.28230779550853,1608252
2011-01-13,216.8861541748047,219.06354841663054,212.8680757171848,215.9433633617623,1721388
2011-01-14,213.159912109375,223.64282149594612,211.00497318270968,217.9187504149258,1246698
2011-01-17,208.93980407714844,217.29021594235942,207.92967394105276,213.2496953979767,1128790
2011-01-18,217.4473419189453,219.0186554053204,209.2091670430827,209.2091670430827,1368432
2011-01-19,217.4922637939453,219.53496607569215,211.2070091414715,217.87385758008838,3230998
2011-01-20,219.2655792236328,222.8347111916793,214.05779443847553,217.29021636050882,2944744
2011-01-21,217.89633178710938,220.8818252623924,216.45969654899758,217.06577746822504,704542
2011-01-24,217.62693786621094,220.79200698509274,216.39233429915146,219.5349615607574,830160
2011-01-25,212.6660919189453,220.70223641808155,211.52126942696543,218.8615519080347,958186
2011-01-27,207.16648864746094,215.7862582508367,205.66251425575254,215.47200373813672,2157790
2011-01-28,201.4873046875,207.41340752568394,195.53875999114652,207.41340752568394,4388842
2011-01-31,197.91818237304688,202.6994626386556,192.1716556104493,192.1716556104493,2736258
2011-02-01,194.43881225585938,200.0955432340589,189.59017983136027,200.0955432340589,2416064
2011-02-02,196.01014709472656,198.32222003809596,193.04709590578668,193.83275269144974,1399010
2011-02-03,196.32440185546875,197.76103688865572,192.21654196785553,194.41637823054984,2141106
2011-02-04,187.00875854492188,200.61185294942834,184.5171096251807,193.94499113887605,2490052
2011-02-07,184.11306762695312,187.97401247397445,182.42951728965613,186.76185075081352,1371256
2011-02-08,178.2093963623047,187.65971882774988,177.08702962290428,187.65971882774988,4643116
2011-02-09,184.06817626953125,189.2310641405059,176.50342043147128,177.33397469869473,3388248
2011-02-10,187.27813720703125,190.69013530520616,181.41938750020958,181.41938750020958,3224370
2011-02-11,187.77197265625,190.01670634012626,185.52723897237374,185.52723897237374,1546260
2011-02-14,191.16152954101562,193.00221404159063,186.35780731354754,187.43527682339666,2292580
2011-02-15,190.28610229492188,191.70028196268956,185.97621031157882,190.39833899396325,1478946
2011-02-16,187.34547424316406,195.9652573671103,184.35998108070294,188.66987264267607,1920568
2011-02-17,190.5554656982422,192.8001995917271,184.71915757518138,188.10870027403627,3443260
2011-02-18,191.29620361328125,193.02465125688812,189.9269078719034,190.03914455394585,2322296
2011-02-21,193.22665405273438,194.1245474393184,189.50040197871687,189.50040197871687,1551622
2011-02-22,186.96389770507812,192.86754530171325,184.96607899292948,192.86754530171325,2528846
2011-02-23,186.8516082763672,190.757436058613,185.97615679545495,189.23102013104227,1148008
2011-02-24,182.6539764404297,188.49028382178298,181.17244403854923,186.7618362033058,4385778
2011-02-25,187.45770263671875,189.00657434383368,184.06816028734397,185.3476612148606,2198344
2011-02-28,190.1289520263672,194.05723615914337,186.78429319872492,188.46784354134329,2425878
2011-03-01,200.3200225830078,202.02601455897724,191.25129378249846,191.38597231189806,2384860
2011-03-03,193.22665405273438,199.96085445211475,191.79003285465936,197.53654504849095,2121724
2011-03-04,194.1021270751953,199.89353731971178,193.09199690345056,194.842886460988,2587888
2011-03-07,187.03121948242188,193.0022057992156,185.19053506045535,193.0022057992156,1709808
2011-03-08,190.35337829589844,191.52064231805446,188.33311838473912,188.55759170820127,1539154
2011-03-09,186.55982971191406,192.59816940792444,184.69670330744563,190.1514039666073,2240984
2011-03-10,187.34547424316406,188.98414084957412,184.13550770456652,187.21079569778922,2033652
2011-03-11,188.80455017089844,190.35342193820262,186.31290118951435,187.120999858945,1261280
2011-03-14,191.04925537109375,192.1491802241785,186.806717439407,187.21076671374402,1236950
2011-03-15,191.9920654296875,195.22448735059487,185.21296709883006,187.00875401027486,2122438
2011-03-16,197.5814208984375,198.38951937787937,191.27371232550473,191.27371232550473,1174126
2011-03-17,195.42654418945312,199.28748956034434,193.9450251719199,194.88781622888175,1486540
2011-03-18,195.1571807861328,197.3121199606859,193.271598732822,197.04274913867448,1236842
2011-03-21,199.5568084716797,200.92609042858055,195.2244755498493,195.4040514899856,1564078
2011-03-22,202.29541015625,205.1237692270335,197.17741989919205,199.10788546169283,1726956
2011-03-23,204.83192443847656,205.39310779310253,202.02600766534675,203.37284771644906,1229508
2011-03-24,204.315673828125,206.96445697990515,203.39532474690768,204.49524979250933,914994
2011-03-25,205.61761474609375,210.8702972843251,203.93406440701548,210.8702972843251,1962978
2011-03-28,198.77114868164062,206.56037655929003,196.7733304139073,204.3380849446548,3893230
2011-03-29,198.74876403808594,200.47719834615648,196.70604777281295,196.70604777281295,2106386
2011-03-30,199.71395874023438,201.80155832760792,198.052850332648,201.12813822195406,1712244
2011-03-31,198.65892028808594,200.67918049440544,195.85300333486438,200.23023378189,5392782
2011-04-01,199.916015625,200.65678884661688,198.0753446037345,198.56917515045268,1948106
2011-04-04,202.02606201171875,203.77695180899983,199.8037698492822,200.2302747938368,2290908
2011-04-05,201.7342529296875,204.67484907114772,199.53441628867142,202.92395924261533,1084382
2011-04-06,199.2874755859375,201.64444621268223,197.76105925353275,201.35263354190565,1040220
2011-04-07,198.0977783203125,199.60175286187837,196.72849604112568,199.60175286187837,1006682
2011-04-08,198.27731323242188,200.5445023555456,197.53655389546716,197.53655389546716,1018404
2011-04-11,202.20558166503906,204.22584172237333,199.82616974448482,203.14837243194813,3026028
2011-04-13,200.70162963867188,203.32797074242222,198.99563754946266,203.32797074242222,2145686
2011-04-15,197.42430114746094,201.91376791602175,196.86311780139084,199.55679786252733,817848
2011-04-18,195.1346893310547,200.4547107092934,193.11442908874378,197.53655702595543,1438698
2011-04-19,198.27731323242188,198.8833940356635,191.87982256648914,194.19189540033963,535086
2011-04-20,200.1853790283203,200.67922325747466,197.0876487920165,199.8486689221836,1029022
2011-04-21,200.3649139404297,201.57707555435937,199.10786861549752,199.89352536877175,1045656
2011-04-25,200.23028564453125,202.02607295972882,198.88344515813304,201.10573744099804,788672
2011-04-26,200.72410583496094,201.44242341508706,196.616245584022,200.67920841730898,930144
2011-04-27,198.68138122558594,201.24038321300765,197.53657247902592,201.1057046666245,658350
2011-04-28,202.18319702148438,202.99129579277297,197.87330493948357,198.70385927155584,1716878
2011-04-29,209.096923828125,210.78047393946255,201.8239818668404,201.8239818668404,2818460
2011-05-02,208.8949432373047,214.5516757299664,207.9970496257955,209.83773426954318,2318170
2011-05-03,201.24034118652344,210.53354256769057,199.37721527988538,207.6378311182757,1560586
2011-05-04,199.06298828125,202.20561556395145,195.2918382821618,201.5770928475647,1977064
2011-05-05,196.63865661621094,199.44457351998108,194.1694497408932,197.3345185280395,1309708
2011-05-06,198.00794982910156,198.43445470300074,194.93267568854867,197.53656124280616,3705660
2011-05-09,197.62637329101562,199.2201288414399,195.29184461076363,198.16510119361894,1097432
2011-05-10,193.36135864257812,197.94060698644404,191.09416947605482,197.94060698644404,1114758
2011-05-11,193.13685607910156,194.84284788441968,190.24114467977614,190.8023279974156,4028606
2011-05-12,193.42869567871094,195.00000918755381,189.45551449476923,189.45551449476923,1278038
2011-05-13,191.83493041992188,196.6162240094551,190.44320653080277,191.81248856394257,2798170
2011-05-16,197.73861694335938,198.99566246111425,192.35125552309233,192.373697382036,2489462
2011-05-17,198.2548828125,201.93623785425265,196.45909585532294,196.45909585532294,2759290
2011-05-18,194.16944885253906,199.646604103946,192.14918869106756,197.67122765211658,2487872
2011-05-19,191.81246948242188,196.12236036074057,190.55542425576309,196.12236036074057,867418
2011-05-20,197.19985961914062,197.94061901529125,191.81249862783798,193.09199960342585,887666
2011-05-23,190.7350311279297,196.5039996554974,189.747342789077,195.40407462817365,1059866
2011-05-24,193.4062042236328,194.59592376297064,190.3533725962625,190.48805110600145,689100
2011-05-25,196.7060089111328,198.63648808925714,193.4960425007517,193.922547378682,1405232
2011-05-26,197.8508758544922,200.34252531082296,195.4041101210884,196.4142405008068,3452042
2011-05-27,199.75885009765625,201.84644962173638,196.63866488908667,197.5365583360688,3573514
2011-05-30,208.4908905029297,209.6805967789132,201.12816574698837,201.53221512552273,5225874
2011-05-31,214.34962463378906,215.9433800666561,208.76023228897105,208.76023228897105,2398534
2011-06-01,210.98252868652344,215.9433847477181,209.54589361953728,212.66607898341314,1063870
2011-06-02,214.82101440429688,215.89848383670417,208.82757270427433,210.01727882132337,1540168
2011-06-03,209.94992065429688,217.7840460174925,208.6255361151849,213.29457903589406,982188
2011-06-06,214.5965576171875,215.4495537462235,210.33156327123922,210.87030487945574,1219572
2011-06-07,220.02880859375,220.8818046928575,212.62118709490417,212.62118709490417,2259682
2011-06-08,214.86593627929688,221.1062939156456,214.23741351390362,220.43287373113097,1696686
2011-06-09,213.2496795654297,215.40461821546876,211.11718276977538,215.04546634071752,780026
2011-06-10,211.90283203125,216.61677215058924,210.15194272707706,213.81085541288732,1139574
2011-06-13,215.6290740966797,216.39228889466386,209.34382089227037,209.88256236152563,583072
2011-06-14,218.99620056152344,219.93899139656773,214.61897012095795,214.61897012095795,1307524
2011-06-15,220.25326538085938,222.1837308124056,218.5023758986345,219.3104745209639,1635404
2011-06-16,221.86949157714844,224.11422534988054,216.41477754879529,216.41477754879529,1878452
2011-06-17,214.4843292236328,222.8796396887272,212.28449268969803,218.1881402463329,1408592
2011-06-20,214.03536987304688,221.1960762437056,211.8355334682022,217.3351313306979,2414532
2011-06-21,219.1758270263672,219.98392576314885,214.25985422543425,214.34964906319607,1579690
2011-06-22,222.1837615966797,226.0447066954852,219.53497830008394,220.702242683551,3744308
2011-06-23,219.49009704589844,221.77972856271194,217.40249707792157,220.0288387089497,1132130
2011-06-24,219.98390197753906,220.43284871626872,215.49443459024235,219.5349552388094,2790330
2011-06-27,220.70220947265625,224.4509173108901,216.95350163442237,216.95350163442237,1291688
2011-06-28,220.8817901611328,222.90205043699683,218.39014130120725,222.67757707301195,1111256
2011-06-29,223.32855224609375,225.3712543500354,220.74710859567003,221.10626049281362,1797496
2011-06-30,223.53057861328125,227.27928662417415,219.8043261597992,223.57547602733575,3384588
2011-07-01,223.5755157470703,226.2691966596856,221.1961030879013,224.47340938460874,1755688
2011-07-04,224.40603637695312,226.2467207974325,223.26121394068016,226.2467207974325,1284008
2011-07-05,223.71017456054688,224.78765779107542,221.35320397011043,224.47338956537652,1586442
2011-07-06,223.19386291503906,225.64062806108208,222.00415682689865,223.79994373753078,1489614
2011-07-07,226.65077209472656,228.04250977595007,223.23877401517566,223.4856892502197,1837006
2011-07-08,225.73040771484375,230.08519642504893,224.87741167800667,227.61598943902402,643216
2011-07-11,226.67318725585938,228.7383448266358,224.15908298277355,224.18153853834866,668456
2011-07-12,224.5182647705078,229.29954475505602,222.25107553974306,225.41615823993536,689136
2011-07-13,226.71815490722656,228.28946885212815,224.74279154521867,225.146840962325,607084
2011-07-14,229.41180419921875,232.95849471594664,224.47338962741563,226.71812352368977,1443292
2011-07-15,227.52618408203125,231.1851106798443,226.06710729419066,230.08518577485805,1104574
2011-07-18,224.78762817382812,228.94038533363454,224.49580184522844,225.95487868516042,884492
2011-07-19,228.8281707763672,228.96284932507479,224.98966772898606,226.2691687447798,1071658
2011-07-20,225.4610595703125,230.53415228040197,225.1243495134278,229.47912469534307,497366
2011-07-21,226.56092834472656,227.61595573176243,223.12648914928192,223.12648914928192,583054
2011-07-22,229.97296142578125,231.6565116558382,227.34662032673901,228.51388455973188,932300
2011-07-25,235.98886108398438,237.42546870788186,228.0649402885425,228.17717697175536,1831486
2011-07-26,231.49940490722656,242.43124741815322,229.09752332984775,237.89689615853894,1602330
2011-07-27,232.01568603515625,236.99901163981963,230.30969378373217,231.20758732674867,1583740
2011-07-28,233.20538330078125,235.5847954784753,228.06493778573693,229.86072469743564,4204540
2011-07-29,232.64418029785156,235.42765525687025,230.37700499307755,234.35017223998193,1444394
2011-08-01,234.88890075683594,236.68468741797147,232.66660928337473,232.7788459496957,1259370
2011-08-02,235.11341857910156,238.61519775063834,233.00336337268354,233.45231012291993,3078086
2011-08-03,231.5891571044922,235.5847939171545,230.80350033583088,233.67677033611992,1056900
2011-08-04,224.94479370117188,232.55444761202764,223.57551141079105,231.0055756370066,1112582
2011-08-05,224.02438354492188,226.26911684697518,217.78402770536658,217.78402770536658,4750262
2011-08-08,223.23875427246094,226.17934977854875,217.11063434631137,219.98389058523048,3032208
2011-08-09,216.2576446533203,219.98389702050375,213.74354023293262,214.8210096414511,3857724
2011-08-10,216.39236450195312,220.88183264514717,213.72112547644485,220.88183264514717,2548542
2011-08-11,216.3025665283203,220.20840923667922,213.69868052326058,213.69868052326058,1869728
2011-08-12,213.72109985351562,217.69428142405323,212.80076447480724,216.41478041648784,1575372
2011-08-16,212.73341369628906,217.3800151562821,212.19467213252256,214.37206654332547,443322
2011-08-17,217.2677764892578,220.4328454703894,211.453910828011,211.453910828011,1809090
2011-08-18,214.97813415527344,219.26556974213702,213.29458399800768,217.5146803187339,643614
2011-08-19,209.6132049560547,218.18808939892267,207.99699414627995,212.80072916685052,1494552
2011-08-22,209.905029296875,212.75584365254554,202.63210079743246,208.76022066386358,2256598
2011-08-23,211.67840576171875,212.93545125942373,209.02962251248928,211.20701712527148,1040600
2011-08-24,208.9622802734375,212.913006382301,207.6827792345183,211.1172192963143,1022666
2011-08-25,211.2743377685547,215.71890773724354,208.76023329410665,212.2171286590686,2959880
2011-08-26,208.91737365722656,214.55164991111803,205.1237681248098,210.39889245762512,1432896
2011-08-29,209.2765350341797,212.77832807634994,206.96446189846114,208.7602489865172,1181284
2011-08-30,220.70220947265625,222.67757229316814,209.7927959967044,210.264198271414,2636990
2011-09-02,228.7733612060547,230.96635495996767,225.42732223507585,227.30382191169562,4598464
2011-09-05,227.4621124267578,230.19772514623156,225.29172103523538,226.98734362205352,5449062
2011-09-06,222.3978271484375,228.23076519297305,219.93351718048945,227.52991348414884,1561318
2011-09-07,223.12130737304688,224.9073547068153,219.93352894860706,224.13868082358948,1408916
2011-09-08,222.23963928222656,228.52474534444394,220.90574376082517,222.96310780571523,2014584
2011-09-09,218.28311157226562,224.0256246360803,215.72837672381627,222.91781254298695,1382136
2011-09-12,221.5839385986328,223.23435550669492,213.06062069869503,217.03967590399728,1621046
2011-09-13,218.2152862548828,224.22908776073402,217.03965204649575,222.0134774058946,1459500
2011-09-14,221.47088623046875,223.34738604216125,216.13533331264767,220.06918276492968,3733268
2011-09-15,220.2500457763672,223.77693480722337,217.83095508772377,223.77693480722337,1605102
2011-09-16,219.7301025390625,224.5908876876563,216.58754290013383,218.41880992488254,3369606
2011-09-19,214.10061645507812,224.72651822212003,212.766721139185,224.72651822212003,1605906
2011-09-20,219.0291748046875,220.2048089882459,214.93707863775396,215.68314966610532,2011678
2011-09-21,218.9387969970703,221.56135444848837,217.55968232772855,221.5161350857373,4244378
2011-09-22,212.0884552001953,216.94923966397923,210.07632479459375,216.94923966397923,1686552
2011-09-23,212.2014923095703,214.32667796937736,206.30073169520762,209.14937189544943,1761748
2011-09-26,211.09373474121094,214.77888549034788,205.84860551469657,213.76151182223572,2628950
2011-09-27,211.27456665039062,214.86929192359736,210.30241249569673,213.60321882531173,2322574
2011-09-28,212.97015380859375,213.8744856718999,208.22241152623656,213.80666354195375,2527078
2011-09-29,210.73194885253906,213.35451980839306,209.89545283115646,210.93542906255735,3476192
2011-09-30,209.1267547607422,210.93541858569995,206.34593688967158,210.93541858569995,4327234
2011-10-03,208.8780975341797,211.6136964234681,204.83120615348514,205.8485796939826,1917186
2011-10-04,204.51466369628906,209.42066725421725,202.79643852161863,209.3528451181927,2401640
2011-10-05,208.47117614746094,210.70940387561672,203.4747462318187,203.4747462318187,2103384
2011-10-07,212.33718872070312,216.02233942253022,208.10943321657675,213.69368692743802,1987414
2011-10-10,209.37547302246094,213.60322812945765,208.900704214306,210.50588808855568,1468888
2011-10-11,215.97708129882812,218.57703572850912,209.57893533167623,211.61368227664394,2679866
2011-10-12,218.8709259033203,219.77525781706032,216.58749334073076,217.53704460995976,1247944
2011-10-13,215.38925170898438,220.0013360910285,214.41709768230422,218.23789165674663,1589286
2011-10-14,216.99444580078125,220.18222416218808,213.12843228476757,213.12843228476757,1703284
2011-10-17,213.4449462890625,217.19793221916677,210.50586740598584,216.8135883746546,1117938
2011-10-18,210.89019775390625,215.18577430810913,210.14412669113614,210.75455348758797,1115716
2011-10-19,218.3961944580078,219.50400676109538,211.61370394688956,211.61370394688956,1555646
2011-10-20,221.0187530517578,221.53875503277837,216.180584742144,216.99447808798186,1757926
2011-10-21,220.40830993652344,224.72648947627218,218.8483318038546,223.0986892071852,1407938
2011-10-24,218.0570831298828,226.53519678190003,216.22581610065234,223.8222004132545,2053022
2011-10-25,226.12820434570312,227.84642951201465,217.4466122025251,220.20482737919178,1749532
2011-10-28,230.37855529785156,232.8654680635791,227.4846959302615,231.50897019136409,2587778
2011-10-31,228.09510803222656,230.15245748622277,225.291673757388,230.15245748622277,1434860
2011-11-01,228.7733612060547,233.27241779608076,226.08296836293206,226.08296836293206,2238258
2011-11-02,230.1525421142578,232.00641206260735,228.1403974740069,228.3438777361497,1224596
2011-11-03,227.7786102294922,230.62725035643052,225.63082184519425,230.15248160161096,1217320
2011-11-04,232.02899169921875,232.6168019739396,228.16296415713435,230.60465777376018,1928772
2011-11-08,225.81166076660156,232.84284919786032,223.82213345128085,231.0567882699081,875436
2011-11-09,221.87782287597656,225.85687745976836,220.79261362675263,224.7264626576674,1185296
2011-11-11,228.0272979736328,228.70554694297618,221.56132998549705,221.6743714803876,2616412
2011-11-14,230.96633911132812,237.3644977161724,229.97158239819584,231.1472165128143,1951568
2011-11-15,228.2760009765625,233.22721024786122,227.2586275072395,228.9090305976724,944612
2011-11-16,221.3126678466797,227.84645866958368,220.20485555886293,226.6256186738186,1355978
2011-11-17,222.6691131591797,226.5351262614025,219.86567893135123,222.91779889595097,2330426
2011-11-18,225.44998168945312,227.3038651424195,222.23960016831796,222.46568317967942,1782862
2011-11-21,225.44998168945312,226.87430190122797,223.3700152251253,223.89000339145426,1588990
2011-11-22,227.28121948242188,229.20292483312204,223.3699866460929,223.3699866460929,2262380
2011-11-23,224.9525909423828,229.58729256481382,223.46044862257065,227.46210678907008,1856570
2011-11-24,226.85166931152344,228.77337465558495,219.79787752410743,227.43947954422057,2058724
2011-11-25,222.42044067382812,227.89165173927555,220.67959890768435,225.63082186090972,1296106
2011-11-28,232.187255859375,234.22200298959348,221.56135417934516,224.0482673385011,1501122
2011-11-29,230.3107452392578,233.95068966661674,228.8864251585568,233.95068966661674,1094566
2011-11-30,237.61325073242188,239.4219148673975,229.74556450508038,229.74556450508038,2639414
2011-12-01,236.34715270996094,241.88618571757883,234.28980311244973,240.10012465674293,1619632
2011-12-02,241.0723114013672,243.26530543907188,234.5837128108612,237.0706257846807,1443394
2011-12-05,237.2062530517578,244.14701713972798,236.0758381447288,241.70530990133727,1211938
2011-12-07,231.23765563964844,239.6253419857528,229.72289700257213,236.16626155515752,2540814
2011-12-08,234.83236694335938,236.4827836427889,228.34379682525505,230.60462649679224,2395944
2011-12-09,231.9159393310547,234.62893517771306,229.33858775712505,231.59941762934037,1156182
2011-12-12,228.2760009765625,235.42023184054818,227.0325445140566,233.34025174445264,1176710
2011-12-13,231.64463806152344,232.86549179051514,226.53516774184095,228.34383175574786,945436
2011-12-14,235.7593994140625,239.19585049922637,230.37861215379175,230.37861215379175,3177478
2011-12-15,236.34715270996094,237.3871288979097,232.95590801141938,232.95590801141938,2127162
2011-12-16,232.45852661132812,237.86191576237374,227.89166110848208,234.26719058837958,1500160
2011-12-19,229.8133544921875,233.04635222026764,225.63081926532524,231.66722393191276,1273816
2011-12-20,226.08302307128906,232.27770342304743,225.0882522501703,232.27770342304743,2431274
2011-12-21,225.78909301757812,229.29337948898646,222.60131446418063,229.04467991160888,2478390
2011-12-22,224.3421173095703,226.0829588525366,223.57344352887694,226.0829588525366,2117982
2011-12-23,225.5177764892578,226.9420965283353,223.82215410963934,226.9420965283353,1159262
2011-12-26,226.6029815673828,227.80121867282466,221.10916758653786,221.10916758653786,781598
2011-12-27,225.7438201904297,230.46895925232624,224.63600824225057,228.09508833394915,1400228
2011-12-28,225.7438201904297,227.41683950012714,223.82211516126728,227.41683950012714,988442
2011-12-29,224.54563903808594,226.3995224034882,222.55611139187843,226.35430304354935,1229360
2011-12-30,225.0203857421875,226.0829785009439,222.44304806668268,222.60129511242542,834046
2012-01-02,223.91259765625,226.2412496813908,220.6569970975023,226.08298882940812,1531264
2012-01-03,225.83428955078125,226.53514125461982,223.9577898165502,225.63080935340375,1183732
2012-01-04,226.648193359375,229.13510620421602,223.1439070780081,226.12820525161942,2152400
2012-01-05,226.01516723632812,231.05681513955145,224.90735506879454,227.41688453024494,3608544
2012-01-06,226.06039428710938,228.3438270378838,224.04825009360678,225.5630089337593,3077962
2012-01-09,228.5699005126953,229.903795659426,225.69864380975648,228.97684713066062,1932776
2012-01-10,233.4759063720703,235.1263233346864,229.22556247060314,229.2933846117628,1689898
2012-01-11,235.4202423095703,237.11586483384545,230.7177048030381,234.78719886129844,971010
2012-01-12,235.14892578125,237.7262775337454,233.1594119146743,233.92807204606558,746484
2012-01-13,232.232421875,236.4375873064182,230.1524695353033,235.19413093859487,973202
2012-01-16,228.5699005126953,232.41331130272084,226.08298764856113,232.41331130272084,713028
2012-01-17,233.317626953125,234.6967275618294,228.11771860048754,228.79596751604893,1845766
2012-01-18,233.97329711914062,235.4880421469112,230.96638224548042,235.08110931459555,1309850
2012-01-19,238.35931396484375,240.55230798906913,232.97852761535313,235.28456313769368,1503506
2012-01-20,238.81150817871094,242.27056187099333,235.5785099113508,240.19060909908595,1788144
2012-01-23,236.46022033691406,241.863609673455,235.26196937177335,239.64798518629698,703754
2012-01-24,233.4080810546875,238.49494825687597,231.14725118704817,237.2966973878188,924010
2012-01-25,233.9054718017578,235.6689302825934,232.54897376973753,235.03588682844136,1184990
2012-01-27,239.10536193847656,241.11750604580476,235.69151434857145,239.6027610695355,2306362
2012-01-30,241.27574157714844,245.86523704112392,237.16104244242666,237.16104244242666,3061562
2012-01-31,248.0130615234375,249.59564259058797,241.95402582713768,243.62704561773003,2012762
2012-02-01,248.51046752929688,251.7208632690384,245.75226546940326,250.47740654403222,1420266
2012-02-02,245.93307495117188,250.7034202759717,241.97662282903602,249.21127813808442,2939066
2012-02-03,251.53990173339844,252.3085893352061,244.16960258245751,244.16960258245751,2111304
2012-02-06,247.4026641845703,255.47381710157816,244.01141882481485,253.66515290970858,1795680
2012-02-07,246.06874084472656,251.26864980510675,240.89143466456963,251.26864980510675,2515820
2012-02-08,249.00779724121094,250.9068997741266,242.85832368691362,246.54348726385732,1997008
2012-02-09,245.4130859375,251.49472389535276,244.1017935547286,249.32433270837018,2199964
2012-02-10,244.82528686523438,246.4983065892508,243.26530864151604,245.9783046486705,1910334
2012-02-13,250.11558532714844,253.0546637559139,247.33475392841734,247.33475392841734,4020990
2012-02-14,250.7712860107422,252.26345608819815,248.80437468758825,250.8391219589997,1712396
2012-02-15,251.72080993652344,255.45117932118228,250.16083176515266,251.9694957092297,992194
2012-02-16,244.66702270507812,247.69654056267348,241.90882101865435,243.94356811133463,2472766
2012-02-17,245.11917114257812,247.76435873212986,242.94877991901225,246.43046354745215,2667234
2012-02-21,245.52615356445312,248.60087703976222,243.89836690047306,246.38528005812404,3116204
2012-02-22,248.1713104248047,250.29649625028694,246.02352181780083,247.78698034486615,1494106
2012-02-23,246.7921600341797,251.9242599184495,242.65485831740048,250.0025547084759,1913602
2012-02-24,247.69650268554688,249.55039964530985,243.33311781285127,248.60083458844994,1189874
2012-02-27,248.1260986328125,250.86169748082247,246.31743458810863,248.69130614678247,1380884
2012-02-28,247.04083251953125,249.97991091823502,245.59392369396747,246.43041958362258,870150
2012-02-29,248.87216186523438,255.83550127066758,246.92782610848946,246.92782610848946,1596572
2012-03-01,248.84962463378906,255.021703496998,248.1035670600367,250.47743930003534,1340134
2012-03-02,256.19720458984375,258.4128286833792,248.7364667538407,250.9068852936379,2413962
2012-03-05,252.39906311035156,258.84242851821284,251.4042924049721,255.7677052817852,982140
2012-03-06,252.8059539794922,256.83024169311597,250.70339901739953,252.39902121167628,1154218
2012-03-07,252.76075744628906,254.56942118472406,250.92949093072735,253.21292338089782,681656
2012-03-09,257.80242919921875,260.44758898564635,254.2077043524692,256.60417838429566,1668396
2012-03-12,260.47027587890625,262.03025444047853,258.18684259795214,261.23896376701725,982388
2012-03-13,263.97454833984375,266.77798351674375,259.54332633662864,259.54332633662864,1682880
2012-03-14,264.1779479980469,268.58656587221196,262.30144832522046,266.50661360668505,1414670
2012-03-15,265.1727294921875,267.184873508983,263.6579569860517,266.03182824678333,1452078
2012-03-16,246.76956176757812,268.1796079884619,242.31573829755862,263.3866600634251,7968974
2012-03-19,251.15565490722656,251.87910959674042,245.32270143017186,245.5261816859812,4185774
2012-03-20,258.1416015625,259.92763533023015,252.30864864599036,254.07210722950018,2498238
2012-03-21,256.67193603515625,260.33446809903853,255.0893556819706,257.73451466166216,1984122
2012-03-22,255.69989013671875,260.74155241381425,253.43905998520046,259.4980958304792,2537198
2012-03-23,262.4371643066406,264.47191135988567,252.85123933619252,259.20416628283084,1937016
2012-03-26,261.3067932128906,264.064995309619,258.6842078248865,264.064995309619,2546518
2012-03-27,260.47027587890625,263.16066968828045,257.3729491391405,259.9955069944352,1736656
2012-03-28,256.8529052734375,264.96929095101274,253.32601579403564,262.1206505098814,928234
2012-03-29,258.57110595703125,262.21106419321654,252.4216596365321,253.23555288512443,2185082
2012-03-30,257.71197509765625,264.42662806096524,254.7050606499149,260.62845084057494,2297008
2012-04-02,259.27197265625,260.96759500725085,253.75554242138978,255.51897310761868,1217922
2012-04-03,257.3050537109375,260.9223816677855,256.44595487999936,260.58325717183095,851142
2012-04-04,255.06687927246094,257.7120674468126,253.30344808758764,257.7120674468126,627652
2012-04-09,252.82859802246094,255.45115497178833,250.72601534867923,253.21292803473463,561580
2012-04-10,256.2876281738281,257.7345645823146,252.44421800023218,255.02156916565863,752576
2012-04-11,260.71893310546875,262.2563087129965,252.10517538200043,252.10517538200043,977768
2012-04-12,259.0006408691406,262.03015813945063,255.17983321618343,260.22149440768567,1442474
2012-04-13,264.6978759765625,267.6821592806902,258.638843088775,258.638843088775,2142600
2012-04-16,261.28411865234375,266.30317793777573,260.44762257045,266.2579447778211,631486
2012-04-17,264.38140869140625,267.54657000866746,259.4301865398015,262.93447228391216,1060348
2012-04-18,269.784912109375,271.9779066348839,265.87366434133287,265.8962671265181,1001600
2012-04-19,270.12396240234375,274.46474468935924,268.79006726686873,273.5830155253659,866778
2012-04-20,266.2353210449219,273.5604153728571,264.51709585639907,271.11870806420507,1518400
2012-04-23,269.3326416015625,270.9830306526782,264.56226906158065,267.84047198540685,574316
2012-04-24,269.2422790527344,273.53785651274734,267.45621764186075,269.0387988113392,1996560
2012-04-25,268.27001953125,271.75170243647864,265.2178997451498,268.67697987526975,1301712
2012-04-26,270.12396240234375,271.1639386171474,265.57967231053664,269.8526462606423,1258260
2012-04-27,270.7344055175781,272.2039450882372,265.42145476211834,269.083988499013,1082160
2012-04-30,272.7013244628906,275.2786763800448,266.3257944134259,269.31007920295735,1370226
2012-05-02,269.784912109375,275.34654956833805,268.6997024401991,272.3170312067478,1410952
2012-05-03,271.09613037109375,273.1082746693051,267.45619944849994,269.03878051032535,625090
2012-05-04,271.8874206542969,274.7360610433826,269.7170292910898,269.7170292910898,1697456
2012-05-07,271.41259765625,273.53778303255393,269.1065624679739,269.7169754301593,841490
2012-05-08,268.8804931640625,276.16035391870014,265.46661816368845,273.0856309787917,1131446
2012-05-09,271.18658447265625,272.6109185482796,264.67538240984265,267.23013159373045,873108
2012-05-10,268.40570068359375,272.6560717130212,266.9135585470568,272.2039057566149,982754
2012-05-11,258.2320251464844,268.9031606931872,256.10686674850393,267.29797670402127,1787728
2012-05-14,261.1258239746094,262.70840472597064,254.11725207572377,256.9884946854148,882634
2012-05-15,268.97088623046875,270.62130287618885,257.80241009494483,258.6615087833603,1260638
2012-05-16,263.22845458984375,270.37267205074244,261.12587159751166,267.4787985384179,1555194
2012-05-17,262.23370361328125,266.6423225570063,258.9328970006614,264.11017614333366,1907122
2012-05-18,263.047607421875,266.34841416557816,257.64421744384015,257.98334199144034,1012422
2012-05-21,268.9935607910156,269.9430983389287,260.560653966177,260.9223812416666,1038810
2012-05-22,259.63372802734375,269.94310751849576,258.63895728740295,269.6944217330163,1755516
2012-05-23,258.005859375,259.54323452112646,252.87378729257833,259.54323452112646,1955586
2012-05-24,257.25982666015625,261.3519230498976,253.71030734019956,261.3519230498976,1482068
2012-05-25,257.5311584472656,261.7362970324661,256.71726510787596,260.01807162752687,1113544
2012-05-28,257.5537109375,259.99541807690815,254.16246635388816,258.20935707660215,686258
2012-05-29,255.81288146972656,260.899748312916,254.79550810108867,258.68412415978594,1343318
2012-05-30,261.0806884765625,262.88935267772183,257.011194023954,259.97287613374726,3140604
2012-05-31,256.3555603027344,263.13805138968553,254.65993753099661,258.75203496718507,3554468
2012-06-01,257.3050537109375,258.48070185572635,253.8233700328669,253.8233700328669,1370470
2012-06-04,255.22509765625,257.46332481829637,252.80599305964608,257.14680310683156,641718
2012-06-05,252.87384033203125,257.39550041843324,250.04780277803,254.29817429845707,887034
2012-06-06,259.8597412109375,261.28404719854836,251.04250639976468,251.04250639976468,1651076
2012-06-07,261.5779724121094,262.6631816082546,258.77453832041436,260.53799636464635,986750
2012-06-08,263.9066162109375,265.51179950031207,258.14150147446946,259.339724449123,1039702
2012-06-11,261.6006164550781,265.6023018488675,260.131077052403,264.5170924815299,1015666
2012-06-12,262.1658935546875,264.17803817550146,260.0633377942641,262.6632928126794,1104120
2012-06-13,268.13446044921875,269.0387925249328,261.8041359192203,262.25630195707737,1536886
2012-06-14,263.5902404785156,268.315381867957,262.075467444679,263.61284326450703,759932
2012-06-15,268.6770935058594,269.71706998283474,263.92934960842473,263.92934960842473,886640
2012-06-18,267.8179016113281,271.25437958191696,265.9187989957423,269.6039627331055,587596
2012-06-19,270.4178466796875,272.1587021833491,265.3535824114303,265.3535824114303,1019276
2012-06-20,273.65087890625,274.4421694357058,270.8474440822877,272.63350536837834,1413502
2012-06-21,277.7428894042969,279.91328009005105,271.977774483817,271.977774483817,1364524
2012-06-22,275.1429748535156,277.7203262345246,274.0351627794482,275.8438265418378,1102860
2012-06-25,275.5047912597656,279.2125586923711,274.9169808663346,275.82131304023704,1053518
2012-06-26,278.8054504394531,279.8680567395436,274.0125034967029,274.0125034967029,542892
2012-06-27,281.6768798828125,283.4629415124346,278.66996425332036,279.59689924650786,1424142
2012-06-28,278.5342712402344,282.6037654629001,277.0195260965628,281.2472673886782,1773886
2012-06-29,287.4871520996094,291.5566463093812,279.5516439101591,279.5516439101591,2355224
2012-07-02,286.98974609375,289.2279731602929,285.02280756944606,287.577556333948,1658388
2012-07-03,284.8193054199219,289.38616987404026,283.12368333081616,285.90448699814004,1500942
2012-07-04,286.5375671386719,287.3062547708723,281.6993859691958,285.5880020878293,1058592
2012-07-05,287.4871520996094,289.3410493539864,284.6837172354951,286.4471757656058,494218
2012-07-06,286.6280212402344,287.5775587440489,284.9776044000579,284.9776044000579,478552
2012-07-09,282.6942138671875,286.89935252165884,281.81248456914716,284.88720812306036,1392416
2012-07-10,283.44024658203125,284.8193749629854,281.51854107849726,283.05591652053346,2648760
2012-07-11,282.1289367675781,283.8019562235829,279.21246100749136,281.0211247225197,1490872
2012-07-12,280.27508544921875,283.5759193439884,279.7325083249489,280.3429213887638,1083586
2012-07-13,278.69244384765625,281.04371206769224,277.6298650126289,279.66461158031103,946434
2012-07-16,281.0210876464844,284.3897288908923,278.08200949732566,278.08200949732566,893452
2012-07-17,283.8697814941406,288.0297138065551,282.6037223376718,282.6037223376718,1346510
2012-07-18,283.37255859375,286.08555575099405,282.6038705462573,286.08555575099405,2110900
2012-07-19,283.0332946777344,285.76889327891735,282.19677107372263,284.8645613381613,1563050
2012-07-20,282.5810852050781,283.7793082833056,280.99850455238726,281.6993561789756,909906
2012-07-23,278.8507385253906,282.24198304873,276.27338716804894,281.2472124689467,1337880
2012-07-24,275.12042236328125,279.61947981417796,274.03521286828266,279.61947981417796,2112538
2012-07-25,276.386474609375,278.98642917625256,273.89956154540516,276.13778882258265,1486882
2012-07-26,281.5411682128906,284.25416418661916,276.72558932031353,279.34814657531336,1766944
2012-07-27,285.97235107421875,286.9897244278402,279.2576703815061,285.6332266230116,1336052
2012-07-30,291.8731384277344,293.38788341289916,282.6489414490592,287.6001644214654,2001276
2012-07-31,295.5356750488281,297.07305042815193,290.26795791283433,292.2122661174934,1153766
2012-08-01,298.3616943359375,298.88169622334027,292.28008432024745,296.3947834711037,1494284
2012-08-02,296.57568359375,298.42955311175064,294.9478694725092,297.5252211326241,658944
2012-08-03,298.40692138671875,300.01210497436284,293.22961578880825,295.7165284901783,1640760
2012-08-06,303.5842590332031,305.1668400102347,299.55997065239984,299.7860536491186,1423944
2012-08-07,302.8155212402344,309.3719270606751,301.39118755727645,307.42761913007894,1061480
2012-08-08,304.5337829589844,306.3876524099495,302.6120775728289,302.74772184518866,996162
2012-08-09,305.8223876953125,308.82930189351123,303.855477119238,304.75980889637856,863074
2012-08-10,305.4155578613281,311.9493626722765,303.17733043915223,307.4277022630423,4555986
2012-08-13,308.3771667480469,311.56493106066273,306.1615426339635,307.47283488075055,1647378
2012-08-14,303.6224670410156,308.0359867330623,300.75596341293084,308.0359867330623,2894370
2012-08-16,301.4156494140625,305.16941054598755,299.436376881855,303.03089864994786,1527782
2012-08-17,300.7786865234375,303.87269066005825,299.4819435702698,300.4829522597573,1902522
2012-08-21,302.9172058105469,304.50971083546153,298.2761856122932,301.21095042670976,1805210
2012-08-22,302.2119445800781,307.12595429457485,301.52944245942354,302.57594015687744,1864492
2012-08-23,304.0774230957031,307.80844004439683,303.0536699691697,303.0536699691697,2383776
2012-08-24,302.8489685058594,304.55522402502044,300.7559728441229,303.48598167478053,893732
2012-08-27,304.8282470703125,305.32873758986165,301.7342425606303,303.71348789013143,991094
2012-08-28,310.0152282714844,310.72050273908803,302.80346636432904,304.85097289872346,2911176
2012-08-29,307.62640380859375,312.5859296672036,306.10216038371357,311.6304379338576,1224736
2012-08-30,305.7836608886719,309.4009272839278,304.8509136473994,307.5809218293164,2049460
2012-08-31,304.1229248046875,307.44442922950014,300.52840289703306,305.80640764568767,1187724
2012-09-03,303.3949279785156,306.170453181281,301.9616902311044,304.8964270443623,1044496
2012-09-04,301.0744323730469,304.39593704367184,298.66293050374827,303.804440777026,928220
2012-09-05,295.93292236328125,300.2554356734305,293.70340438961375,299.390921902968,2258182
2012-09-06,296.4334411621094,298.3899418197069,291.8151653909045,293.5214208081845,1483490
2012-09-07,302.3939208984375,302.82617778489356,298.5264089783978,298.5264089783978,1185380
2012-09-10,311.0161437988281,311.90340191867637,302.3028852656422,302.3028852656422,1692520
2012-09-11,311.69873046875,315.31599746575574,309.2417393589399,312.1537319080945,1206306
2012-09-12,310.12890625,316.45343606629837,309.4009152050078,315.7709340474638,1622398
2012-09-13,307.8539123535156,311.19818904785893,306.3524134037049,310.3109308321728,1563768
2012-09-14,308.5592346191406,312.24473513857225,306.03395443503274,311.69872786170885,2217282
2012-09-17,306.1705017089844,310.99350620519533,300.86972345016153,309.9697528928885,3814960
2012-09-18,306.5799560546875,311.220976165762,303.14470083397504,304.85095618576105,2438776
2012-09-20,305.3058166503906,309.3553385906943,303.05355507170646,303.9408129991966,1945192
2012-09-21,304.6234436035156,311.4939537772532,302.1209358517317,308.03595417413004,3359616
2012-09-24,309.1507568359375,310.6295116253489,303.0309814609253,303.9409844082554,1532148
2012-09-25,307.6947326660156,312.08550779696645,304.3959721309641,307.580982302738,1188406
2012-09-26,307.4444580078125,310.5157175224814,304.6689327467217,305.30594582856736,1266006
2012-09-27,308.2406921386719,312.03994257423585,304.8509262847227,308.03593596232423,2193682
2012-09-28,316.47625732421875,318.410013513182,306.6709814967518,308.94598877788496,5214744
2012-10-01,315.38421630859375,319.8432242593356,313.63244434042645,318.50096463985165,1262540
2012-10-03,317.4544677734375,319.38822363474134,315.452450596832,315.77095711643926,2312474
2012-10-04,317.9322509765625,320.7760099298412,315.7709941720707,320.7760099298412,3083848
2012-10-05,310.56121826171875,318.88773881669795,295.7509273758084,318.500998712409,3019160
2012-10-08,322.436767578125,323.824516355712,312.0627129792522,313.49597856151513,4350908
2012-10-09,329.1934814453125,331.4684882279339,323.0964521594557,323.0964521594557,3355008
2012-10-10,328.1241760253906,331.65043585775067,326.6909109205826,328.9659172640407,2011062
2012-10-11,327.62371826171875,328.7384771293836,323.164710562138,328.5109764531695,2763132
2012-10-12,324.5298156738281,330.4675796177438,322.8918214034677,328.96608024139886,1129144
2012-10-15,325.2349853515625,327.4645032527177,323.0737287667801,327.0095018664477,1276120
2012-10-16,326.7820129394531,328.23802298215844,324.43874460735856,327.05500267261215,909036
2012-10-17,323.7334899902344,328.966005991482,323.09647693382396,328.0787477240108,751248
2012-10-18,318.4099426269531,325.14395712572576,317.7046960810248,323.16471234020463,2388514
2012-10-19,316.1349182128906,318.40992486061015,311.2663984325554,318.40992486061015,3528600
2012-10-22,318.09149169921875,318.5010040986362,309.628476127317,316.18050789149385,1168318
2012-10-23,317.5909423828125,319.8432046201155,315.45243048303917,319.8432046201155,818056
2012-10-25,316.18048095703125,320.16174316911247,313.95096300983323,319.86598115349676,1675108
2012-10-29,312.9498596191406,314.15562406096524,309.4235998705313,311.2208603933919,469010
2012-10-30,311.12994384765625,312.6086983600226,309.4236886410797,311.402961343357,540312
2012-10-31,315.83929443359375,317.3407937918204,308.0360077953362,308.12701364727747,1903328
2012-11-01,319.16070556640625,320.2754644387913,313.5186776639749,314.8609372135374,1105676
2012-11-02,317.11328125,321.95903026086893,315.38428121178737,320.11627985473325,1576272
2012-11-05,317.5455627441406,320.6395674365526,316.7037932938018,319.297307437106,955088
2012-11-06,317.7730712890625,320.4803081043718,314.6790387496997,316.9995631542218,1178430
2012-11-07,318.6602478027344,321.02626084797436,317.1587486030326,317.7957617282802,1227750
2012-11-08,316.9312438964844,324.87102448898224,314.04199589356625,318.91051680076913,3533206
2012-11-09,315.8619384765625,321.5039384780428,314.405928621927,315.1339196637057,1012262
2012-11-12,314.8382263183594,318.43272073893417,311.22095961077224,317.9094857882025,739238
2012-11-15,311.3119201660156,313.6779326713878,298.480876915143,312.1309170179697,2059576
2012-11-16,308.9459533691406,314.17846951604065,307.46719880588626,310.3109575813754,1433138
2012-11-19,309.60565185546875,313.1319120639113,306.2386309996221,307.5808904396316,1118136
2012-11-20,310.81146240234375,311.9034769311047,305.7609576917613,310.87972372454743,932626
2012-11-21,318.705810546875,319.77505297792544,309.5375190892328,311.4485309693397,2390410
2012-11-22,318.1369323730469,319.8659318558904,313.1774068162104,318.50092787926496,1062766
2012-11-23,320.9124450683594,322.14095426170866,314.5879429962073,316.31694256373527,1470290
2012-11-26,317.0450134277344,322.70978718850324,315.2705243871284,322.70978718850324,624976
2012-11-27,318.4782409667969,319.63848900255414,315.7709770359752,317.15872577564886,1100676
2012-11-29,323.02825927734375,325.2350050258122,317.1359854144936,317.1359854144936,1952048
2012-11-30,322.9827575683594,325.30328154981163,320.8897620755204,323.0965079271242,1593304
2012-12-03,320.7987365722656,323.80176252224874,318.29622883282065,321.9362400901951,1017862
2012-12-04,320.2300109863281,323.05102549557677,319.1835132185171,319.68400369887934,911480
2012-12-05,319.66119384765625,323.5059608209109,317.6364322798638,321.11720372624177,1198858
2012-12-06,319.93426513671875,322.57326786432543,315.2705005007379,319.001489992656,2032942
2012-12-07,318.4554748535156,321.23097214463354,315.99845630941644,318.5464529120466,1377750
2012-12-10,320.593994140625,323.36951950611234,316.22599155278954,318.50099868626285,1633846
2012-12-11,325.5989685058594,335.31326439540084,321.48121167115784,322.98271063444776,3350478
2012-12-12,330.2626953125,331.92346123037663,326.2814337830061,326.50893444183436,1823000
2012-12-13,326.9412536621094,331.69602389353764,324.6435021235104,331.2637670050293,1457298
2012-12-14,327.12322998046875,330.30823946789315,325.8719762532663,327.64646487646974,969798
2012-12-17,328.07879638671875,329.78505185759946,324.9165306931362,324.9165306931362,2047662
2012-12-18,335.3133850097656,336.33713845813384,329.9443724792078,330.67236382294493,3048086
2012-12-19,347.9851379394531,350.3056622273902,336.92860716143184,337.15610790900877,1951640
2012-12-20,339.885986328125,353.0355355957027,338.6347326970643,350.26001087870384,1693518
2012-12-21,331.9007873535156,342.16106369603534,331.28651878130546,339.8860566235883,1407506
2012-12-24,337.0878601074219,339.11262239635045,330.0581089419818,333.47062029261815,1200888
2012-12-26,342.9345397949219,345.75555385688943,337.81577435746937,338.43001510153175,1059686
2012-12-27,339.2035827636719,347.2115972174655,337.83857840647397,344.891100918663,1429614
2012-12-28,336.47357177734375,342.57060230675984,332.62880397631335,340.20458921604234,986386
2012-12-31,334.9947814941406,337.15603814894155,333.56151597252426,336.5190250790939,390038
2013-01-01,336.47357177734375,341.1600811511953,335.19957327344497,336.2915600891791,591988
2013-01-02,337.11053466796875,339.8860319867375,336.5190106551435,336.7465113458977,1043632
2013-01-03,333.9027404785156,340.3182763853902,332.19648536037016,340.3182763853902,1040878
2013-01-04,334.4942932128906,335.56353540371043,330.5357754444203,335.56353540371043,1031736
2013-01-07,338.5892639160156,340.7277480328164,335.3814821986578,337.06499273894894,1968642
2013-01-08,343.2758483886719,345.80110087373026,338.99882366416824,338.99882366416824,2574802
2013-01-09,346.3470458984375,348.8268089012556,341.95627160119625,343.5260318705824,1819204
2013-01-10,343.1847839355469,348.030559643135,341.342033937971,347.62104730097155,1012396
2013-01-11,336.3597106933594,343.7762263218318,334.47144419179097,342.84347921196655,1182982
2013-01-14,334.5625305175781,336.90579888259975,333.06103142194155,336.90579888259975,1647772
2013-01-15,332.2420654296875,334.7218288945061,330.42205962374135,334.4715558793207,785236
2013-01-16,327.3052062988281,335.7227311782808,326.69096559173175,329.9442363157353,1503468
2013-01-17,326.2359924316406,328.351759976345,324.1202248869362,327.60099658407427,1800816
2013-01-18,323.9837341308594,329.42100629449436,321.230981276123,327.60100073485626,1639450
2013-01-21,318.4327087402344,324.91647848781383,315.7709617417656,324.18848737897406,3077902
2013-01-22,323.3695373535156,325.64454461255104,319.16077392430003,319.82053158363726,2258682
2013-01-23,322.937255859375,324.62076665724027,320.3664867437486,323.50600763087795,1375524
2013-01-24,323.16473388671875,327.05499017654546,320.7759766140608,322.14098076986534,1313338
2013-01-25,331.55950927734375,333.44774833097256,318.500964191285,324.32497626799534,2269980
2013-01-28,327.85125732421875,332.31026554588004,325.37149410892755,332.1510261623172,767284
2013-01-29,323.6652526855469,331.6505499141296,322.23201485891434,326.3270276854355,822060
2013-01-30,322.5276794433594,325.89470037062813,320.6621851116233,324.82545836091447,611896
2013-01-31,326.69097900390625,329.5574820398361,319.9797088920572,319.9797088920572,1453696
2013-02-01,327.5555114746094,329.42100606349794,326.0084956415694,326.7137422412185,494318
2013-02-04,327.4644470214844,330.6722006896455,325.3259353190183,326.7136837546255,1340546
2013-02-05,341.02362060546875,342.1611243433122,332.5378316127216,334.4260989259767,4320004
2013-02-06,340.5685729980469,345.80108948365483,339.20356869745353,343.20757575831067,2437380
2013-02-07,341.02362060546875,343.41237845494,338.99885839788993,339.4311153724879,1619600
2013-02-08,339.4765625,344.89109073206356,337.45182831349285,341.8880923433578,3330272
2013-02-11,340.955322265625,343.41234118111805,339.43107853079044,341.8425806390577,1830156
2013-02-12,351.12451171875,352.3302485112504,339.658473308054,341.2509778714541,2452572
2013-02-13,352.83087158203125,354.83286125186186,350.3511081841732,352.1711139409741,2224038
2013-02-14,354.42340087890625,356.6756637113277,350.4193934940936,352.55787818784313,2065870
2013-02-15,357.72210693359375,358.6775987670292,353.08108709030387,353.08108709030387,1863412
2013-02-18,358.5638122558594,361.7033327138112,355.9020654375236,358.08606638732203,1662562
2013-02-19,360.6568603515625,361.7261025020987,353.3540658766367,357.67657905119006,1212136
2013-02-20,363.6826477050781,366.1851556406794,359.5876347195487,361.72614705509756,1894642
2013-02-21,362.8636169433594,364.91112324586106,360.8843719593737,362.97736729349833,1410756
2013-02-22,369.25640869140625,370.3484232428679,363.591635276481,363.955658641024,2569798
2013-02-25,374.03387451171875,375.83113549596993,366.50360731477457,369.46111625027555,1927688
2013-02-26,363.72808837890625,374.4888535869707,362.79531339946607,374.4661090738064,1060678
2013-02-27,363.4779052734375,368.4601768154889,359.0188965189078,365.63916220879946,1923936
2013-02-28,364.9793395996094,370.3483499105011,362.0673198863741,365.0248286256282,4031342
2013-03-01,363.7053527832031,367.1861245518858,357.47185590916246,364.979378901859,1250104
2013-03-04,363.591552734375,368.91507386481476,360.27004857009155,363.0910623783746,2478736
2013-03-05,363.52337646484375,367.0951263698017,360.6341008932736,364.3196289200582,1161012
2013-03-06,362.8636169433594,366.73112884808484,361.7261134419695,364.1376153106997,1168412
2013-03-07,368.6648864746094,370.82614313706466,361.7716041164509,363.09111929248786,1668392
2013-03-08,372.1683654785156,374.42062774967656,369.4611018503961,369.4611018503961,1361258
2013-03-11,379.1982421875,381.5869999426777,371.5087061147792,373.10121128489766,2524388
2013-03-12,376.4454345703125,381.97371323781647,373.55618650178354,379.58495565056387,1984306
2013-03-13,381.01812744140625,382.11011397818555,377.9013516470654,379.47111180045545,2125560
2013-03-14,377.7195129394531,383.58901572945354,376.9687493428878,381.7462651764428,3003670
2013-03-15,379.2891845703125,383.77096536136435,375.922190618732,379.92619768684364,2263572
2013-03-18,378.7659606933594,383.11121896469217,376.6501928531135,377.42370086842294,1513756
2013-03-19,381.7689208984375,386.20518456915244,377.94692578323975,379.9261707740492,3579608
2013-03-20,381.40496826171875,386.0232441215472,380.0172193832507,381.2912178983839,1787226
2013-03-21,378.2426452636719,384.0211683992511,377.6511490182209,381.40491043918513,1507534
2013-03-22,373.32861328125,380.4948846513654,372.8736119244173,379.92613295532453,1874746
2013-03-25,373.30584716796875,376.74110165907456,372.0090767133799,376.3543616365753,2209706
2013-03-26,374.7846374511719,375.5808898559548,370.5076134256203,372.19112406423443,1466472
2013-03-28,372.6233825683594,377.56013639136813,371.55411267171263,377.56013639136813,1938014
2013-04-01,369.7569274902344,374.92118267225,368.551162578304,371.3039157075425,529638
2013-04-02,387.3427429199219,388.45750206718685,369.0516784103889,369.5749412053558,2410474
2013-04-03,393.2577209472656,399.08173355713444,386.5237054992585,388.09346594926365,2615936
2013-04-04,391.2784423828125,398.08071856972526,390.6186848274319,392.6661910379426,1881574
2013-04-05,391.0054931640625,395.3962683572462,387.2062420851744,392.6662595998889,973426
2013-04-08,393.781005859375,398.0807750658927,386.2962265400419,391.07374170926505,1285532
2013-04-09,394.8501281738281,397.6711418279671,391.41487386442645,392.21112615069524,1893340
2013-04-10,390.1409912109375,401.3112710353113,385.06771403442707,401.3112710353113,2028646
2013-04-11,396.9204406738281,398.1262054330001,390.2091703536718,393.576191656623,1878720
2013-04-12,395.73748779296875,401.31125522667253,393.5762310329612,399.0362481108751,871688
2013-04-15,397.21624755859375,399.491254703832,394.03123755526025,397.21624755859375,1054114
2013-04-16,404.6783142089844,407.1808222672855,395.3962732115787,395.85127467672436,1114702
2013-04-17,415.9850769042969,420.42134105504,402.08478811951875,403.2677807846164,2785996
2013-04-18,416.8949890136719,420.83076181920376,413.20948916874914,416.32623732333946,1706792
2013-04-22,421.80902099609375,429.7488005790061,416.73577230516224,419.5112695964464,2539560
2013-04-23,432.2286682128906,433.8211734176965,420.5123799203902,420.5123799203902,1367732
2013-04-25,445.7193908691406,448.49491626194913,429.2938503122101,432.29684864952196,4517038
2013-04-26,435.0268249511719,443.6263624705724,434.23057250571185,442.48885897705816,2150012
2013-04-29,427.9288330078125,440.2593603092803,425.79032079210026,438.6213663152911,1885780
2013-04-30,432.7290344238281,439.0535643858371,427.97426469552,428.63402221647584,1419360
2013-05-02,440.00909423828125,443.2623653265663,430.65882110914526,431.0455611871288,1594214
2013-05-03,448.0398864746094,450.17839861999647,437.71134908644063,441.71535587313974,2787976
2013-05-06,446.879638671875,452.63538975211407,444.83213236017565,451.49788624561444,710626
2013-05-07,450.8836364746094,454.0913907447927,448.63137402241045,451.31589335268086,1964836
2013-05-08,448.4266662597656,454.4781798929324,446.9479115711192,454.4781798929324,1158394
2013-05-09,431.4550476074219,448.1763478969792,429.3392801358216,446.9250941338151,2130960
2013-05-10,425.44903564453125,436.4373301013937,422.3095427790565,434.8903142979444,2265212
2013-05-13,429.4758605957031,438.0071374024478,427.81509426889016,436.6648776306367,1977412
2013-05-14,438.48492431640625,440.44142509266266,426.79138092656774,429.88538538333205,1824490
2013-05-15,443.194091796875,444.1496113643406,435.6638244583643,437.2563292997264,2628462
2013-05-16,440.8281555175781,446.69768548804,438.4393978411715,438.6214095344747,2135930
2013-05-17,439.59967041015625,444.35441343647295,435.89139741349675,441.39690395506614,829624
2013-05-20,439.5085754394531,450.2921133776228,436.2098155329694,443.4898373955542,1447280
2013-05-21,443.1485595703125,446.12881278585456,436.4145453088925,436.4145453088925,1588402
2013-05-22,455.8659362792969,461.23494751020473,443.7401372620868,443.7401372620868,2406450
2013-05-23,457.7314453125,462.50896039776967,445.901407958499,445.901407958499,2539658
2013-05-24,440.8281555175781,454.11420376723777,437.02890441687026,449.6551949921625,2623550
2013-05-27,461.2348937988281,466.83140508924936,437.68857292809844,441.35132839821824,3350316
2013-05-28,453.29522705078125,465.46651671061403,449.60972615007023,464.55651374539286,3192018
2013-05-29,484.9177551269531,491.7200040235266,464.101440515592,473.474458499925,7929878
2013-05-30,488.7625427246094,493.58560260088836,481.7555647229528,482.3925223287979,2747088
2013-05-31,475.0668640136719,487.3064105504949,471.8363657711141,483.9166729554035,4391362
2013-06-03,463.0321960449219,476.31821500149056,449.7688938335571,470.4714579907922,2791600
2013-06-04,463.3052062988281,469.902727036695,454.38718937538613,459.5514444996969,2693116
2013-06-05,471.83648681640625,475.9314997203095,460.05193857340686,466.37646961120197,2588284
2013-06-06,463.2369384765625,470.4032109016324,460.802691967591,468.74244459627823,1560132
2013-06-07,460.6661376953125,467.1954239477915,458.20911921509753,458.6413760662012,1767874
2013-06-10,454.3871765136719,464.01043982731113,449.5868893440944,463.1914428303541,2037266
2013-06-11,446.993408203125,455.66117974037206,444.35437773793905,452.11217420202087,2888004
2013-06-12,446.2198181152344,451.04282119375824,442.03380024781256,446.9933259447163,2231638
2013-06-13,431.9783630371094,438.6213727188159,416.6448094946935,424.63007893136404,6768578
2013-06-14,433.8665466308594,437.71131372454767,428.611286412187,433.70730726132484,1661092
2013-06-17,442.5798034667969,448.5858266343012,430.93175264504464,434.5262742947622,1932922
2013-06-18,442.2159118652344,446.3336693543853,438.6213893708776,441.4651483787282,1476768
2013-06-19,437.3701171875,444.5363895887516,433.752850325985,439.0763725211313,1286968
2013-06-20,441.0555725097656,448.1308661201026,429.0662973662355,432.70630837252384,3116684
2013-06-21,431.5689392089844,441.80647334941887,429.1346921995832,440.4414687973609,2758082
2013-06-24,430.9546203613281,438.9626345106162,427.7468380270216,431.34136047272784,1692162
2013-06-25,431.6826171875,436.4146432827584,428.9071195055845,431.2503602642944,2229816
2013-06-26,427.3373718261719,435.4363921659506,425.83587257981657,432.70638343763744,1825544
2013-06-27,442.0793151855469,454.5463636966701,430.2037906658675,430.2037906658675,4283804
2013-06-28,460.25665283203125,462.32690361280333,445.9013644590208,445.9013644590208,3609114
2013-07-01,457.2763366699219,467.28636593035793,455.706576527138,460.25658982733626,1421220
2013-07-02,458.5731201171875,467.5139081553048,455.06963178145196,458.64138143118953,1510760
2013-07-03,463.9875793457031,465.0113322788023,451.3385486598491,456.1388068586099,1825538
2013-07-04,468.9698791503906,508.05450705075697,452.7263528285802,468.6514004155152,1751098
2013-07-05,471.2677001953125,476.34097691530945,469.5614449447864,473.20145614590876,1077646
2013-07-08,474.40716552734375,478.2064156661171,467.2863833388223,471.3813954615578,990634
2013-07-09,491.2649841308594,497.8170153295088,476.841462121344,476.841462121344,2219666
2013-07-10,492.0611267089844,498.86342937307086,485.076867961192,492.31139963730516,1673354
2013-07-11,498.3857727050781,504.4600302905884,494.1315207207492,494.1315207207492,1155086
2013-07-12,504.4598693847656,507.32639950916433,495.9513681300351,505.0513932333385,1765166
2013-07-15,505.4837341308594,511.2850014187062,499.65975010051164,500.52426378517134,1359632
2013-07-16,509.4194641113281,514.0832276170466,501.2294403939686,502.3214546647138,1068354
2013-07-17,506.3254699707031,514.8567443644707,501.4342059849431,510.6252100483016,2560946
2013-07-18,508.87353515625,515.2890432619405,505.09700162894586,509.60152622814417,2067200
2013-07-19,491.4696960449219,512.6044855350453,488.5349041510598,509.1464865471772,3133700
2013-07-22,505.0516052246094,506.4166095630543,485.9415444863809,491.46982316551646,2048418
2013-07-23,503.458984375,508.4412268476146,496.40646358167646,506.8714944362856,1785728
2013-07-24,512.900146484375,514.5154230991207,501.4113652036205,502.7763689201458,1756166
2013-07-25,498.3631591796875,514.6066903176726,491.49259217848817,510.14765345437195,3198186
2013-07-26,508.3731384277344,511.5581485534625,500.9565926323856,504.5511151684268,2549844
2013-07-29,518.0191040039062,523.8886332868234,509.647066972178,514.1515920284709,836269
2013-07-30,523.843017578125,527.7105286183149,517.6549554801004,522.7964923739191,1805002
2013-07-31,514.424560546875,528.8025933658331,509.60155692017,525.9816069640326,3114492
2013-08-01,517.109130859375,524.1616531016278,511.78563628692854,521.4316444917235,1343683
2013-08-02,505.2334899902344,524.980558900782,500.9109773376973,524.980558900782,1152598
2013-08-05,500.04656982421875,513.1506331793361,496.0425350373311,513.1506331793361,883575
2013-08-06,489.8544921875,499.54604414633366,486.8514940801113,498.8180530206277,1041651
2013-08-07,475.0668640136719,492.5844147197354,468.83336818707664,491.856423720901,1612383
2013-08-08,460.1884765625,472.20052592284935,450.4514344468317,465.92148371066224,3169712
2013-08-12,492.9486083984375,502.3216276612178,474.11153625270737,474.11153625270737,3185173
2013-08-13,498.1810302734375,502.0485420671196,485.2134907299151,493.53998279572204,1503470
2013-08-14,501.00201416015625,508.6915486788502,489.5814904995016,496.952490723243,1488108
2013-08-16,493.6310729980469,504.0506170747468,486.85154043864526,498.81810051863056,3335121
2013-08-19,473.2923889160156,497.7714841178325,465.8303833304614,497.7714841178325,2188987
2013-08-20,461.6899108886719,467.7414237546275,447.0388607382505,467.7414237546275,2817923
2013-08-21,439.03082275390625,469.19737955411136,433.4342838169276,464.1013865461541,2632375
2013-08-22,457.0033874511719,461.3713894977482,432.56980831112844,437.71131824145345,2846075
2013-08-23,461.6899108886719,464.9204096135644,445.9013572758122,460.05188924011236,2992002
2013-08-26,470.4714660644531,475.02148024302613,464.10144621445085,467.7414575573093,1994208
2013-08-27,452.1349792480469,469.97104293731314,445.9014533762232,465.8760295899805,2859676
2013-08-28,459.9153747558594,467.2864024321797,433.1613000150293,452.13486251318085,2472852
2013-08-29,464.6929016113281,468.6514191525609,449.17736573616565,463.1914026187447,2769581
2013-08-30,474.2934875488281,492.3115325292666,457.73142488395763,467.7414560444418,3273711
2013-09-02,480.890869140625,484.66734648017353,475.0668304767864,476.5683569338828,869098
2013-09-03,466.6494140625,486.39648547945274,458.6414007140209,486.39648547945274,1987746
2013-09-04,473.01947021484375,477.3419837513685,455.00142489734225,465.01145624508376,1578579
2013-09-05,471.9274597167969,486.6695171177974,462.32694067791016,477.6605221531952,1488124
2013-09-06,480.9820251464844,482.93855361242623,470.19851292078147,472.29150849740347,1312068
2013-09-10,500.22857666015625,503.18608591619244,480.66351542791676,486.8515236859593,2074078
2013-09-11,510.8301086425781,518.610677916161,494.6320680376458,500.50159788491186,2254248
2013-09-12,506.7350158691406,519.5205991106423,500.5015191654893,518.3830956579934,1469651
2013-09-13,513.01416015625,518.6561895227221,503.5501073129954,505.05163438885813,1155839
2013-09-16,512.8776245117188,532.0332304494239,504.14161867927106,524.4346727270604,2130891
2013-09-17,495.4965515136719,512.2406261600178,492.5390422530301,507.781589980953,1334776
2013-09-18,499.8644104003906,503.7319213987749,487.3518748173826,498.4084284766825,2183797
2013-09-19,510.01177978515625,516.4566205530554,503.8868738866862,511.88580358346655,2484559
2013-09-20,517.5078735351562,524.5926398182606,509.37185282964157,514.6739893403567,2201410
2013-09-23,510.0574951171875,521.3016941070528,503.8868919865911,517.4164995433439,1350380
2013-09-24,508.41217041015625,515.9540210291558,497.48790289977444,504.6640657157664,2809418
2013-09-25,520.1589965820312,521.073160020664,508.4577157267538,508.4577157267538,2326436
2013-09-26,531.403076171875,536.6138177590784,521.0730427984237,521.0730427984237,2734235
2013-09-27,539.21923828125,546.2126103387567,535.6540346370358,535.6540346370358,2130839
2013-09-30,542.3731079101562,550.2349462487598,533.96279387644,541.1847067066764,2639756
2013-10-01,539.3564453125,546.9896879404279,537.665265217676,543.6530247648894,1138970
2013-10-03,549.3209228515625,556.2685438082889,541.5505323464344,544.8414989478064,2598595
2013-10-04,548.909423828125,557.6396731252083,546.6697123424173,551.286226345954,1181436
2013-10-07,552.6116333007812,558.3708500816704,545.6640155644852,548.4978990578475,1336202
2013-10-08,561.433349609375,565.6841749966588,549.4120812535268,552.20026784443,1463394
2013-10-09,589.955322265625,595.9431371156118,559.0109137881104,561.2963222663939,4011535
2013-10-10,584.6531982421875,594.983233625435,581.6364701456436,591.9208085175705,1838930
2013-10-11,572.220458984375,592.377746131003,570.0721420138058,589.6352565655817,1640315
2013-10-14,572.357666015625,578.2083339263652,565.4100466932124,574.4602864122407,1496466
2013-10-15,570.1181030273438,575.740175212082,563.5818115241495,574.0946920310882,1455200
2013-10-17,567.0555419921875,578.2083465553216,562.6218718508775,572.2662844958597,1200221
2013-10-18,577.888427734375,579.6710017648326,567.8783271354566,567.8783271354566,1343916
2013-10-21,576.7911987304688,580.4935479954747,571.9003928405721,580.4935479954747,962849
2013-10-22,583.6475830078125,589.5439475829986,571.8548538574403,571.8548538574403,1672168
2013-10-23,568.015380859375,589.6353666205706,564.130186583193,589.6353666205706,2351330
2013-10-24,568.1524658203125,574.3230678223835,564.9985914155901,570.0264893432035,1978847
2013-10-25,558.416748046875,569.4781598030398,550.8748992206265,566.7813663362498,1999798
2013-10-28,552.0174560546875,559.5136058620143,546.8981641744188,559.4679088587451,1382259
2013-10-29,564.9073486328125,566.7813726573766,549.9607418600675,551.5148309765764,1702397
2013-10-30,565.4100952148438,568.472520461428,560.7935809402176,564.038850036473,1014012
2013-10-31,556.5426635742188,566.5070668956085,553.160247854364,566.5070668956085,1637900
2013-11-01,552.7031860351562,560.9764096922211,548.7265974433476,553.1145707368175,1261388
2013-11-05,541.0474853515625,556.7254070643413,538.8535270772421,553.8915233698084,1834400
2013-11-06,550.692138671875,556.1313670965752,534.8770647970778,540.7734307877741,2096377
2013-11-07,553.8001708984375,560.1536176226978,550.3263611731767,553.9830147357892,1170128
2013-11-08,549.8236083984375,556.1313026137656,538.9907382306327,540.3619833812833,1358157
2013-11-11,544.9328002929688,553.9373435889902,541.4132933930695,548.4066659765308,1181409
2013-11-12,546.6239013671875,554.6685264381385,544.8412719524196,544.9326659547793,1467780
2013-11-13,555.9026489257812,569.8893912604658,553.0687651747296,559.4679079122884,3626443
2013-11-14,547.3553466796875,567.4669418812794,545.7555606977427,565.8214588876433,1912214
2013-11-18,558.3252563476562,559.8336481674866,545.4355756542232,556.1769948307847,1630019
2013-11-19,554.1200561523438,562.6217629089135,552.1545829178901,558.5537254351505,732505
2013-11-20,545.8926391601562,558.5537785988254,544.8413290423895,552.1546354724886,1709590
2013-11-21,531.2660522460938,545.7555189999288,530.2147420769827,544.8413556515202,1452156
2013-11-22,525.5983276367188,534.3285781043508,519.5191179027149,533.8257993269483,2357262
2013-11-25,530.9917602539062,532.9572337775304,526.2381554642996,530.2147437237867,1461973
2013-11-26,523.7242431640625,540.4534225118665,520.0218366936549,532.0431079283481,1596742
2013-11-27,521.2101440429688,526.557976170009,514.3081676003954,523.8154867107903,1622703
2013-11-28,521.804443359375,527.472267444341,519.2447970682593,525.3697028407854,1932974
2013-11-29,522.9014282226562,528.8891869145868,518.604849383984,518.604849383984,1545324
2013-12-02,544.2471313476562,546.6696865580353,522.9014393163816,522.9014393163816,2473184
2013-12-03,542.0075073242188,550.2349780023297,536.6139208945701,546.6697183900391,2312310
2013-12-04,540.1333618164062,545.069865939582,535.242610494969,544.8413251152886,1827528
2013-12-05,527.1065673828125,547.5838488224956,525.1868466586373,545.7555221152419,1924907
2013-12-06,531.403076171875,533.8713280601393,526.7865630045467,527.3807914244218,1777758
2013-12-09,536.1112060546875,545.7556200061259,529.7577584481573,545.7556200061259,1855333
2013-12-10,535.6083984375,539.3564463393805,531.4032130053234,533.8714655291494,2238009
2013-12-11,533.277099609375,539.3563074267761,530.3975189033132,535.6996544950691,1255720
2013-12-12,525.0498046875,531.9974810401493,522.5358549630004,528.3865239130088,1992788
2013-12-13,522.1243896484375,529.3462462205141,519.7475315974467,519.7475315974467,1832997
2013-12-16,508.41217041015625,523.1301838451477,506.0353112828572,521.2104623696706,1869314
2013-12-17,519.3819580078125,522.7643179507934,510.4688648581665,510.6516529012745,2319899
2013-12-18,523.9528198242188,528.9349661432866,519.3362496226365,520.0676250420508,1508344
2013-12-19,532.86572265625,536.9337040384257,519.3818161886179,521.5757742717985,1902173
2013-12-20,529.2091674804688,535.51686090144,521.0730916261118,535.51686090144,1648085
2013-12-23,526.7865600585938,534.602644497641,525.323921212444,526.4666252472783,917638
2013-12-24,518.6048583984375,531.7688329848679,516.7308346861736,529.666268434618,1898741
2013-12-26,520.9817504882812,526.8780598550728,517.9649665937008,520.1589810995581,2233222
2013-12-27,526.5122680664062,529.0719136818044,520.1588231273377,524.5467950103188,1141946
2013-12-30,520.615966796875,528.6605921746399,517.964871074203,526.5580278753292,1104114
2013-12-31,518.741943359375,523.6783913935346,517.0507078822982,521.0730484696251,930750
2014-01-01,523.221435546875,524.7298275787422,519.3362408304819,519.473387668328,425464
2014-01-02,524.5926513671875,534.7855957237844,521.0731445513796,522.9928653970736,1311399
2014-01-03,529.9404296875,531.494518320409,521.07303529605,525.6438513951382,1443488
2014-01-06,537.7567138671875,540.1335168034028,529.7120857029406,532.9573551798901,1832494
2014-01-07,543.1959838867188,547.5839576973578,538.6251662097792,542.0989764850304,2986634
2014-01-08,549.3209228515625,557.6397891915468,546.9897610631301,548.4981533031607,2427891
2014-01-09,554.8971557617188,557.0911701293002,547.7666927612336,549.3207816219285,1867544
2014-01-10,557.0911865234375,564.678731424114,553.1602393494984,554.8971720912904,2548423
2014-01-13,550.6461791992188,562.4389067547737,545.1612000191641,557.639549972226,1570396
2014-01-14,551.743408203125,554.6687427687926,546.4869677071703,548.498138708324,2626299
2014-01-15,551.6974487304688,558.5079752054149,549.5491876942789,552.1545302952827,1582614
2014-01-16,541.870361328125,554.211567364278,539.6763468254774,552.1546996915858,905324
2014-01-17,543.01318359375,548.9552470505839,539.3565291587753,540.9563154740767,1276748
2014-01-20,538.8078002929688,548.4979076768223,535.6996231643631,543.9270917795154,1022330
2014-01-21,530.5347290039062,543.0130822529088,528.0207795490317,543.0130822529088,1435394
2014-01-22,546.1669311523438,548.4066426278812,527.152343707737,530.5347036301873,3419248
2014-01-23,557.04541015625,559.9250470021306,547.1724572213922,547.1724572213922,2954935
2014-01-24,551.7890625,561.9363107581255,547.5839327472637,555.7657071754143,1467628
2014-01-27,546.4868774414062,561.1134920576827,543.1502144597323,546.6240242718766,2991060
2014-01-28,531.95166015625,552.3831881139309,530.260424530454,546.2125856815452,1935622
2014-01-29,540.6820068359375,552.9775169246582,535.6084106301995,537.5281316390372,2412064
2014-01-30,542.6473999023438,547.5839048353295,530.4433402015025,542.0532271393697,1443395
2014-01-31,538.1680297851562,547.1725173757759,533.8714504459755,544.7500177306982,1585472
2014-02-03,543.2874145507812,549.3209277687954,537.711038927396,537.711038927396,1640565
2014-02-04,537.2994995117188,543.3329551971526,534.0542308355217,543.3329551971526,1873420
2014-02-05,533.5057983398438,545.2985298537855,532.9573225561726,537.390993229833,2300454
2014-02-06,534.6942138671875,542.0075213255393,531.5860358789448,537.3909513555684,1773116
2014-02-07,550.00634765625,551.9717651874444,535.7910643274366,540.224789615763,3201995
2014-02-10,559.1481323242188,561.9363198660795,552.1547591653516,553.5260044281795,1472255
2014-02-11,556.0855712890625,570.8036351422264,554.897170057715,563.9931068216712,2483629
2014-02-12,558.5995483398438,566.4613872535477,557.6396879051301,561.2963415963113,1815098
2014-02-13,562.484619140625,569.7065309103368,557.9138030322239,562.2103813333399,3135266
2014-02-14,556.771240234375,572.7234036583013,553.2517332565944,569.0667498440424,3027378
2014-02-17,553.1602783203125,561.4791991485192,549.5036245398547,557.6397015198169,998680
2014-02-18,557.4112548828125,559.3767289404939,552.1548141848606,553.0689777845043,873040
2014-02-19,569.7979125976562,571.9919266007023,558.7365601728591,560.3820427770967,2157227
2014-02-20,566.4613647460938,574.8259262546536,564.7701290034566,567.1012344797404,1270381
2014-02-21,562.3475952148438,570.6207621986982,559.0565737465673,568.6095917118796,1461648
2014-02-24,567.3297119140625,570.3921923941049,559.4679299875786,559.4679299875786,1215618
2014-02-25,565.9127807617188,571.2606695543574,563.3074376702974,569.0666553118235,1202575
2014-02-26,574.185791015625,579.5793753443613,567.421017904083,568.6094187132378,1924757
2014-02-28,589.3612670898438,592.2866016847394,574.871740969859,574.871740969859,2932048
2014-03-03,571.4434814453125,597.2685957971379,569.1123760878195,593.2920075870676,1842188
2014-03-04,566.2328491210938,574.8259518590329,563.4446060312724,571.489288827447,1535706
2014-03-05,570.1637573242188,573.8204111396108,566.8270383992299,571.3521586549994,1050698
2014-03-06,567.695556640625,575.9230284759964,565.6386886817821,570.6665881367313,1490879
2014-03-07,559.7423095703125,572.2663608961113,556.1313525236463,572.2663608961113,2382533
2014-03-10,545.7555541992188,558.919529583773,542.0075065474489,555.8113516802764,2709056
2014-03-11,530.443359375,544.84143418785,528.3864915445929,544.84143418785,3466509
2014-03-12,552.4288940429688,555.308530876364,531.8602189361521,531.8602189361521,2633927
2014-03-13,523.7700805664062,558.4168498298662,516.9595501348483,558.4168498298662,8061906
2014-03-14,532.0888061523438,533.6428951217699,505.1209853282029,521.073148127467,7116344
2014-03-18,529.6204223632812,535.6996299015915,522.3985666323662,534.7854667106332,2274732
2014-03-19,535.0598754882812,537.208193151189,528.3864932210098,531.2661305111603,1529578
2014-03-20,539.539306640625,544.7500497284207,531.128991315986,531.128991315986,2142868
2014-03-21,530.5804443359375,542.0531835149653,529.4834371284378,539.4020874131833,3117102
2014-03-24,529.5748291015625,537.3452177468528,529.3005912497731,530.2604516290882,2238185
2014-03-25,529.5748291015625,535.6083408214504,525.7353317881982,531.1289179898414,1847387
2014-03-26,517.9649658203125,533.871431473761,514.9025407150615,533.597193609965,2802852
2014-03-27,512.4341430664062,524.5011078172366,508.27471188912165,520.1131358522322,4290306
2014-03-28,514.8568115234375,521.8501276956092,511.1544611033345,517.4164577523912,2223819
2014-03-31,525.4154052734375,527.472272888688,517.4164756585744,519.244802427686,2390417
2014-04-01,522.9928588867188,528.3864452658331,521.3016789149505,525.6439550654915,1186522
2014-04-02,525.8724365234375,531.5859571288638,521.1644732261263,522.9014058086159,3765317
2014-04-03,528.88916015625,532.7743541379123,525.8267354538499,528.7063163390695,2438673
2014-04-04,522.7186279296875,534.4199084464683,521.2559887886299,530.2147790688477,2519378
2014-04-07,537.6195678710938,543.7444748886232,524.5013430900334,530.2148653459161,10031924
2014-04-09,575.9228515625,580.4022738375361,542.0988110739087,545.7554640997024,13263006
2014-04-10,562.576171875,587.8070590914311,558.5538306452013,579.396744753919,6187333
2014-04-11,574.23193359375,580.0368505996632,564.1303803687885,566.7814773393084,4707211
2014-04-15,563.490234375,579.4880908172288,561.7533019285485,577.7511583707773,2743702
2014-04-16,561.1590576171875,570.1635986086759,559.5592720182833,564.4043816118395,1792061
2014-04-17,571.3978881835938,572.2663546733909,561.3877866351163,561.7534743559085,2033985
2014-04-21,567.924072265625,575.237380238462,566.2328921153512,574.7346014745518,1324788
2014-04-22,566.7355346679688,569.84365633174,563.7645040180721,563.7645040180721,1194987
2014-04-23,571.9005737304688,580.4937316033534,563.5817095015234,563.5817095015234,3220766
2014-04-24,571.9005737304688,571.9005737304688,571.9005737304688,571.9005737304688,0
2014-04-25,568.609619140625,578.3911784104644,567.6954557658008,573.1804360147459,1463948
2014-04-28,582.0022583007812,583.9676764957135,567.7869701713487,567.7869701713487,2305579
2014-04-29,584.561767578125,588.6755026690391,578.2083211118259,584.150382909813,3027198
2014-04-30,578.482666015625,582.322163970256,569.0210958739572,574.0946922658097,2049214
2014-05-02,575.8314208984375,586.3442976783549,574.6429641038328,577.3854536985938,1531545
2014-05-05,572.8148193359375,580.4024209242012,568.8839274962548,568.8839274962548,1359208
2014-05-06,572.357666015625,575.8315314729357,566.9641355878875,573.1804353704837,960261
2014-05-07,576.6084594726562,582.7790612981663,570.209316838794,571.3520208805552,1768031
2014-05-08,570.6209106445312,577.2942935356809,569.706747075987,571.4436243785514,1806184
2014-05-09,570.5293579101562,576.9742545428938,565.5014591899876,568.2439494009886,1831135
2014-05-12,560.7021484375,570.529405852722,557.7311171259213,570.4380118231178,2231158
2014-05-13,556.8169555664062,565.8671963728822,551.6519653615094,565.2272707751123,2154826
2014-05-14,559.605224609375,565.6843785779777,555.21719504886,555.21719504886,1461829
2014-05-15,568.06103515625,575.7399725634306,560.6105827531196,566.7811843570064,2847444
2014-05-16,560.8391723632812,580.082298250919,558.5537641629419,568.792404059682,2621959
2014-05-19,534.099853515625,569.1122931730915,525.4153030519564,560.3820457083066,3938456
2014-05-20,536.9794921875,548.4065323192046,525.0496176531249,532.0429885321659,3371837
2014-05-21,527.3809814453125,536.0655352877552,525.6440483583776,533.9629144574291,3153096
2014-05-22,530.3062133789062,537.3452833467297,522.9015114960947,527.5637229339967,2152294
2014-05-23,534.1456909179688,536.5225493578122,530.2147992551266,530.2147992551266,2115095
2014-05-26,540.3619384765625,554.8971581840083,535.0141051518796,552.1546681106113,3707295
2014-05-27,541.6417236328125,546.5782274830945,534.0541798449393,540.5904135807406,1672637
2014-05-28,533.962890625,546.9440237903807,532.0431695481684,546.6697858931353,2276191
2014-05-29,536.2481079101562,540.3618422879753,531.9058327335695,534.7854691164802,3306080
2014-05-30,558.2338256835938,563.170273886393,539.3563317537725,541.1846583020903,9956155
2014-06-02,547.7666625976562,561.2962683297728,545.207016507164,561.2962683297728,1471220
2014-06-03,551.377685546875,554.0287259701682,546.2126399386359,546.6697216456976,1878542
2014-06-04,544.8871459960938,555.628567179845,542.3731963573434,550.3264300100669,1591163
2014-06-05,546.5326538085938,551.1949213721502,542.0989829277153,543.0131464739677,2201960
2014-06-06,548.1781005859375,558.5538327715161,543.9729155031205,557.6853663894915,3261294
2014-06-09,548.8637084960938,551.9718304698038,542.5102619289204,548.4980208304319,1395182
2014-06-10,556.7254028320312,562.2103821702779,550.4176542746096,551.2404234937846,2676226
2014-06-11,561.204833984375,566.781207416323,553.8000782807944,564.9528809407865,3687253
2014-06-12,577.0199584960938,579.0311291675793,563.1703604454684,564.0388268486221,2985927
2014-06-13,575.648681640625,583.6933080869884,571.3521026693309,575.9229194906856,3851552
2014-06-16,589.955322265625,592.6521154292204,571.3521195708406,571.3521195708406,2457802
2014-06-17,594.0233764648438,598.182808847773,581.4993265083775,590.9609513401647,2844843
2014-06-18,578.9854125976562,594.8461823124652,576.791453742807,590.5952998497725,1600870
2014-06-19,587.3955688476562,589.6352799072984,574.2773488921878,579.1224028236799,1386711
2014-06-20,577.1112670898438,587.4870537880429,571.3977465939518,587.3956039824494,1819652
2014-06-23,579.533935546875,583.1905893800647,574.6888803771205,578.6197720885776,1271054
2014-06-24,573.9117431640625,582.3220571900786,572.3119572926612,577.5683965844083,1371690
2014-06-25,578.482666015625,581.7736881750716,571.3522016976609,574.0032982319834,1118293
2014-06-26,580.630859375,586.2072333504192,572.4033894332398,576.0142899374645,1832085
2014-06-27,604.1248168945312,617.0145533802925,594.7546427219762,595.1203303739801,4533478
2014-06-30,628.898681640625,630.6813113149102,607.2329992983109,610.6611118272814,2956224
2014-07-01,620.9453735351562,628.9443017919581,619.7112754939736,627.6187539501832,1231691
2014-07-02,633.880859375,636.6690463020541,622.5452120500681,622.5452120500681,1901849
2014-07-03,646.17626953125,658.1975385609052,633.8808184825104,635.3434573608738,4107204
2014-07-04,648.8731689453125,652.5298225384629,644.2109579324881,646.7249072777789,1825657
2014-07-07,661.3971557617188,676.4808503989937,646.4048551371387,654.6323249392887,2557235
2014-07-08,663.7284545898438,680.9604715113123,657.6949972940162,669.1677390376932,4496355
2014-07-09,662.2200317382812,671.9101420811437,651.6613991544042,667.3393247880747,2606698
2014-07-10,663.9110717773438,676.9378983147994,651.8898025138141,659.340255448412,1489631
2014-07-11,680.1832275390625,688.9134763483503,657.329143851868,659.1117735386897,3129956
2014-07-14,674.652587890625,683.7942218728828,661.854300315464,682.422976775544,2311905
2014-07-15,676.2067260742188,683.4285839684989,670.0818197008147,673.9670144262287,1205297
2014-07-16,680.9603881835938,688.3650899402038,674.195556216335,681.9659456778114,1970017
2014-07-17,679.223388671875,684.7997629495279,676.480898542648,677.7149967823583,842445
2014-07-18,678.5377807617188,680.9603360798492,669.4418438112156,680.9603360798492,1449855
2014-07-21,679.8634033203125,686.9481704162496,677.4865447523955,686.3539418252424,1201953
2014-07-22,686.1709594726562,692.7529464763953,681.5544459075958,684.7083204923146,779530
2014-07-23,684.5712890625,690.1477196816813,678.309291640062,687.4509262982839,1430470
2014-07-24,683.9771728515625,688.4108437090159,677.6237250794529,682.3316896362248,888943
2014-07-25,715.0585327148438,717.6181787537264,685.6681607824777,685.6681607824777,2015432
2014-07-28,721.4120483398438,724.2459324785601,707.9738355934536,715.7899212757496,1371299
2014-07-30,722.6005249023438,731.3307748681098,713.4588902164924,717.6183228393327,2397895
2014-07-31,723.0576171875,726.2571893742362,714.8758428650524,716.2470880879393,3352328
2014-08-01,702.8088989257812,721.9606357175231,699.4264827622474,714.9672625117856,2204427
2014-08-04,696.3182373046875,709.4364591049117,693.8499850917807,703.9057819771689,1318303
2014-08-05,707.3797607421875,712.956192008173,697.0497235394491,700.5692309726444,1194951
2014-08-06,694.581298828125,706.6482661492737,693.0272099813835,704.3628577852721,1290762
2014-08-07,693.7127685546875,698.4207316690632,683.976963299001,690.4675001361253,1489169
2014-08-08,695.1298828125,701.4375768958682,679.4976549444514,680.2747273245615,1242359
2014-08-11,698.8780517578125,703.9059514107464,693.438767337688,698.4209699711821,819734
2014-08-12,717.8468017578125,719.4465876897783,700.2491565061883,703.4030313598563,1917318
2014-08-13,733.70751953125,735.9015340007504,710.7620406032092,710.7620406032092,3490582
2014-08-14,744.906005859375,746.5057917700472,735.9015189091766,735.9015189091766,1775320
2014-08-18,746.14013671875,752.7678209999392,738.0955104056306,741.3864761440559,1077465
2014-08-19,740.2437133789062,747.694166403166,734.0731112605888,743.6718256668604,1360329
2014-08-20,774.250732421875,776.8560758931461,735.9015651649282,735.9015651649282,2512702
2014-08-21,786.1805419921875,792.9453736254469,766.9831101528433,772.4680906783702,2023695
2014-08-22,783.1180419921875,789.8371201752375,772.1480819897537,779.8270205137962,2090452
2014-08-25,780.2841796875,795.6878668653195,777.6331392345741,786.4090857898099,1289107
2014-08-26,790.70556640625,800.3042811644369,776.3074942689695,776.3074942689695,1767734
2014-08-27,788.3745727539062,798.3389207694538,781.6097409813552,790.888522213203,1717217
2014-08-28,781.83837890625,792.0313248432927,776.9018734003222,787.0948193373648,2416622
2014-09-01,770.0455322265625,787.140399288902,766.9831070971205,787.0947022772596,1923611
2014-09-02,789.4258422851562,793.0367991002236,769.7256309422343,769.7256309422343,1949092
2014-09-03,789.197265625,803.0011666799162,783.4837442767996,792.0312056913715,2005404
2014-09-04,790.2941284179688,798.5215976554027,785.3119275538588,790.431275223698,1095221
2014-09-05,784.2149658203125,795.2306782395226,779.4613612897139,794.4079089497883,1179280
2014-09-08,793.493896484375,797.4247882685663,784.4436557613279,784.4436557613279,1497366
2014-09-09,786.546142578125,797.0590207545387,784.5806691223551,797.0590207545387,905961
2014-09-10,785.5405883789062,793.4024269956685,782.0667786627114,786.1805139099145,790089
2014-09-11,753.031005859375,779.0386664071418,739.9356217521491,778.3976218927312,4483422
2014-09-12,738.1956176757812,750.6500125870626,721.7119040911163,746.3459206389998,7549698
2014-09-15,728.3055419921875,746.117124916396,725.7414194492101,736.2726829491039,3131125
2014-09-16,731.0068969726562,742.4539201009471,727.3896264853828,728.9464328095638,2739568
2014-09-17,725.64990234375,743.4156533503647,720.5216011044574,737.0969284667036,2736588
2014-09-18,737.2340087890625,745.1553705325553,732.7468096094761,739.9355172150531,2993635
2014-09-19,739.1572875976562,755.2746757193134,738.3788563962665,739.8441090669372,4584243
2014-09-22,731.0985107421875,743.0492485828853,721.7577838186002,732.6095402764767,2569290
2014-09-23,714.8436889648438,739.3403188365729,709.7154448818744,737.1883008127857,3581317
2014-09-24,714.8894653320312,728.9463864827442,708.8911808790824,708.8911808790824,2198773
2014-09-25,709.028564453125,723.2686490796826,704.26659197616,714.4315813605078,3043090
2014-09-26,738.6535034179688,752.2526007500605,684.9898800892963,703.6714446310174,10008066
2014-09-29,765.393798828125,769.0568464950638,739.9356287216348,739.9356287216348,3873334
2014-09-30,785.036865234375,788.4251953415044,762.8296398252952,765.9890294642898,4054880
2014-10-01,788.287841796875,792.5003801236073,777.8939664646674,787.5552434468215,2624246
2014-10-07,765.53125,795.6140091429523,761.3645441063784,784.9454154499367,2390185
2014-10-08,733.3421020507812,761.9138838748208,727.3438729177602,758.2050594409429,2857203
2014-10-09,746.1171264648438,749.8717284933871,732.1517552729581,732.1517552729581,2228504
2014-10-10,752.1610107421875,759.9908196660507,732.701070456843,740.0271656230904,1649139
2014-10-13,736.1809692382812,757.9303130477343,732.1515947645368,745.0638144160504,1376229
2014-10-14,735.2652587890625,746.895390313609,730.3201221250421,730.3201221250421,1349464
2014-10-15,735.2652587890625,735.2652587890625,735.2652587890625,735.2652587890625,0
2014-10-16,729.541748046875,744.5144329197105,725.2834328073933,734.3494980749542,1845073
2014-10-17,731.0985107421875,739.0198737538958,725.2376679561789,728.0307306497486,1611523
2014-10-20,734.0289306640625,746.3459392450616,730.915373778874,734.4410346926863,1411387
2014-10-21,730.1827392578125,739.4319681189221,725.3749892126878,732.8384711640167,1306472
2014-10-22,738.3331298828125,746.3460475714631,730.1828255334566,738.1041893774225,1356157
2014-10-27,737.3714599609375,743.9191237158354,723.4518685270009,737.5546235114501,2192544
2014-10-28,768.0037841796875,776.5203591631737,737.4173125944566,737.4173125944566,3457424
2014-10-29,760.4486694335938,777.939698568364,756.4192948999042,776.5660557810155,2776661
2014-10-30,758.8460693359375,768.1410184544546,754.1298735132693,755.0456353511726,2576515
2014-10-31,774.1851806640625,778.3518863889177,758.7087812361157,759.8992606012637,1809448
2014-11-03,781.3739624023438,786.5480402975514,766.0349481975512,776.5662116814386,1128086
2014-11-05,798.0866088867188,804.2680025872182,785.7238214857197,786.1817025005714,2418354
2014-11-07,818.9659423828125,820.9806299540732,765.6685830018162,780.2292211052653,3679261
2014-11-10,834.4879760742188,853.9479151596257,820.9804889443479,821.4383698640046,4417508
2014-11-11,840.0283813476562,846.1639972684889,833.434884475921,834.2590925450144,3176824
2014-11-12,829.7261352539062,846.9424493915815,815.1197204157696,843.6457286033561,1547850
2014-11-13,831.7864379882812,846.8507308897902,824.8724475252538,828.0776138492487,2563302
2014-11-14,812.0518188476562,840.4862130540027,806.0078130073284,840.4862130540027,2904816
2014-11-17,809.39599609375,814.1121914387393,796.712718280881,810.4949213666628,2514180
2014-11-18,793.8740844726562,821.3469439298665,792.1341143495627,808.5262761831684,2217575
2014-11-19,778.4891967773438,800.1012119293356,771.3462648796738,793.5077148339199,3822835
2014-11-20,779.3592529296875,788.3337095122615,771.4837219456011,781.1450000405204,3411098
2014-11-21,770.1558837890625,784.8080765840982,768.3243596896831,774.9636345499337,1813772
2014-11-24,765.393798828125,781.7859594951448,763.1501709533907,769.2400100571451,2455772
2014-11-25,769.1941528320312,773.8187388499755,762.1885525429645,765.5768824598574,2901233
2014-11-26,768.8736572265625,774.0019573250208,764.2948477959762,770.0641923934508,1551361
2014-11-27,771.0255737304688,780.2289676276264,769.2398272385049,769.3313810509509,3360445
2014-11-28,768.9652709960938,777.4360684872341,767.4542415185845,771.0257352506954,2172117
2014-12-01,765.2565307617188,784.3501459321949,759.1666911591238,781.9691871111205,2948295
2014-12-02,769.6062622070312,775.924985280734,760.9980786708571,760.9980786708571,1849996
2014-12-03,771.6209106445312,775.5587313052386,766.5384435676735,769.2857291112364,1359511
2014-12-04,768.6906127929688,773.1320359484989,765.5769997665917,769.240047612365,1007007
2014-12-05,752.3441772460938,773.4983106576701,750.1463822238157,766.8590368872606,1735099
2014-12-08,758.067626953125,768.8278283883138,750.9704728150217,751.8404577268127,1706311
2014-12-09,768.7362670898438,782.4726943203716,762.6922055722122,779.862739610372,3486844
2014-12-10,763.1044921875,771.4379602378472,751.8406303416292,764.7528526709018,2464142
2014-12-11,764.47802734375,772.9030480510022,758.342411399682,758.342411399682,2333233
2014-12-12,772.3077392578125,780.2291016733484,764.2032691859263,766.8131681192679,2549233
2014-12-15,773.0862426757812,780.183397726838,766.4927455141294,768.324269398273,1424914
2014-12-16,760.2199096679688,778.8556455551129,755.5037126195981,769.2401437581362,2031081
2014-12-17,743.0033569335938,765.7142955986337,731.0984528468448,760.3112783094882,2794594
2014-12-18,743.5986938476562,751.8405512917806,738.2415088664447,749.5511464461905,2210484
2014-12-19,739.7982177734375,750.9247470537135,736.5472742545609,747.4448630631741,1835976
2014-12-22,745.88818359375,746.8039456362224,737.4173847008806,740.851492360152,1371848
2014-12-23,744.7890625,753.0766956306148,739.157160953051,744.9722260391605,1483001
2014-12-24,735.8147583007812,747.261783165448,732.6095913386746,743.6445121294781,3936246
2014-12-26,742.8202514648438,743.8275671484517,735.8604278266691,736.7304127681494,687527
2014-12-29,751.5657348632812,752.7562140473968,741.767072236486,741.767072236486,875126
2014-12-30,751.2911376953125,758.9835046574475,747.8111975168382,752.7563344803835,1080563
2014-12-31,756.9228515625,759.1664789939888,747.0784129024453,750.3293558858708,1282191
2015-01-01,752.9396362304688,760.0825696824828,749.1849779524528,756.8774022199663,587479
2015-01-02,756.648193359375,760.5401810407999,754.5877292927382,754.5877292927382,710310
2015-01-05,757.1062622070312,760.7235334229218,755.0000207059047,756.5109945269899,792287
2015-01-06,740.4392700195312,755.1372372753185,735.997847180275,753.6720405988157,1709888
2015-01-07,741.5838623046875,746.5289981677222,732.6094082325709,740.9428178937516,1730518
2015-01-08,749.8258056640625,751.840492950581,745.7964869846942,746.3459217475316,943536
2015-01-09,760.128173828125,765.5769684545925,750.9247776707725,750.9247776707725,1766875
2015-01-12,764.9359741210938,766.7217211687798,760.1740006251563,762.3260748239436,1188646
2015-01-13,762.9212036132812,772.3535957384904,756.5567032309938,766.5384742357609,838422
2015-01-14,751.52001953125,767.1795255374835,748.1774662657403,760.9981327623382,996066
2015-01-15,756.3276977539062,763.6537922001728,750.3752460163147,756.4192515770186,2224116
2015-01-16,778.1687622070312,782.4270778793154,756.6025782107439,759.0751467980806,2005202
2015-01-19,790.302490234375,793.1871624692911,781.2364254049257,782.976395307521,1382755
2015-01-20,798.8189697265625,800.8336567713864,782.5184216250997,792.1339200769003,2053198
2015-01-21,811.3194580078125,813.1967591672434,799.4603274245535,801.2918516569121,2358508
2015-01-22,842.5467529296875,849.2318038432213,810.7240258466293,810.7240258466293,4797782
2015-01-23,848.72802734375,859.6256151505227,840.6693346608107,843.8745009694303,2835629
2015-01-27,837.0062866210938,860.7703165501739,825.1013832008812,860.7245396388291,2261868
2015-01-28,833.114501953125,854.4975228719444,816.8597260150453,837.9222525826979,1939863
2015-01-29,842.3177490234375,854.4058167738918,815.9438185911442,824.1856753445902,2668139
2015-01-30,840.4406127929688,849.6440101226168,833.8013379983634,845.7062445266212,1873464
2015-02-02,850.8342895507812,864.0670591054419,844.3324029484494,847.0796884244205,1750030
2015-02-03,861.9608154296875,867.8217134511646,841.6308917914175,857.1530658615538,2275229
2015-02-04,878.1697387695312,884.5800710007587,866.3106129630281,867.6842555840054,2769365
2015-02-05,878.7192993164062,884.5344207809536,870.8895464341392,879.131403340456,1850360
2015-02-06,848.7738647460938,881.7871247926179,842.7298587765574,877.9866906840798,3120503
2015-02-09,862.1441040039062,868.3254972022386,838.7005644118046,848.7281690011673,1350099
2015-02-10,842.0889282226562,862.6477961134368,834.2591743729733,862.6477961134368,1515424
2015-02-11,847.8582153320312,858.0689838689453,842.6841936293259,846.8966764221193,1046438
2015-02-12,845.7977294921875,853.673315936477,841.5852468057981,851.3381341017682,778562
2015-02-13,861.3197631835938,871.805247135118,849.8269635938965,849.8269635938965,2046667
2015-02-16,837.6932983398438,852.4828771533829,830.8708601891138,840.6695248712506,2869370
2015-02-18,840.4862670898438,849.3691687667314,834.9459187310699,842.4094006308013,1309654
2015-02-19,839.4790649414062,848.7282390964284,832.931344062714,844.973637127046,1190354
2015-02-20,836.2737426757812,843.9661087722732,833.343293541736,837.7389392959697,1146633
2015-02-23,832.1069946289062,846.1639161160081,828.0776202899353,837.0062979762243,2440626
2015-02-24,833.7554321289062,836.9148218592117,828.7645186005884,830.5960423986008,1469026
2015-02-25,815.7149047851562,837.6016363476372,811.7313629149337,836.5484878150326,1407691
2015-02-26,792.7750854492188,818.9200764310742,787.73839501548,815.1196422008759,2614022
2015-02-27,804.8632202148438,809.4420300786359,795.3850502605891,796.8503029532077,2160310
2015-03-02,847.2630615234375,853.4902322970836,832.7940322834031,835.2665451083757,2019863
2015-03-03,863.6092529296875,871.2558983690822,854.4974108004429,858.481008621542,2114707
2015-03-04,921.5311889648438,948.6834957687556,858.801498803028,867.1349656308001,7567230
2015-03-05,951.2476196289062,957.8410602197033,920.7985381823011,932.2455612825286,3792463
2015-03-09,953.30810546875,961.4584084589475,923.08796379683,938.0606479949955,3154190
2015-03-10,938.33544921875,966.5866813566417,932.0166697780409,957.886943343484,2094814
2015-03-11,924.7821044921875,948.1798650471076,922.2179824281833,942.6852938126689,1845619
2015-03-12,948.8666381835938,952.2091912053128,924.9194440808652,927.3462352767617,1990646
2015-03-13,926.3848266601562,956.6965268239225,921.7602396898812,956.6965268239225,1499576
2015-03-16,943.097412109375,945.8905307429657,925.0569465956426,928.6741615458436,1445672
2015-03-17,954.1323852539062,962.4657965295665,939.7091347350284,945.982081650849,1818956
2015-03-18,956.5133666992188,959.7185335574736,944.1505802459498,955.5060509012369,1489193
2015-03-19,959.4896850585938,984.4442008475193,948.9125886973349,961.5501496650188,2661474
2015-03-20,940.1670532226562,983.986241333115,935.2676931242062,961.550072963956,2371025
2015-03-23,937.9690551757812,957.8410421887606,928.0330616692916,949.553464692607,1972135
2015-03-24,949.7824096679688,961.3668192398961,943.2346901892852,946.8977375298261,2573597
2015-03-25,963.4271850585938,977.8504324901918,954.3152886563973,968.8759227067131,4242685
2015-03-26,941.1284790039062,964.2973002587744,934.0771569458213,964.114192589997,2974909
2015-03-27,926.0185546875,953.8119651970954,917.6850868693219,949.5536494977379,1999967
2015-03-30,925.6520385742188,939.3426889929664,924.0036784732177,935.1302069688899,1613058
2015-03-31,937.6486206054688,946.2109719110722,925.2400022932475,929.4983174350236,1939047
2015-04-01,990.0759887695312,1001.8435066871361,933.11558808811,937.6486206179421,4104961
2015-04-06,1070.800537109375,1081.5149076522935,998.1805667578323,1009.8106992886019,4805720
2015-04-07,1055.0037841796875,1099.6471870692376,1040.0768170626964,1080.5992904547493,3978093
2015-04-08,1053.5382080078125,1074.4634563535117,1041.2670882704142,1063.5200348371634,2732857
2015-04-09,1019.6551513671875,1064.3902143734426,1012.832769200983,1062.1923632220457,3143647
2015-04-10,1025.4244384765625,1033.5289093367915,1005.827110485337,1019.2430453444198,2880186
2015-04-13,1053.99609375,1060.3607059045803,1018.9682017509698,1025.7448620376617,2036205
2015-04-15,1023.1809692382812,1063.56605273553,1018.6478800801325,1063.56605273553,3103257
2015-04-16,996.3031616210938,1032.292650712158,991.3123037444323,1027.6680081829845,2725037
2015-04-17,950.331787109375,1012.099874449879,942.0899310901176,998.1803401100639,3749872
2015-04-20,955.8722534179688,977.0263295669591,950.3776823773304,959.7184084314819,2941375
2015-04-21,871.9884643554688,892.1810024232661,851.6585396496151,870.8895389320257,265709391
2015-04-22,886.2742309570312,896.4392201531865,868.1421590666503,881.8785856341606,10905987
2015-04-23,862.6476440429688,898.1791918757717,857.1530730618033,897.4465935903496,9450660
2015-04-24,867.5929565429688,875.4684875251592,859.2137117369043,866.3108673627621,10416821
2015-04-27,848.36181640625,876.6588245756915,844.1950551942058,871.3474169229453,7641311
2015-04-28,846.9424438476562,855.5048518867733,835.4038652707213,844.3325445652015,5553353
2015-04-29,861.2741088867188,867.2265615265526,850.7428465239359,855.5048198145377,7229944
2015-04-30,859.7630615234375,864.3877039628239,843.4167335083505,847.9955431365174,16367861
2015-05-04,867.9134521484375,876.6131913153172,862.6935974695742,869.0581546703953,7780934
2015-05-05,877.7120361328125,879.131455950665,870.0196135357751,874.4610924483961,4329997
2015-05-06,858.2062377929688,877.0251325814759,847.0797089877171,876.8877459468757,5151640
2015-05-07,849.735595703125,857.1532456638993,842.5468303523227,854.4059596201047,3690081
2015-05-08,861.0451049804688,866.5396762433061,842.5924807986389,854.7263256707381,4998817
2015-05-11,883.1608276367188,886.8696522744307,868.8749079927215,870.4317144524335,5241168
2015-05-12,869.6534423828125,884.0766944919044,863.5636024681687,881.1920217126144,4197503
2015-05-13,873.6825561523438,881.8328587354237,863.2429049051732,872.6294635919753,2584318
2015-05-14,864.845458984375,872.9041515776845,859.9003229486107,872.5378245033079,2701006
2015-05-15,866.6312255859375,871.8053025224511,848.2244343082147,849.2775828189394,2563043
2015-05-18,876.3383178710938,879.1313803486763,863.8381461992939,867.592803339067,2137699
2015-05-19,876.4299926757812,896.0273214252757,868.0049712724377,876.338438835158,2047194
2015-05-20,884.0306396484375,887.6936868831438,875.4682890947779,880.4134252190972,2163245
2015-05-21,898.59130859375,903.5822218176666,881.0544469399057,884.7174943125171,4649220
2015-05-22,919.1961059570312,923.9123026065853,894.4705319985358,895.6152344966142,4813876
2015-05-25,917.73095703125,924.9196667370313,909.8095929735056,918.5093324131113,2000807
2015-05-26,911.0455932617188,915.7617888316673,899.2780766326973,915.7160119209585,2570872
2015-05-27,893.37158203125,919.4250213549535,889.296430070613,912.1904794071407,2738544
2015-05-28,874.3694458007812,896.3019543555724,866.8144101701978,891.1278772935229,7781595
2015-05-29,884.7173461914062,896.5306943477311,879.1312222408804,883.2063729393744,7065774
2015-06-01,803.7186279296875,840.4864426401872,795.888817274284,838.4259779190141,14265602
2015-06-02,788.241943359375,813.5627786519394,784.6704500996717,812.4638533494413,7192196
2015-06-03,771.4378662109375,790.30253946527,769.697896199953,789.0204504157371,6496553
2015-06-04,761.501708984375,771.5293118121801,749.6425825676982,764.6610983539114,6628714
2015-06-05,776.474609375,788.1047418686012,760.0824474873801,761.501867385278,4696506
2015-06-08,759.67041015625,782.0608038334979,756.0073618947348,778.3977555719827,2678221
2015-06-09,742.3624267578125,756.8314539921113,740.3935162618612,754.5878260974318,3709907
2015-06-10,753.763671875,760.9066601144376,742.8661377263966,742.8661377263966,4205596
2015-06-11,750.5126342773438,769.2399758197854,747.261690796363,758.2508333080742,4107146
2015-06-12,745.0181884765625,755.2747343933468,739.248898865146,755.2747343933468,2398615
2015-06-15,767.1337280273438,776.474510259982,741.904499741855,747.6280114170415,3946889
2015-06-16,769.33154296875,771.9872748125246,762.3717749483116,770.8883493635948,2221962
2015-06-17,772.8115844726562,777.436171455648,766.080700146609,775.3757069281457,3705966
2015-06-18,783.9379272460938,789.3867214791205,773.8187698954256,775.6502936111544,3919775
2015-06-19,774.6887817382812,790.1193472216174,772.2162134574598,788.4709869989599,2333016
2015-06-22,784.7164306640625,789.386794212024,778.5350375539335,779.2218590106146,2429207
2015-06-23,785.4489135742188,793.6907698427968,783.8921073225322,787.5093776413632,1899146
2015-06-24,797.7201538085938,806.557278335735,786.6394573833624,786.6394573833624,5168452
2015-06-25,793.1414184570312,804.4053353830534,788.3336681230327,797.3997339674713,6719110
2015-06-26,794.1487426757812,799.826477719001,788.4710076325616,796.438147459848,2614534
2015-06-29,777.9854125976562,782.0605637161276,765.8515689568616,780.2290401477057,1794757
2015-06-30,800.9254760742188,803.3980448172878,778.9471866134818,782.6560676749255,4010634
2015-07-01,799.5517578125,811.731436791855,796.3465909008119,807.1984038380182,2251368
2015-07-02,797.7201538085938,810.3118796980248,794.4234333877379,808.4345790168799,1914607
2015-07-03,797.628662109375,807.4273261980642,795.5681977124219,800.7422751111292,1407939
2015-07-06,804.8632202148438,806.1452534405005,788.9289395313773,789.4325974376594,1381867
2015-07-07,810.7698364257812,816.6765123011356,801.2917224096061,805.4126512677127,2556817
2015-07-08,797.9033203125,813.6544359347657,793.8740015491937,808.8924629475222,2485149
2015-07-09,798.9105834960938,810.7696535986161,791.4013258692448,797.6284946718773,2059496
2015-07-10,825.6052856445312,831.328798600158,804.8633082295481,806.7863862251662,3549894
2015-07-13,838.3800659179688,847.537685425538,831.5118512872917,833.2518213511994,3265149
2015-07-14,841.951416015625,843.8744934261407,829.2680816286917,838.2883688385175,1706366
2015-07-15,851.4296264648438,854.4058526396334,837.4642574908304,843.8745907903775,2417317
2015-07-16,862.052490234375,864.0214007865355,853.4901383498158,855.596379658425,1756860
2015-07-17,867.8218383789062,876.3841902944282,863.1971957945973,868.1423327054524,2256640
2015-07-20,868.1422729492188,873.3621269083436,865.3949872753287,872.5836957645394,1378923
2015-07-21,737.4173583984375,781.328157947499,728.2597383003507,781.328157947499,32687596
2015-07-22,764.2489624023438,766.4468129745285,740.0270527738846,742.6827842241361,10872729
2015-07-23,759.0291748046875,768.4157336161879,752.298347672932,768.3241797901278,3645770
2015-07-24,765.7601318359375,769.0568524040438,755.7783045093661,759.1666348060528,3052640
2015-07-27,754.3130493164062,769.0567927887516,750.1005112574021,763.4706678442401,3606126
2015-07-28,751.0620727539062,764.2032324036204,741.8128449130019,755.5034951863234,2689656
2015-07-29,759.8533935546875,763.7911583232697,750.6042212452038,753.6720010792501,2301293
2015-07-30,745.6591796875,765.1191214355619,741.9503549095455,764.6612404532545,4324642
2015-07-31,753.12255859375,755.7782343900951,743.5986131126726,750.0089459843336,3307416
2015-08-03,760.952392578125,761.9139314330499,750.9247881912271,752.7563120648642,2029186
2015-08-04,760.1739501953125,764.4780424136784,750.9247771271903,764.4780424136784,3069438
2015-08-05,770.97998046875,773.2693852618112,757.4266593788905,762.8296770479835,2246991
2015-08-06,774.1851806640625,785.1743241460581,771.1631214915744,773.8188535238596,3573927
2015-08-07,780.1832275390625,785.0367535945691,778.3974809628273,782.9762896743733,2261385
2015-08-10,769.8809204101562,784.3957219034326,760.9980201871217,782.7931388284296,2206976
2015-08-11,770.8425903320312,775.2840132529831,761.272867161649,771.9872927233768,2135240
2015-08-12,793.187255859375,810.3577928658527,775.6503917059556,776.5203767596855,5281162
2015-08-13,805.0004272460938,813.1965068212803,769.2399388849949,795.7054781874333,2580690
2015-08-14,822.0794677734375,837.6474200538319,812.8302390588833,813.1965661758902,4606523
2015-08-17,829.863525390625,840.6695056792263,814.6618428410477,832.4276477804103,2930882
2015-08-18,814.7991943359375,837.9221835542376,811.1361465389791,830.7334746101761,1790875
2015-08-19,849.5979614257812,851.6584253580993,820.7514663733295,821.4382876841022,5294282
2015-08-20,857.74853515625,884.6261286111353,853.2155018899106,866.3108878531408,7479776
2015-08-21,858.8930053710938,862.9681006224816,831.0996015028093,854.4057502417263,4481821
2015-08-24,816.0353393554688,860.8161149255517,801.4747598838851,832.4274983694962,6095598
2015-08-25,815.5776977539062,844.0121554594858,778.3977791316779,838.7006906045826,5366573
2015-08-26,799.3685302734375,824.5061479966911,795.4307096574402,817.6837670225719,3455259
2015-08-27,826.0172119140625,829.5428727781792,805.8704506478658,820.5226406596452,5115937
2015-08-28,811.777099609375,839.2957319044311,792.1339968328782,834.2590417511585,4988409
2015-08-31,823.22412109375,834.6253672337626,796.7128045231262,808.0682737496585,13512125
2015-09-01,825.971435546875,838.8378787307691,807.7019749350856,809.2587813036037,4315484
2015-09-02,815.16552734375,839.7537135004427,812.0061374173854,837.0064276329385,4877084
2015-09-03,810.4035034179688,825.9256787793742,806.8777865718381,822.3541850170435,2306749
2015-09-04,785.4489135742188,815.0280087816047,780.8243276244718,815.0280087816047,3075607
2015-09-07,766.0348510742188,793.0498278903448,761.9139224073521,787.6926429808871,2479603
2015-09-08,773.4525146484375,778.397651497775,746.3459834949255,771.0715559542665,3192919
2015-09-09,768.3700561523438,787.5552802630684,764.8443949877054,784.4875000753273,2164371
2015-09-10,768.9652709960938,772.948812864189,755.4120061890031,764.6611789299695,2478514
2015-09-11,774.7803344726562,780.1833519714789,769.5604805302405,772.9030337802416,2710761
2015-09-14,784.8536987304688,786.5936686392197,774.1392736833053,782.243799761011,2590701
2015-09-15,793.6908569335938,798.0865029137649,782.9764314300276,786.2731519417381,3818309
2015-09-16,812.4638671875,816.6763490428843,801.8868297448382,805.137772904283,5674983
2015-09-18,828.9478759765625,843.2337425837886,813.6088605817728,821.4386154702272,5214357
2015-09-21,824.1399536132812,836.0448586098356,819.6984747514405,831.7865433112917,3137037
2015-09-22,824.7351684570312,832.427590995315,816.4475342028641,832.427590995315,3447182
2015-09-23,821.2095336914062,828.9477333950281,813.4713339877845,819.6069502690924,1895163
2015-09-24,816.76806640625,825.0099235611317,813.425513091524,825.0099235611317,4615659
2015-09-28,788.4710083007812,819.6069133904753,784.991124204785,819.6069133904753,3862676
2015-09-29,776.7951049804688,788.4710703073193,769.4690090891115,788.4710703073193,2137288
2015-09-30,795.247802734375,798.544523823882,785.9070184558641,787.5553790006176,2861245
2015-10-01,815.9439086914062,819.6069565418727,799.6891338549613,801.2917172895404,2278061
2015-10-05,822.3084106445312,826.2003987259719,806.0536368926321,823.2699494623884,3142118
2015-10-06,833.2975463867188,838.746340833201,826.2461686261928,829.6344988117619,2368600
2015-10-07,848.1785888671875,850.4679933632156,826.9329039653148,837.9220455462493,2899026
2015-10-08,838.517333984375,855.2757641345038,833.8926920721334,851.658493761836,2018360
2015-10-09,829.863525390625,845.0651520465262,825.2847154468384,844.7904346286342,1963120
2015-10-12,816.8597412109375,837.8764912470624,808.8010464225699,833.3434579618308,2057784
2015-10-13,807.335693359375,821.2095089259072,800.3759250641125,818.6911636239321,1526300
2015-10-14,809.2587890625,818.6911253005396,807.3356555675385,809.6250602803476,1468468
2015-10-15,813.1966552734375,817.3175842697556,805.9163362012068,814.9824023505773,2180779
2015-10-16,815.486083984375,816.859727023091,806.7863447391738,813.1966789198483,1209569
2015-10-19,829.6344604492188,834.2590466200254,811.8686581747062,819.6068569977199,2000070
2015-10-20,826.52099609375,836.1822741806781,823.9110967064684,834.2591963051734,1880891
2015-10-21,816.8274536132812,829.001766054649,814.5304135300042,828.6802028750224,1272841
2015-10-23,812.7844848632812,830.4716901147335,811.3603315006068,828.7259736340604,1916780
2015-10-26,816.6435546875,821.5132677056089,814.1627405597626,817.7461449753913,1770689
2015-10-27,834.8822021484375,838.3736918215674,813.1521807615902,815.9086288319686,2896574
2015-10-28,828.3585205078125,833.8254867055334,822.3862167462853,829.6908148706299,1939812
2015-10-29,807.5474243164062,828.7720519964794,804.4693569940922,828.7720519964794,3272915
2015-10-30,817.3327026367188,820.5026288241146,805.5259403202715,808.7417960883391,2387217
2015-11-02,795.097412109375,806.8583019056966,787.9306584447957,804.0099386256179,1982404
2015-11-03,798.03759765625,806.5366453588215,792.754405841138,799.3698920256413,1547053
2015-11-04,783.2906494140625,803.5046016570061,780.9936093864553,796.6134815741843,2275409
2015-11-05,749.7080078125,780.9018256152569,743.322224703174,779.1560525936856,4038115
2015-11-06,738.1768798828125,755.5884001776848,735.5582203401456,749.7998699424446,3763950
2015-11-09,695.4976806640625,709.1880034131087,684.4718902771458,699.2188737036329,7903526
2015-11-10,672.5274658203125,702.159285495138,665.2687960880886,691.9603929822633,7024856
2015-11-13,680.4751586914062,691.3172331763965,676.2486272034179,684.6098310044706,4665553
2015-11-16,678.6834106445312,686.8149092111894,673.0785998109508,682.6802375169414,3357919
2015-11-17,692.1900024414062,694.2114088319377,683.5531657983393,685.4367273585773,3853257
2015-11-18,692.5576171875,699.4946673443068,687.7338327891791,693.7061372823383,2521801
2015-11-19,682.2208251953125,699.2189198298084,678.4537023299671,696.4624720512415,4059404
2015-11-20,666.9225463867188,680.8426307015129,665.1309001173545,679.7400403264669,5345428
2015-11-23,658.8829956054688,669.7250703298655,655.5752801140118,667.0604812372425,5781403
2015-11-24,648.8678588867188,661.1340298367381,646.8464525066202,658.7910602943845,9846509
2015-11-26,676.1566772460938,679.9238001935144,658.3316254576392,658.6531886067819,8438968
2015-11-27,679.7859497070312,682.0829895534158,671.6544510828595,681.7614264069517,4475863
2015-11-30,670.2761840820312,677.6267111178863,668.3007075091169,673.0326317204768,8738130
2015-12-01,670.0465087890625,674.2271100036138,667.9791729717497,672.5732525657781,3183165
2015-12-02,672.3895263671875,679.0050126728436,666.1415888874311,679.0050126728436,5136352
2015-12-03,667.8873291015625,672.9408167706813,665.2227404439974,670.5977912600302,3079014
2015-12-04,694.0736694335938,711.0717664279397,662.9257827794895,663.8445988332379,24605807
2015-12-07,714.2415161132812,718.0546245232647,700.1836440852701,703.1697957547526,7139702
2015-12-08,708.3153076171875,716.5386663105327,705.1913106493795,713.0012469888188,3655120
2015-12-09,697.5191650390625,712.4499245297617,689.2498213211368,709.7853357886218,4935349
2015-12-10,695.3599243164062,707.3504616716092,673.7677487283884,707.3504616716092,4496091
2015-12-11,696.2786865234375,703.8129882138035,687.7337097624437,697.9785296077678,2852880
2015-12-14,706.201904296875,710.2447168376832,692.4656509504254,697.2434489421953,2629235
2015-12-15,710.9338989257812,718.0087935301377,706.753297230505,712.082418956356,3549320
2015-12-16,720.4435424804688,721.7299072041415,712.817381538884,716.6764196298285,2864795
2015-12-17,737.1200561523438,739.6467998786372,724.0269295706412,726.8293068510613,3491346
2015-12-18,726.0026245117188,743.3222870119138,723.2921055742113,734.6853925181823,4125199
2015-12-21,692.9710693359375,695.3599686104974,671.6545259687915,678.0862382557704,12310649
2015-12-22,701.6998291015625,706.4776837809869,694.8087087216468,694.8087087216468,3734881
2015-12-23,726.2321166992188,729.0804235842802,707.4882497289171,708.407065637656,6651886
2015-12-24,726.645751953125,733.5828589612286,722.5570648250182,732.2964938799685,2053955
2015-12-28,745.7110595703125,748.8350564710579,727.3807248311888,727.3807248311888,4287383
2015-12-29,745.4813842773438,753.3373064167712,740.1063327841285,748.8350853123088,2702847
2015-12-30,744.3787841796875,758.9419949436086,740.9791538579925,747.9162032495126,1919186
2015-12-31,753.5670166015625,758.0232520756715,738.8199739243884,746.0786432550852,2590518
2016-01-01,749.3403930664062,751.4996443590663,740.7494857209373,744.2869049619941,986728
2016-01-04,734.2257080078125,754.6234306689073,730.5504446843744,747.8242271685875,2388588
2016-01-05,735.51220703125,741.4845110233839,727.7482006254604,741.4845110233839,1632394
2016-01-06,727.656494140625,740.3820759620214,726.5539034947067,739.6470342247726,2168214
2016-01-07,720.1679077148438,734.1339209310486,715.4360393694022,724.026945799332,2082334
2016-01-08,729.6776733398438,740.3818449843471,722.1893012825567,730.4586444270135,2315237
2016-01-11,718.7438354492188,739.1874920024244,715.8495425388679,725.4052516294768,3424538
2016-01-12,724.1648559570312,729.5399071481951,720.3517471085453,720.3517471085453,1787888
2016-01-13,731.9287719726562,739.3252853214742,718.0546733960113,730.4586888673434,3447651
2016-01-14,727.564453125,731.7451109382141,721.9137681714495,725.6808914738165,3233849
2016-01-15,723.2000732421875,734.134006407955,716.8602762967249,732.9854863728987,2370237
2016-01-18,721.224609375,732.7557386225751,712.0823792256999,723.1081709040334,4202772
2016-01-19,729.447998046875,732.1125306279309,717.8249539603197,722.1893296803984,2169752
2016-01-20,728.2534790039062,739.6468188946861,712.6336082943291,721.7299083748769,4222563
2016-01-21,710.3826293945312,738.17681404255,701.9754403664872,735.052817137683,3264178
2016-01-22,725.1295776367188,729.5398830943215,710.5203812233283,715.7576434892651,1970106
2016-01-25,741.7141723632812,748.7431367817826,729.9533394712132,730.4586770254674,2905098
2016-01-27,754.4857788085938,756.4152699713878,743.5977755897471,750.6726699867888,3609838
2016-01-28,766.4303588867188,768.8651875435403,750.6726426703596,750.6726426703596,4368190
2016-01-29,802.0804443359375,806.7204539541684,770.9784888583362,774.5618937168155,4709689
2016-02-01,801.4832153320312,816.1842718776793,791.9275622254082,809.2931516219068,3252050
2016-02-02,767.3491821289062,811.6360671545528,763.6279325749423,808.4202112496985,2676955
2016-02-03,767.1195678710938,785.5877486530085,761.9741641733868,768.8652847756061,2630864
2016-02-04,767.7626342773438,778.9722007971584,751.7293397929402,771.8054471468108,2287218
2016-02-05,787.9307250976562,790.1818357294137,768.6355872484496,770.8866978802072,2250196
2016-02-08,767.8084716796875,794.5919195078262,762.6171398020201,785.5875355791894,1198192
2016-02-09,784.7147827148438,791.008705875713,760.8714966290831,762.6172694369336,2340243
2016-02-10,786.27685546875,795.4650162104239,770.1516445831287,781.9584087041467,3530848
2016-02-11,762.9849243164062,789.1711835935072,759.8609270934198,781.9125138530837,2067334
2016-02-12,778.5586547851562,812.8764633716107,737.3038532328092,776.3994597846486,5260215
2016-02-15,781.1773071289062,796.6134033832946,776.4913122844899,785.5876123330067,3592947
2016-02-16,760.595947265625,787.5632331260889,753.6129674211901,781.5449428790132,1957372
2016-02-17,786.3226928710938,789.5844783359728,760.779620219825,764.408954503314,1975343
2016-02-18,799.783447265625,805.3422731891344,788.4360353244947,799.094335223535,2342525
2016-02-19,794.0406494140625,799.7373187610965,787.4251642394446,799.7373187610965,1561649
2016-02-22,810.80908203125,813.8870927877662,797.5321813900218,801.1615153208869,2302969
2016-02-23,800.3805541992188,825.5102041609646,795.9243192593495,812.8764848076416,2470030
2016-02-24,785.1741943359375,799.3699126209106,780.6260439619064,796.0162118198377,1716644
2016-02-25,804.2855834960938,808.5581004361119,786.0930374522972,787.8388103284524,3898475
2016-02-26,801.11572265625,817.7462704433466,798.542992896409,813.1521902723166,2409042
2016-02-29,784.5769653320312,809.2930808396367,766.0168718504348,809.2930808396367,3546392
2016-03-01,797.8997192382812,802.1262497833477,782.1879343058232,791.7436417295428,2354037
2016-03-02,782.6934204101562,805.8935253955002,780.993633169995,804.8828501846066,3184958
2016-03-03,800.1968994140625,802.9073618264908,783.3825212754883,790.0899231288377,2447143
2016-03-04,787.2415771484375,803.5046323817866,783.3825385384779,801.207592266344,1525260
2016-03-08,788.8953857421875,800.2887264380903,782.1421106549074,789.9979761450293,2297582
2016-03-09,791.0086059570312,793.5812791804062,768.9570250479825,790.1816492409138,3139226
2016-03-10,794.82177734375,797.5322957862281,777.7777515933665,794.2705101703992,2042250
2016-03-11,797.716064453125,799.3699220413328,775.1131571473576,785.495822837934,2329088
2016-03-14,792.2030639648438,805.3880494276724,788.8952931445723,798.4510007408176,2139517
2016-03-15,774.69970703125,791.5599576377009,772.3566814452201,791.5599576377009,2357014
2016-03-16,767.9004516601562,778.650609791426,754.945168835342,776.8589074228682,2521867
2016-03-17,760.0905151367188,775.3888235488356,755.0829568581527,773.6430507647231,2605930
2016-03-18,749.7537841796875,758.8500841403672,733.5826465607822,758.0690569671365,5270631
2016-03-21,768.543701171875,770.0137844292791,750.4889432414473,753.9345034510646,3177198
2016-03-22,776.0319213867188,778.2371020772911,764.3630037993242,767.2572403656166,2105722
2016-03-23,777.5021362304688,782.8312579913894,766.8438366285474,776.1239121847093,2331768
2016-03-28,743.5519409179688,777.3184331375985,737.8093402003446,777.3184331375985,4596334
2016-03-29,729.8615112304688,745.9407922011917,707.4883627118097,743.5518928890026,7468509
2016-03-30,745.8030395507812,749.3404591035804,736.01762565421,745.9868139867895,3020735
2016-03-31,753.4290161132812,762.2956117227401,745.9866299715075,745.9866299715075,5230705
2016-04-01,748.9268188476562,757.1043028026752,743.6896130733945,754.3478550982965,1654746
2016-04-04,748.881103515625,754.3480709093658,745.2517684505307,750.8565807009552,1239310
2016-04-05,735.7877807617188,750.1672724051012,734.593331276471,749.7537940232648,2570634
2016-04-06,743.8274536132812,745.2516071437121,733.2610700106169,739.1874442037787,1809628
2016-04-07,745.8030395507812,756.093791086312,739.7388196430172,744.2410409648382,2221164
2016-04-08,745.8489379882812,751.0862007553087,741.5304912828348,741.5304912828348,1088142
2016-04-11,750.9483642578125,758.9420752984005,743.5059765083479,756.185627083031,2757166
2016-04-12,756.7367553710938,759.906681452845,750.075340073531,753.1534069969999,1942717
2016-04-13,765.4196166992188,768.0382758073904,756.1855276084717,759.0338346242986,2310970
2016-04-18,769.7841186523438,772.862186240546,760.1365495861969,765.5116574282436,2257502
2016-04-20,761.2850341796875,768.2220842064901,758.2070228152377,768.2220842064901,2134965
2016-04-21,765.2819213867188,769.8760017022109,759.6771097537691,764.1334013078457,1381380
2016-04-22,753.6129150390625,761.1931472464998,751.7293534035334,759.8608527940253,2527855
2016-04-25,743.1842041015625,754.4856843199658,736.8903377386906,753.4290236231001,3644370
2016-04-26,748.28369140625,751.2238574222482,732.2962723139174,739.6467995140571,4083983
2016-04-27,747.870361328125,749.8457822568195,743.5059849376433,747.9162909162187,1364080
2016-04-28,736.8446655273438,752.5104705791829,735.0529627147085,752.5104705791829,4828596
2016-04-29,745.4353637695312,747.2729956565904,736.890386710721,739.6468345413098,2339763
2016-05-02,745.8948364257812,749.891719774792,739.1874906723649,747.6865388870565,1083227
2016-05-03,733.4448852539062,747.5486886767414,716.6764929508886,742.5871158351289,5809209
2016-05-04,738.9119873046875,740.9333941280108,723.1542672975203,734.1341319259475,2523074
2016-05-05,744.6544799804688,760.7796904645155,741.0251453618741,758.5285799228494,3065087
2016-05-06,739.0956420898438,748.8350696433571,737.1201651796114,744.1950598756935,1464262
2016-05-09,739.9225463867188,745.8948506514869,731.3775684239127,739.6469127905148,2556690
2016-05-10,737.0282592773438,745.1597582516348,735.3284160697841,740.5656783610575,2156929
2016-05-11,731.6531372070312,740.5656632286517,727.7022397978811,734.1339515132664,2268518
2016-05-12,738.3145751953125,740.2900519995472,730.5505688885426,730.5505688885426,1962391
2016-05-13,730.5046997070312,739.9684939403669,728.1617299622857,739.9684939403669,2454738
2016-05-16,733.0772705078125,736.8903790659315,727.4265861617729,734.9608880365665,2035038
2016-05-17,734.9609375,737.4416958246907,731.8369406821317,735.9716126633867,2505291
2016-05-18,730.7343139648438,734.1798737780315,726.7834165950701,734.0880146150432,2244494
2016-05-19,728.1615600585938,732.9394136876102,725.8645204369578,732.2962313775384,3114189
2016-05-20,727.1051025390625,733.1233928931923,725.8647232288698,733.1233928931923,2460489
2016-05-23,720.8570556640625,729.2642441937958,716.0332718375117,728.6210618009071,2403975
2016-05-24,709.6015014648438,723.1081062797298,708.4070520224544,722.18929038865,2249441
2016-05-25,721.6839599609375,725.7727019324614,708.590833384306,715.1144038430901,1556315
2016-05-26,716.0792846679688,724.0270661381938,711.2095706929542,717.6872127970828,1900809
2016-05-27,757.977294921875,760.7796725964619,725.9565226385773,730.4587436161681,3675225
2016-05-30,746.1704711914062,773.6430927606635,742.6330519285111,763.5361164894435,4888391
2016-05-31,700.826904296875,734.133984310984,694.6248962942477,727.7022723082596,15706495
2016-06-01,693.2926025390625,708.7746858084374,691.3631113684356,704.7778025548845,4921709
2016-06-02,686.1258544921875,696.9219425943411,684.1044480570451,693.7979457327502,4900285
2016-06-03,677.4888916015625,690.8577080112759,675.3756262158585,690.8577080112759,5944789
2016-06-06,665.5902709960938,689.1119359788079,663.2472455497075,688.1012609047348,6330743
2016-06-07,678.8211059570312,681.6694686024132,652.4970667747953,668.8979064726263,7369626
2016-06-08,678.0862426757812,684.4720254183512,674.7785273386635,683.5991389576982,3384926
2016-06-09,682.4046020507812,684.7475714549747,672.1138524244401,678.0861559661473,3948805
2016-06-10,681.210205078125,686.3555522479526,678.4537570771292,685.2988914155395,2785032
2016-06-13,685.8502197265625,687.2743733215741,673.6299780479567,678.5456212539873,2918950
2016-06-14,692.51171875,693.7061684863435,685.9421610799826,687.2744556659403,2789220
2016-06-15,690.58203125,696.784038783733,689.1119481925522,695.4518005479532,1417625
2016-06-16,693.3385620117188,694.9464900832488,682.4046847733629,690.9496627374778,2717995
2016-06-17,682.864013671875,696.6003231073665,680.0156506271497,695.0842543835552,3317924
2016-06-20,679.7859497070312,685.5285493229928,674.2730540757082,679.7859497070312,3323011
2016-06-21,676.5242309570312,684.7017160474091,675.5135557571327,680.9345366803478,3703466
2016-06-22,679.9698486328125,681.2102840250642,672.022122956909,679.8779894541648,3715759
2016-06-23,691.5008544921875,696.2787085995204,682.6802438940917,683.5531302537128,3909660
2016-06-24,693.4763793945312,702.8942434406313,674.410947301207,686.9987377788392,7640809
2016-06-27,710.9338989257812,712.6336861390001,692.1441000095622,695.5437305160793,4493497
2016-06-28,702.9862060546875,716.0793360454544,701.5620522541652,711.1636921300784,2788888
2016-06-29,707.7639770507812,711.5770860092409,705.2831625525112,708.1315258949991,2460436
2016-06-30,701.1484375,713.8281426275412,699.2189464136745,712.0823698693795,4538392
2016-07-01,701.3781127929688,706.9829235745328,700.1836633083972,706.5694451929306,2656477
2016-07-04,708.223388671875,711.8986528124452,703.9509277565102,705.8804189982775,1575107
2016-07-05,711.6229248046875,714.8387805010289,702.2050616939734,710.1987713551795,2746347
2016-07-07,715.0224609375,719.3868359518627,712.0822391854953,714.8386865629875,2515212
2016-07-08,714.3793334960938,721.2704524687249,711.5769563299044,718.4680753025356,2174896
2016-07-11,724.9457397460938,729.4479600548725,718.0546205469864,724.9457397460938,4771555
2016-07-12,719.4788208007812,728.6210507494022,714.9766562790003,728.4372763427821,3402732
2016-07-13,715.3440551757812,730.320742029495,712.0822701864247,722.9702153695061,3546248
2016-07-14,706.156005859375,711.7608169508662,704.5940074869897,711.7608169508662,4148326
2016-07-15,707.8558349609375,711.8985915194437,702.0672495738604,709.3259180585624,5462554
2016-07-18,713.6444091796875,717.595306823262,708.3152875153256,711.4392283143962,3096502
2016-07-19,718.8816528320312,723.1081839529654,714.4712912170489,716.6764720245401,3030866
2016-07-20,732.5260009765625,733.4907464880804,718.1005796441075,721.6380546264381,4592908
2016-07-21,729.7236938476562,740.5657116609193,726.783471369463,735.0528155443368,3452258
2016-07-22,722.7406005859375,731.3774929091051,718.5140696669852,731.3774929091051,2552125
2016-07-25,738.72802734375,739.6468432981577,723.10815611882,724.0269720732276,3836740
2016-07-26,733.58251953125,742.4031283268707,730.5503826826963,741.484312573991,2827707
2016-07-27,742.3114624023438,744.2409535535998,727.013153702822,732.342275240647,2447955
2016-07-28,758.4366455078125,760.7796149901366,743.7815197276758,744.6084765238257,3981433
2016-07-29,762.5712890625,771.6216035023157,753.9343969253595,758.0231390124108,3056996
2016-08-01,767.8084716796875,771.8052981128878,755.9097954511003,769.8758072996327,2052236
2016-08-02,761.6065673828125,778.6965217104452,759.72294981137,770.8865860944702,2135409
2016-08-03,771.4378662109375,778.5586899805695,754.6235451709186,765.0980696640852,2105776
2016-08-04,779.6611938476562,785.5416378369379,771.897188544331,773.6429611261686,2609726
2016-08-05,773.5510864257812,785.08221412546,769.0947959059383,783.6580607741971,1908271
2016-08-08,765.1900024414062,776.2617247323207,762.9848775486558,773.689050984071,3382787
2016-08-09,762.0199584960938,767.3950652597456,755.8179510550075,766.2924749430935,1896252
2016-08-10,751.2700805664062,765.3738866580205,748.8811248231412,764.179436826433,1315780
2016-08-11,742.6329956054688,752.3264927143998,721.4542990593978,748.1918209170294,6662203
2016-08-12,735.5582275390625,758.8502496356067,726.3700664153965,750.4889893650197,8732728
2016-08-16,719.1571655273438,742.7247580554696,717.7789417743516,742.7247580554696,5115466
2016-08-17,721.2705078125,726.599629010896,710.0609422075521,715.5279082280056,3550406
2016-08-18,724.7620239257812,729.9074269916694,721.7299424491395,725.8646143027628,1585900
2016-08-19,720.1679077148438,729.0804333651903,716.3088696303555,728.3913214243914,3217425
2016-08-22,707.5801391601562,721.2705192181096,702.8942002571387,720.5814072570732,5501620
2016-08-23,700.459228515625,708.1313743764459,698.3000337380674,708.1313743764459,3756220
2016-08-24,707.212646484375,712.4039229432109,701.5619059714038,702.8942003121936,3806381
2016-08-25,702.8482666015625,714.195621062155,700.1836779356375,711.1176100860647,2285008
2016-08-26,693.9358520507812,706.2480100902036,691.6388118255221,704.0428290419214,1978922
2016-08-29,697.6571044921875,700.5054682583695,685.9881279535118,696.3707955062466,2362413
2016-08-30,711.9446411132812,713.9201181837902,699.173130819563,701.7917343036471,1726397
2016-08-31,712.6796264648438,718.5140854169535,708.6827433646705,714.8388215529282,3405144
2016-09-01,707.5342407226562,715.6657958688616,704.9615671708926,712.6336582427742,1183855
2016-09-02,718.8356323242188,720.627334633446,705.6506459420962,711.1635416135189,1867621
2016-09-06,719.1113891601562,724.9458485255095,715.1145057768915,722.1894004322567,1556462
2016-09-07,715.9873046875,720.857017840871,713.506490490855,719.43286438282,1353192
2016-09-08,743.4031372070312,744.9671424382535,715.1132457220343,717.5972474243134,3663747
2016-09-09,733.6513061523438,753.0172235169459,730.569283824798,746.1172489581469,4003165
2016-09-12,724.0833129882812,732.2253165916849,716.7693287859478,725.8773175891761,2621800
2016-09-14,717.45947265625,732.5014538312403,712.445535083401,731.397446455218,3858523
2016-09-15,723.4393920898438,729.1893715403961,719.575450820787,721.2774222772933,1479337
2016-09-16,721.0933227539062,730.477299290075,718.7473426578981,726.8433014951695,2303954
2016-09-19,719.8972778320312,726.5212640150334,718.1032733852823,721.7832594700467,1283403
2016-09-20,716.4473266601562,723.6692772513504,714.8373326676616,722.1973052047804,2078649
2016-09-21,716.5394287109375,721.7374326818685,714.239436892321,719.4374408632519,1572757
2016-09-22,723.8073120117188,725.7392823760628,720.6333125684663,723.1633031728924,1730313
2016-09-23,717.6433715820312,727.4873469123158,715.7573896905238,726.8893266323101,1768021
2016-09-26,704.8554077148438,721.5073234816176,703.4293680830347,718.5173345733418,2308824
2016-09-27,708.535400390625,714.7453774094213,704.8554140091161,705.1773903566437,1556490
2016-09-28,703.6134033203125,711.8473842947634,702.3254417443734,704.901421048389,2342694
2016-09-29,676.9794921875,708.3973993058822,673.4375276518257,707.477402683407,5321213
2016-09-30,683.281494140625,685.3974751152514,676.2894862065564,680.7515034606694,2051308
2016-10-03,696.4834594726562,700.1174575061715,689.9974942570678,689.9974942570678,1856097
2016-10-04,703.1533813476562,711.1573628978914,698.5074098062407,701.0374004245709,2557812
2016-10-05,698.6913452148438,707.0173022147937,696.7133303014717,707.0173022147937,1847125
2016-10-06,692.66552734375,705.2234484162472,690.0894917012611,703.7974647833888,1755184
2016-10-07,691.1014404296875,695.701423318394,688.8934261822544,695.5174127724188,1554398
2016-10-10,695.011474609375,697.357454816655,689.9974816787484,692.7114830037792,1365905
2016-10-13,680.521484375,693.5854470974549,676.2894663975691,689.2614519224834,2996697
2016-10-14,685.8575439453125,687.2375390035526,678.4055930916733,681.6255815609001,1849542
2016-10-17,675.2315673828125,687.6055338285136,673.4375626453374,687.5135004702012,1510291
2016-10-18,684.0173950195312,685.6733774824949,676.6574230489109,677.0714327026843,1901132
2016-10-19,690.2275390625,698.2775103611295,687.2835383285724,688.5255675916471,2267328
2016-10-20,685.8575439453125,695.4255321433008,683.511563576733,694.3675134711262,1360596
2016-10-21,687.9273681640625,689.0773637644704,681.3033822752866,687.2373708038176,1807639
2016-10-24,687.3754272460938,693.4013932643368,685.6274113848636,689.9054176940083,1014731
2016-10-25,687.6053466796875,698.2772826894536,686.5473283359746,689.1692956717845,1924646
2016-10-26,679.6015014648438,689.0774552397156,677.2094766071757,689.0774552397156,1206610
2016-10-27,687.1455078125,690.6414837883065,678.2215292398432,682.6375018488692,2686399
2016-10-28,683.9254150390625,691.837362414332,682.5914088944069,687.2373799514708,1900094
2016-11-01,675.047607421875,689.077557695379,673.5295903412609,689.077557695379,2566651
2016-11-02,656.9236450195312,674.1735834757833,656.0496369073192,674.1735834757833,3286334
2016-11-03,647.3556518554688,659.6375844183015,644.3656628047581,656.8775945253379,4374269
2016-11-04,599.3777465820312,625.5056708125385,595.3297393399641,625.5056708125385,17908933
2016-11-07,602.5057373046875,622.8376377298464,600.7577214735446,621.9176412191672,6663505
2016-11-08,584.56591796875,610.0037926986064,581.7138945448959,607.1978140308619,9896681
2016-11-09,607.8876953125,615.6156884742604,526.1460276810094,551.9979072077185,14963330
2016-11-10,612.9017333984375,638.1096060226826,610.9697068873534,625.5976749838594,9357587
2016-11-11,632.957763671875,651.3576986623365,625.5977896756904,634.7977571709212,13184334
2016-11-15,627.8516235351562,649.1035202540818,620.6756620555275,642.1115693051369,5816519
2016-11-16,614.0057983398438,639.1676847346818,607.1978005396041,635.7176972316158,4722902
2016-11-17,615.7077026367188,626.8396386396743,607.1977343895919,615.2477043530903,3756250
2016-11-18,633.7396240234375,637.0976340137503,609.0837268183866,617.7777057620698,6150792
2016-11-21,635.1197509765625,641.3297292060151,621.9638083282998,636.6377681157319,5090705
2016-11-22,634.7057495117188,643.4457182129554,630.1977431944343,643.077697069941,3359143
2016-11-23,645.1936645507812,648.5056863110984,635.7636985208976,640.3176933462454,4496512
2016-11-24,627.8975219726562,643.5374602488982,625.5975310496796,643.5374602488982,3783616
2016-11-25,657.0156860351562,659.6376542501885,630.2897361539319,634.3377442196722,4410579
2016-11-28,657.935546875,662.5815181633338,653.2435308380417,656.5555520674474,2607872
2016-11-29,649.9777221679688,663.7776738063545,645.837736676453,662.3057014257855,3674024
2016-11-30,653.013671875,661.9376514431616,649.7936832995294,654.0257019757204,4359468
2016-12-01,663.7775268554688,666.5375165721235,650.4375765583042,653.0135557300883,2796906
2016-12-02,662.7196044921875,672.4716032639233,658.8096184929503,661.753619181628,3163480
2016-12-05,656.049560546875,666.997542673684,653.5195698677679,664.2375528419309,2946490
2016-12-06,649.65576171875,663.9617007049318,647.8157681217582,659.2236947318186,2939600
2016-12-07,610.8778076171875,643.9976887530592,607.1978208243129,643.9976887530592,12922300
2016-12-08,621.6416625976562,625.229615350557,606.1396874744729,610.877692034691,6865033
2016-12-09,619.1577758789062,628.1737322615734,617.5477816622821,623.7577593549754,3298719
2016-12-12,622.2857666015625,627.3457482585316,616.3977654853243,619.3417660434434,2155130
2016-12-13,629.599609375,630.8416383946618,613.2236822015715,621.9176607306738,4508196
2016-12-14,624.125732421875,637.2356843189041,620.99772143822,631.071695705312,3202343
2016-12-15,597.9517211914062,619.7096041715301,593.39772740185,618.9736182206823,9539189
2016-12-16,595.5597534179688,599.7457827070949,582.9098006592852,598.7797413929064,10780836
2016-12-19,581.6679077148438,592.4778688309361,579.6898923689148,592.4778688309361,4214766
2016-12-20,577.666015625,586.9579608834554,572.3299892407042,584.1979704717777,3984283
2016-12-21,565.2919921875,583.1859395064876,564.0039743269521,581.4379232889073,7404147
2016-12-22,560.4158935546875,574.997815699987,559.3578751129473,566.9478462801872,5479188
2016-12-23,573.6177978515625,579.137776660078,562.3018525245315,564.8778314047464,6105681
2016-12-26,562.3479614257812,574.9059383626486,561.1979655946446,574.5839058386463,3005547
2016-12-27,571.4097900390625,572.4218198561648,563.5898199758693,564.8778375059527,2289086
2016-12-28,571.639892578125,578.3559130044383,569.5239115262809,574.0779061468156,2516753
2016-12-29,565.5219116210938,574.9518766105265,562.8998876644581,571.777877164144,4788982
2016-12-30,579.5978393554688,581.4378324962797,567.315907601409,569.4778770810082,3523510
2017-01-02,583.3237915039062,589.1197584411736,576.8378271657228,582.3578063730504,2266225
2017-01-03,585.2098388671875,590.5918528898164,581.2998531563808,586.0378583020961,2821892
2017-01-04,586.3597412109375,592.2937298096588,584.0137613887815,586.9577613910749,2500456
2017-01-05,591.9718627929688,596.0658591651379,590.1778580734632,594.4098202535082,2589560
2017-01-06,589.4878540039062,597.7678238611597,588.2918695882864,596.2498069264742,1864378
2017-01-09,581.4837646484375,595.1457460840406,580.5177795737089,589.8097215719611,1827405
2017-01-10,587.4637451171875,588.705774065014,576.9297741182546,584.1977688211331,2559697
2017-01-11,596.3419189453125,597.5838921268714,588.1539252122192,588.7979341831614,2784843
2017-01-12,593.167724609375,595.14573948265,578.6777801927831,578.6777801927831,6269913
2017-01-13,600.7576904296875,604.8056973283498,591.0517389739979,595.2377116508543,3524996
2017-01-16,592.0177612304688,602.5057440301362,590.8217769836617,598.9177351375837,1349694
2017-01-17,597.7217407226562,600.4817302385508,592.8917590698408,593.3977459173287,3016496
2017-01-18,597.9517211914062,601.6776956911782,592.9377291635541,597.0777133082181,4013631
2017-01-19,591.9718627929688,601.4018285688893,589.8098369481811,595.237839709323,2089653
2017-01-20,590.2236938476562,595.6057066125918,588.7977106226671,591.4196779669335,3671360
2017-01-23,582.9557495117188,593.6276854408161,581.8977311760034,588.7977042729519,2955807
2017-01-24,590.0858154296875,592.9377823018608,585.1178115500131,585.1178115500131,2187797
2017-01-25,584.979736328125,594.9617317758863,583.4617758352364,592.4777300622801,3068071
2017-01-27,589.2576904296875,591.5576814149712,583.0937033587024,587.233687132213,2362371
2017-01-30,593.167724609375,602.5057112498079,587.8777449017304,588.8437299657442,2406083
2017-01-31,580.9778442382812,597.0777844982495,579.5978493588555,592.937799859972,1926978
2017-02-01,575.5037231445312,586.4517025058071,568.9257827317668,580.5177146360755,3507275
2017-02-02,590.0858154296875,593.1217928440957,570.3978666053587,576.101856501839,3819377
2017-02-03,595.4678955078125,597.8138759862206,589.027918267867,592.9379044492624,2048060
2017-02-06,621.1358032226562,623.1137624642562,593.3978798657489,597.9978634305996,5835962
2017-02-07,616.02978515625,634.3837310670272,613.8218267055396,620.9977899366004,4274151
2017-02-08,609.2216796875,622.8376163476884,606.4616902502133,615.155668208092,2959209
2017-02-09,603.0577392578125,615.4776926979048,601.0797242120556,611.797706493433,3295494
2017-02-10,602.6437377929688,609.1297023363225,598.0897435724407,603.0577474770411,2814314
2017-02-13,602.3217163085938,606.6916996584048,596.1577285636974,603.9776987686225,1885766
2017-02-14,597.3538818359375,609.8198266366946,589.6259427846445,606.277861590537,3393607
2017-02-15,573.2039184570312,599.6078343211648,571.7779348379039,598.1818507020374,10352763
2017-02-16,597.3538818359375,599.8378843050532,573.5719881782595,574.0779751631185,6158072
2017-02-17,621.457763671875,623.7117667912687,597.169828611555,601.2178365056556,6165104
2017-02-20,625.2757568359375,631.4857343346969,618.6977582097289,623.7577398753847,4597889
2017-02-21,619.341796875,630.1977468308547,616.489773380538,627.1617689159668,2972142
2017-02-22,616.7196655273438,621.3656930317912,609.7277142003097,620.0776753994851,2662258
2017-02-23,620.5836791992188,626.7936560881078,613.6837048782309,619.985715116014,4522397
2017-02-27,620.4917602539062,630.657712144109,617.4097377432454,620.169727730747,3477074
2017-02-28,624.677734375,627.7137121334343,620.9977477218337,620.9977477218337,2711558
2017-03-01,639.07568359375,641.605674334577,624.6777138260067,626.6096842945101,4972108
2017-03-02,622.0556640625,645.1935426484994,619.0656753984383,643.9975584133009,4783045
2017-03-03,631.5316772460938,633.3716704459355,617.409695746027,618.2377151468103,2495214
2017-03-06,628.357666015625,629.7376608897442,621.0896705510763,629.2776625983712,2858145
2017-03-07,625.2757568359375,630.0596945799363,621.2277490425568,628.9096987468326,2152337
2017-03-08,625.9657592773438,633.7396862487813,619.1577614307702,620.9977547782613,3480865
2017-03-09,630.3356323242188,631.1176068981528,622.0096189733183,625.91960414725,2408830
2017-03-10,628.3117065429688,635.8096453486437,625.5977052676301,625.6436938684723,1987748
2017-03-14,651.5416259765625,670.7235332918395,622.9296970316722,638.0176642564876,9857280
2017-03-15,649.379638671875,660.0516339260128,647.907666434407,655.9576374408693,3046871
2017-03-16,653.93359375,661.937575666035,650.5295949866129,654.1176043065335,3087300
2017-03-17,650.8975830078125,659.0855750641006,645.837601797151,657.7975573859871,3067000
2017-03-20,650.0236206054688,654.1176169207026,648.137638706941,652.2776236241606,1418664
2017-03-21,642.20361328125,649.4256202587097,629.4156942747129,647.6776042636211,3691911
2017-03-22,645.3316040039062,646.7575874542106,635.5796066895608,638.4776183402876,2414239
2017-03-23,646.8956909179688,648.597662322782,643.3076813889436,647.6776656386361,1294418
2017-03-24,647.5856323242188,652.8756127997328,644.1816336573737,647.2176112215892,1357525
2017-03-27,635.901611328125,647.0795354510633,634.3376060002362,644.917566071306,1859318
2017-03-28,642.7095336914062,646.3435311039128,638.201584523901,639.2135582150207,1626424
2017-03-29,632.6356201171875,645.2855720807949,630.1976069142582,644.917551017365,5152744
2017-03-30,632.083740234375,638.5237173252034,630.3817687497993,634.6137312343433,2558208
2017-03-31,633.095703125,638.5236495483992,629.8296701681843,630.3817018372314,2898457
2017-04-03,637.0057373046875,638.2936989929245,630.2897164754636,633.6477268900755,1347390
2017-04-05,635.441650390625,640.9616298823887,631.5776535159633,638.9376261716483,1977427
2017-04-06,631.9457397460938,637.5117084102292,628.4957522081412,637.5117084102292,2015425
2017-04-07,612.6717529296875,630.1056998988355,609.2217656462996,630.1056998988355,6076717
2017-04-10,614.3276977539062,616.3057128020615,608.3017315672037,613.6377003397312,2138613
2017-04-11,616.7657470703125,619.1577157848526,612.8097167431429,614.6037213551161,1344759
2017-04-12,628.587646484375,634.337624955692,610.3257373203255,618.9276826525625,2653626
2017-04-13,637.32763671875,643.8595900366083,626.9776750975506,633.417651217408,2918733
2017-04-17,622.8837280273438,628.3577193900866,616.6737505663143,627.4377227291933,2411262
2017-04-18,611.935791015625,625.1377204133892,610.8317838109572,623.711736843757,1734258
2017-04-19,610.2797241210938,621.9177036095531,608.4857756670061,615.4317387890228,2241129
2017-04-20,603.4718017578125,614.2817621796386,602.643782328477,612.7177566754148,2071407
2017-04-21,588.4298095703125,606.6917759786345,585.6698197390218,606.6917759786345,6091210
2017-04-24,591.419677734375,593.627691609192,581.4837276019496,584.1977282787088,4428981
2017-04-25,591.143798828125,597.0777880756367,588.7058415511469,593.6278008564014,1825996
2017-04-26,591.3737182617188,594.7777164229486,584.2897342293493,591.5577287857013,1915462
2017-04-27,586.037841796875,594.3178113042092,582.1278561961894,593.3978146922832,2432744
2017-04-28,590.5917358398438,592.6617278647229,586.2677412685596,586.2677412685596,1903299
2017-05-02,582.173828125,592.7078002603254,577.2978574518497,591.0058290378554,2415773
2017-05-03,578.539794921875,584.6118057058248,574.077834216144,580.5178099204917,3807210
2017-05-04,580.9778442382812,586.2218360105265,573.7098487457843,577.7578561862877,3150744
2017-05-05,579.7818603515625,586.9578224996579,575.9178634557771,579.5978498037374,2538263
2017-05-08,586.17578125,588.613738237199,576.5618067780351,580.4717918284218,1544639
2017-05-09,589.07373046875,590.9137234148665,580.0117876699779,586.9577498111418,1589995
2017-05-10,591.3737182617188,594.8696936088758,586.3597262818654,590.6837209108801,1381364
2017-05-11,596.57177734375,597.9057835789795,588.935817167375,593.259756054339,1674209
2017-05-12,602.6898193359375,604.1618477560811,592.3398563986547,597.9978585985597,1992719
2017-05-15,602.0916748046875,604.2996325452681,597.5376812460592,602.9656826435557,1224004
2017-05-16,600.15966796875,604.0236643295569,596.1577058302775,602.5976810475798,2325051
2017-05-17,598.8257446289062,600.7577148190803,592.5697235038793,599.9296955077886,1920624
2017-05-18,601.6318359375,602.8278203827645,591.971870864598,596.801853401049,2149513
2017-05-19,600.8959350585938,604.3919116837429,594.9619444417208,603.0579050873686,2223401
2017-05-22,588.935791015625,601.6777202762185,585.3937707447387,601.6777202762185,3156574
2017-05-23,564.9697875976562,580.3797278654954,541.9698767501352,577.7577604897284,11623535
2017-05-24,555.2178344726562,566.9937773122396,551.5378488257787,566.6718010289877,3751856
2017-05-25,544.2239990234375,560.5539393192807,535.7600187382628,560.3239401601844,7237706
2017-05-26,522.2360229492188,550.019871649904,518.8780133452641,543.3498971875757,10814562
2017-05-29,462.3902282714844,486.6781292979858,453.23625222723086,486.6781292979858,42138319
2017-05-30,467.3582763671875,469.70425648466636,461.8382967250554,461.8382967250554,10937265
2017-05-31,461.4703674316406,471.08431645717286,459.76836785837116,471.03832785089753,14794419
2017-06-01,466.852294921875,482.032239115212,461.93030740154893,461.93030740154893,14169918
2017-06-02,473.6602478027344,476.51227107897853,467.35829327746654,473.79826975963636,7715676
2017-06-05,471.77423095703125,480.2382106510397,470.716240514297,478.3982175067828,5257958
2017-06-06,463.9542541503906,475.0402014720932,462.7582698523719,474.7182251368268,4813209
2017-06-07,470.62420654296875,474.4882031407066,464.41423005978936,468.18622139071147,4217463
2017-06-08,486.5400695800781,491.83004883551035,470.6701598898432,472.8781456160287,10616075
2017-06-09,482.72222900390625,491.14016423320254,479.9622391938807,487.5981997711909,4635649
2017-06-12,489.9441833496094,497.62618873320827,480.1462531459006,482.99822017560655,7634053
2017-06-13,494.2221984863281,507.8381373143282,493.3022018607587,507.05616264344934,9578458
2017-06-14,496.3842468261719,497.71825337525945,489.9902580338977,496.798256603771,3182248
2017-06-15,500.4781494140625,505.4001087535118,493.90015127616664,497.4881604699528,4179924
2017-06-16,486.8162841796875,504.1122111904268,483.9182720667196,504.06622258510765,4986232
2017-06-19,482.8602294921875,491.2322328753317,479.82425171347955,490.35822480894024,4118410
2017-06-20,481.89422607421875,491.0941924221502,478.1682509337342,484.01020710381533,4464038
2017-06-21,485.7582702636719,492.19824733156145,481.34229721897634,485.7582702636719,4257922
2017-06-22,495.6021728515625,496.7521685857864,486.6781947235579,487.1381930172475,5201690
2017-06-23,500.2940673828125,501.85807260669617,494.0381026394058,494.9580991061458,3920128
2017-06-27,500.5240783691406,505.4460932741995,494.26811347737726,503.23807924081035,4675855
2017-06-28,501.8120422363281,504.2960437201508,494.95805789930523,500.29402573173553,5278948
2017-06-29,493.94622802734375,502.7781734812546,491.37019246382494,502.3181751523605,6060935
2017-06-30,511.2420349121094,516.0720162407558,494.9580866308188,495.69407255523487,6561625
2017-07-03,507.83807373046875,513.5420633252588,504.84808507172954,511.5180597719939,1580045
2017-07-04,508.2520751953125,512.1620603013869,502.04209885037096,511.5180515240781,1980453
2017-07-05,506.5961608886719,515.7500823291825,504.8481448511115,508.3441207740949,3121863
2017-07-06,501.9501647949219,508.29816433067725,499.97220562953504,506.7801473519102,4155333
2017-07-07,505.0780334472656,508.06802180556,501.3980477755187,502.3180441934554,4482328
2017-07-10,518.60205078125,524.3980176405348,513.1280602438743,513.1280602438743,1025468
2017-07-11,518.6940307617188,526.146036322697,517.1300254351827,519.7980378246931,2824262
2017-07-12,517.4061279296875,521.6380899730225,515.1981135536025,520.7180933416768,1383094
2017-07-13,523.7539672851562,525.8699478878343,515.2440001302833,515.2440001302833,4364882
2017-07-14,526.7440795898438,532.6320807097685,523.01810432508,523.3861254521279,3111057
2017-07-17,525.7320556640625,531.5280228743248,522.0980579509811,528.9980322851351,1878995
2017-07-18,531.9879760742188,536.3579594488016,523.4780084500311,524.3060277608041,1868904
2017-07-19,542.0159301757812,543.027903808432,536.3579295558083,537.277926004446,1772229
2017-07-20,535.48388671875,544.177863820869,533.5979053526695,544.177863820869,1054118
2017-07-21,529.8720092773438,539.4859841844612,528.9980013490365,536.0819858149194,2584036
2017-07-24,525.1339721679688,531.6659807753784,523.7999660603048,530.8379614941723,1496356
2017-07-25,520.6260986328125,527.4800283841572,518.4180843309742,525.3640474336416,2272849
2017-07-26,533.137939453125,533.8739253781138,521.1779856776451,523.0179785661804,1896905
2017-07-27,526.3299560546875,535.6219540581596,522.0979947693903,533.5979506013152,5119717
2017-07-28,506.73419189453125,524.2601185172804,505.07820899710083,523.4781437510935,4094196
2017-07-31,489.1162109375,509.40212457476787,486.58622030774217,508.7581157294932,5404990
2017-08-01,491.09405517578125,498.5460595262723,487.6440687594769,489.11609665504034,3699349
2017-08-02,481.6642150878906,494.31416850566706,480.00823241635453,494.0381807524339,3483902
2017-08-03,474.5801696777344,487.5981425481259,472.87819862214474,484.83815306200444,4531774
2017-08-04,465.8863220214844,472.6942919681019,453.2363674302431,472.60231475920426,7344699
2017-08-07,465.104248046875,472.0962555696407,463.90826375349496,468.18624212728264,2279879
2017-08-08,460.3203125,468.2782776143824,458.15831483686134,468.2782776143824,3042569
2017-08-09,436.40032958984375,454.0182563117537,433.6403401897723,449.41827397830133,11025555
2017-08-10,423.93438720703125,446.61232399401956,414.9644210942595,432.85836472400996,10149400
2017-08-11,413.9984436035156,425.91241004431,409.0304678954867,421.3584159342448,7851424
2017-08-14,434.05438232421875,438.79238724969036,398.08253791778475,398.3585256658789,20846332
2017-08-16,446.8423156738281,447.76231218287364,430.28237851100903,439.75833132375163,7588306
2017-08-17,449.1883544921875,451.16634163100997,442.10436921242075,446.84237431666514,4484873
2017-08-18,432.5363464355469,446.1982999991886,429.82237362139693,446.1982999991886,4513543
2017-08-21,423.7043762207031,437.3663298408,422.64638586247395,437.3663298408,4215469
2017-08-22,432.8123779296875,434.6983595821041,424.85438549976556,426.8783890922673,3797497
2017-08-23,431.662353515625,437.8723296674262,430.19035355331863,436.0323367335592,3682870
2017-08-24,444.3583679199219,449.372360734539,431.93841353706694,434.1463998121385,5680084
2017-08-28,453.7423095703125,459.9062696080409,444.5883326698091,449.6943022905308,6388051
2017-08-29,443.2544250488281,452.5924145670431,441.276437642041,452.5924145670431,2605383
2017-08-30,445.5082702636719,449.8322647057424,442.93229149567003,445.27827115666946,2523480
2017-08-31,442.6563720703125,448.36036239592926,438.51638724315904,448.1763518398504,4398132
2017-09-01,447.30230712890625,452.638275569832,442.3343035947269,442.518314124165,3998817
2017-09-04,460.64227294921875,468.92224170390045,439.89633439046,445.27831969621633,4489406
2017-09-05,452.5003662109375,464.18430703443374,450.89037204393026,462.7583234312268,5266455
2017-09-06,436.308349609375,447.99231664378453,435.15835395937665,447.99231664378453,7344173
2017-09-07,442.01239013671875,444.8183686152395,436.30839982580625,438.8383905469891,2916205
2017-09-08,433.6404113769531,445.5543507307699,429.86841962909244,440.63239128682943,3557040
2017-09-11,430.0523986816406,438.2863509614437,428.90240299372954,436.53836313103227,3437220
2017-09-12,444.7263488769531,446.7043359430762,432.85839840414656,436.9983830860141,5892218
2017-09-13,463.0802917480469,469.65826178764553,441.5063603630256,445.2783520180616,11440036
2017-09-14,482.67620849609375,484.97619985240385,472.51020177949687,478.39820211250384,10997664
2017-09-15,482.354248046875,485.7122583894064,472.97027068135526,476.7422907602748,7483452
2017-09-18,482.5857238769531,488.09650214252673,473.27763300726974,486.2441435006196,3689242
2017-09-19,477.7233581542969,490.31943283326353,473.83342134864216,485.1327938962154,4355599
2017-09-20,468.1836242675781,481.05753882263963,466.4238892951897,480.50179733904525,5024973
2017-09-21,481.28912353515625,486.2441604633151,467.720573398046,470.96220113446805,10217874
2017-09-22,475.9172058105469,489.48575502814015,471.1474163821813,480.6407541097848,7990848
2017-09-25,468.6004333496094,476.56555280634603,464.47892411289723,474.2038068709938,4345197
2017-09-26,470.128662109375,476.9823839146152,467.85951130718144,468.64676943843745,3615167
2017-09-27,458.180908203125,466.74806667553116,453.3647645667917,466.74806667553116,7594880
2017-09-28,462.3487854003906,469.5729736897157,457.06955131336235,458.18097794160616,5557091
2017-09-29,466.0997314453125,468.64672451331967,461.4688349580268,463.32119355294105,3478824
2017-10-03,465.5440979003906,471.98105642542225,463.22864926041575,471.4253430988775,2880625
2017-10-04,479.66839599609375,483.46570941610133,464.942119017017,466.887101661872,6203591
2017-10-05,475.87091064453125,486.24413005834214,474.20379921880226,480.68705428624685,3576059
2017-10-06,491.06036376953125,493.65365496626663,477.72335685845167,479.7609629878539,6323391
2017-10-09,492.1717834472656,497.3120681004097,483.0951795932728,488.8375035020721,5049020
2017-10-10,488.2817687988281,495.5059564846668,487.2629375874202,492.6348230869302,2244596
2017-10-11,487.21661376953125,493.79252077540764,482.67836907708016,491.61596548345256,4031497
2017-10-12,499.7201843261719,504.76787437583334,492.7275397576942,502.91551520381194,8970339
2017-10-13,495.22808837890625,503.0079606654583,493.65357224595556,501.2945515537025,3819414
2017-10-16,507.4998779296875,509.30593858300097,494.39442030972197,498.6548783290114,5322443
2017-10-17,506.8052978515625,513.1033054574151,504.35090022268463,506.52745538194307,4477156
2017-10-18,500.3221130371094,508.8429746501687,499.07173695476996,508.7966204575054,3499930
2017-10-19,496.2005920410156,502.9153923999468,492.7274194415685,500.32210149826,434929
2017-10-23,500.5072937011719,503.37842678955315,493.93138705080503,496.47838001064173,2878772
2017-10-24,495.0891418457031,499.2106511060032,494.1166648702276,497.82138213260987,1940555
2017-10-25,484.6234130859375,499.2107399012333,483.6972336056013,495.4134266436584,2055745
2017-10-26,491.0140380859375,499.118107944277,480.68711502608,486.61468587712466,3566575
2017-10-27,509.30615234375,516.7155886737293,493.19060571424006,493.19060571424006,8848376
2017-10-30,512.2698364257812,516.1598014614927,503.93422129047434,511.3436569663027,5360570
2017-10-31,512.0846557617188,517.4564854257383,505.60139941871023,512.1772510976724,2907328
2017-11-01,508.1947021484375,514.8632058437441,506.06450060772426,512.2235603552319,3304676
2017-11-02,521.855712890625,530.0523766911523,507.22209195757006,507.5462320852423,8413439
2017-11-03,510.55633544921875,525.8845914479624,509.5838584971198,523.2913007325326,3595527
2017-11-06,501.2482604980469,514.8631078407623,499.48849717400554,512.1771651944887,3987042
2017-11-07,488.65216064453125,509.2133517614436,475.3615107208326,504.76770256766446,8930638
2017-11-08,498.0992431640625,505.138240142328,493.09790859136206,493.6535935896061,4530173
2017-11-09,494.4872131347656,514.0295762132323,488.1428502133495,514.0295762132323,4591954
2017-11-10,488.8837585449219,494.76503147057116,485.0864457342685,490.8750668050832,3187021
2017-11-13,493.23681640625,501.6187284705399,480.7796924673038,487.9112849832008,5498679
2017-11-14,487.21661376953125,498.19187248932894,478.9272976552956,494.0240656024561,5853721
2017-11-15,467.3963623046875,481.613219732431,464.1084372066442,477.90850265756615,8629268
2017-11-16,471.0084533691406,473.09235671299837,461.4225205991936,467.7205282880644,5351102
2017-11-17,478.92730712890625,483.60455795140496,472.3977541828782,472.53670369365534,3515919
2017-11-20,478.97369384765625,483.3266917543028,476.3340486701219,481.6132824956869,1977341
2017-11-21,498.33074951171875,501.5260793285758,476.56553646606494,479.760866282922,7852414
2017-11-22,495.7374267578125,504.4435340244878,491.01393535472926,499.9052332415307,4294740
2017-11-23,504.5361328125,507.08312568121846,492.58839819835055,495.50588536886187,3972361
2017-11-24,508.935546875,510.32481588375794,501.71135933535874,505.4623743531051,4099139
2017-11-27,510.8341064453125,513.0106613977547,498.5159348736997,501.1555228785131,3833249
2017-11-28,503.0543518066406,515.2798743734678,501.1556388580093,510.3248373126328,2493500
2017-11-29,506.7126770019531,509.0744794619168,501.5260954868343,502.91536444940175,2174433
2017-11-30,500.090576171875,513.9832671117576,498.0066725308926,506.6664272716178,5950729
2017-12-01,487.1240234375,505.1845201321786,483.6971486561996,503.84154881564876,3164938
2017-12-04,482.307861328125,490.68977252826403,478.37159937777545,490.68977252826403,3306680
2017-12-05,484.5307312011719,489.022678266632,479.4367449692278,480.27027243493734,3479216
2017-12-06,473.6017761230469,487.6333864329837,472.44405203369985,486.98504963705,3859141
2017-12-07,472.6756591796875,477.4917750675866,468.64677316455175,472.3514907389751,4470510
2017-12-08,483.3267517089844,485.31806025504125,473.2777266990956,475.59317545985436,3394236
2017-12-11,490.5046081542969,491.8012819803604,483.3267175039244,486.244205347814,2581923
2017-12-12,482.4005432128906,494.3482807121632,480.9649763733985,492.7274666770414,2669035
2017-12-13,478.69573974609375,487.44814527523414,477.44542032600106,482.5394063818556,2072867
2017-12-14,476.4266357421875,481.242722688649,473.46285079317545,479.9461056374848,2301593
2017-12-15,480.0850524902344,485.31798852795697,477.8159582636579,480.2240020071483,3053990
2017-12-18,490.6897888183594,494.30191075157205,462.62656693481966,478.83470491551907,4063126
2017-12-19,488.5596008300781,495.83008602209986,486.3831019974221,493.65358718944384,3216333
2017-12-20,488.3280334472656,493.190474747594,486.89246684544923,489.763600049082,2558514
2017-12-21,489.2078857421875,498.93276775956923,486.9850329549881,492.727355547341,5492286
2017-12-22,491.7549133300781,494.11665925209377,487.21661212346095,489.2079202411498,2982469
2017-12-26,501.3408203125,504.2120099257766,489.94882676174603,491.0602531756113,4858794
2017-12-27,533.7572631835938,538.7586553637547,502.9617931562196,503.6564278184912,23356359
2017-12-28,526.4404296875,542.3706712367681,524.5417165636379,537.4156337186365,11062915
2017-12-29,528.9873657226562,536.2578511094902,526.2551252962498,530.4229324292252,5197225
2018-01-01,531.6732788085938,542.1854490259213,529.0799877674508,529.3115326198654,5314142
2018-01-02,529.9135131835938,539.0363567469793,525.3289143074232,534.4054602113524,3839130
2018-01-03,527.04248046875,536.211680953448,525.1438236292563,532.5532602942194,2182632
2018-01-04,538.2955322265625,540.8425258303681,518.7531110214753,529.7746695915654,6246746
2018-01-05,536.0263061523438,543.9914260596101,532.8309760451896,541.8149271691077,4600683
2018-01-08,547.9277954101562,559.968129477576,542.880162120887,544.5935716648298,10475190
2018-01-09,543.2041625976562,553.855224609375,541.212854479318,552.9290453040081,4025566
2018-01-10,541.9074096679688,550.150426891438,538.4805919631127,547.186642242017,2929462
2018-01-11,544.5470581054688,554.3182371112221,537.6470119349447,542.5094526113589,5930449
2018-01-12,540.37939453125,547.7888298998382,536.8135698424136,546.4458584333805,2842683
2018-01-15,533.8961181640625,543.4820521937426,532.0900570561436,543.4820521937426,4456611
2018-01-16,535.0536499023438,540.8422689801139,529.9133674671805,534.7294533162986,4868363
2018-01-17,540.6571044921875,542.6484123710646,534.12755248045,539.9624700966943,4812606
2018-01-18,534.1276245117188,545.9364108276095,531.9047715345748,542.7410808715274,3679687
2018-01-19,529.8671264648438,537.7860042782062,525.6993198386509,537.1839651537358,4693971
2018-01-22,533.6182250976562,536.165218166885,526.8570709993779,530.7007376974677,3072409
2018-01-23,536.5819091796875,542.6020741173671,533.0161417899362,536.2577690640713,4790590
2018-01-24,543.2504272460938,552.4659220804086,532.6456635381484,534.4054267232118,7168397
2018-01-25,537.0450439453125,552.002862236852,535.3316348538598,547.3719657415763,4213982
2018-01-29,544.5470581054688,550.3356779583428,535.6557040937597,538.1563991760995,6006564
2018-01-30,548.2520141601562,550.8453056804917,537.2304545368363,542.4633917801596,3542190
2018-01-31,537.0913696289062,550.9840583774088,532.5993663491934,546.4457574410999,4781423
2018-02-01,513.3812255859375,537.184047261891,508.981873474741,537.184047261891,8789899
2018-02-02,510.5102233886719,525.4679904962452,504.4437581177575,511.2511557868071,10873325
2018-02-05,516.2987060546875,519.0772441912852,494.16299628799163,499.0254380270375,4734366
2018-02-06,511.06585693359375,513.5665529880404,491.9865810935438,497.3584110993286,6325143
2018-02-07,508.935546875,516.2986839273173,502.5448868229131,514.9557125796179,5110233
2018-02-08,540.9813232421875,543.6672659070205,494.3945143178948,500.18313512184517,13707589
2018-02-09,539.6846923828125,542.7410727837153,528.0147992209584,528.0147992209584,3796079
2018-02-12,545.6585083007812,563.996845491262,541.8148419384802,542.7410211554691,10261511
2018-02-14,532.3678588867188,548.1129072396668,529.033635964953,547.325677433819,6630066
2018-02-15,533.2477416992188,541.7686027205035,523.6618083812106,523.6618083812106,10715444
2018-02-16,532.78466796875,534.9148691553802,521.7631111564662,532.9236174822372,6640151
2018-02-19,519.9572143554688,534.6371373958494,512.6866710768994,532.5532334389145,3518880
2018-02-20,518.1973876953125,524.8195931882971,515.8819391354585,522.9672343404139,2481944
2018-02-21,486.9388122558594,521.438994389061,473.55550882043485,518.706753894088,21898950
2018-02-22,501.4798583984375,506.6201428749052,485.3180162092327,488.5596441800959,12473655
2018-02-23,527.5980834960938,532.7846651868513,505.69391949938426,509.3986368583541,30844893
2018-02-26,514.909423828125,529.6819958494305,512.5013235869096,527.922232462754,8083731
2018-02-27,504.5825500488281,521.8558193002523,502.03555657649787,514.9094734666244,6920945
2018-02-28,495.8300476074219,511.575095134697,493.329408811981,502.91534160649417,8366660
2018-03-01,495.87646484375,501.5261364747856,493.88515655619466,498.23821096723196,4264631
2018-03-05,508.05560302734375,511.8992694263675,488.1427496718343,495.5984811339286,7343286
2018-03-06,492.4958801269531,521.4389854470609,490.8750662290271,519.586626706574,9825945
2018-03-07,486.1053161621094,494.7188312353868,481.7059632819034,492.727522583067,6282066
2018-03-08,476.61187744140625,491.3381519203777,471.88838530335994,490.597219736106,9316674
2018-03-09,469.3876647949219,481.520647719963,467.72055333645415,476.05616715829194,4996423
2018-03-12,474.8058166503906,477.90849453606495,469.15608928953446,473.27759827118064,4632925
2018-03-13,484.669677734375,486.7072837581981,474.80590085850105,474.80590085850105,4795084
2018-03-14,481.7059020996094,484.6696876010049,478.00118435524166,484.6696876010049,2469628
2018-03-15,478.3253479003906,489.9488877112697,476.7508316623367,481.61327336457515,3013808
2018-03-16,465.91448974609375,483.4655989447184,464.2936759565281,474.2501035210027,8924919
2018-03-19,460.9131164550781,471.00846502894944,459.38492628470175,469.3876512769369,5580228
2018-03-20,471.19378662109375,473.2776903457079,457.3010951236659,460.0796334231515,4615574
2018-03-21,467.25750732421875,477.53807605294986,465.4514461882243,476.0099139605733,3986735
2018-03-22,470.8695373535156,482.5394018614642,467.8131570545343,481.61322258725795,8691889
2018-03-23,465.31243896484375,469.34132426366773,460.82046405155137,464.7567257745323,5098042
2018-03-26,466.0534973144531,469.4803442233113,459.4776177531943,465.3125368166371,4203954
2018-03-27,467.8132019042969,474.43537869679733,466.0534667675469,468.64675767804675,4458072
2018-03-28,458.5513610839844,467.44268770671374,455.68019970121003,466.7943509134347,6856832
2018-04-02,470.36016845703125,472.3514483215152,459.43123563505634,463.9232109436128,2924481
2018-04-03,472.3514709472656,474.3890768337228,467.25748449587354,468.6467535280714,2709038
2018-04-04,465.173583984375,476.93607317300626,464.01585978331883,476.93607317300626,3120925
2018-04-05,470.08233642578125,475.1300253893269,467.81321388715895,468.64676968226,2409577
2018-04-06,474.759521484375,477.26021708418824,469.57293963472733,470.49911900284314,2772128
2018-04-09,473.138671875,479.5293029978793,469.8970445249419,474.2037723513553,2395291
2018-04-10,470.7305908203125,477.81588449905615,470.03595640198444,474.5742572135252,2645876
2018-04-11,482.95623779296875,484.29920916868645,472.629315333952,473.2776521907986,5693850
2018-04-12,477.8159484863281,483.00253022594717,471.9810016321307,483.00253022594717,3619891
2018-04-13,475.1300048828125,481.4280131348131,472.6293093406869,476.6118692258122,2130074
2018-04-16,481.0576171875,482.53948165948873,473.74077709947886,475.13004624053303,2687330
2018-04-17,474.3427429199219,483.3729909390651,472.8145244894987,483.3729909390651,3104869
2018-04-18,474.2037658691406,479.20515632408933,472.95341825540345,476.38026444834395,2412444
2018-04-19,471.6104736328125,476.98230184281334,468.97085718325724,476.98230184281334,1936774
2018-04-20,467.9983825683594,471.42525723728033,464.94200222615865,471.42525723728033,4431085
2018-04-23,476.2877502441406,477.4454744790559,467.72059090576766,467.72059090576766,2424057
2018-04-24,479.57574462890625,484.85497920407937,474.6670044739077,477.81603745685635,3432552
2018-04-25,476.10247802734375,482.9562277494757,473.4628895223271,476.51927003589924,2112975
2018-04-26,474.759521484375,484.1139670200464,473.55549961172494,476.0561952115382,3304748
2018-04-27,485.4569396972656,487.5408432810533,477.2139206873712,479.2978242711589,3998704
2018-04-30,489.3931884765625,491.7549345002519,486.33675141466927,489.02269412678726,1689385
2018-05-02,477.1676330566406,491.56971126592623,472.76828095393097,490.87507672339314,5805988
2018-05-03,496.43206787109375,499.4884480278341,473.8795979407915,478.8346624801408,7457111
2018-05-04,479.7145690917969,493.65355594146797,478.2790025145644,490.8750181031483,5429919
2018-05-07,475.7783203125,481.6132386284449,469.1098180102064,479.76088001833546,3837196
2018-05-08,473.69439697265625,480.9185839426407,471.05478041121063,476.0561427954113,2519096
2018-05-09,468.78570556640625,476.797151858625,467.90585208041267,473.69447342807837,2477607
2018-05-10,460.4963684082031,471.65681788887355,458.73660509146697,470.49909374088907,4218689
2018-05-11,437.2029113769531,459.5238373490569,433.2203518375261,457.5325575793434,9906203
2018-05-14,438.82366943359375,451.79017751791815,437.15655827150704,438.08273742038733,6746471
2018-05-15,434.0538635253906,444.5660027858808,425.1162401639985,439.0089277510573,5493167
2018-05-16,436.8788146972656,438.08283655737915,428.35795329342045,431.59958104807333,4675165
2018-05-17,444.42718505859375,450.1231826427898,433.776122094824,438.0828505967892,5939278
2018-05-18,430.58074951171875,452.85537856286817,428.68209325881526,452.85537856286817,8722402
2018-05-21,410.9920959472656,430.6734075841769,407.79676581090183,429.9324753931584,5809871
2018-05-22,419.5592041015625,422.33774187706956,402.8879774485203,412.010848797718,4466739
2018-05-23,418.8645935058594,427.4317521347797,416.27130274030225,420.48540730051997,4549341
2018-05-24,428.6820983886719,435.026432301835,418.123659929734,421.3189615836925,6237036
2018-05-25,432.0163269042969,434.74853876100235,422.33774233651917,431.1364453018633,4971624
2018-05-28,462.81182861328125,467.6742701599368,444.56608426564526,449.1969809767457,16007675
2018-05-29,462.6265563964844,472.30514130467276,453.87415078038106,459.94064210238747,8258927
2018-05-30,458.0419616699219,466.51652487969665,456.00438416805594,458.36613007798553,3851368
2018-05-31,444.8902282714844,459.38492852876686,437.9901812447394,458.3661256552896,18790216
2018-06-01,448.594970703125,453.41108633075334,443.73252914946875,449.19698162348476,3793797
2018-06-04,443.2694396972656,454.5688107353661,441.60229991919306,450.12316119000695,2995860
2018-06-05,438.5458984375,447.5761466101835,435.4431921303461,441.00026792892055,3076737
2018-06-06,453.68890380859375,455.86543066326976,438.1754016260745,441.6948714123293,4126448
2018-06-07,452.67010498046875,457.43992242859224,449.70632009720407,454.4298398890802,2197858
2018-06-08,489.2542724609375,494.25566387782993,450.3547373102335,451.0493718664961,29224236
2018-06-11,496.1541748046875,503.8414503329134,487.30917535566,490.874942419934,16452353
2018-06-12,500.5536804199219,504.7214878230361,492.12541375369847,496.15432816107904,8140874
2018-06-13,505.9717712402344,519.5403214271786,502.3133514755069,511.4362520563591,20167822
2018-06-14,517.9658203125,520.5128136175682,501.98922594434515,505.69394347898975,12154425
2018-06-15,529.1263427734375,531.4880892181083,519.5867051260451,520.5128846360737,15166730
2018-06-18,528.0148315429688,535.6095136155226,522.272564723491,529.7745949421649,6090932
2018-06-19,518.6141357421875,533.942392602053,517.1322148719053,527.9222268571904,6719183
2018-06-20,522.457763671875,523.9396845919769,512.2697905303745,517.7342714635259,4435880
2018-06-21,513.5665283203125,525.560564047762,511.80676467368687,523.2914129864321,3243433
2018-06-22,534.6370239257812,538.8511286161779,507.2221380781565,512.1771749345293,9935404
2018-06-25,529.58935546875,548.2981901549373,526.0235874857935,534.3129042002864,14303449
2018-06-26,530.6544189453125,533.9423440162698,524.0322146167468,529.1724982098768,4726890
2018-06-27,534.3128051757812,538.7584540472222,526.5328772536402,534.4054004843455,8539318
2018-06-28,525.4215698242188,540.1478451065107,522.550436254982,535.1001559984607,5516028
2018-06-29,522.365234375,529.6820749860283,518.7994659365492,526.9961318428635,4416940
2018-07-02,521.5779418945312,530.5618366816584,517.271185153875,524.4953730318601,4132132
2018-07-03,531.2564086914062,534.2201936726373,519.3087299804234,523.1060423901434,5950013
2018-07-04,536.535888671875,545.3808934971422,530.7472655493804,533.4795069691023,9406196
2018-07-05,525.0972900390625,538.1100960295768,523.1986340526014,538.1100960295768,3833300
2018-07-06,516.9007568359375,530.9323988862533,514.029622994977,525.5142714178402,5609846
2018-07-09,526.8108520507812,530.3303226027481,519.216169367375,519.216169367375,4117856
2018-07-10,522.31884765625,529.7745800024828,516.8080693031213,526.9960419954767,4594276
2018-07-11,519.3550415039062,527.6443575293065,518.2899126990985,523.2450058625324,3519985
2018-07-12,522.781982421875,528.5706037691597,516.8081138855762,521.4390109634039,3736611
2018-07-13,518.4287719726562,525.1435707163843,515.9280769966806,524.9583235830734,2012823
2018-07-16,494.53350830078125,518.6604706754058,491.52342521204,518.1973809694456,4267330
2018-07-17,508.1482849121094,511.01941807016556,493.65355655894564,495.50591512014245,3699579
2018-07-18,509.30615234375,517.9196107714482,502.77654135434545,513.9833477211467,5720388
2018-07-19,504.721435546875,512.9180999789004,502.22074005811305,511.6214828388201,2767826
2018-07-20,518.7531127929688,521.4390559415946,504.7678250233908,504.7678250233908,2702091
2018-07-23,520.2813110351562,525.1437531943633,516.3450483348458,521.1611928270096,2459719
2018-07-24,521.1611938476562,526.5330234138751,517.78061620426,520.6054522535252,2480730
2018-07-25,516.9469604492188,525.4677641517262,514.492562875011,524.5879391057783,2161490
2018-07-26,514.4000244140625,522.1798968974048,510.78790240177835,513.0570530746492,3113443
2018-07-27,515.92822265625,519.5866425864225,512.4087522476617,514.8631502656203,2638153
2018-07-30,521.1611938476562,524.9122093576318,511.2047646450192,514.3074432265959,3441224
2018-07-31,526.5328979492188,533.2476974393363,518.7993239068812,520.9758225091215,5998010
2018-08-01,532.22900390625,534.2202556577085,522.1799237046453,527.9222471727761,3672172
2018-08-02,537.5545654296875,544.1767144567594,532.8310164045212,533.3867579819265,5898107
2018-08-03,542.60205078125,545.8900320986302,540.7496924185529,540.7960466012132,3298774
2018-08-06,533.6182250976562,549.5948179864544,532.6456916112613,543.2041582191358,3867267
2018-08-07,527.6444091796875,539.499494052099,526.3014377598373,537.6008376106919,3076068
2018-08-08,531.626953125,535.6558107328748,522.6430020189036,527.9222356816202,2970652
2018-08-09,529.26513671875,541.7222587724009,521.4852085098432,532.7383088603166,4595269
2018-08-10,513.1033325195312,527.6443588444862,508.33348650976154,524.3100794447108,6086714
2018-08-13,522.2726440429688,525.6068676399819,511.80677044168306,515.7893875258236,3254839
2018-08-14,557.3746948242188,564.9693764363114,518.7530064734106,523.7543973356297,25001972
2018-08-16,573.953369140625,575.8057278878728,557.745230102207,564.9694179105727,25169096
2018-08-17,577.4727172851562,586.6419137560111,573.3049109855841,577.0096276963149,14161255
2018-08-20,580.1124267578125,584.3728857846387,574.4627552031657,578.8621072180226,9494515
2018-08-21,588.4944458007812,592.2454612715801,574.6943493685253,580.6219204669659,7752348
2018-08-23,592.4306640625,597.8487908331525,587.4755704531523,592.662208907904,8942755
2018-08-24,583.3079223632812,592.5697187060755,573.027351034587,591.1341515788462,7909136
2018-08-27,575.8982543945312,589.6056961802474,574.8331821598399,585.6231366554746,8253456
2018-08-28,575.3426513671875,586.6883489537148,573.3976407203661,578.8621217615972,4181613
2018-08-29,575.3887939453125,584.4190406108526,571.2672854433476,577.8431912918445,4435825
2018-08-30,592.7083740234375,594.6070300252525,576.2223960233396,577.4727152971104,9022572
2018-08-31,604.6561889648438,610.7227091609931,595.811187142833,595.9501366624027,12972927
2018-09-03,607.7589721679688,623.7818654992415,603.174372541026,610.1670161490357,12185947
2018-09-04,606.9716186523438,614.4737053574706,597.5246344399274,609.4260165587962,7989190
2018-09-05,614.7515258789062,622.2072581260386,605.4897326453257,605.8138727967012,9140409
2018-09-06,627.3939819335938,629.1536889705858,614.2885201065511,618.6878724932924,7815292
2018-09-07,615.214599609375,620.5401305807771,592.7547515995484,602.0165445932913,22074525
2018-09-10,590.9024047851562,617.9931498321246,588.448006981067,608.03672216529,9930755
2018-09-11,583.8635864257812,601.4609971371797,581.2239409013648,595.5334256541673,8273963
2018-09-12,601.9240112304688,606.0918185066405,574.3238200446617,578.8621216905169,11215125
2018-09-14,616.140869140625,621.3738055602361,609.4260682368001,615.9093242818725,7444874
2018-09-17,600.3018798828125,620.7857066755478,598.4439353809777,614.0506578563966,6264996
2018-09-18,596.8646850585938,609.1271303951219,595.0067405136642,600.4876996011933,5780144
2018-09-19,602.7636108398438,610.5670002788136,596.0285621490542,605.6434587827813,7659788
2018-09-21,589.8045043945312,608.4768239455453,570.8534478084545,603.8319626940527,9635852
2018-09-24,579.6785888671875,597.2826214556295,572.2468120868389,592.6841982327975,5305739
2018-09-25,595.5641479492188,599.1871627762267,579.7251808003223,579.7716180775973,7213759
2018-09-26,594.40283203125,603.6461166452549,587.621346396339,603.6461166452549,4850782
2018-09-27,586.4136962890625,598.2116544692469,580.7934258666014,596.1214670369294,4070395
2018-09-28,578.98193359375,591.1514469427705,572.3397595696883,585.252496051444,6693066
2018-10-01,589.61865234375,593.6132213666317,566.6730282216671,579.6786387054431,5527208
2018-10-03,576.75244140625,595.2390132290524,574.5693791372124,591.2908808744313,4723773
2018-10-04,556.5006713867188,576.6593753486432,548.8830895628639,574.1047023205178,4851894
2018-10-05,555.4788818359375,572.571934557539,549.0689516278634,552.7384027846607,6804502
2018-10-08,561.331298828125,565.5116725885331,547.2573511547721,549.9513924803475,4400199
2018-10-09,566.4407958984375,573.45452463066,555.1537610492583,564.8150945571955,4516779
2018-10-10,560.1237182617188,575.4981946065351,550.8804348695323,566.672959983836,5566798
2018-10-11,545.0280151367188,560.4024941032467,541.3121262408829,548.0936121357904,4591533
2018-10-12,548.6510009765625,555.2931753990899,541.2657167766492,549.1154871124045,5795641
2018-10-15,557.3367309570312,560.5881327716152,544.9814154016018,551.5306562881314,3422475
2018-10-16,559.8914794921875,568.5309084273174,550.7410705571666,559.1947504377423,3557343
2018-10-17,551.298583984375,566.1157024668029,549.0225906695251,566.1157024668029,2629035
2018-10-19,566.6265869140625,568.0664824387965,548.186455303881,549.8586505712743,4841857
2018-10-22,563.7932739257812,572.9900650620605,560.5883083646677,567.3233570902106,4362446
2018-10-23,534.9485473632812,562.5854666283452,532.0687566072401,562.0281060626456,4538253
2018-10-24,530.1643676757812,542.5196847732635,521.571376093328,541.5907127102956,5820242
2018-10-25,519.063232421875,531.7901632861269,512.8855444253691,525.1015519041877,6105402
2018-10-26,514.6970825195312,521.6179373741056,510.93475610998775,519.0632635935557,4002009
2018-10-29,532.8583374023438,536.5742255479666,515.068556925146,515.1149941869757,3640433
2018-10-30,522.1287841796875,534.995082442965,519.8992850455897,531.2791938528419,2783468
2018-10-31,539.0361328125,540.6618342040068,520.6424941228721,522.5933131126944,5896444
2018-11-01,531.232666015625,542.9841856126303,527.6561461556441,539.9650263256482,2779373
2018-11-02,531.232666015625,538.5715681931949,527.9348264421435,533.2299786854574,2688591
2018-11-05,531.0005493164062,542.4733913562544,524.1726255230327,530.4431886108138,2962317
2018-11-06,538.199951171875,544.2847636479694,534.1589453090843,535.1343546518315,3500726
2018-11-07,540.9404907226562,542.1481432203444,538.8038660421369,541.5907825906306,298414
2018-11-09,555.014404296875,561.8423266972047,541.6836203581933,545.9569261291126,6848765
2018-11-12,547.629150390625,558.3123314415024,545.3067197273908,557.7549707623131,4284490
2018-11-13,521.8501586914062,550.7876668066172,516.7408113432928,547.6291384932514,9176639
2018-11-14,483.1584777832031,519.1097176714101,479.3497139761713,517.6233846491465,25499010
2018-11-15,478.5135192871094,490.4972823890993,472.0107427569303,484.92344963467775,11390206
2018-11-16,482.83331298828125,488.221340542626,476.93436205119053,481.5792231669989,5732203
2018-11-19,493.79522705078125,495.1422482593985,482.78692770098746,487.7104696738916,5239761
2018-11-20,488.1285400390625,494.77065842215836,484.2732820481946,492.3553529555732,3084743
2018-11-21,495.0027770996094,498.20774229010243,488.1748546198295,488.1748546198295,4029454
2018-11-22,488.5929260253906,494.6776824222352,487.47814807712285,494.6776824222352,2263069
2018-11-26,474.4725341796875,490.63667256153514,470.4314995842256,489.56833188976077,5189359
2018-11-27,458.77288818359375,482.46164894791383,440.79727195039425,482.04365685292254,39588964
2018-11-28,451.48046875,466.71560646992157,447.30009403935185,454.2673852237654,11393583
2018-11-29,449.994140625,456.5434118285892,444.69901594654715,454.2674185347921,7391256
2018-11-30,457.6116943359375,458.86581242919596,447.5323406715738,452.36300727153946,6544665
2018-12-03,423.0538635253906,428.25611264618567,409.8160118871951,418.0374201535435,61492013
2018-12-04,411.4417419433594,431.693350955991,410.187623924576,425.2369834500188,36233775
2018-12-05,383.61907958984375,413.62487017374065,372.9823366081008,411.53468273322204,48891969
2018-12-06,390.3077087402344,400.8515500845289,383.66556242157696,386.4524793398935,56087131
2018-12-07,382.03985595703125,395.74219729530773,379.1600361752609,394.8132250011873,23905860
2018-12-10,370.6599426269531,380.18190857163046,368.84843532675245,376.2337763506667,24690744
2018-12-11,392.3049011230469,394.62733134127467,362.85650296590546,362.85650296590546,24688467
2018-12-12,400.8050231933594,402.8952104147525,393.04810050174905,396.3924057259738,16244450
2018-12-13,392.119140625,398.807722931942,388.3103492328636,392.02623774226896,16853821
2018-12-14,390.77215576171875,395.74216277168824,387.4743157452809,391.97983664871083,8144364
2018-12-17,391.05084228515625,395.18475138920996,390.16830739272814,391.84044594156194,6151952
2018-12-18,402.6629943847656,404.00998700775676,389.099995168908,391.0972796443641,14402058
2018-12-19,393.6983337402344,403.5454428973707,392.7693617131456,402.66293648162224,7882841
2018-12-20,398.57550048828125,400.38700757018046,391.6546747920103,392.0262579921488,6156074
2018-12-21,395.09185791015625,402.24495505599435,392.9552332302208,398.9935524169736,7315242
2018-12-24,394.2093811035156,403.17395767208023,392.3049709754893,396.7175891758174,7052582
2018-12-26,384.26934814453125,393.3732927923359,380.8786052555453,393.3732927923359,8406699
2018-12-27,381.9468994140625,393.233905532395,380.87858709586294,392.9552252232927,12839897
2018-12-28,394.99896240234375,398.2503648687554,384.1299771032044,385.5234353030951,12805576
2018-12-31,399.9224853515625,401.59462377610726,395.2776248945176,397.6929580021766,6368707
2019-01-01,402.755859375,407.63296310295226,399.13287370423143,401.7804499694015,8487116
2019-01-02,408.7942199707031,409.8625607191072,398.7613311899019,399.9225464816605,9656878
2019-01-03,405.12481689453125,412.0921089930958,403.1739694369363,410.652184949402,9479511
2019-01-04,402.9881286621094,408.654864747073,401.50179582341474,407.9116983277257,6228693
2019-01-07,400.20123291015625,406.88984443260324,398.8077745388117,406.0537750797931,4118235
2019-01-08,416.2259826660156,417.1085175955758,401.64113614315266,402.9881288225035,12368631
2019-01-09,416.876220703125,421.4281782229797,412.18492304133173,418.50192184235726,9034282
2019-01-10,413.02099609375,416.17949552371107,409.165767597622,413.4854821378613,3672333
2019-01-11,412.835205078125,417.8052115975863,410.2340944782096,413.4390312870362,3778103
2019-01-14,418.8271179199219,419.89543026941635,412.23140969480863,415.25056931510863,5784064
2019-01-15,420.3133850097656,422.2177662347508,417.5729063201771,421.05655125610735,4291873
2019-01-16,421.5675964355469,424.91190221129926,415.38993663241143,419.3380687017064,5879148
2019-01-17,396.2530517578125,423.0539034490759,392.4907259613699,422.68232026609064,8343750
2019-01-18,362.9958801269531,393.9771080675415,343.90551312629583,393.9306424484515,82906214
2019-01-21,370.00958251953125,377.67360247770614,362.34556256135636,362.39202817715096,48936782
2019-01-22,389.1929626464844,393.4197753390587,380.32126002967385,381.8076214034312,38255365
2019-01-23,400.3869934082031,403.5454930226338,382.41137678124954,388.031675253232,26921274
2019-01-24,392.9552307128906,406.8898133622839,387.4743005407921,400.38700812590037,18446490
2019-01-25,392.3978271484375,399.2257780627883,389.56447345505774,395.1847435747048,8720973
2019-01-28,382.50433349609375,394.580973047883,381.01797218895365,393.88424384297207,5809082
2019-01-29,392.3978271484375,394.58091735234285,377.3949327236946,381.34306432757325,7472930
2019-01-30,388.26397705078125,395.74219258953343,386.6382755554017,393.8842480233854,4351530
2019-01-31,393.373291015625,400.71216575521066,384.3158120291156,389.23935336896903,16672076
2019-02-01,393.18743896484375,397.60005641335647,387.38136337469547,391.2830575112665,3950126
2019-02-04,385.3376770019531,392.955260773007,380.1354550948738,392.30496885963055,3679517
2019-02-05,380.78564453125,388.77480997614356,377.6735824373116,385.33760198881265,3523707
2019-02-06,387.00982666015625,389.2393542843903,374.654479311307,380.8786044310263,5638849
2019-02-07,404.0100402832031,414.1358324998236,391.1902341153694,392.9552757834067,18187249
2019-02-08,400.43341064453125,404.93893098016883,394.3486547556661,403.17388966774814,6133747
2019-02-11,398.1109619140625,402.8022877910024,390.9578941170106,401.54816984964316,4945054
2019-02-12,405.5892639160156,412.463652453579,393.9306459188817,396.85693099803075,8559968
2019-02-14,409.5838317871094,413.29972053700374,398.2039224905579,401.3159849885907,9040227
2019-02-15,392.8623352050781,409.44449453934516,386.87048156327177,409.44449453934516,10206627
2019-02-18,385.19830322265625,397.60008731714754,383.9441851277112,394.3486847339466,6210412
2019-02-19,384.26934814453125,392.39785496400935,383.0616956142016,387.5207508723225,4742270
2019-02-20,392.35137939453125,394.30222651077196,386.4988380458091,388.31034501445674,4385350
2019-02-21,399.17938232421875,401.316007133315,392.67657665307706,394.9990072499134,4736317
2019-02-22,399.9224853515625,405.72856092286855,398.01810390416546,400.38697139726696,4373261
2019-02-25,405.12481689453125,407.5865877660272,397.13564961818037,400.75863583943715,4849697
2019-02-26,404.7995910644531,408.7477224747203,392.8158566891673,399.92248755765246,5255113
2019-02-27,411.25604248046875,419.5703274327715,405.0319168223337,405.4964029654786,12232682
2019-02-28,413.53192138671875,419.43089984523544,410.69856784403464,414.8789422610968,10862473
2019-03-01,415.5757141113281,418.9664569286703,413.4390610682219,416.0866374749071,5608805
2019-03-05,423.5184020996094,424.44737425966554,413.71775715100904,416.0401875511495,5251255
2019-03-06,427.8381042480469,436.013076023369,415.2041059270593,424.54026451793226,13004184
2019-03-07,418.8735656738281,430.11413513459917,416.92271835419314,426.8627323852015,10701581
2019-03-08,422.63592529296875,425.37637634795624,415.5292650885509,417.57301532445894,5040326
2019-03-11,426.8162536621094,428.6741979098931,421.753344246907,423.6112884946907,4628360
2019-03-12,436.8955993652344,438.14971746230276,429.18514170915313,430.1141138773548,8660320
2019-03-13,424.0757751464844,441.2617594623879,420.3598866457485,439.40381521201994,7156428
2019-03-14,433.0404052734375,435.22349571382364,423.61134267983687,424.4474120282873,8039525
2019-03-15,431.3682556152344,436.570505712265,429.46384555606284,433.08685989059035,5877969
2019-03-18,431.879150390625,436.52401117854305,426.0730744057274,432.90102543396307,3785329
2019-03-19,435.6415100097656,441.4940233347047,433.5048570109927,434.29448902467004,6725926
2019-03-20,441.0295104980469,442.93389198906317,432.90100451203756,437.31362204729976,4235163
2019-03-22,439.63604736328125,445.62792876242366,436.01306183472065,442.00491488388434,6125288
2019-03-25,431.6469421386719,436.1060258644295,428.44200494670326,435.22349090360734,4043446
2019-03-26,436.43109130859375,438.01035525501925,429.27802298355766,433.82998070857684,3843580
2019-03-27,431.83270263671875,443.4448543245407,427.09493907809144,438.2890419651599,6016947
2019-03-28,441.6798400878906,445.7208464436681,431.97206934014633,431.97206934014633,10590187
2019-04-01,444.83831787109375,449.85476179050136,441.8191583959897,446.78916504808006,3583589
2019-04-02,436.3382263183594,449.52961372117284,433.9228930798223,447.7645723218503,4034802
2019-04-03,429.1851501464844,440.23991349541274,426.537573745065,437.5458998246627,4715586
2019-04-04,432.52947998046875,436.52404926662473,426.86274365477226,430.11414649000994,4151406
2019-04-05,430.25347900390625,436.61694439541026,428.7206805074082,433.92293062126487,2205935
2019-04-08,429.6031799316406,434.0157976217916,427.7452356410507,431.6004643740287,2274003
2019-04-09,437.49945068359375,438.84644330742697,422.49652759932195,424.7725207343918,4345243
2019-04-10,438.4284362792969,445.81374817759803,434.15515853657934,434.75898478990234,3887388
2019-04-11,432.4830017089844,437.45300871033515,428.8135784836746,432.20432138553673,4429596
2019-04-12,432.0185241699219,435.2234897030322,429.4638505377269,433.8300313581986,3332732
2019-04-15,426.0731201171875,433.64423834376896,425.00480769134805,432.25077995789565,3770497
2019-04-16,429.69610595703125,431.5076131974228,426.07311982623145,426.8163146415131,2825105
2019-04-18,430.2999267578125,432.9010375317447,424.26160756477316,430.95019027630497,3567327
2019-04-22,422.21783447265625,432.0184791363751,420.2669873232487,431.04306973666115,1828896
2019-04-23,435.2699279785156,438.84647674183464,420.8244211104139,420.8244211104139,5292341
2019-04-24,436.01312255859375,436.6169488391194,429.6496571023249,435.78087950070056,2821522
2019-04-25,428.2561950683594,440.89022297898424,426.8627367329959,432.2043270185557,5244937
2019-04-26,431.1360168457031,436.05955831594764,429.7425585031831,431.043113952872,2903286
2019-04-30,425.14410400390625,431.0430828989199,414.32158399335833,431.0430828989199,6586352
2019-05-02,420.0812683105469,428.9065048015249,418.5020041247995,424.4938865560359,3732218
2019-05-03,421.056640625,423.7971198962528,416.96916870260793,422.68234194015446,2585548
2019-05-06,420.9637756347656,423.5184493599959,414.73967847783115,416.17957414660384,3104707
2019-05-07,416.3653259277344,423.61129730479814,414.7396246771129,423.61129730479814,4189396
2019-05-08,407.9580993652344,417.8981123535853,402.6629753102081,415.9472652385844,4885249
2019-05-09,408.1438903808594,411.25595252924666,400.89789112267687,405.03182823247204,3550114
2019-05-10,406.6575622558594,411.20952016108595,403.5919654737628,405.9608331372028,3482485
2019-05-13,369.8238220214844,406.657562441256,320.07734591674057,406.657562441256,24079258
2019-05-14,389.6573486328125,394.34864627679735,374.6079896610566,377.20910013396303,18797497
2019-05-15,380.6463623046875,394.34870237544806,378.1845916229879,390.16832743860584,7581005
2019-05-16,383.1081237792969,389.79673485749237,352.12689571081876,382.2720544820178,25156049
2019-05-17,380.04248046875,386.45238209797566,373.1680928033489,379.9960148551458,7747301
2019-05-20,384.1300048828125,398.5290739896652,381.0644079613462,390.16832418568623,3809738
2019-05-21,379.8103332519531,393.65201495133647,376.83761053061573,384.78034076263367,6228488
2019-05-22,391.28314208984375,393.46620430364084,379.02069645284604,379.94966874807363,7277731
2019-05-23,383.61907958984375,396.67112760064515,381.0644060514321,394.8131832090731,5906044
2019-05-24,386.2201843261719,388.31037173383004,382.41139271333185,387.1027192382866,3010407
2019-05-27,385.3840637207031,391.5617222330319,382.3184389209919,387.33491071143254,3886561
2019-05-28,383.4332580566406,390.63279227817657,381.064390394708,387.3813897265152,7987111
2019-05-29,393.6983337402344,397.4142218485895,374.88665019168656,388.35674458447386,28086149
2019-05-30,383.4332580566406,392.67654236492734,381.9933625523256,391.32952139638974,9082367
2019-05-31,380.7392272949219,387.47427513384025,377.2091162452254,385.3376222577132,5643400
2019-06-03,387.19561767578125,388.86778471510974,378.55618719752414,381.80759003234954,4611475
2019-06-04,381.9468994140625,388.2174615186895,380.04251781857545,385.33764214138324,3279047
2019-06-06,375.4440612792969,384.1299559162005,374.0041658921536,382.03976873165044,3483633
2019-06-07,370.8921203613281,377.99875143714104,367.03689171823817,376.23371007223017,4668474
2019-06-10,373.4932556152344,376.9769013087603,366.0614781357124,373.44681834597986,4966075
2019-06-11,362.252685546875,369.54509392862803,356.7252901537203,367.87295547102406,13833555
2019-06-12,363.59967041015625,368.8019197849267,357.88649772580106,363.22808724409657,7739283
2019-06-13,362.06695556640625,365.78284478325196,358.02592037308955,363.22817094667056,4090663
2019-06-14,364.66802978515625,366.80468287867075,349.8044744215022,362.2991619890667,9786375
2019-06-17,355.70343017578125,366.47951277398573,352.8700764613736,363.878402096824,6558933
2019-06-18,351.56951904296875,358.2116641989109,347.7142619675102,354.30996985626996,3761637
2019-06-19,348.5503845214844,354.96028710029475,342.0011134311926,353.00943978935715,7197444
2019-06-20,362.7636413574219,364.34290542547495,341.86176701544497,341.86176701544497,8109029
2019-06-21,355.6105041503906,363.8783784183158,353.9848029954581,361.2772395604368,5389874
2019-06-24,356.2143859863281,358.0258646878025,350.68699029597553,354.6815592427984,3702836
2019-06-25,358.3509826660156,359.97668381874547,350.73340021037603,355.3318233823745,4480306
2019-06-26,371.0779724121094,374.8867359141125,357.3291662573773,357.65431221120224,9571797
2019-06-27,374.19000244140625,376.60533590641677,366.7117873391444,370.706356583213,7651785
2019-06-28,372.471435546875,380.6928172919561,369.8702962329088,376.14085892999435,7283442
2019-07-01,376.55889892578125,377.62721131978907,372.9823501719442,373.4468362867286,2254468
2019-07-02,367.4549255371094,378.09166807983905,363.36745371435046,376.0943836113298,5539613
2019-07-03,367.5943298339844,370.79926707924915,365.178996319448,369.17356564542433,2683086
2019-07-04,364.25006103515625,369.7774294610807,363.41399159719975,368.523339479139,3308295
2019-07-05,348.59686279296875,366.3866770363237,346.87825833238674,365.5506076190092,5446432
2019-07-08,340.7469482421875,353.8454602647151,339.44639299774735,348.3645306524455,7355520
2019-07-09,358.954833984375,366.9440001642768,340.93277989946733,340.93277989946733,15428006
2019-07-10,364.3428955078125,369.12709650141727,353.5668126926182,358.5832567281454,10202064
2019-07-11,369.87030029296875,371.9140506085204,362.57786236927546,366.8511404427122,7759443
2019-07-12,378.7419738769531,382.2720568652423,369.1271060233475,372.0533627570584,13549864
2019-07-15,392.90875244140625,397.32136981989476,384.26929509037876,386.68462816754703,18269604
2019-07-16,402.5235900878906,404.1028539606014,388.9141548141556,390.9114391120113,8630766
2019-07-17,399.5044860839844,405.3105623748804,397.6930072912139,402.2449654332801,6500759
2019-07-18,395.9279479980469,402.1520444925375,394.4880241325447,399.5044681527257,4711395
2019-07-19,391.4224548339844,398.90066994651323,386.498885004322,396.67114226420506,5104476
2019-07-22,399.6903076171875,411.81338405035945,389.2393698817003,389.33227277601236,10420113
2019-07-23,399.6903076171875,404.5674118937482,396.7640507212477,400.3870367995533,6698368
2019-07-24,395.3240966796875,401.7340273501217,391.74757649543585,399.4580341874335,5319256
2019-07-25,406.10015869140625,408.46905461966355,395.3240763735955,395.55631940479844,11412685
2019-07-26,408.7013244628906,410.7915118808393,402.33785932047283,405.96084517492096,5094438
2019-07-29,400.43341064453125,410.32698614700604,398.7148349468981,408.74772224379996,4448863
2019-07-30,381.2037048339844,409.9553741627945,376.2336984559898,399.45800082981634,9461831
2019-07-31,396.4388427734375,398.3432242341152,379.9495880359366,380.87856013382395,7746831
2019-08-01,394.90606689453125,397.3678374236531,388.31035895520046,394.62735823936,3635110
2019-08-02,390.77215576171875,396.2066488782278,387.70655879855065,392.8623432411467,3490912
2019-08-05,387.5207824707031,393.65200521304473,381.8540458702058,387.98526861254743,4784904
2019-08-06,388.4961853027344,392.44431715194924,385.0589768234252,386.4524351231481,3204070
2019-08-07,391.1437683105469,398.52910929837765,388.40331708643436,391.0973310364032,5431353
2019-08-08,396.1601867675781,397.785888038532,388.4497008724945,393.8841936482506,3157083
2019-08-09,392.0262451171875,399.78316819649274,388.728405343042,397.60007798615226,3434604
2019-08-13,408.0510559082031,412.92816016208604,390.86506948975864,391.56179866888476,13211835
2019-08-14,387.5207824707031,409.6767771066731,379.06712901914,408.7478048229845,16173302
2019-08-16,385.2447814941406,391.46887820499273,380.87860082758783,389.6109338107118,6536156
2019-08-19,395.7421875,403.359771463233,391.0973261443662,394.58097216109155,11584821
2019-08-20,393.54486083984375,398.7809113379874,390.17882633859574,398.31340733876345,5151625
2019-08-21,389.8984069824219,398.1732349957203,386.7193849105053,393.6384396633084,5120294
2019-08-22,387.6075744628906,393.40463576785413,381.9507871923194,389.6178645912477,5299316
2019-08-23,399.9964904785156,402.0067809053688,382.32484147342564,388.0283971137418,5479802
2019-08-26,392.0956726074219,401.86649063442803,388.1218879780491,400.1834873815438,6258106
2019-08-27,389.66461181640625,397.79919341076936,388.12185421311165,396.49015928997954,6738413
2019-08-28,386.2518005371094,394.29287483639337,384.75578206888787,389.8048194317289,3441725
2019-08-29,406.40118408203125,410.09447675571823,393.7318382619758,400.1833871612445,19967263
2019-08-30,421.1275634765625,423.93258724998657,401.81965554299575,404.8116923149857,12308149
2019-09-03,410.7957763671875,426.36365408244063,406.0739687793191,420.7536060024085,9396440
2019-09-04,398.73419189453125,401.5392160273547,375.2187167536828,396.95765378306487,33952423
2019-09-05,403.7364501953125,405.7467402585513,395.8356495747462,400.18343114554284,8793166
2019-09-06,397.471923828125,399.4354464205286,387.5140939010122,389.61786199269153,12513040
2019-09-09,400.9314270019531,404.3909680847899,398.3134159632844,398.3134159632844,5488753
2019-09-11,394.76043701171875,406.72852945322074,393.87216789004424,403.92350511216404,7742635
2019-09-12,399.9964904785156,411.21658870831055,392.1891949542983,397.1447269254502,9896642
2019-09-13,395.3681945800781,404.7182759061569,393.7319303480143,402.47426209473474,6847742
2019-09-16,399.06146240234375,401.58599579189183,392.6566794760833,393.63842660858313,5239616
2019-09-17,393.3111267089844,399.76267648454245,391.9086146475943,398.96794247709954,3367950
2019-09-18,389.71136474609375,397.00444504809616,387.3271055042788,396.34992796428907,3728621
2019-09-19,384.4285583496094,391.6748708181426,381.6703016917734,389.71134818434894,4238714
2019-09-20,386.8128662109375,393.45140095927536,381.48330857453186,386.999850712278,11785529
2019-09-23,382.8390808105469,396.7239283716327,379.0522808568283,390.8333887114256,7342291
2019-09-24,383.0260009765625,392.4228479937328,379.94048615550844,381.48324356603547,5860106
2019-09-25,380.314453125,385.8777613944632,375.63941375038416,382.9792312753662,5031063
2019-09-26,385.176513671875,386.15826054773254,378.95868834418894,380.31446120530313,5309789
2019-09-27,375.5928039550781,385.69088106380156,374.2370306564523,385.2233769655424,3835936
2019-09-30,364.1388854980469,376.8082327795687,361.4273394075246,376.7147262705541,6674624
2019-10-01,361.4273376464844,370.6371723230334,355.3965530558607,363.25061469375447,4308157
2019-10-03,362.9233703613281,366.0089140592553,353.1057857968151,357.17307653752107,5216456
2019-10-04,360.9598693847656,368.39319527155783,359.2301272089334,363.7181547224264,4024033
2019-10-07,355.20953369140625,362.4558456954504,348.3839867012688,360.9598271877795,5151963
2019-10-09,358.9963684082031,362.5493877448341,349.88003950939685,353.43305884602785,4991946
2019-10-10,361.89483642578125,364.4661084360086,354.0875424220711,359.97808143182914,4581317
2019-10-11,361.1936340332031,364.04542598833166,356.7056063628876,362.22214869678743,4273739
2019-10-14,369.0008544921875,373.068144480958,361.8480499101021,361.8480499101021,4372357
2019-10-15,371.0111999511719,374.00323726294846,366.75692454097884,371.38522601578086,2892153
2019-10-16,373.72271728515625,376.0602373368918,368.6269121587006,372.17993122366653,5503380
2019-10-17,375.4057312011719,376.3874782377142,371.01118196272853,375.4992377127905,2934902
2019-10-18,375.5460205078125,380.0808157755632,371.66574236355814,374.93827091267127,4647037
2019-10-22,379.0989685058594,381.4832272625797,374.8914329110515,375.87317980283586,2944611
2019-10-23,378.86529541015625,384.6155895468004,376.8082661662949,379.2392929451721,3374975
2019-10-24,379.5665283203125,381.2495313922465,372.7877199755086,378.67825926145883,3017220
2019-10-25,390.3658752441406,392.2358914129748,374.98498084180636,378.6782741889268,4845146
2019-10-27,390.5996398925781,392.5163951139253,389.01011468400986,389.01011468400986,359071
2019-10-29,394.52667236328125,397.8459396470159,387.09334668358304,390.55288800722997,3863059
2019-10-30,401.7261962890625,404.43771388209393,390.9268649049863,399.20169171659074,3511610
2019-10-31,405.232421875,411.91772271456546,400.93137978866196,401.6794032360381,6710116
2019-11-01,409.1127624511719,412.24504513766124,404.95199373303694,406.4012448024875,3545584
2019-11-04,409.4868469238281,413.6476162356041,405.46629459908434,411.35686329788984,4646694
2019-11-05,401.9599304199219,411.2165038423135,396.4901279549061,407.19598088672484,6719996
2019-11-06,400.08990478515625,423.4651040426926,394.66686997107934,404.29744065151283,15917528
2019-11-07,411.96453857421875,415.1435601296367,395.8823892456148,403.64297291809584,14294406
2019-11-08,394.6668701171875,413.7410270115628,393.498110153878,413.27352302623893,11902470
2019-11-11,394.05914306640625,395.7888850831895,380.64177221728346,388.02832989888395,10249882
2019-11-13,385.2232971191406,399.1549106527784,383.3532811137079,392.7033611408715,6033467
2019-11-14,383.540283203125,390.22558452528625,381.0624892391605,386.3453071313755,4750176
2019-11-15,388.07501220703125,391.67479827994214,383.4934792661338,385.9245054799293,5416931
2019-11-18,396.9576721191406,402.053477609492,389.94511146316114,390.8333805599248,7710740
2019-11-19,398.2199401855469,401.959972548941,394.19941680857124,397.3784386106197,4163853
2019-11-20,420.75360107421875,430.66469160635853,396.3031475186306,399.43543003346355,23107507
2019-11-21,418.0887756347656,424.91435040660485,414.7695090125139,420.7535538493133,7480460
2019-11-22,422.7171325683594,431.880199772787,416.1720764125738,420.7536100147876,12114721
2019-11-25,429.12200927734375,433.75028257937385,420.7536747764494,423.558699274959,8251208
2019-11-26,421.45489501953125,437.02277395401524,417.48111065162664,433.65673913554195,11278843
2019-11-27,428.9349670410156,431.0387352717345,418.46286487887517,420.70690715232155,6481012
2019-11-28,427.6259460449219,432.3477253794887,425.5689168795409,426.55069247245615,4005893
2019-11-29,420.6133728027344,430.61794171740667,418.3693592119599,428.60768013679996,3198828
2019-12-02,411.4035339355469,420.3796167464313,408.5985098405318,419.81860622059213,4933088
2019-12-03,405.4195251464844,413.4606006577052,402.52099427760226,412.71257704376416,3602073
2019-12-04,414.86309814453125,415.79810622821583,403.643001140316,405.3260042772754,4318531
2019-12-05,408.31805419921875,413.22684679052657,405.0922647969718,411.40356955722467,4096921
2019-12-06,400.7444763183594,415.3306083470339,399.2484576554369,411.68405393922825,5805588
2019-12-09,399.2484436035156,406.35451060165576,396.06942189055815,403.78323842388136,4959765
2019-12-10,399.8561706542969,407.42974125888844,397.65889611909967,401.6794476915026,5578960
2019-12-11,401.8664245605469,403.82994705553045,397.51864309362725,401.2119360850054,3322986
2019-12-12,405.93377685546875,409.4400573682147,402.28725082904975,402.895000411089,2794856
2019-12-13,410.70233154296875,413.18009744361933,397.93947595086075,409.15957379608705,5386394
2019-12-16,406.8687438964844,408.78552750369136,398.6874235264303,403.2222182383822,8290756
2019-12-17,401.1651916503906,409.0660210710351,398.5471805292085,405.7934929024668,6407264
2019-12-18,411.1697692871094,412.7125267851028,399.5289082369974,402.053441258572,5341984
2019-12-19,405.4195251464844,411.96458196400636,399.7159699272357,411.2165583500653,6465219
2019-12-20,402.3340148925781,408.3180901678932,400.23024645383987,401.25876117517123,7157364
2019-12-23,400.5574645996094,403.92349946868495,398.87446143216295,399.34196548247394,4534617
2019-12-24,401.8664245605469,404.3442185729339,397.75239509221626,400.18342158437787,4210004
2019-12-26,394.71368408203125,403.3625094534562,393.311171859638,402.8950053793251,5296867
2019-12-27,398.3134460449219,399.38869964078884,394.0124031272717,394.57341368769255,3413181
2019-12-30,402.1937255859375,405.3260084050158,398.96796478488466,401.07173299459924,4758825
2019-12-31,404.4377136230469,407.10249222632194,400.83795552011435,402.1469610606517,2957369
2020-01-01,406.073974609375,408.0842646942593,403.22221154142096,404.81173660058977,2321850
2020-01-02,406.6817321777344,413.8345375154901,403.9234472239915,405.79346318336184,4555670
2020-01-03,415.7045593261719,421.12759427100696,404.90519988829277,406.4012183836823,9457180
2020-01-06,411.3568115234375,415.7980998528417,406.8220166802621,412.2450520688093,4794923
2020-01-07,417.38751220703125,418.88353052287675,409.11268675660796,412.71247280387416,4504083
2020-01-08,411.4970397949219,417.4810854813231,410.4685252548731,414.161818387809,3881918
2020-01-09,411.26336669921875,415.93840774721673,410.4686040142219,413.92814580341485,3934566
2020-01-10,414.76959228515625,419.8186302382001,411.4035574717329,411.49706398708565,4334013
2020-01-13,415.7045593261719,424.1663702477565,413.7877758203299,417.94857280216644,4823348
2020-01-14,417.0135803222656,420.28610841896506,415.5175617712241,417.94858834989407,2708589
2020-01-15,419.8653869628906,421.40817319591906,414.8163487965875,418.5096423026502,3054107
2020-01-16,419.8653869628906,426.6909633933861,418.3226292640457,422.85742437546173,4416809
2020-01-17,425.0546875,426.597445156469,417.01361214199494,419.07064137340876,3216737
2020-01-20,420.2393798828125,426.55068422626937,417.1538361943915,424.6806681245044,2824739
2020-01-21,418.3226623535156,422.38995372432805,417.0136565822918,418.88367297952175,2573651
2020-01-22,417.2940979003906,424.35342607920427,416.40585733806705,419.2576205903316,3412716
2020-01-23,420.6133728027344,422.8106474051477,416.0785780986433,418.1356072017921,1875787
2020-01-24,418.69659423828125,423.4184020210106,417.7615861863564,420.75362336618844,2153164
2020-01-27,419.2575988769531,422.38988151366374,413.46056615709705,417.9485933295134,3530914
2020-01-28,423.4651184082031,432.4412009344349,418.9303238915682,419.1173369056442,9487290
2020-01-29,420.8470764160156,427.0648734646034,420.239326966306,425.2883640984609,3103817
2020-01-30,413.3670654296875,424.25990352690286,411.68403381584886,422.1561354102405,3486193
2020-01-31,406.073974609375,416.4525694132773,404.53121707205264,413.83455835201386,3757229
2020-02-03,390.4126281738281,401.02497601769784,387.0933607693105,396.2564289100798,4032780
2020-02-04,397.98614501953125,399.1549050063936,386.01805416773254,389.85159263147693,4848610
2020-02-05,398.5471496582031,403.3624350264166,394.4798592569083,401.5859255793507,3826307
2020-02-06,402.6612243652344,409.53353946724025,396.44342633358417,400.3704716873538,7745520
2020-02-07,402.80145263671875,413.03980209902574,395.6954143526824,403.92347369955655,7402556
2020-02-10,392.98388671875,404.62474879087796,391.11387054871705,400.6977034201359,3638523
2020-02-11,391.34759521484375,397.0979173630944,389.7113311804395,394.57338429634143,4683072
2020-02-12,387.6543273925781,393.91886395102443,387.0933168786716,391.58134392156387,4439987
2020-02-13,391.7216796875,392.7969333636799,385.22336156776794,387.65438848838204,3924569
2020-02-14,391.34759521484375,397.1446563504052,389.4308401882137,392.70336825702225,2862205
2020-02-17,384.6140441894531,394.1258077836414,383.57810441856896,391.9597754137577,2625157
2020-02-18,384.8494873046875,386.92136686564623,375.8086027280546,383.2955920040584,4187206
2020-02-19,380.04656982421875,390.0763192221672,377.26839994183956,386.4976202557991,5910512
2020-02-20,381.3649597167969,387.5334638667213,380.04647536520605,380.3290200434799,4000525
2020-02-24,374.6785583496094,390.50008684023055,372.7479365237896,382.8247621780553,12668574
2020-02-25,366.2497253417969,378.9634599000708,362.8593903782218,378.9634599000708,10050971
2020-02-26,352.8768005371094,364.41333820925433,350.8049210509384,362.6710798331804,12146582
2020-02-27,365.873046875,367.94492633278304,347.93256533897676,353.1593116554054,15164166
2020-02-28,351.1816101074219,363.1419501670874,349.4864569251884,357.5384776510645,8439591
2020-03-02,347.9796142578125,361.305485483385,342.1878077523009,355.9845580228772,6915567
2020-03-03,370.6289367675781,373.3129534482819,351.5112563572797,352.2175750237712,14474553
2020-03-04,381.8358154296875,388.8518957051421,364.7899888623197,374.81970641405786,26369149
2020-03-05,381.3178405761719,390.64123981358904,378.35130837429034,386.0737361209373,9874059
2020-03-06,377.5508117675781,379.71687261429264,367.3327307637574,367.3327307637574,6500912
2020-03-09,370.44061279296875,380.3761508185032,363.09488121061065,372.98334281979277,13151861
2020-03-11,363.4715270996094,372.2298653771188,357.9151316704678,371.42936529493954,9127352
2020-03-12,334.1357727050781,350.9932662079318,326.22501016875714,344.21259618241254,11662910
2020-03-13,361.823486328125,379.4814513283879,306.0713933378906,321.13952347144823,15802632
2020-03-16,347.0849609375,373.3129316354067,341.6698514774728,354.1010707774327,14480298
2020-03-17,348.591796875,372.5595548974971,342.9883527504545,354.1010881703675,12903597
2020-03-18,341.6227722167969,363.8953469316895,334.4183280476485,361.0700724543625,12342300
2020-03-19,339.40960693359375,352.6413252270247,327.4021913906116,331.2163288660173,8728092
2020-03-20,343.9771728515625,357.39722682318404,341.1048219186202,343.9300964389616,10630619
2020-03-23,305.60052490234375,334.04163301490445,296.70089873654314,324.90656730757655,8018903
2020-03-24,315.6302490234375,327.73184741301714,310.78020013303353,310.78020013303353,6408582
2020-03-25,327.4021911621094,330.36872336968173,310.35636414534525,312.6636829402214,6174391
2020-03-26,318.59686279296875,346.56709943354394,316.5250115078582,343.74182416642265,11670467
2020-03-27,318.54974365234375,331.9697993716221,313.6055125978728,326.7901287431287,7745135
2020-03-30,313.3229064941406,323.96476068330753,293.828503875558,302.9164630711102,11648241
2020-03-31,331.7814025878906,334.32416122567884,309.13212935867347,320.29196978424255,9954142
2020-04-01,323.5409851074219,334.55956641941697,318.69093662024255,332.44061068558534,6702159
2020-04-03,354.0540466308594,367.0973761765954,320.19782403465183,323.91778083936276,28550430
2020-04-07,393.04278564453125,398.2224556803063,365.6846930296482,374.8197589524504,29675052
2020-04-08,411.2658386230469,422.61401402159333,389.08741462638454,394.5967061282398,27810872
2020-04-09,427.9820251464844,446.2992048778427,417.5755798006338,427.9349199924141,31862948
2020-04-13,435.421875,450.0662023530003,417.2930310871627,435.98693562324075,30510226
2020-04-15,423.03778076171875,460.0488652855493,418.2348083546118,447.24094844665694,32508955
2020-04-16,436.6932678222656,440.3661188774911,423.0377745793719,423.7911696070465,16932965
2020-04-17,430.4776916503906,449.17159821916994,422.33148872843026,449.17159821916994,19774082
2020-04-20,445.82830810546875,447.3351269125784,424.30912835753327,430.71310110270457,17893064
2020-04-21,445.5928955078125,462.1207694929966,437.2112531079524,440.60158844390145,30021752
2020-04-22,446.72296142578125,454.30410265070964,441.68454983211313,447.288022035009,13336137
2020-04-23,449.6424865722656,459.4367665940324,446.7230302582305,449.17160744871745,13748820
2020-04-24,457.27069091796875,468.0538340022207,445.96959231026926,449.17159324126146,23394027
2020-04-27,461.3673095703125,475.3995001852967,458.6362166973576,462.4032492780341,19310626
2020-04-28,446.3463134765625,466.54700976232397,442.90887303061817,466.1703122277516,12847910
2020-04-29,449.8307800292969,456.70563185138883,445.59286830314176,448.27688481107566,10166496
2020-04-30,437.399658203125,456.7527799610726,431.70200318836686,455.8110216518745,18471206
2020-05-04,438.3413391113281,446.8642388085497,431.3252294506128,437.39958096842287,16097066
2020-05-05,429.7242431640625,444.9807370741032,427.5582108606198,442.43797850903684,7850482
2020-05-06,427.9349365234375,436.0340630979143,421.9076895634247,432.83209084479944,10829910
2020-05-07,425.8630676269531,438.5768032699582,423.9795512353968,435.0922864495073,11216033
2020-05-08,441.6845703125,443.944784114038,427.6052745388769,433.20874700159914,13693803
2020-05-11,436.8345642089844,447.85311834353956,434.4330634592698,446.1108885963227,10294818
2020-05-12,436.881591796875,441.4962008968026,428.78246611159824,437.9175314903715,9507971
2020-05-13,426.00433349609375,442.1084046901158,423.9795590857163,441.68460199809687,10010310
2020-05-14,429.3946228027344,435.9869295888878,422.6610293075934,426.6164248753562,11764703
2020-05-15,422.47271728515625,432.1728148591526,419.6003376465147,429.3946455249392,7863358
2020-05-18,415.0328674316406,428.1233012059653,408.95851529389734,420.9659328413866,9067298
2020-05-19,415.974609375,429.4417401693259,413.0551532003744,417.9522786073204,10126393
2020-05-20,429.2062683105469,431.7490267609535,411.78374288269146,414.2793961824299,7967084
2020-05-21,439.2830505371094,441.68452205005366,426.61639336604327,428.97078847291993,8987658
2020-05-22,442.061279296875,444.41567472212483,431.372318318205,439.80106543667085,10194204
2020-05-26,432.40826416015625,447.806016206785,430.3834898138817,443.56810438148415,9801056
2020-05-27,424.63873291015625,437.8233466631274,417.57554697106457,437.8233466631274,13253937
2020-05-28,432.3611755371094,434.7626473408903,418.7998638271562,427.4640216256533,12632972
2020-05-29,446.62884521484375,453.5507740252502,431.3252738184469,433.2087902980034,12662824
2020-06-01,438.29425048828125,455.5284423974607,431.6077616734688,455.34007926570536,18563612
2020-06-02,445.5458068847656,452.9856908619045,440.8840923330465,442.6263507382435,10978049
2020-06-03,448.4180603027344,453.5506528341426,445.4515283881418,447.2879679610755,7767457
2020-06-04,466.029052734375,468.99558532726456,444.60405360546883,445.4516302405545,19100026
2020-06-05,465.4639587402344,481.23840751898786,463.5333660574131,471.820826158538,22798341
2020-06-08,460.5198059082031,469.70194927753846,456.7998491496815,469.70194927753846,9176155
2020-06-09,471.5854187011719,482.83944068846483,463.3450344502777,463.3450344502777,25883378
2020-06-10,470.07861328125,477.47142111158576,464.8047614617645,473.2335090898853,10636465
2020-06-11,446.063720703125,465.04014077160167,441.7787328212736,461.4614714685286,18547382
2020-06-12,452.13812255859375,453.8332758412326,428.4999857296476,428.4999857296476,11498488
2020-06-15,457.5060729980469,460.89640790248154,445.16906489329017,452.9856456189182,10727187
2020-06-16,455.2458801269531,464.7576431098612,448.7477546947292,460.89642897935266,11247556
2020-06-17,457.3648681640625,461.2260825665607,451.1963633950788,455.9522308514543,8222223
2020-06-18,456.04638671875,460.04885887890424,454.869189024587,457.36484238817695,4077225
2020-06-19,459.67218017578125,463.297954970215,456.9410871615953,458.4478772796432,8114839
2020-06-22,464.4751281738281,472.009193326752,457.69445804012554,463.5333700297126,9203804
2020-06-23,471.30291748046875,473.7043894697802,460.99065337069067,464.4751703161429,10732649
2020-06-24,456.18768310546875,474.081089563389,452.98571085577174,472.7626337829468,8567595
2020-06-25,459.24835205078125,463.81588478604993,449.2186335897377,452.32642396126863,6954147
2020-06-26,451.996826171875,462.4032420165013,444.6982006614312,461.6969234187164,7489306
2020-06-29,453.9273986816406,458.9658102034243,447.3350920617828,447.80597110605834,5727377
2020-06-30,445.4045715332031,455.76391218318395,442.43801008220044,455.2459279065765,8339357
2020-07-01,440.8840637207031,448.08850768202547,439.00054745681877,445.9224754746294,5983810
2020-07-02,445.4515686035156,447.2880083422431,440.6957018301403,440.7427782377279,3731827
2020-07-03,449.0774230957031,451.43181869886797,444.50988987752714,449.2186810838569,4666364
2020-07-06,452.2322692871094,453.221103835771,443.9447804300059,450.16038988778917,5995257
2020-07-07,451.33758544921875,457.69445284991195,448.4181294875316,452.0439040492958,6793452
2020-07-08,454.3982849121094,459.5779544810557,451.99681324439575,454.445361321211,6279449
2020-07-09,453.8803405761719,458.8245707404431,452.37352182569185,456.3288887130025,3184268
2020-07-10,465.13433837890625,469.84312906656515,454.91625683865107,456.42307560673737,14898919
2020-07-13,470.5965881347656,472.48010455117026,463.6275544019248,466.1703130601429,7504299
2020-07-14,463.439208984375,474.55194408084316,461.5556926127581,470.87909290422596,6996801
2020-07-15,466.2644348144531,470.31398309415647,463.5333421090595,465.416858283838,4710170
2020-07-16,470.5965881347656,476.48257693603006,462.0265826920887,467.11207126834523,11263548
2020-07-17,474.2694396972656,479.87288379548886,468.383450892296,470.5024068620851,9592466
2020-07-20,455.6225891113281,472.6684176600954,453.55073839070536,472.6684176600954,16111398
2020-07-21,449.4540710449219,459.7663341448523,447.3351152359097,459.57797102131354,8470749
2020-07-22,446.6758728027344,459.5779707733861,444.13314307739796,451.7142845828142,9848007
2020-07-23,448.2768859863281,453.7861769928092,446.44044607077495,450.11332590188124,5416291
2020-07-24,457.3177795410156,468.8072121327286,453.2211256957816,461.4615097993413,19812185
2020-07-27,447.8059997558594,459.2012791044121,441.68457178863946,456.61144419520366,6112617
2020-07-28,454.49249267578125,455.5755088091524,445.6870481528297,447.806004007756,5917155
2020-07-29,464.2867431640625,467.394533397082,455.95217823346746,457.4119205321459,8531803
2020-07-30,480.24957275390625,483.31028669466116,458.91872799004165,464.4751239823233,17534819
2020-07-31,500.73284912109375,509.49118893198585,477.9422890628148,484.2991569469015,41253676
2020-08-03,489.1492614746094,508.73782171599413,486.7006555192099,502.99306186246474,25348229
2020-08-04,498.14300537109375,501.39208261793357,487.1244230680692,491.59777446405434,11950138
2020-08-05,498.0487060546875,506.66581493276493,496.353553114179,506.571662122872,10928555
2020-08-06,501.2507629394531,509.9149492012224,495.50606135868617,502.80468684066034,10919796
2020-08-07,495.3177185058594,504.2644210756721,492.1627941640798,501.29785986301255,7275403
2020-08-10,512.1751098632812,518.7203400287369,495.36475109304394,495.36475109304394,16271180
2020-08-11,509.5381774902344,517.5901972589883,503.9347056402813,516.0834073828569,7774058
2020-08-12,501.1566162109375,509.25571320692217,498.8963736872252,509.25571320692217,7405695
2020-08-13,490.4677429199219,504.73540508142867,488.8196657881477,501.15673480564993,8729438
2020-08-14,500.4031066894531,504.78230452495274,491.5976920933308,493.010329139576,11787355
2020-08-17,497.5779113769531,506.19502171550903,496.3065608261828,504.8765372714558,6657699
2020-08-18,495.3648681640625,502.80478176171454,493.62263829289395,500.73290199575376,5555588
2020-08-19,495.7422790527344,502.8189195554485,494.75150331047615,500.0825955251266,5414452
2020-08-20,492.8172607421875,499.9882914078676,491.6378205922254,494.893086924091,4886692
2020-08-21,502.29986572265625,508.29145525658765,494.7042839194887,496.8272758415453,9833484
2020-08-24,503.33770751953125,508.244188283365,498.2425048821212,508.244188283365,5675533
2020-08-25,495.45916748046875,504.94191182827524,493.9023411234042,503.47936005214933,4414315
2020-08-26,495.5064392089844,500.08264414303113,492.7701149126377,496.3556015979567,5205745
2020-08-27,502.2055358886719,506.68740774488833,494.79867596222994,499.091825906532,8564601
2020-08-28,524.3790283203125,532.870996390277,504.56443615706183,507.7253123471665,29017731
2020-08-31,490.8829345703125,529.3326790849502,485.0329005740429,529.0024589164677,20056792
2020-09-01,492.0152282714844,497.865262502795,477.626059500766,491.7793402588497,13860865
2020-09-02,485.45751953125,495.93092403038827,480.4567052892276,493.9494878029337,9636136
2020-09-03,493.9023132324219,497.11035552602516,483.6175732441724,489.27888532801364,10052098
2020-09-04,483.5232238769531,500.4599934432069,479.56029404128,488.75992585023715,12380025
2020-09-07,484.278076171875,488.9486702072347,475.78610795843736,486.87284423709207,6320017
2020-09-08,473.5687255859375,488.4296978331048,470.50218169896596,483.09860619366384,8519561
2020-09-09,480.551025390625,483.8534574133622,465.73727616558546,468.94534722868866,10532163
2020-09-10,479.27728271484375,487.53336327980617,475.2199915602508,483.7591550215376,8572739
2020-09-11,477.0126953125,483.4288373034765,474.2292342289547,478.3808572110525,5189670
2020-09-14,467.8130798339844,480.26797801158585,466.1146977165489,477.01271202575833,8041379
2020-09-15,477.8147888183594,483.47613034524403,468.00185250861546,469.8889567526018,11686574
2020-09-16,489.2317810058594,490.64710920549055,474.98413803725316,481.3531149355937,10080107
2020-09-17,483.0986022949219,492.4397897111703,481.68327435851097,487.62764017346854,9959257
2020-09-18,493.8079528808594,504.80035753413057,485.9293161309855,488.2410302208404,25685130
2020-09-21,475.2199401855469,498.431324223565,470.83242931861605,494.23250647219425,9977984
2020-09-22,480.12640380859375,485.9292424006074,465.7372369219738,480.7397068021543,9862141
2020-09-23,474.5123291015625,491.59062728642897,470.1248177456108,491.11885125256487,10846053
2020-09-24,458.3775329589844,472.9554223323848,455.7355989756446,469.4171024645615,8768744
2020-09-25,462.0102233886719,468.00178424841715,456.53763339728397,468.00178424841715,9665092
2020-09-28,481.3058776855469,483.09862071436976,460.92514886517506,467.05823682346295,12221177
2020-09-29,477.5788879394531,488.6184301928187,476.02203273903393,488.6184301928187,8592449
2020-09-30,472.20062255859375,487.0615669564154,470.1719626683498,479.3244288313265,12981899
2020-10-01,478.2864685058594,481.6832612195749,473.00257192840405,476.5880865464615,6733075
2020-10-05,493.57208251953125,495.45918672735183,475.3615384320327,478.38091668251565,8831627
2020-10-06,491.6377868652344,497.818041309092,489.7035166699602,496.3083810566456,8537178
2020-10-07,482.8627624511719,493.3833908634283,480.4567162373377,486.9671908400745,8346531
2020-10-08,494.5155944824219,496.30836637026783,482.8627499809593,485.5518502228828,9392711
2020-10-09,483.9478454589844,499.422063756975,482.20223969922375,495.3648016613366,11468529
2020-10-12,484.891357421875,488.14656549211594,480.5509840118218,485.83490934712495,7092628
2020-10-13,474.7481689453125,490.59985935161455,473.285674906704,484.98571360033486,8851580
2020-10-14,473.8518371582031,478.8526513588586,465.4542011230654,474.74819430251245,7640368
2020-10-15,462.6235656738281,476.21073843761116,461.39695950803394,476.21073843761116,6605127
2020-10-16,459.4154357910156,466.8223243106641,457.8585808423441,463.2840045205378,9085611
2020-10-19,456.3489074707031,463.18965929726204,453.7541395364911,462.2933021969415,5158764
2020-10-20,458.8965148925781,460.9723119881839,453.28236904882584,457.57554786902506,5550859
2020-10-21,462.5292053222656,464.41630933615505,454.3202913438778,461.3969313959631,7269981
2020-10-22,458.1417236328125,463.6615093333733,454.5090709807075,463.4728161849758,6428694
2020-10-23,457.1509094238281,466.5864287101817,455.6412205790276,460.4533411740519,6578265
2020-10-26,447.7154235839844,459.88723861369,444.5073525459497,459.88723861369,6499259
2020-10-27,443.8940124511719,449.83837803147003,440.8746347880532,447.8097471616806,7693069
2020-10-28,437.24200439453125,448.8948777093982,435.3549003368985,446.30010963015314,7723679
2020-10-29,430.5899963378906,437.8081639719783,426.72142706104995,436.8646118944525,8297097
2020-10-30,439.4593505859375,442.5258946318941,430.118191404931,432.7601255265555,8680701
2020-11-02,442.9032897949219,444.41297870875536,433.1375211280064,441.4879618372507,7737909
2020-11-03,458.1888732910156,462.90663345917903,439.45935966442227,445.403725958339,16853462
2020-11-04,476.1635437011719,488.99585754032734,467.1997990863468,471.68167139375936,48182254
2020-11-05,483.5704040527344,484.98573206459605,474.1348839736566,479.3244200171494,14095319
2020-11-06,480.40948486328125,486.63693369033376,478.1449658702407,485.929269705326,9251548
2020-11-09,481.35308837890625,488.7599779739833,475.974858793985,483.5704415283136,9718357
2020-11-10,463.1896667480469,485.2216115028332,461.3969237236469,482.15506753125476,12767338
2020-11-11,477.48443603515625,479.6546227210046,464.2275431205158,467.0581988712506,11754997
2020-11-12,480.50384521484375,488.4768709538538,473.8518152821207,475.5030312450583,10911897
2020-11-13,479.7490539550781,486.6841385244353,476.06917790408426,483.0514861480762,9501329
2020-11-14,484.9857177734375,486.40104574359344,481.40023176701095,482.1550618331256,1766237
2020-11-17,489.1374206542969,493.85518104799246,485.03293455787264,487.8164247081227,12411197
2020-11-18,484.0422058105469,489.0901862854977,480.26799757810596,484.98575786865706,6483702
2020-11-19,478.71112060546875,487.01439561505066,476.49376761106646,483.0986317165664,6843207
2020-11-20,474.842529296875,483.57038502662385,468.0017775086935,481.2115050996647,7594535
2020-11-23,483.900634765625,487.2502905385749,472.719566264177,475.55022234959125,8931512
2020-11-24,490.7886047363281,493.2418169448793,479.51314661388034,484.5139607866007,9096230
2020-11-25,477.62603759765625,496.3083558236183,475.6917387058011,491.77931770669477,10673809
2020-11-26,482.8155517578125,484.0421577937074,473.9461402554805,477.43729404213633,7494355
2020-11-27,482.7684020996094,491.4018976245221,480.4567168469953,484.98575518287373,12954065
2020-12-01,508.9046936035156,512.1127930955073,483.7119039763529,488.75988359921286,25388623
2020-12-02,513.9055786132812,516.1229025994824,505.74383143203386,510.3672588971056,14234038
2020-12-03,517.302490234375,520.32186877241,510.4617368295429,518.9537065734723,9345458
2020-12-04,536.9283447265625,540.5610550937448,514.424648763414,518.95368761004,16177536
2020-12-07,549.4303588867188,558.1110494493786,535.0411898180746,538.1549001313526,21232768
2020-12-08,536.59814453125,549.1473772001552,533.861820131252,549.1473772001552,10673103
2020-12-09,537.3999633789062,550.9871335283779,534.71086354862,538.7681251270561,11144200
2020-12-10,533.2955932617188,542.3065031974884,528.4834435859215,537.8246312702364,6755693
2020-12-11,536.0318603515625,540.6081220387712,530.2762162713868,535.8431960261872,6968494
2020-12-14,543.7218627929688,545.9864107238368,536.267778644554,536.267778644554,8582193
2020-12-15,539.3815307617188,547.2601670269447,536.8810948936751,542.5424069663676,5896090
2020-12-16,544.052001953125,545.8447735972446,538.7681343544108,538.7681343544108,5135499
2020-12-17,539.0984497070312,553.2045646073539,537.5416233525197,546.7884220785006,9025916
2020-12-18,542.5423583984375,544.3351300969072,535.9374949048913,541.5988064707881,4940687
2020-12-21,521.3595581054688,552.8270465494091,509.234939987369,541.4100347220609,12715463
2020-12-22,536.2206420898438,538.8625764281151,509.89557329049273,521.7843066076384,8012096
2020-12-23,542.1649169921875,544.0048547772192,534.1447255716531,537.8246011417165,4958783
2020-12-24,557.1202392578125,561.4133889494583,539.853250745906,542.1649068638271,7486583
2020-12-28,553.8178100585938,565.612209039355,551.5532624183521,565.1875991580798,12299793
2020-12-29,557.2617797851562,562.356983544483,550.2323635627246,556.5069497144746,7430043
2020-12-30,551.034423828125,561.4134968796822,548.6755435891347,561.4134968796822,5589703
2020-12-31,558.9130249023438,561.3191286634965,549.194450459708,551.647720304642,8835267
2021-01-01,562.5928955078125,565.8953275988437,552.7799314013818,559.0545754102791,8229768
2021-01-04,570.2828979492188,575.0478244165437,561.6022073293262,566.1312457775772,11329298
2021-01-05,569.386474609375,574.34012268499,566.1312086417162,574.1042346813892,7790158
2021-01-06,571.1320190429688,576.463110925213,562.4985527218835,569.999745115165,6422080
2021-01-07,567.9241333007812,573.6797791012145,564.2442564186288,571.8398406601383,4555702
2021-01-08,585.757080078125,587.644184110329,569.9054177255812,572.736073773887,11451416
2021-01-11,585.94580078125,592.5506648802335,579.3881027650045,588.4934027373982,7516087
2021-01-12,575.2365112304688,588.6821274968053,572.783241427967,585.9458036066655,6747035
2021-01-13,568.3013916015625,579.8127381984931,563.5364652384865,576.5103060037092,6186661
2021-01-14,572.783203125,577.1235766746343,562.734409351835,568.3013313359314,6730284
2021-01-15,570.1884155273438,581.9828145643559,564.338382087018,574.623121083228,8389544
2021-01-18,548.6282958984375,573.0662569855238,545.7976400326856,569.9997131309593,7414570
2021-01-19,562.8759765625,568.9618989397757,550.4210777045552,553.77073362923,5500391
2021-01-20,561.1304321289062,569.5280110665683,559.4792159929232,567.2635206339862,5182972
2021-01-21,549.99658203125,564.9518608653987,547.8735896522151,564.2441967390537,4546393
2021-01-22,542.7310791015625,553.8178142269228,538.3907056900711,549.9964404463622,5591688
2021-01-25,553.2988891601562,560.46986097849,534.9939582067406,544.5238099113475,8149590
2021-01-27,537.6359252929688,552.8271472506243,531.9274471343737,552.8271472506243,8534047
2021-01-28,532.49365234375,542.0707300533943,519.3311454404471,523.5771302711526,9863454
2021-01-29,553.1102905273438,566.131298883698,522.8222314831536,535.9376296099008,22539938
2021-02-01,556.8372192382812,565.5650749781299,546.8826998631207,562.3569752378163,12621971
2021-02-02,575.0477294921875,582.077202818192,558.1109610004938,563.2533304854146,15788247
2021-02-03,593.6830444335938,611.799257846002,576.0386071121865,577.9257114761903,23788455
2021-02-04,595.8530883789062,604.8168323846063,590.8994403757562,596.7966403795062,7926593
2021-02-05,598.919677734375,607.8834224188596,587.9744967345226,597.7402376443113,10981738
2021-02-08,598.8252563476562,608.4494399768474,596.8437627376513,604.722455919386,6479801
2021-02-09,593.5427856445312,608.4384871355386,591.0681275106288,601.4427764965226,5794015
2021-02-10,596.8740844726562,601.1096084167964,584.5006776791151,593.0193039748656,6902162
2021-02-11,612.6264038085938,617.4805630321077,592.0199001248108,592.0199001248108,11433578
2021-02-12,596.9216918945312,622.8582548713456,592.3530031340745,622.8582548713456,15471776
2021-02-15,597.2548828125,606.5825171724258,593.2573086315892,601.5379855577689,7310676
2021-02-16,600.7288818359375,603.9173901304372,592.9716848719659,600.5860885300328,6137454
2021-02-17,591.3059692382812,601.9185664104144,589.9258471079215,598.3968934860328,4700733
2021-02-18,586.3567504882812,597.0169288719726,584.5007276917812,592.019975700864,5633766
2021-02-19,578.0284423828125,592.3054501384885,572.2224824661548,586.213961685376,7301975
2021-02-22,566.60693359375,581.4074225597575,561.9431451143703,578.6948138571236,5330343
2021-02-23,574.9351806640625,579.0279119090983,563.4659942577138,566.3213962556414,7564187
2021-02-24,572.46044921875,579.9796386657753,567.1303313125436,577.8380874402367,3296243
2021-02-25,580.1700439453125,589.0694144087448,573.6502330744977,577.1719069121496,6261754
2021-02-26,565.9405517578125,591.4012150291204,561.5622927129605,575.7917217486676,15404415
2021-03-01,575.31591796875,581.3598288952527,568.2725698790996,571.0803934321347,5274758
2021-03-02,584.5958862304688,586.6422224757879,575.3634096431769,579.646511948213,4776776
2021-03-03,594.2566528320312,595.2560898886695,582.7398893624717,586.7850417181933,6626297
2021-03-04,589.1168823242188,606.0589182030312,586.3090594630031,592.0198619902401,11530735
2021-03-05,581.740478515625,589.5928326581314,577.6477479751588,589.5928326581314,6127488
2021-03-08,585.1669311523438,591.924749504861,581.8356294286962,582.0260011458487,4554461
2021-03-09,583.0729370117188,590.972927283391,578.2187779159134,588.2126827193982,4035628
2021-03-10,595.8270874023438,597.6355315119671,585.6903892755151,588.2126837294703,5825924
