Date,Close,High,Low,Open,Volume
,HDFCBANK.NS,HDFCBANK.NS,HDFCBANK.NS,HDFCBANK.NS,HDFCBANK.NS
2010-01-04,74.94452667236328,75.94630554315371,74.36674493282882,74.6940786024857,6100980
2010-01-05,75.01042938232422,75.79251977466473,74.91376592220485,75.13345438531982,16773200
2010-01-06,75.06096649169922,75.57283770413716,74.17122411820579,75.3092088443553,13279680
2010-01-07,75.2564697265625,77.69940405006885,74.76436977775805,77.69940405006885,12247960
2010-01-08,75.35533142089844,75.7222073489451,74.73800746156432,75.22131799072913,14171800
2010-01-11,75.05218505859375,76.83166329050528,74.80393597517073,76.83166329050528,27533220
2010-01-12,74.4831771850586,75.212537775275,73.75380989048246,75.04557910502194,9814100
2010-01-13,74.22393798828125,74.46559662900225,73.18041782984203,74.0328101056436,20693500
2010-01-14,73.98229217529297,75.30042301084168,73.37594984554532,75.13345762627694,20345280
2010-01-15,74.43705749511719,74.65015562543988,73.41990528992899,74.6237940760163,23163460
2010-01-18,77.62252044677734,78.12121754064259,73.90759449639421,74.25469931249292,47002920
2010-01-19,78.17393493652344,78.5957396979939,77.01837157822969,77.55002056145861,33328440
2010-01-20,77.15899658203125,78.64848436979881,76.58341377470424,78.42879586597256,27304220
2010-01-21,75.20594024658203,77.36987270796776,74.91814892832434,77.36987270796776,25046940
2010-01-22,73.68791198730469,74.69408226316648,72.67294559077197,74.5183341631149,18947400
2010-01-25,72.79158020019531,73.7230572105313,71.67556567107732,72.93657540160126,12057580
2010-01-27,70.17729949951172,72.98491844229775,69.72474169669172,72.98491844229775,24215580
2010-01-28,70.00373840332031,71.13513282482877,69.28096136916095,70.73969621098378,34864460
2010-01-29,71.6645736694336,71.92600348416295,68.2132696950927,69.42155627584314,32870340
2010-02-01,70.28933715820312,71.5305758229318,69.64125341158754,71.5305758229318,15034660
2010-02-02,69.38201141357422,70.95498160002514,69.07005084880433,70.60787007694597,20669400
2010-02-03,71.29988098144531,71.72388476870083,69.33367345334277,70.30030125472338,15455340
2010-02-04,71.03627014160156,71.39436343061337,69.66321716493677,71.09119226066815,17210480
2010-02-05,69.12936401367188,70.21242640832578,68.76248137081693,70.21242640832578,18693880
2010-02-08,68.8679428100586,69.81040150308321,68.05948415898685,69.64124379764904,15181200
2010-02-09,69.0546875,69.32929814188083,68.16934305875068,68.84158937372602,23947500
2010-02-10,70.01689910888672,71.06700955802148,68.71853965597516,69.20185689380244,27733360
2010-02-11,70.21244049072266,71.75025987135143,69.86093757713543,70.47606264764275,14539380
2010-02-15,70.90665435791016,71.16588514944236,69.5314023585976,70.16849759541887,9604980
2010-02-16,70.58153533935547,71.2977221401316,69.86095718125787,70.52002281504332,14349700
2010-02-17,72.75862884521484,72.97831732707984,70.9549882863242,71.09119407238282,24796680
2010-02-18,73.9801025390625,74.25471316467149,72.53015709497483,73.15187930579573,20008840
2010-02-19,74.42605590820312,74.69407609648844,72.76521169370058,73.37594534184453,14691980
2010-02-22,74.544677734375,75.5596371818327,74.25468740528461,74.73800462043526,13280340
2010-02-23,74.7380142211914,75.08291999629832,73.91857387980852,74.03720752137751,12945780
2010-02-24,74.71607208251953,75.13347895808091,74.14488055073774,74.25472481822031,11211380
2010-02-25,74.30084228515625,74.86983466942266,73.90320665482197,74.73802693898307,11673940
2010-02-26,74.90498352050781,76.2209220967547,73.815330518644,74.25470748601688,18702060
2010-03-02,76.66907501220703,77.15459134545893,74.95770670241464,75.74857981042268,15429300
2010-03-03,78.06190490722656,78.2530395171228,76.56363456397425,76.56363456397425,22295920
2010-03-04,78.25961303710938,78.51664474972489,77.02715743957175,77.98939385048075,27028840
2010-03-05,78.38485717773438,78.86817457834336,77.81367241892895,78.45296007904365,20899300
2010-03-08,78.39363861083984,79.52723200415157,77.89714048663402,79.52723200415157,14745920
2010-03-09,79.57994079589844,79.74690616080365,77.98939858701183,77.98939858701183,24795380
2010-03-10,79.7227554321289,79.96221506992511,76.00782244446657,79.61510351835975,29921120
2010-03-11,80.27197265625,80.62566787214672,79.22405437159001,79.79085437428812,15490460
2010-03-12,79.14277648925781,80.42355740313482,78.48810239230708,80.27417084281923,14944880
2010-03-15,79.63927459716797,79.96660829341323,78.20910041883272,78.20910041883272,15025920
2010-03-16,79.28998565673828,79.52285495766415,77.506109196139,79.30755778887759,20872500
2010-03-17,79.4261703491211,80.1775011528858,79.00436554196409,79.28996457208538,9589680
2010-03-18,79.12740325927734,79.63269083788582,78.67045412377749,79.63269083788582,7003940
2010-03-19,79.96000671386719,80.17749613750594,78.98458944366982,79.73811923036693,12679680
2010-03-22,80.71792602539062,81.50440765608944,78.99996089108677,79.17570895361513,30611220
2010-03-23,82.77861022949219,83.04223906700439,80.62566597246193,80.62566597246193,20308760
2010-03-25,84.63059997558594,84.79975770043406,82.17228521989031,82.60287278591504,46592800
2010-03-26,85.7422103881836,86.3639257761321,84.05719696072534,84.84368539699116,23105720
2010-03-29,86.33977508544922,87.43601849861687,71.56791654696893,71.56791654696893,26453420
2010-03-30,83.7825927734375,86.55286793393131,83.54313313982378,86.33757081451374,18739960
2010-03-31,84.95352935791016,85.36653802713035,83.36078803801823,83.48161400812823,13652160
2010-04-01,85.2061767578125,85.67850564034234,84.62839499323255,85.67850564034234,14818440
2010-04-05,85.61260223388672,86.1003109213728,84.55370216489331,86.06515996050278,14247680
2010-04-06,84.92717742919922,85.67851504955259,84.59764467900864,85.67851504955259,8842880
2010-04-07,84.87664794921875,85.58843649881766,84.6240075310651,85.23913261042706,10756100
2010-04-08,83.60466003417969,84.79537472545948,83.20922339222507,84.79537472545948,12477660
2010-04-09,85.64994049072266,85.98606357287538,83.06420967988034,83.06420967988034,12415300
2010-04-12,85.86304473876953,86.46498902871508,85.18200910973809,85.18200910973809,9141280
2010-04-13,85.75320434570312,86.24530441769899,84.84369748375644,85.67851106365809,12682600
2010-04-15,85.98827362060547,86.77256314757294,85.42367258605283,85.89820053419211,19094720
2010-04-16,86.30461120605469,86.75057850317576,84.62399585997574,85.45880931031206,10465120
2010-04-19,84.97989654541016,86.06515813595895,84.62400229264138,85.6785042789459,12241660
2010-04-20,85.43904113769531,85.98387094070269,84.75580652999606,84.75580652999606,10878640
2010-04-21,85.28306579589844,86.11787929095452,85.01943695305968,85.6345619805368,7889000
2010-04-22,84.98208618164062,86.55725542960536,83.83531212325674,85.18640154992252,13790220
2010-04-23,85.75759887695312,85.98827582251208,84.74044676268929,85.01944874163065,10634120
2010-04-26,87.41844177246094,87.73918507186076,86.01682821562622,86.01682821562622,15796560
2010-04-27,86.97686004638672,87.69963696567696,86.46059081832226,87.39206775449996,8968940
2010-04-28,86.47596740722656,87.29320872604355,86.0300001128191,86.0300001128191,11423540
2010-04-29,87.24928283691406,87.6557078860297,85.52253451619968,86.64074813057337,18792900
2010-04-30,87.89515686035156,88.31476263160701,87.12844626548724,87.7897039839383,14219220
2010-05-03,86.5484848022461,87.2163397597434,86.21016931898325,87.2163397597434,10014140
2010-05-04,85.10730743408203,87.20752855981009,84.89640839126156,87.20752855981009,9177920
2010-05-05,84.19999694824219,84.96231620247208,82.60725555086401,84.88762292766995,16028540
2010-05-06,83.28389739990234,84.1846214362162,82.47104740763768,83.7013041374059,10522460
2010-05-07,81.19906616210938,82.38319043742332,80.6696227580694,82.20744231290129,19571620
2010-05-10,84.98428344726562,85.15124882301791,80.40597672462698,81.86690364938008,12853080
2010-05-11,85.60381317138672,85.89819492748452,84.06379479468282,85.15125544290021,13929300
2010-05-12,86.7725601196289,87.0405803391968,85.63456867331642,85.63456867331642,13741640
2010-05-13,86.35295104980469,87.6557021061453,85.6872952343159,87.04935976573007,12744380
2010-05-14,85.7553939819336,86.68906996175814,85.33798723770754,86.29362670062827,9400300
2010-05-17,84.74921417236328,85.53789493339343,84.11870936953493,85.3269958905776,13207200
2010-05-18,83.2970962524414,84.58007634626135,83.05104619395009,84.2725137731472,12243120
2010-05-19,82.09976959228516,82.95436088941328,80.9156523212252,82.55891765284795,18180160
2010-05-20,81.32646942138672,82.44468284908174,80.6827838594312,82.33922997746421,6778000
2010-05-21,80.25439453125,81.28473399307863,79.13618102219274,79.96660317156925,10997240
2010-05-24,80.16650390625,82.05362667094631,79.57334247748764,80.63444132381784,9621820
2010-05-25,79.25262451171875,79.96661211993244,78.42879265608758,79.60631977030988,11068700
2010-05-26,80.30712127685547,81.42753386704736,79.62828467737906,79.65025486627701,14002780
2010-05-27,83.33224487304688,83.78919401104618,79.57117876057201,79.74692688187304,22619720
2010-05-28,83.34102630615234,84.09675528399059,82.8335464065011,83.33224359327492,11758500
2010-05-31,82.9741439819336,83.42011133586867,81.94380445657315,83.30587573786359,8768220
2010-06-01,81.50879669189453,83.04222430560417,80.75746603595134,83.02904353650753,11365460
2010-06-02,81.41873931884766,81.84493548003567,80.31810466108844,81.19685852673632,18903340
2010-06-03,83.7276611328125,83.92098804183676,81.90424967647449,81.90424967647449,13593780
2010-06-04,82.85331726074219,83.9122106479164,82.60726052941416,83.74525196068004,10188700
2010-06-07,82.4556655883789,83.25533478968471,79.45472716659673,82.0316684755567,19238260
2010-06-08,81.8427505493164,83.34981034698158,81.41655434961902,82.60287083456244,11342280
2010-06-09,82.64241027832031,83.28829494181268,81.35283998151708,81.72411404673413,11584680
2010-06-10,84.7317886352539,84.98826433469353,82.38150472976322,83.17303633444509,17020940
2010-06-11,86.0650405883789,86.22865176846092,84.95069919932727,84.95069919932727,21630760
2010-06-14,87.2523193359375,87.33412490499748,86.06501851491552,86.06501851491552,14977960
2010-06-15,86.84329223632812,87.5552315099162,86.3612978842626,87.33413244044671,9121560
2010-06-16,87.38056182861328,87.99743012504555,87.02680196606613,87.33413291304771,18168580
2010-06-17,88.26717376708984,88.39540826285712,87.02680443678715,87.68789526508446,15977200
2010-06-18,88.07259368896484,88.34896749808098,87.48226301124097,88.08585909200983,9802800
2010-06-21,88.38875579833984,88.88180905875213,88.0018325001985,88.51036431191409,14203300
2010-06-22,87.86698150634766,88.43962728331817,87.66356739473646,88.21852821510987,8524880
2010-06-23,88.38435363769531,88.6032395588282,87.3562443069636,87.7630657879397,8488080
2010-06-24,88.51036834716797,88.74915233890538,87.55521888540403,88.30916741327275,17653100
2010-06-25,86.12471008300781,88.08585751786379,85.78642881659127,87.56185386472906,14470320
2010-06-28,86.25958251953125,86.84770002695277,85.04574420429518,86.32148998070232,10658160
2010-06-29,84.21221923828125,86.1755801615161,83.84519395331542,85.79086317148214,15902320
2010-06-30,84.85780334472656,85.73777989587191,83.08901113954283,83.79653072057904,17535120
2010-07-01,84.34489440917969,85.33099459139314,83.7965661645762,84.54830182026461,11567260
2010-07-02,84.58586120605469,85.05017053873402,84.01542190529207,84.34486406255988,8225000
2010-07-05,84.68977355957031,85.30000228850683,83.92919236359089,84.06185312984904,5160540
2010-07-06,86.84770965576172,87.10197897733353,84.45984246309804,84.68094152713756,12496060
2010-07-07,85.66702270507812,87.06878965445658,85.39064893554594,87.06215695388407,7933440
2010-07-08,86.03851318359375,87.1064189443259,85.88595425385923,86.67085341618998,6725840
2010-07-09,88.56122589111328,88.96805409972406,86.23305305639468,86.44973256452349,31402360
2010-07-12,90.62630462646484,90.91594387983106,88.749168859663,88.83760714168022,29738560
2010-07-13,91.64777374267578,91.97720918370652,90.09344761699167,90.73905309521352,12514620
2010-07-14,92.25579071044922,93.34359424549997,91.67871868787596,91.97720375145471,21116060
2010-07-15,91.20779418945312,92.41941963187597,90.87172600167709,92.41941963187597,6477460
2010-07-16,90.1619873046875,91.35813402550076,89.81927971423862,91.26968900383149,9427760
2010-07-19,90.55553436279297,91.26967993521889,89.41244937063266,90.29684552018868,17531160
2010-07-20,90.40296936035156,92.36190346010054,90.03152462208955,90.55552822560323,13369180
2010-07-21,89.9011001586914,91.30287436462852,89.54513385299505,90.65504888551311,9284700
2010-07-22,90.97119903564453,91.22546157190183,89.54510758623431,89.76620661731143,11149940
2010-07-23,90.14651489257812,91.49079429619447,89.58492135427602,91.49079429619447,13843620
2010-07-26,90.7346420288086,91.08397560826938,89.94973624204843,90.42952421714583,6072980
2010-07-27,91.39351654052734,91.88878309002327,90.42952774754927,90.79213349365506,13291820
2010-07-28,92.24695587158203,92.41941287930737,91.09060528615434,91.62345486387953,13142120
2010-07-29,92.88813018798828,93.52489652047885,92.12091622795946,92.45919749866914,22531480
2010-07-30,94.0511245727539,94.49774227029422,91.9772141923883,92.75990679858822,23399320
2010-08-02,94.468994140625,94.84707839617526,93.8056969521749,94.18820075991464,16526680
2010-08-03,93.8543472290039,94.8072837333419,93.38119870182348,94.6304071665734,16220960
2010-08-04,93.51604461669922,94.14396505742877,92.47245691653012,93.52489046724666,14734700
2010-08-05,92.8726577758789,94.07323080386935,91.31391209644035,91.31391209644035,14710560
2010-08-06,92.45037078857422,93.30380998235829,92.04133614888553,92.56312672898822,10920880
2010-08-09,92.06564331054688,93.03405823165689,91.59470125323386,92.41940314095069,5236440
2010-08-10,92.64713287353516,92.958883337741,91.52395268995036,92.21820018497456,14694540
2010-08-11,92.39729309082031,93.43866774333564,91.88655481712382,92.90582496221941,14670160
2010-08-12,91.67430114746094,92.10102069908135,90.56217318413384,91.84012543670896,9938860
2010-08-13,92.31107330322266,92.92351528762856,91.01542926642949,91.161355459834,10499860
2010-08-16,92.15409088134766,94.0511247052875,91.5527011331921,91.90646099929681,7186680
2010-08-17,93.79241943359375,94.45351013426395,92.02584030903729,93.21535419293403,20131820
2010-08-18,96.92762756347656,97.23937132419435,94.18820676185807,94.18820676185807,38844340
2010-08-19,98.61682891845703,99.03028314587388,96.62030436363122,96.62030436363122,20763920
2010-08-20,98.66766357421875,99.04352790834402,97.51352627078471,97.79431963340248,8398140
2010-08-23,97.13324737548828,98.52174929840896,96.53185762080496,97.85181937017862,8194860
2010-08-24,97.66609191894531,98.16798436489718,95.51921515048917,97.13324236529374,10680280
2010-08-25,96.94087982177734,97.94687778630805,96.33506384497485,97.3278031538903,10591220
2010-08-26,96.32623291015625,97.89603087850067,95.80222245669101,96.33728516447665,20388100
2010-08-27,94.59280395507812,96.83917112137411,93.99584056623534,96.39918616935869,11550480
2010-08-30,94.26338195800781,96.29749621456097,93.59566515838782,95.51480357377922,6876460
2010-08-31,94.37612915039062,94.63039170385173,93.40550109953247,93.96709456574062,9390160
2010-09-01,95.03942108154297,95.29368362107371,93.74599038360847,94.43360514035551,9616200
2010-09-02,96.7286376953125,97.0602863267823,95.5059600105235,95.5059600105235,11590660
2010-09-03,97.01606750488281,97.28359550324237,95.87961499138433,97.01827390745194,8118160
2010-09-06,97.47372436523438,98.15471322072379,96.62691796893633,97.1951441492683,9546440
2010-09-07,97.2437973022461,97.9911132592997,96.51195989990268,97.9911132592997,8407840
2010-09-08,96.38151550292969,97.27917724265693,96.01449021442218,96.75296034404263,9969600
2010-09-09,99.266845703125,99.49457746609554,96.5362709498517,97.06248779470208,26029580
2010-09-13,100.92951965332031,101.48448051859494,99.40615045876339,99.49900829637537,14595580
2010-09-14,103.21788787841797,103.916561741518,101.08649637603136,101.08649637603136,32697460
2010-09-15,105.04194641113281,105.42002389576177,103.2996848249066,103.43013245416671,25503160
2010-09-16,105.91970825195312,106.79083903146407,104.15312903666926,105.05300377169517,25534780
2010-09-17,106.1540756225586,107.2772625837422,105.55268593203863,105.91971116754932,21503140
2010-09-20,108.17050170898438,109.22072224159359,105.96393741354854,106.2690551952392,15095460
2010-09-21,109.256103515625,110.31075039231195,108.56406235058431,108.56406235058431,32710780
2010-09-22,109.73809051513672,110.10732890421706,108.35180187546965,109.22293268811892,25049020
2010-09-23,108.95098114013672,109.74693910395993,108.47783266137459,109.29147558110151,12380340
2010-09-24,110.33949279785156,110.6379779043129,106.48795061596643,106.48795061596643,27910620
2010-09-27,107.82781219482422,111.02711619177731,107.61776536727035,110.5495413633984,16677440
2010-09-28,108.3562240600586,108.85591009346463,107.07385221452343,107.80790271109687,18864220
2010-09-29,108.02236938476562,109.39981221049479,107.28610573627282,109.39981221049479,15595720
2010-09-30,110.07858276367188,110.50530231009536,107.30821194160438,107.45413812405435,36959780
2010-10-01,110.58270263671875,110.72641568809888,108.88466333514502,110.19577924978313,17730260
2010-10-04,110.28421020507812,111.54889711854123,109.80664216550616,110.58269529036656,13980460
2010-10-05,108.24125671386719,110.97846419266871,107.7835800342003,109.72704268673064,17196660
2010-10-06,108.63702392578125,109.66513320005016,108.33853884682375,108.55963790569481,8219880
2010-10-07,107.61112976074219,109.22294391959927,107.30159240275941,108.64808497054076,9012840
2010-10-08,106.38180541992188,108.2500950713975,105.68534476935427,107.6818688995987,14906860
2010-10-11,105.61903381347656,107.93172831410759,104.65282516057825,107.93172831410759,19820040
2010-10-12,105.25643157958984,106.1275625284704,103.4544753569736,106.04133064515985,15619800
2010-10-13,107.95162200927734,108.33854538565468,104.66829943739373,105.4642574468516,20573400
2010-10-14,107.20429992675781,108.60386075228817,106.57195985518679,108.11744012230444,7707260
2010-10-15,105.51952362060547,108.01794023418896,105.24093665313336,107.20651048379513,11726540
2010-10-18,106.05900573730469,112.31389986331008,104.04921614643202,112.31389986331008,16550200
2010-10-19,104.75011444091797,107.14462138704177,104.2946508509596,107.14462138704177,16649040
2010-10-20,103.27758026123047,104.88939432261597,102.94814481595027,104.75673353510052,9860460
2010-10-21,104.58427429199219,105.0132070055594,102.44182387391311,103.03437447911617,14595060
2010-10-22,102.884033203125,105.24316338483386,102.52364736607993,105.24316338483386,12950380
2010-10-25,101.91340637207031,104.69041016527851,101.66135019226176,103.29748871631938,17259580
2010-10-26,101.76746368408203,102.85527390646851,101.30758065957998,102.05931603001585,10139440
2010-10-27,99.68473052978516,101.97090101340972,99.07007534149815,101.97090101340972,16440660
2010-10-28,100.2330551147461,102.40646282795133,99.09660936356786,99.78201110678413,42138460
2010-10-29,100.8167495727539,101.61712707262424,98.91971590146287,100.82116912478911,16264860
2010-11-01,103.88118743896484,104.62408383139773,101.04448930695985,101.61713509518508,20269600
2010-11-02,103.93203735351562,105.55269050381125,103.60702146354319,104.57985598367722,11122040
2010-11-03,104.45824432373047,104.88496385227484,103.96297788505544,104.40296956363693,7081520
2010-11-04,105.64997100830078,106.34864482766835,104.69261507465744,105.68534766658102,9716320
2010-11-08,103.27093505859375,106.12753758066582,102.83095013487753,105.83568523294127,8510920
2010-11-09,106.06123352050781,106.4282520630129,103.04765191955981,103.47437153321403,13716100
2010-11-10,105.94403839111328,107.00309801880434,105.3912907471547,106.1275476400481,8934340
2010-11-11,104.06249237060547,106.54322428396733,103.30854370849067,105.46867926130051,6728740
2010-11-12,102.36445617675781,105.19894130110407,101.92667756206625,103.69547023125611,12403100
2010-11-15,105.50183868408203,105.7737862024654,102.32463960672473,102.36886211653727,22815960
2010-11-16,104.91593170166016,106.11429166914697,102.8110709154264,106.11429166914697,18299340
2010-11-18,103.4898452758789,106.96772939455934,102.53469565599654,106.96772939455934,16631980
2010-11-19,101.86475372314453,104.53562725566404,101.3518023121112,103.69545357174297,11752680
2010-11-22,105.23873901367188,105.72736607488284,101.9708949902776,102.6341922081309,11021900
2010-11-23,104.88054656982422,105.24315226596691,102.03500275515948,104.57985508782006,11416240
2010-11-24,102.20967864990234,104.97341704762123,101.26116174253093,104.09344031272057,8257500
2010-11-25,102.7248306274414,104.301267998682,101.36286636086899,102.81106249926104,22687740
2010-11-26,101.61271667480469,103.47437397892641,100.64430832974833,102.85529922673393,15139380
2010-11-29,101.61271667480469,102.49711303359892,101.04228399224225,101.70558126133793,11818860
2010-11-30,101.05995178222656,103.21124798859282,99.87044454954828,101.57290320256378,17253560
2010-12-01,104.67049407958984,105.02204073256368,100.82115910326114,101.1992365606244,16081440
2010-12-02,105.76274108886719,106.12755320352267,104.0536428550852,105.15471864863868,14738560
2010-12-03,105.93519592285156,106.12755102950726,104.88939491801476,105.90645196486246,7923580
2010-12-06,105.3868637084961,107.23304217585053,105.03310386936226,107.01194311981786,9363120
2010-12-07,103.989501953125,105.68533445178565,102.96581913033631,105.24313639968614,17194700
2010-12-08,100.84107208251953,103.47436276514192,100.16672263098341,103.47436276514192,23488440
2010-12-09,98.69862365722656,101.01574434361945,98.13703012924924,100.5182714353195,36567840
2010-12-10,98.27191162109375,98.70969024309936,95.97026931216749,97.28359843077565,41242460
2010-12-13,99.00817108154297,99.2734926919326,96.46111196091958,99.18505440427234,15823360
2010-12-14,98.97499084472656,100.63986646273908,97.81422080335587,99.36191419185012,11844160
2010-12-15,95.6430435180664,98.61019634095229,95.07261082199436,98.61019634095229,22420420
2010-12-16,97.31897735595703,98.15031210285497,95.07260976666491,95.64746875659628,19518360
2010-12-20,96.06754302978516,97.27474202645483,95.13671786231508,97.27474202645483,10322440
2010-12-21,97.90708923339844,98.12597514779702,96.04101259166295,96.08965465568573,12351160
2010-12-22,96.34613037109375,99.05238075762253,95.95920700875928,98.74284341723656,15006480
2010-12-23,96.88339233398438,97.46045761021736,96.13165692064551,96.39918487931631,6526540
2010-12-24,98.09722137451172,98.37802147630497,96.17808330856005,96.79715792744533,7033420
2010-12-27,97.88938903808594,98.61017408405905,97.15534533661089,98.12375348602676,7541260
2010-12-28,99.76654052734375,100.32149463118469,97.95352536820292,98.34044875909444,9350060
2010-12-29,102.93487548828125,103.33285108824964,99.65155317261512,99.7598962977837,16142080
2010-12-30,101.94876861572266,103.62469636878521,101.1771283784743,103.30631321163547,14504700
2010-12-31,103.75515747070312,104.57985942547197,101.35402482497565,101.92667060283843,16497820
2011-01-03,105.70746612548828,106.1120744524666,103.93424727566085,104.80095859407479,10796780
2011-01-04,103.71978759765625,105.59692340075016,103.16483348750904,105.53058962739846,16568260
2011-01-05,102.06817626953125,103.9032958220095,101.59502102859652,103.9032958220095,15651840
2011-01-06,102.93266296386719,103.5915405807231,102.10354150272313,102.41308557947643,10870180
2011-01-07,100.35466766357422,102.86413689875594,99.98100966739796,102.86413689875594,15896020
2011-01-10,95.1720962524414,100.3789765902639,94.54196256092841,99.76210830300101,40141720
2011-01-11,94.92224884033203,98.11049346606525,93.96709929401267,95.95699080847412,24315180
2011-01-12,97.5179443359375,97.90265451541441,93.15345134286801,95.91276310861814,19810660
2011-01-13,94.76306915283203,98.05302461625747,94.02901857146814,97.68157302553531,18972020
2011-01-14,90.63072204589844,97.63735222628411,89.76622385865443,95.07260162369805,25582820
2011-01-17,91.45099639892578,92.55207219833986,90.67493650282375,91.09281698454274,24561640
2011-01-18,93.27505493164062,93.56912044601961,90.50247096167632,92.27789605923954,16840320
2011-01-19,91.77600860595703,93.48289363021695,91.22547410212687,93.376763651656,17984100
2011-01-20,93.63766479492188,94.38276754542915,90.469311495535,91.50184707167398,19277080
2011-01-21,92.6029281616211,93.95384709946264,91.80476369180569,93.03849363536398,16595220
2011-01-24,95.01071166992188,95.24949574451331,91.6676941411848,92.64052889465393,25548320
2011-01-25,92.1673583984375,96.1714662088928,91.53943782672836,95.12566514108873,28221080
2011-01-27,90.6904067993164,92.86160109184156,90.25263499822427,92.86160109184156,37891160
2011-01-28,90.83855438232422,92.39066742676478,90.29907211099905,90.87171789338763,35596840
2011-01-31,90.53121948242188,91.24537187737201,88.2715868127338,90.32781212517689,22236060
2011-02-01,90.19073486328125,91.84013202267434,89.10734403124353,91.84013202267434,17102460
2011-02-02,89.3196029663086,91.24758708858559,88.71378693821758,90.71694393312322,19524340
2011-02-03,91.13481903076172,91.61239379406545,88.88181914498067,89.32401725017958,11592060
2011-02-04,89.22451782226562,92.19830270685746,88.66071795071905,90.6948318844616,18506400
2011-02-07,90.1575698852539,91.09282142752099,89.33287463096268,90.42952418411672,17118920
2011-02-08,88.56564331054688,91.09059054708524,87.78073767685243,91.08838414494113,14391980
2011-02-09,89.42572021484375,89.98731369326008,87.61713159832263,88.3511820665005,14715160
2011-02-10,89.14051818847656,90.6063994068456,88.4396311428101,89.14715089091594,23071180
2011-02-11,91.06185913085938,91.09281623921112,88.21852834816805,88.21852834816805,20206840
2011-02-14,93.10261535644531,93.31266219171657,90.65725995143418,90.65725995143418,11844720
2011-02-15,93.17115783691406,94.09977674039322,91.76939037597725,93.30381864418379,15199460
2011-02-16,92.63388061523438,93.83444698467463,92.20052831333307,93.48068711178426,9101580
2011-02-17,96.64681243896484,97.01825721122134,92.64049886592343,92.86159790856287,23609840
2011-02-18,96.22671508789062,99.18944058589133,95.74692724895442,96.57604856821246,39535740
2011-02-21,97.3587646484375,97.63735163859609,94.29875429870314,95.73589826808549,11201020
2011-02-22,94.56185913085938,96.91656281070945,93.98478706572314,96.84138993871082,11592860
2011-02-23,93.48512268066406,95.20527340139446,92.87046745519508,93.97596295045649,12228440
2011-02-24,91.05302429199219,93.68188883146128,90.46268678246939,92.2867541833947,20055540
2011-02-25,90.30349731445312,92.28675636905301,89.23559170693407,92.28675636905301,12619920
2011-02-28,90.75011444091797,93.78801345201043,89.98731996339527,91.269691848677,21962720
2011-03-01,94.58618927001953,95.07260997349864,91.04860378263353,91.74727772608134,20501160
2011-03-03,96.98066711425781,98.26967147043847,94.19039847823392,94.4048648039258,25337640
2011-03-04,98.09058380126953,98.73840234303624,97.570999728686,97.72577174942388,19709880
2011-03-07,96.0962905883789,97.4604680818761,95.11239702059818,97.4604680818761,12855680
2011-03-08,97.5710220336914,98.10166522758098,95.36003121717985,95.4263649901203,17971140
2011-03-09,97.55110931396484,98.99488583098895,97.06248230598104,97.72577945158,18083980
2011-03-10,97.655029296875,97.94688166976094,96.50310510601494,96.92982466411483,14940620
2011-03-11,96.67998504638672,98.03532338492991,96.17809260141858,96.48984309057421,13107900
2011-03-14,97.93583679199219,98.12376560555467,96.04543567503977,96.04543567503977,13082880
2011-03-15,96.60480499267578,97.62407510806457,94.18819402818488,95.95698640430102,27602000
2011-03-16,96.56501770019531,97.5046887367742,96.33728593063839,97.10671311436283,11610680
2011-03-17,96.46553039550781,98.74285507396236,95.78676131634153,95.96585103968548,33521240
2011-03-18,95.04163360595703,97.11554375734096,94.72325718421261,96.39918500045295,9644240
2011-03-21,95.26937866210938,96.34170372161593,94.91561881120661,95.9658393623007,12318700
2011-03-22,95.14334869384766,96.08965239652693,94.7210486814439,95.47499728236714,9430540
2011-03-23,95.70053100585938,96.48322368763695,94.85372444497722,95.07261038879454,9314700
2011-03-24,96.96520233154297,97.23494345218496,95.89066414847571,96.35496677232486,8827620
2011-03-25,100.16007995605469,100.60006489389279,97.28357923805018,97.59311654978069,17802960
2011-03-28,101.56185150146484,102.23620091519048,100.15787116327081,100.15787116327081,21860620
2011-03-29,101.93330383300781,102.75800579204856,101.02679629776408,102.14777020051127,21636600
2011-03-30,103.54067993164062,104.5356256327675,101.970882112233,102.36885769372081,22194840
2011-03-31,103.73307037353516,105.94626783299984,101.93110726444102,103.91657966237675,37863820
2011-04-01,103.19799041748047,104.57985959821802,102.72262876878838,104.04922318229643,8738580
2011-04-04,106.16292572021484,106.34864812138237,103.47436033431798,103.47436033431798,12644540
2011-04-05,105.93962097167969,106.56754153816121,104.7191565005843,106.12755653586028,16825320
2011-04-06,105.06404876708984,105.90643553289294,103.96076676486311,105.72955900758366,12939720
2011-04-07,104.1266098022461,105.15471912912132,103.45667988948408,105.02205833752913,13116320
2011-04-08,104.0226821899414,105.46424554909294,103.69987272278986,104.09342875703902,15440340
2011-04-11,101.53089904785156,103.36602532311662,101.20146360244834,102.81991036644366,22416360
2011-04-13,104.75452423095703,105.40455599910936,100.6000710556696,100.79685245539136,18067780
2011-04-15,104.49584197998047,105.77379434197506,103.65124190838394,105.02205884916792,17181860
2011-04-18,102.22735595703125,106.12091382903175,101.89792052384571,105.19008869560872,20706540
2011-04-19,103.8060073852539,104.30569341384009,102.78674397002449,103.47435879935853,14924860
2011-04-20,104.8871841430664,105.64112598435584,103.82811777829393,104.38307181918003,13096140
2011-04-21,106.59850311279297,106.87487696951524,105.33160292451097,105.33160292451097,32410700
2011-04-25,105.72958374023438,107.94278096342093,105.508484658174,107.14461651593906,12645740
2011-04-26,104.35212707519531,106.03248133634563,103.49647476423353,105.53279528502094,12643700
2011-04-27,104.06027221679688,105.19893103700899,102.86855178085696,105.06627699768944,14295300
2011-04-28,103.3748550415039,104.75672406273783,103.03215422320083,104.49804196051095,26769640
2011-04-29,101.50878143310547,103.4610898198141,100.86538913642467,102.81105807413343,18625880
2011-05-02,101.27000427246094,102.39982400103634,100.02521545937901,101.97089127598908,14156740
2011-05-03,98.86003112792969,101.51322004520236,98.26527407251506,101.19925638779875,21480560
2011-05-04,100.00092315673828,101.04893082932949,97.62852716336496,99.22928263751858,26421220
2011-05-05,98.18788146972656,100.59122719006304,97.7257852406081,99.75326660461775,18698980
2011-05-06,101.5839614868164,102.58995946798122,98.38907750700784,98.38907750700784,21551460
2011-05-09,100.77030944824219,102.36885797484257,99.42381707204167,101.7939991075758,7797180
2011-05-10,99.33539581298828,100.73274363794822,98.39351155954874,100.73274363794822,13046440
2011-05-11,99.98321533203125,100.33034251483659,98.21221624953502,99.93678641345869,9821700
2011-05-12,99.06123352050781,100.15346351360442,98.83128858843263,99.49458582728116,9478860
2011-05-13,99.541015625,101.26337935971584,98.42668111201411,98.69862866400553,11646140
2011-05-16,99.62944793701172,100.20652001397967,98.88877145606551,99.27348167577208,12541240
2011-05-17,99.60291290283203,100.55364290471988,99.09660091599243,99.58301479721634,12223880
2011-05-18,100.26180267333984,100.71947940016742,99.1850512054474,99.85276801526798,13870960
2011-05-19,100.54701232910156,100.99804956074412,99.8350730743623,100.40108613742616,15022540
2011-05-20,102.39982604980469,102.58996801037837,99.73336507019533,100.37897732049953,23827740
2011-05-23,100.14461517333984,101.65251247824084,99.3154936453763,101.48447502273625,20092800
2011-05-24,99.72894287109375,101.37392044049885,99.41498598001186,99.67145495551203,9004880
2011-05-25,99.70462799072266,100.24631666201347,99.28896066089119,99.49458117594352,8314880
2011-05-26,100.12250518798828,100.68851828514035,99.05238646532865,99.71568369612326,19899900
2011-05-27,101.86698150634766,102.23621319121364,100.04954679976335,100.15346363720754,11662040
2011-05-30,102.0416488647461,102.92604521847996,101.58839843242096,101.88245725117764,7849500
2011-05-31,106.10765075683594,106.51225906801498,102.36886484034311,102.80664340846798,35393460
2011-06-01,106.04795837402344,106.43708813871336,105.0110032233051,105.68535267003986,13143340
2011-06-02,105.0950927734375,105.38005991989306,104.41384308278354,104.86133315583861,13445520
2011-06-03,104.93701934814453,105.56483977736177,104.56967992054797,105.07949951416313,11977060
2011-06-06,106.02790832519531,106.41751218780757,104.4271924832733,104.4271924832733,11685600
2011-06-07,105.81642150878906,106.44869898943874,105.25094414193177,105.30882353263533,8126940
2011-06-08,104.87024688720703,105.61606150615091,104.5563434043429,104.91254728728305,10278780
2011-06-09,105.2063980102539,105.73181016981475,104.25798873895425,104.84796572533297,6459880
2011-06-10,105.19082641601562,105.72736746899572,103.75486180659567,105.43795014143438,8743820
2011-06-13,105.64276123046875,105.97225724932376,104.37599147738054,104.77673098044518,7835560
2011-06-14,106.08358001708984,106.77373688075357,105.32663662868414,105.88321364871084,12433200
2011-06-15,105.65166473388672,106.67576770321139,105.39341220811598,105.97225360766056,14077880
2011-06-16,104.32481384277344,105.61607000775555,104.10440468933186,105.25985930198853,8425300
2011-06-17,104.60529327392578,105.35333621512989,103.90846465130912,104.65872928025243,14213480
2011-06-20,102.36563873291016,105.14630203435563,101.16121208834664,104.28694361666541,15625700
2011-06-21,103.54781341552734,104.36932165301823,102.49922419633327,102.49922419633327,10157720
2011-06-22,103.42090606689453,104.53851015414205,102.96228719642806,103.8550320182174,6183160
2011-06-23,103.91292572021484,104.1667280929691,102.85542942204448,103.25616214369002,8267580
2011-06-24,106.1125259399414,106.41530058571952,104.26023593728257,104.59195367593868,16575460
2011-06-27,107.58187103271484,108.28092812795067,105.64498058725292,106.10582791860207,20512380
2011-06-28,107.88912200927734,108.19858212056903,107.0653920243578,108.17186750834459,12193620
2011-06-29,110.83007049560547,111.27087514729268,108.42120352187388,108.42120352187388,20504880
2011-06-30,112.0077896118164,112.42633664430296,110.2534644412855,111.27088213441954,26841200
2011-07-01,111.37104797363281,113.43483286350127,110.33581620287326,113.09643652294946,13304840
2011-07-04,112.7491455078125,113.1854999835596,111.86752942174917,112.87381821516881,14323360
2011-07-05,113.14765930175781,113.6307643559684,111.96103327669529,112.29497949254991,10637280
2011-07-06,113.33243560791016,113.98697070981515,111.98329349030668,112.87381669897711,11785740
2011-07-07,114.2452163696289,114.6526345419937,112.83596638246817,113.36805726041437,14778040
2011-07-08,113.94911193847656,115.0244156428771,113.70644519761086,114.25412182166059,15089360
2011-07-11,112.39960479736328,114.16952227878761,111.98773648092748,113.94243452687738,7945000
2011-07-12,110.41374969482422,111.76066333811039,109.54326243798799,111.76066333811039,14721800
2011-07-13,112.19255828857422,112.60442659947901,110.33804004558998,110.87013088270614,7441820
2011-07-14,112.64006042480469,114.27639143408642,111.04824470663593,112.45082287850282,9354344
2011-07-15,113.30794525146484,113.64189144225118,111.98328931035132,112.75136826682095,5490152
2011-07-18,114.6659927368164,115.52312948411067,113.09644828827224,113.97584268061584,6209896
2011-07-19,113.7309341430664,115.5453736224302,113.17435719883504,115.21142745589138,17052664
2011-07-20,112.00556945800781,114.96656350810174,111.76067419158596,114.96656350810174,7408644
2011-07-21,110.49166107177734,112.40628727160964,110.09092835760084,112.38402283323256,12881024
2011-07-22,111.66046905517578,112.88493838973984,111.05937000379036,111.3153940512778,12634120
2011-07-25,112.47307586669922,112.76249317099737,110.68089396192242,111.66046806203052,13370428
2011-07-26,110.90353393554688,113.5862392070547,110.25790596113708,112.50647844608072,10581528
2011-07-27,111.77181243896484,112.19481647760973,109.5343751758993,111.17071323705302,11062712
2011-07-28,108.48797607421875,111.20407430031577,107.88687704638404,111.20407430031577,21417956
2011-07-29,108.37667846679688,109.06683535494517,107.10768689260807,109.06683535494517,11990668
2011-08-01,108.64383697509766,110.41375465987377,107.8646291279402,109.85717762618987,8809416
2011-08-02,107.4972915649414,108.62157447540652,106.862792376376,108.62157447540652,7929976
2011-08-03,107.31916046142578,108.95549798738881,105.97224701430392,106.57335281376852,8330268
2011-08-04,106.07245635986328,108.844205978083,105.74963895486601,107.77558076525308,7318424
2011-08-05,105.31549072265625,105.9277253848714,101.76453375829989,103.5233156109238,12624376
2011-08-08,102.877685546875,106.86277517909842,101.97602680480999,103.07805189150535,17233492
2011-08-09,103.40087890625,105.4268137730402,100.1504678319422,100.18386109347611,17963696
2011-08-10,106.84051513671875,110.1577125605173,105.39341499664567,110.1577125605173,13068904
2011-08-11,106.8516616821289,107.90915804650274,105.7496364373833,106.57337316518843,8409216
2011-08-12,104.20233917236328,108.19856459470529,103.32295162303366,107.9981982413234,11413552
2011-08-16,101.61982727050781,106.5065690565094,101.21908777021274,106.5065690565094,12222592
2011-08-17,104.07990264892578,105.1819278652227,101.49738391955498,101.53077718189515,12536804
2011-08-18,102.94448852539062,105.71624491748656,102.08735852024886,104.25800898817957,22888452
2011-08-19,102.59941101074219,103.18938130337638,100.18386534308385,101.29701940245145,17921036
2011-08-22,100.86287689208984,103.28955794322974,100.33969996987317,102.42129242518389,11908996
2011-08-23,102.2765884399414,102.96674528065311,99.13749279255471,101.83132683872776,16145092
2011-08-24,101.5196304321289,102.9444659916442,100.74042274240861,101.96489196911193,12742456
2011-08-25,98.77015686035156,102.27659209522616,98.11340005158118,102.27659209522616,23200840
2011-08-26,97.72379302978516,100.30630489169633,97.10042270913362,98.8480758596265,8523824
2011-08-29,101.61982727050781,101.95377345701075,98.65883367369014,98.9593866003733,11600396
2011-08-30,105.07058715820312,105.74960824082574,102.14298730526754,102.844279616291,15589296
2011-09-02,105.25984191894531,107.7533096533789,104.19121677227547,107.7533096533789,15190948
2011-09-05,104.69212341308594,105.52698883105312,103.00012814050865,104.591936845269,11800716
2011-09-06,105.25984191894531,106.06131417602418,102.41017033172375,104.32479661414744,17860792
2011-09-07,108.66610717773438,109.07797556333209,105.27098709222263,105.9722728330222,14746572
2011-09-08,107.68653106689453,109.02231599576656,106.67355675267449,109.02231599576656,8164048
2011-09-09,105.3600082397461,108.13176394754905,104.79230251364268,107.73102449898929,10331416
2011-09-12,104.49176788330078,104.90363622427745,102.96674553652385,103.96858414174409,6985520
2011-09-13,104.12442016601562,105.92772407713737,103.30068354936193,104.85909903394283,7175952
2011-09-14,106.6178970336914,107.55294918390358,102.6439355865197,104.05764263504032,7749008
2011-09-15,107.89800262451172,108.65494589282125,104.99267375859135,108.17629109037198,8736760
2011-09-16,107.68653106689453,109.08910252454876,106.03905755262957,108.25423694400375,10947008
2011-09-19,107.9202880859375,108.42120742207645,106.21716370189571,107.28578890133082,8389220
2011-09-20,109.3896484375,109.8126456121984,107.53067983921302,107.97594145345407,11835268
2011-09-21,110.09093475341797,110.79222044104492,108.73288546335206,109.70133083871933,12891396
2011-09-22,105.14852905273438,108.8664663047289,103.63464225940963,108.62157105441524,10191088
2011-09-23,101.60869598388672,104.63647622935392,100.74043722081414,104.31365885098519,32911224
2011-09-26,100.20612335205078,101.88698315615999,97.83510671659607,101.5196436989745,27785068
2011-09-27,101.84246826171875,102.83317130441154,101.0966536783333,101.96491249137242,16022836
2011-09-28,101.96491241455078,103.60125024990315,100.57346983247449,102.94448663350185,15223752
2011-09-29,104.77005004882812,105.70509528066218,100.77382469201403,101.86471419289664,32532984
2011-09-30,104.11328125,105.70508994281748,103.3897312265237,103.7125485700432,19028800
2011-10-03,101.53076171875,103.50104542658212,100.35082133474876,102.44354925056426,18136236
2011-10-04,99.93894958496094,101.5196293837577,98.06885250777471,100.74042170208412,14963192
2011-10-05,97.66814422607422,101.57531243039286,97.18948252395614,99.95011014916797,16534992
2011-10-07,100.18385314941406,102.41016099717882,99.3378588849244,100.78495898597149,18887004
2011-10-10,101.23021697998047,101.96489582613236,100.19497843201353,100.62911116465465,24125984
2011-10-11,101.85358428955078,103.5010507421797,101.33040058518927,102.56600552027525,9987516
2011-10-12,104.00198364257812,104.61421838249865,100.95194556019328,102.84430748358399,17935560
2011-10-13,104.78118896484375,106.01679403208541,104.10216771461546,105.74963434345125,11733404
2011-10-14,105.50474548339844,106.0613225399622,103.60125466761174,104.41385581136414,6670040
2011-10-17,106.42864227294922,106.97409040474462,105.15965089614808,106.10583171658547,7087264
2011-10-18,106.450927734375,107.17447791643694,105.08174951791928,105.50474672706322,8109020
2011-10-19,109.50096130371094,110.11319600910572,106.70694066259941,107.51954852508206,17378084
2011-10-20,108.98890686035156,109.62340600755378,106.99636525055344,108.64383183345974,11353704
2011-10-21,108.42119598388672,109.48982107058431,107.59745933369922,109.10021718357855,9161464
2011-10-24,107.83123016357422,110.64750844628387,107.5195484000209,109.70132753904703,9743092
2011-10-25,104.19120788574219,109.25605826907689,99.86103637881267,108.6104303482735,82630020
2011-10-28,107.45277404785156,110.09095087248406,106.8071459677942,108.19858872401872,18038448
2011-10-31,109.0890884399414,109.47869232722692,106.22828139447161,107.5306728907994,12851416
2011-11-01,107.37484741210938,109.75700002897999,106.86279921685679,107.99821781736665,13299516
2011-11-02,107.55294799804688,108.64383763183092,106.306214076228,106.5733737716725,10111820
2011-11-03,107.274658203125,107.94255063963611,105.10400778446386,107.08542065394954,10505636
2011-11-04,107.53067016601562,108.62155966394182,106.92956432320301,108.35440679592145,6803220
2011-11-08,107.80896759033203,108.4991244463852,106.52884045838694,107.53067908338744,8392808
2011-11-09,106.25055694580078,108.13179005883563,105.8164241368994,107.97594576995994,8604988
2011-11-11,103.31182861328125,106.50658221777302,102.98901800292948,105.89434746686236,9210036
2011-11-14,104.94815826416016,106.82939125083757,104.40271687803768,104.61421206255963,12228564
2011-11-15,105.13741302490234,106.37301145554822,104.61422919786928,104.79233794438797,11644292
2011-11-16,103.67916870117188,105.08174005629598,102.4769569177478,104.63647844588796,7117600
2011-11-17,102.26547241210938,104.63648937638175,101.6532376338433,103.11146684259737,10777368
2011-11-18,102.03170013427734,102.76638590269907,100.2061315217318,101.34155004081752,11720744
2011-11-21,98.99279022216797,101.51965132336754,97.95755829447745,101.51965132336754,10194036
2011-11-22,98.85921478271484,100.0725554924426,97.95756266223525,99.51597843186171,15218304
2011-11-23,94.86298370361328,98.34715430839655,92.21367858531893,98.34715430839655,25565636
2011-11-24,95.6533203125,96.84439643204651,91.56804383981186,95.46408277673326,28885188
2011-11-25,95.93159484863281,96.82211790463154,93.29341893640623,95.23030930086416,18906468
2011-11-28,98.14678955078125,99.05957718972296,96.64403165059827,97.06702881181921,10891716
2011-11-29,96.8889389038086,99.19316253449351,96.22104642090775,98.84808746932289,14831024
2011-11-30,98.51410675048828,100.10591525214613,95.55312049689118,95.55312049689118,28214548
2011-12-01,100.96307373046875,103.96858970700973,100.06142165516776,102.17641437940028,13929784
2011-12-02,103.7459487915039,104.16894593632975,100.88514176320811,101.33040334600426,11237028
2011-12-05,102.9333724975586,104.06879116537075,101.96492696342015,103.23392549700213,8753228
2011-12-07,103.99085235595703,104.8368467134169,102.87769830974501,104.63648034392936,11172944
2011-12-08,101.01872253417969,104.12442482066015,100.42875229033126,103.96858054757446,12557000
2011-12-09,98.79242706298828,100.45102940120013,98.06887689294949,99.51597723302707,13606912
2011-12-12,96.18762969970703,100.39535704843779,94.90750266255887,99.76085794075993,12071156
2011-12-13,97.60133361816406,99.15974909453031,94.84071327600289,95.28597484067896,14925880
2011-12-14,96.69969177246094,98.79241998629783,95.78690411065836,97.73492365968394,24306724
2011-12-15,96.03180694580078,97.0670389148463,95.0633615060536,95.50862315245197,26960140
2011-12-16,92.45856475830078,98.06886340756363,91.27862428399793,96.64402770440002,29424820
2011-12-19,90.38810729980469,91.94652294290478,89.10798016440106,91.73502095939426,32341524
2011-12-20,92.21368408203125,93.86115071474177,89.94284710575926,90.3881087250947,19983568
2011-12-21,96.94458770751953,97.82397531941888,93.01514852533522,94.8407238619351,14986880
2011-12-22,98.59205627441406,99.02618228053565,95.46408929498901,96.06519520396128,13576068
2011-12-23,97.412109375,99.40465786623989,97.06703433299126,98.89260971471339,6855300
2011-12-26,98.78128814697266,99.1597564284477,97.30078789960416,97.73492067493298,4564760
2011-12-27,97.8907699584961,98.75902875940905,97.00024671773345,98.02434300928797,6294236
2011-12-28,97.91302490234375,98.62544619295632,96.41026697502444,98.51413079093267,7668340
2011-12-29,95.64218139648438,98.4028016216086,94.84070925521553,96.98909485486595,10930628
2011-12-30,95.02996063232422,96.62176953191104,93.97246430680215,96.57724065317524,7676416
2012-01-02,95.02996063232422,95.68671743168296,93.39362285400158,95.48635106567781,7029996
2012-01-03,97.768310546875,98.15791443127665,95.7312401672626,96.0429219159534,6878476
2012-01-04,98.69223022460938,99.05957647733459,95.92048086069664,98.38054846564344,9742956
2012-01-05,98.77015686035156,99.44918490296199,98.02434229283332,98.84807900217939,6761212
2012-01-06,100.91853332519531,101.77566321648774,97.72378695770459,98.18017735473114,7954444
2012-01-09,101.45287322998047,101.76455503708617,99.29335143404487,100.60687198880349,8463936
2012-01-10,102.34339141845703,102.92222611935802,101.51965466078488,102.41017794728299,8982772
2012-01-11,103.00013732910156,103.30069026521237,101.29701308334401,102.52148247226356,7719112
2012-01-12,103.89066314697266,104.43611133348462,102.67732934377594,102.78864474558223,7975444
2012-01-13,104.54741668701172,105.31548880916223,102.64391942258179,104.63646764106728,7381684
2012-01-16,102.521484375,104.15782212939247,102.02056507023616,103.9240557106776,6383420
2012-01-17,104.2802734375,104.4138532866761,103.07806838322182,103.27843475990929,7322016
2012-01-18,107.2857894897461,108.06499735023586,104.54743315482911,105.28211213420099,20137244
2012-01-19,108.37667846679688,109.14475749934395,106.92957816338895,108.19857653173108,16842176
2012-01-20,109.21154022216797,109.85717500113634,106.9629744951374,109.08909599534462,14390260
2012-01-23,107.7533187866211,108.58818437639347,107.06316187357855,108.19858043449969,7533728
2012-01-24,108.82194519042969,109.77926182012317,106.98524087324117,108.03160847463427,15063952
2012-01-25,109.13362884521484,109.75699241306381,108.14291899522465,109.1447576683662,14819100
2012-01-27,107.79783630371094,112.20592343529347,106.78486208509506,112.18365899641621,14877636
2012-01-30,106.65128326416016,107.53067765206075,105.30436962613815,107.5195488295923,9975016
2012-01-31,109.55661010742188,110.20223802185073,106.82938300486093,107.64198400720169,10653848
2012-02-01,110.68090057373047,111.24861318874783,107.16333666052674,110.0909303140932,12020596
2012-02-02,110.84786987304688,111.31539589463486,109.37850528840718,111.09276510284559,22841708
2012-02-03,112.70684814453125,113.0964520640432,110.25790922188465,110.75882854697144,14915004
2012-02-06,113.0296630859375,114.87749606072596,111.31540315961817,113.54171122281053,17438624
2012-02-07,113.38585662841797,114.74391257643538,113.09643932418633,114.43222404061373,12075708
2012-02-08,113.19664764404297,115.27824045842334,111.92764920196339,113.69756700894484,13861148
2012-02-09,116.3357162475586,117.09266636660799,112.57325726668532,112.5843928826434,17361024
2012-02-10,115.21143341064453,117.02587977794094,114.43222564844694,116.3913738757399,11515172
2012-02-13,116.20215606689453,116.88117733182766,114.85524236006525,115.46747709847006,14614324
2012-02-14,115.30049133300781,116.61400483825292,114.66598542986375,116.32458752952468,13114828
2012-02-15,118.67333221435547,119.08520730219254,115.15576867758266,115.87931869827312,19379584
2012-02-16,117.20398712158203,119.74197008305339,116.49156584547747,118.21695454170766,8124264
2012-02-17,117.61582946777344,118.66219677235733,115.79025449207649,118.27259293680082,14219648
2012-02-21,118.4507064819336,118.7735238379545,115.87932363196873,117.10379294988579,14831136
2012-02-22,118.317138671875,119.97574081160569,117.24851357397445,117.99432130159636,13923108
2012-02-23,118.69561004638672,119.31897353506726,117.37095414025,117.37095414025,17095748
2012-02-24,116.80323791503906,119.19651867203318,114.73276090113606,117.37094365601413,16380168
2012-02-27,114.7884292602539,118.31713541541858,114.02036390960282,117.3041680441252,15321292
2012-02-28,118.10562133789062,118.7512559944748,114.25411180457019,115.6010252209231,14801148
2012-02-29,115.12237548828125,120.19836834511389,114.28751003002654,118.86258361190636,19988636
2012-03-01,114.43223571777344,116.28006871306458,112.49534496364406,115.10012814414178,12198492
2012-03-02,115.48974609375,116.88118881777108,113.04080689947288,114.43224962349397,8116696
2012-03-05,113.75321197509766,115.97952001419026,112.55100019866529,115.76801803281528,10051372
2012-03-06,112.9628677368164,115.99064800715821,112.03895126603142,113.49718030354663,11597188
2012-03-07,114.79957580566406,115.32275274282381,110.76995023058598,112.84042071732523,7577636
2012-03-09,116.48043060302734,117.32642487688852,115.69009402597683,116.21327094067516,9315044
2012-03-12,115.53425598144531,118.99616219191184,115.100123205273,118.88484679229359,11217384
2012-03-13,116.74758911132812,117.43773910963631,115.84592356126436,116.43590057694747,11079428
2012-03-14,117.59359741210938,117.99433015535307,116.09083943371573,117.57132617796415,11721124
2012-03-15,113.7198257446289,117.9943404170202,113.33022179042176,117.54907875506917,14939196
2012-03-16,113.06305694580078,116.85891629010366,112.42855778560586,113.5417118230871,12810608
2012-03-19,111.05937194824219,113.55283274215539,110.2245064782406,113.55283274215539,15299768
2012-03-20,112.5176010131836,113.73094154827137,109.75698054887803,110.42487292544321,6324272
2012-03-21,114.79957580566406,115.28935268798149,111.98329079081154,111.98329079081154,12021572
2012-03-22,112.2615737915039,116.30232799096225,111.33765738883763,114.40996631078818,11280064
2012-03-23,114.42109680175781,115.48972187202106,111.52689654279632,113.43038707237538,8047164
2012-03-26,113.9090347290039,114.98879534714439,112.57325007831103,114.32090302179795,9832916
2012-03-27,115.51197814941406,116.1687416873024,113.9869626970894,114.65485505664266,11857352
2012-03-28,114.3097915649414,115.43407443239802,113.55284137924254,115.43407443239802,8699492
2012-03-29,113.56397247314453,114.45448887926078,112.4285540339709,113.0964464341727,16225116
2012-03-30,115.734619140625,116.6251423652163,113.48605343385437,113.98697274768698,11184976
2012-04-02,117.6269760131836,117.9831934409234,114.89974875332896,115.32275270242452,5530932
2012-04-03,118.0388412475586,119.41915478922053,117.54905081815541,118.66220470847885,12920812
2012-04-04,117.22625732421875,117.77170555911995,116.74760920697219,116.93683997150805,4175076
2012-04-09,116.15763092041016,117.17059843885393,115.76802698344665,116.60289256265419,5036740
2012-04-10,116.84778594970703,117.10381684009869,114.84410847525666,116.52498211613604,5834072
2012-04-11,117.20398712158203,118.20582571939312,115.12238099314673,116.17987729083622,7463248
2012-04-12,118.08338165283203,118.99616249671752,116.72532562102735,116.88116989855321,12103288
2012-04-13,117.84961700439453,119.71972129396036,116.63628992794159,119.41917512770821,9833428
2012-04-16,117.93865966796875,118.21694815231977,116.6807902833801,117.749428933932,17396084
2012-04-17,118.04999542236328,119.30786502390278,116.01291793024713,118.43959936765161,15665808
2012-04-18,119.69747924804688,120.1983986492905,118.66224038348672,118.66224038348672,12000284
2012-04-19,123.34860229492188,123.6936773459989,119.5972784378305,120.22064201208364,16366676
2012-04-20,122.69184112548828,124.22799923958011,121.65661595147603,122.94787200727261,15725100
2012-04-23,121.41170501708984,123.78272854412987,120.95531458094626,122.8810764945182,8437648
2012-04-24,120.63252258300781,121.66776148752994,120.08708786235678,121.57870371076993,8760780
2012-04-25,121.70113372802734,122.33562608038307,119.77537184940144,121.11115666556577,10778388
2012-04-26,120.33196258544922,122.43582662861023,119.99801634330643,121.33380131187756,9338952
2012-04-27,120.47665405273438,121.55640791852024,118.92936738812524,120.66588478358602,4549020
2012-04-30,120.77719116210938,122.2242911483835,120.29852957748186,121.06660844170347,6039020
2012-05-02,122.42469787597656,122.66958635170056,120.37649153864966,120.37649153864966,8978348
2012-05-03,123.34860229492188,124.22799674581977,121.43398269079289,121.44511151405857,13714548
2012-05-04,119.66405487060547,123.27067654436671,119.02956252661383,122.71409954496855,12351888
2012-05-07,118.4952392578125,119.00728736268404,114.96654663350785,118.41732391579266,16712688
2012-05-08,114.7327651977539,119.41915391224367,114.2652460025731,118.63994619473952,11283080
2012-05-09,114.13167572021484,116.34684112838654,112.51759575808154,114.36543532343394,15023992
2012-05-10,115.21143341064453,116.41364510764284,113.54170249164969,113.77546210264796,12084380
2012-05-11,113.66414642333984,115.76801009366456,113.14096950535394,114.26525227033333,8050084
2012-05-14,111.43785858154297,113.94245540427006,109.99075819507841,113.70869575181035,11034848
2012-05-15,111.11503601074219,112.30611217499799,110.42487915717922,110.42487915717922,8019464
2012-05-16,110.24678039550781,111.02598823450712,108.19857421533405,109.97962070447535,16960872
2012-05-17,110.82562255859375,112.76251346408851,110.20225896292953,110.64752061530501,11618520
2012-05-18,111.43785858154297,112.18367321647466,108.86647522787129,109.0445771731593,9614416
2012-05-21,110.7476806640625,113.06303934270838,109.9684729591426,111.37104411033762,8542340
2012-05-22,108.92211151123047,112.42854637337022,108.41006342362657,112.16138671383197,11096812
2012-05-23,108.46572875976562,109.7347202465744,107.35257475687047,109.08909228372578,12695888
2012-05-24,111.24861907958984,111.9165115132216,107.975943437133,109.75698992681767,11539244
2012-05-25,111.3154067993164,112.01669250332145,110.33583257831307,111.27087791893538,11194572
2012-05-28,113.26341247558594,113.6752807888731,111.31539309639896,111.58255275749129,12206852
2012-05-29,112.41742706298828,113.97584268912412,111.78292791351667,113.57510316591171,10573024
2012-05-30,111.4601058959961,112.51760216976105,110.54731827981054,111.32652606047947,10167280
2012-05-31,112.69570922851562,113.29680828829297,110.28016378504906,110.4248724405055,19039120
2012-06-01,109.17814636230469,112.90721237847315,109.08909539836112,112.20592669545715,11708748
2012-06-04,110.34695434570312,110.98145348271974,107.98706651361914,108.64383008940268,11360968
2012-06-05,111.64934539794922,112.40628875368104,110.9703241804882,111.31539920034818,10710712
2012-06-06,115.74576568603516,116.43591577442328,112.09461489946868,112.39516785733466,25091692
2012-06-07,119.7308349609375,120.10931001785772,116.43590201916513,116.70306168218558,19800492
2012-06-08,120.02027130126953,120.83287924093025,118.20583824593764,120.42101765350648,19322744
2012-06-11,120.65476989746094,122.2020567407788,119.86443324158535,120.46552555644723,13071884
2012-06-12,122.3578872680664,122.63617577949151,119.76424649456818,119.95347724701476,11253840
2012-06-13,120.61024475097656,122.98126838029627,120.17611194145661,122.66957980210076,8064732
2012-06-14,118.97390747070312,121.86810793189315,118.584303562466,120.22063454173951,8642552
2012-06-15,121.90149688720703,122.38015856241715,119.09635412597882,119.10748294878007,9932224
2012-06-18,119.09634399414062,122.89219625126972,117.89413229114312,122.89219625126972,11237464
2012-06-19,119.4303207397461,119.99802668264235,117.17061220455474,119.06297440641458,11860736
2012-06-20,118.92940521240234,120.33197687833632,117.67153544893333,119.55276888744979,9534472
2012-06-21,120.86624145507812,121.2669740935339,118.28371656268,118.66219156111711,10652656
2012-06-22,121.18909454345703,121.35606767652231,119.12975923565192,119.12975923565192,6168816
2012-06-25,119.48596954345703,122.113010627816,119.10749441364003,121.42286048803193,6374848
2012-06-26,120.98871612548828,122.00168359092687,119.39690040243745,119.77537549620193,5853128
2012-06-27,122.22432708740234,123.49332555078007,121.55643458965697,121.55643458965697,11937288
2012-06-28,123.07701110839844,124.00822824770508,121.89897226005004,122.71799522332351,12142440
2012-06-29,126.45401763916016,126.7569500469238,123.87355231336801,123.88476898871312,12659172
2012-07-02,128.7876434326172,129.02324836442907,125.65742449405265,126.55497752615302,8201524
2012-07-03,129.21400451660156,130.1452214934488,128.28280123533008,129.22523488870814,8466800
2012-07-04,129.69639587402344,130.3358968460391,129.16908901608565,129.40469391653508,12810284
2012-07-05,131.06521606445312,131.26717103658618,129.12426525707005,129.67401939625313,8381528
2012-07-06,130.4818115234375,132.16472396784985,129.80864654567256,130.61643904075987,15741520
2012-07-09,129.7301025390625,130.5378949496485,127.69937744543985,130.1339987443555,7661160
2012-07-10,132.086181640625,132.9051907391598,129.58424655361088,130.14521731791223,13543016
2012-07-11,131.71592712402344,133.2417647672652,131.2895838918999,131.6934937731009,12299444
2012-07-12,130.16763305664062,132.5910373869601,129.157885817532,131.02031945945777,7583748
2012-07-13,131.72715759277344,132.7032549804515,130.6949768219165,131.26716428609973,9508572
2012-07-16,130.73983764648438,132.99493713562148,130.38080817887112,131.94030947384167,12850160
2012-07-17,130.87449645996094,132.10863230313245,129.83108522341237,131.7159527166688,8539356
2012-07-18,131.71592712402344,132.0973899587275,130.1676424342847,131.19983679263532,7117996
2012-07-19,132.25448608398438,132.56862152603446,131.39058280329914,132.074964465011,4800448
2012-07-20,130.72862243652344,132.1647130823719,130.369606622849,132.1647130823719,4168944
2012-07-23,128.5745086669922,130.14522692295893,128.13694869942904,129.56182276325896,6094528
2012-07-24,128.81007385253906,129.57299939071325,127.94618455700626,128.47349147315143,5305588
2012-07-25,129.2588653564453,130.32470968151068,128.7315583791161,128.89984958833696,8815704
2012-07-26,126.95889282226562,129.8647239415853,126.33060834403894,129.69643272265455,17705416
2012-07-27,131.1774139404297,132.09741432270317,126.70087765535469,128.3501264240058,13430872
2012-07-30,131.77203369140625,132.81544480039852,131.04277169141125,131.73836996702246,8466284
2012-07-31,131.8842010498047,132.3890746395317,130.1115283009785,132.3890746395317,8391408
2012-08-01,131.603759765625,132.01887271120725,129.6066980863471,131.39058810617308,7870988
2012-08-02,130.70620727539062,132.2096118835964,129.53938517519012,131.60376063007143,6885460
2012-08-03,131.9851837158203,132.16469159347102,130.08910008712192,130.36958542581775,9951500
2012-08-06,134.68907165527344,135.08175116447248,133.06225654573453,133.09592026760993,12329176
2012-08-07,134.65536499023438,135.1490218120523,133.9597669882887,135.08170808534305,11228764
2012-08-08,134.38616943359375,135.0817677427429,133.44373575673848,134.63299110572382,8053116
2012-08-09,135.6763916015625,136.20369863038587,134.29639807295874,134.8573688251432,9873120
2012-08-10,135.1154022216797,136.18124650388742,134.5544315468335,134.63296196308272,15127420
2012-08-13,136.3046875,136.7646808161318,134.63299177962114,134.63299177962114,8421704
2012-08-14,136.46177673339844,136.65250134735993,135.36226837076336,136.21494133792035,11225568
2012-08-16,134.64419555664062,136.461748988877,134.15053856162922,136.42808526592682,8143296
2012-08-17,133.53347778320312,135.13785967769826,132.79299909942674,134.31883686808806,7686156
2012-08-21,133.82518005371094,134.29638997891607,131.9851933583269,133.5110309731914,8340840
2012-08-22,133.93736267089844,134.73393828332343,132.69199682682182,133.37639200080014,9580860
2012-08-23,134.11688232421875,135.65393661704138,133.567128280129,134.49834515249987,9425048
2012-08-24,133.802734375,134.72273457988084,133.11835283070374,133.1744499031145,6708376
2012-08-27,133.3651580810547,134.38613562991583,132.84906781741603,133.51101592962704,4046724
2012-08-28,132.24322509765625,133.41004687298815,131.60372398872815,133.03981443460947,8895964
2012-08-29,132.06375122070312,133.6905666420075,131.54766079168058,132.22082579359963,6729628
2012-08-30,133.71298217773438,135.08174521413312,131.4915327167475,131.4915327167475,22716404
2012-08-31,133.5895538330078,134.63296478834684,132.22079083588898,132.46761245977157,12506740
2012-09-03,132.49008178710938,134.13933040491222,131.94032768264987,134.08323332681584,7437816
2012-09-04,132.4114990234375,132.9163725789853,131.76078132474115,132.5124764736614,5772588
2012-09-05,132.86032104492188,133.73544098598015,131.79447650686245,131.94033439556432,12158472
2012-09-06,131.97398376464844,133.1744556881567,131.51397679443835,132.41152999199963,5097452
2012-09-07,132.47885131835938,133.51103196964286,131.42422362082885,133.34274075287442,11205148
2012-09-10,132.64715576171875,133.95982190517233,132.24324584474013,132.72568619247812,6034892
2012-09-11,133.37640380859375,133.95980787891546,130.89690227079097,132.10860450370433,6311544
2012-09-12,134.45347595214844,134.6329838581776,133.26422066718294,133.5671394026337,6391016
2012-09-13,134.45347595214844,134.96956631782305,133.18567654258712,134.8573721646079,3399760
2012-09-14,137.49391174316406,137.94268828088144,134.8461329097461,136.11391841145388,25771220
2012-09-17,136.49542236328125,139.10955196191804,135.86713776015318,138.89638030311284,21086848
2012-09-18,135.8559112548828,137.32565201362584,135.49688172508317,136.4954124894609,10039176
2012-09-20,136.1812744140625,136.87687271520448,134.8573778718654,135.08176618779197,10491328
2012-09-21,140.27633666992188,141.1402260570656,135.77734076522114,136.58514677875831,23602848
2012-09-24,142.486572265625,142.912915519138,139.74903223258772,140.35488338921013,17574880
2012-09-25,142.9129180908203,143.36169470445697,140.50074379252334,142.03779821599872,11686144
2012-09-26,141.5329132080078,142.84557921969778,140.05195597966147,142.45289971416625,10730508
2012-09-27,141.5441436767578,142.93535394247155,140.28757461483445,142.03780069950471,15861744
2012-09-28,141.17388916015625,142.32948056287404,140.48949396268995,141.7909569184417,11007688
2012-10-01,139.76025390625,141.81341242833992,139.12075269868788,141.1402474959269,8054784
2012-10-03,138.99732971191406,140.64657817387328,138.66074727514078,140.01829369767808,11032228
2012-10-04,141.65634155273438,142.23975939333167,139.4461221121073,139.45733878882388,12652064
2012-10-05,139.65928649902344,143.30559645498084,113.32731069204124,143.15973857851245,14947024
2012-10-08,139.27784729003906,139.9958927270166,138.34663018801822,139.9958927270166,9290672
2012-10-09,140.4109649658203,141.4768092863759,139.56950892327646,140.23145708252568,4310768
2012-10-10,138.6607666015625,140.0183132133135,138.26808703726235,140.0183132133135,4295016
2012-10-11,140.20899963378906,140.87094774392136,138.7729229784161,139.3787740232079,9812932
2012-10-12,141.6226806640625,142.4865701386416,140.46707544376324,141.36462864148697,15506408
2012-10-15,142.2958526611328,142.46414389410162,139.70415671695253,141.9031731175389,7572068
2012-10-16,141.4543914794922,142.59876634486372,140.93828742689803,142.54266926919698,7273836
2012-10-17,140.9382781982422,141.9255921435575,140.5792624157135,141.8133979995705,6433772
2012-10-18,142.7558135986328,143.13727637933985,140.119251546449,141.3646036490043,5618460
2012-10-19,141.02806091308594,142.48658501163018,140.6914784288065,141.81342004307132,9055400
2012-10-22,143.38414001464844,143.60852834018,140.2875838614286,140.2875838614286,8241404
2012-10-23,142.2846221923828,143.49632454716456,141.92560637385705,143.3953470683368,8332960
2012-10-25,143.013916015625,143.8329390092759,141.14027868460926,141.95930167826015,17011340
2012-10-29,143.74313354492188,144.16947677548382,142.609975415996,143.12606574549375,5512328
2012-10-30,142.18362426757812,144.68554511123253,141.4992291285155,142.94653612264662,8834904
2012-10-31,142.30706787109375,142.6885307343406,141.37585091336544,142.2846208229172,7492968
2012-11-01,141.05047607421875,142.64364117833154,140.8036544291465,141.9816929721792,7058460
2012-11-02,141.4319305419922,143.15972304195816,140.91584023565787,143.15972304195816,5432772
2012-11-05,142.486572265625,142.7109605684055,141.53292197880782,141.81340735728347,4022128
2012-11-06,143.507568359375,143.87781461989462,142.25099906135492,142.25099906135492,7278084
2012-11-07,143.61972045898438,144.73044521955157,142.91290557176828,143.55240671195057,8200660
2012-11-08,143.38414001464844,143.8329166657115,142.59878087528807,142.82316920081962,3867800
2012-11-09,143.46266174316406,144.28168455987574,142.48657806457402,143.21584007829034,4420776
2012-11-12,146.14410400390625,146.70507478059525,142.99145097802912,142.99145097802912,9657456
2012-11-15,145.0109405517578,145.26899257797163,143.38412535794697,145.17923177870375,9442340
2012-11-16,144.1134033203125,145.5382637215431,143.6421933108473,144.28169456591814,12102824
2012-11-19,145.1231231689453,145.38117517464966,143.48509142930743,143.5524051756208,5787948
2012-11-20,146.71629333496094,147.17630033419442,145.4597242573239,145.65044884560916,9353388
2012-11-21,148.926513671875,149.33040986251595,145.7850775515516,147.00799649464957,12929784
2012-11-22,150.13821411132812,150.5982211074817,148.993839198127,149.6221237327389,8440964
2012-11-23,150.2840576171875,150.923558767116,147.88310016884694,150.22796054454204,5249712
2012-11-26,148.5226287841797,151.17040811941143,148.11871886722557,151.01333356232658,5481536
2012-11-27,152.6962432861328,153.43672196192477,149.1957911666206,149.1957911666206,16502672
2012-11-29,157.0381317138672,157.9132514809431,151.55184924409656,152.02305915216903,25199452
2012-11-30,157.95814514160156,158.30594426444247,154.73816484743915,157.2961969232802,15639292
2012-12-03,154.1435546875,157.32987147809934,153.48160642360466,157.0718194393615,11636340
2012-12-04,153.7396240234375,154.8279016218256,152.81962392689172,153.5040053905983,8679488
2012-12-05,155.41136169433594,155.94989919857647,154.15479244521157,154.60356913355278,9219860
2012-12-06,155.8937225341797,156.73517839528537,152.76350399175243,156.12932743617515,10904552
2012-12-07,155.52352905273438,156.6230372278361,154.37915417299607,156.0059693877551,7936632
2012-12-10,155.5010986328125,156.28645771681659,154.74940327349591,154.82793370366613,8324104
2012-12-11,155.0186309814453,156.84740086171024,153.9976670912026,156.00594484850365,13500552
2012-12-12,155.69180297851562,156.17424325991874,154.49133115582478,155.10839892732588,7736504
2012-12-13,155.0635223388672,156.17424709395192,154.6035290915702,155.69180680070505,6283232
2012-12-14,154.5474395751953,155.81523893161014,153.78451388708424,154.8391416222114,8373892
2012-12-17,151.79864501953125,154.35667644487384,151.14791364247546,154.35667644487384,12230212
2012-12-18,151.67527770996094,153.07770461811654,150.28406747795552,152.12405432057074,13375072
2012-12-19,154.379150390625,154.65963576560796,151.34990834080895,151.36112501669328,16489012
2012-12-20,153.3469696044922,154.15476200576842,152.64014098169426,153.93037370590557,10260748
2012-12-21,151.68646240234375,153.03279195029353,151.24890256014558,152.8084036923019,11086244
2012-12-24,151.7089385986328,152.61772225663398,150.74407155586593,152.5840585301983,5482252
2012-12-26,152.65133666992188,153.67230055481303,151.03573839391905,152.1576797389803,5723216
2012-12-27,152.6064910888672,153.48161101587237,151.8435790175375,153.48161101587237,9858168
2012-12-28,152.05674743652344,153.25721944590006,151.2713883324815,152.83087616833265,7024264
2012-12-31,152.26988220214844,152.58403127417773,151.2377015864644,151.91086643032108,5107288
2013-01-01,153.5938262939453,153.7284538263443,152.50554826958248,153.05528877319333,4029212
2013-01-02,154.2332763671875,154.82791077811547,153.2684095173951,154.80547742869587,9709596
2013-01-03,153.33570861816406,154.82789599255307,152.6737742221899,154.82789599255307,9142732
2013-01-04,152.43820190429688,153.70600140874555,150.96846112629203,153.70600140874555,10884508
2013-01-07,149.936279296875,153.41429828317442,149.44262225002691,153.41429828317442,11004568
2013-01-08,150.39627075195312,151.10309943476193,149.3753066400107,149.89139703439713,9885196
2013-01-09,149.77920532226562,150.91236361218023,149.4538395154091,150.7889527738764,12871964
2013-01-10,151.6416015625,152.13525853284233,149.55479323324397,150.22795809400878,9130368
2013-01-11,150.1830596923828,151.8884186858796,149.59965569455937,151.8884186858796,10283428
2013-01-14,150.1830596923828,150.45232834352151,149.68940278122395,149.92502141070312,11389748
2013-01-15,149.9586944580078,151.56307624172834,149.21821582535782,150.51966519419338,8263376
2013-01-16,148.20849609375,150.16067735824868,147.5577644403914,149.34165445270185,9150756
2013-01-17,149.62213134765625,150.5309013185761,146.76118022347157,147.5802030823511,12844144
2013-01-18,148.73577880859375,151.23771382563052,147.04164988690235,150.3401606278523,20224692
2013-01-21,147.77093505859375,148.85922669909525,146.91826212595868,148.09630088298238,10854720
2013-01-22,146.69387817382812,148.320693648796,145.3026677181884,147.7597227953588,8486128
2013-01-23,147.33334350585938,148.76943401835368,146.8284698610007,147.42310429873058,7079740
2013-01-24,148.16357421875,148.7133282278128,147.03041617695112,147.10894659442866,6147960
2013-01-25,149.22943115234375,149.66699106172908,147.09774237410323,148.1635867632235,5589732
2013-01-28,150.41868591308594,150.78893207274433,149.09480320895858,149.27431110326364,7368020
2013-01-29,146.4021453857422,150.5421121555572,145.85239132547738,150.50844843317532,11961748
2013-01-30,147.34458923339844,147.73726877588157,144.50607163379019,146.52556642370342,10039632
2013-01-31,144.29290771484375,147.62508251370153,143.63095942586585,147.33336673865696,13888384
2013-02-01,143.64215087890625,144.69676475004044,142.75581450809187,144.68554807609547,10484144
2013-02-04,145.1568145751953,145.74021874861424,143.6085296368177,143.86658169173953,10475800
2013-02-05,144.53973388671875,145.2241154861054,142.78949413015562,142.78949413015562,7460020
2013-02-06,143.49630737304688,145.15678615004197,142.98021705984266,145.08945870849772,9873588
2013-02-07,143.9451141357422,144.28169663177275,142.38561249835183,142.77829207705415,9082836
2013-02-08,145.86361694335938,146.6153259928503,143.72071134008905,143.72071134008905,18826656
2013-02-11,147.41189575195312,148.08506064888365,145.85239433494908,145.85239433494908,15167060
2013-02-12,149.2631378173828,149.6670341208722,147.1202317471217,147.1202317471217,15832836
2013-02-13,149.0386962890625,149.75674151441603,147.9840686482845,148.83674136157842,14508832
2013-02-14,151.417236328125,152.22504250137183,148.54506855736966,148.99384519953693,17684152
2013-02-15,151.85475158691406,152.76352128064337,149.9362347455806,150.72159363816164,12488780
2013-02-18,151.68646240234375,152.7859703447317,151.23768588636048,152.13523891832702,9469164
2013-02-19,151.417236328125,152.0006541802882,150.68797428460317,151.34992257091514,2374812
2013-02-20,151.89964294433594,152.76353231031982,151.43964972744098,152.02305375439462,6861684
2013-02-21,149.49871826171875,152.01187018587152,149.0050612183997,151.4621160625293,10871872
2013-02-22,147.93919372558594,149.53235876819863,147.5465142264001,148.58992523103782,7708384
2013-02-25,147.29971313476562,149.26311090453018,146.77239237354044,148.82555094815316,7552944
2013-02-26,146.1328887939453,148.76945147084183,144.82022264155054,146.9294645657223,11742640
2013-02-27,144.22560119628906,146.74996994534897,143.81048825800778,146.36850703970896,12871336
2013-02-28,140.3212127685547,146.963114421743,138.97488301804583,145.1680080877312,27887004
2013-03-01,139.6817169189453,141.27486837264226,138.29050671814764,140.2426876696238,17220728
2013-03-04,140.83731079101562,141.43193152145892,138.6719583897105,139.19926537461336,11969800
2013-03-05,142.02655029296875,142.41922974350868,139.82754810905965,141.56655710430786,10557580
2013-03-06,141.47682189941406,142.96900955945384,141.1402394523893,142.47535256470255,10933316
2013-03-07,144.012451171875,144.27050327210355,140.7251698133483,140.9944248972297,5950984
2013-03-08,147.49041748046875,148.09626859109258,144.3714285259705,144.55093641545093,10596860
2013-03-11,147.03045654296875,148.02898737306657,145.90851486770765,147.49044989071038,8504584
2013-03-12,144.50607299804688,147.1314189888346,143.6309531025924,146.5255678070258,6895724
2013-03-13,142.46417236328125,144.9324442734018,141.85832106440873,143.8441525320471,7913372
2013-03-14,145.68409729003906,146.6377475225884,138.07732878041568,142.46413080660216,31914436
2013-03-15,143.47389221191406,145.82996948858545,142.2173094470106,144.73046128124184,15439608
2013-03-18,144.34896850585938,146.74992568663603,141.36460731281454,142.03777210954223,17561924
2013-03-19,141.7124481201172,144.46120518293975,140.0183189552072,144.28169725672794,20028460
2013-03-20,140.35488891601562,142.1387787324806,139.34514151374213,141.8134129415218,11336436
2013-03-21,136.20367431640625,141.09533566311984,135.4744124687484,139.7153560764339,14452588
2013-03-22,135.81101989746094,137.9090450446605,135.2163854184407,136.6524760306546,29525900
2013-03-25,136.7422332763672,137.62855609050578,136.32710671076742,137.10124907230372,27198976
2013-03-26,137.8865966796875,138.5597615129488,135.2051540214153,135.9792963187805,13274404
2013-03-28,140.3212127685547,141.6226758171728,136.19247641767222,138.33538186478393,19496092
2013-04-01,139.98464965820312,141.14025499850408,139.3451484166471,140.1641712728499,6708772
2013-04-02,141.34219360351562,142.32949389188798,138.64953404246876,140.24268547119158,6857420
2013-04-03,139.9397735595703,141.7348800209681,139.00855660449005,140.91585721972518,6703616
2013-04-04,138.25686645507812,139.88368174694236,137.6510152624411,138.85148727544845,8181984
2013-04-05,139.3339080810547,140.55682697141125,137.63977927120155,137.9875783732656,12959920
2013-04-08,140.11929321289062,141.12904068207467,138.61588868632347,138.8851574172212,8652128
2013-04-09,139.25538635253906,140.93829875784164,138.5373546827376,140.93829875784164,14760408
2013-04-10,141.81341552734375,142.18366172649203,138.88515074647185,140.6465935465479,15144504
2013-04-11,143.44021606445312,144.05728386918875,141.79096759184407,141.92559508919297,25066068
2013-04-12,144.4387664794922,144.9211931573488,142.7334070046866,142.7334070046866,15206080
2013-04-15,143.95632934570312,144.3826726478932,142.48658853380053,144.07974018720762,15923768
2013-04-16,148.84800720214844,149.40897807981625,144.13585182973873,144.2817097361636,13740312
2013-04-17,148.11871337890625,150.75527593998996,147.37823471788712,149.21822154218398,14956948
2013-04-18,151.14794921875,151.55185910403173,146.7499441386948,146.7499441386948,9223784
2013-04-22,156.69036865234375,157.52060821538637,151.39480952390338,151.39480952390338,19860152
2013-04-23,154.60354614257812,157.0718175614001,152.3147826332826,156.8025488493226,23863560
2013-04-25,154.72695922851562,155.94987827931752,152.59527024484152,155.35524376879914,25895124
2013-04-26,154.62596130371094,155.3327898778092,153.2571982470837,154.30060924778613,8568744
2013-04-29,155.9835205078125,156.36496963270312,154.04255638036204,154.43523587586915,11675432
2013-04-30,153.10012817382812,156.16303382348053,151.86599257362118,155.72547391701957,12552272
2013-05-02,155.38888549804688,155.72546792150837,153.1001222793941,153.57134588958448,12303268
2013-05-03,152.7972412109375,155.72550627717823,152.28115077363003,155.41135712634207,12286584
2013-05-06,151.57431030273438,152.42698318042207,150.32895786467688,152.35966942347392,7673460
2013-05-07,154.39036560058594,154.8054921689641,150.9011303080428,151.75380310077998,11098464
2013-05-08,156.43231201171875,156.95961904923664,154.04257108977976,154.60354185121378,8653956
2013-05-09,154.839111328125,156.95958305924785,154.42399853807706,156.85860560622825,4523360
2013-05-10,157.82350158691406,158.17131440013208,154.52500461153667,154.53622128715588,13913256
2013-05-13,155.4449920654297,159.64105594005315,155.00743214908258,158.1937486916318,9593972
2013-05-14,154.61476135253906,155.92744117562583,153.7284247941626,154.83914966121282,6653676
2013-05-15,160.40396118164062,160.6620131894343,155.1308364470712,155.6132767414423,14173480
2013-05-16,162.18788146972656,162.4571502036546,159.54010192651717,159.76449025552773,11660616
2013-05-17,161.31277465820312,162.12056716167768,159.13620513504864,162.12056716167768,12819852
2013-05-20,160.325439453125,162.45712829120015,159.7981324293048,161.44738094684877,5841608
2013-05-21,158.82205200195312,161.1108156316574,158.2049841147845,160.21326234123032,9206500
2013-05-22,157.845947265625,159.76446442941958,156.62302833108828,158.7547171120988,5412112
2013-05-23,156.7576446533203,158.51910084308452,155.79277780244695,156.8474054422463,7905248
2013-05-24,157.37474060058594,158.36205467330808,155.79280570534502,158.36205467330808,8264240
2013-05-27,160.44888305664062,160.8864430676976,156.75769204909605,156.75769204909605,8995208
2013-05-28,160.05616760253906,161.7390798099727,158.59764368942993,160.26933922126224,6707916
2013-05-29,160.6508026123047,161.2117733500419,157.93569602431168,159.32690619301493,4933492
2013-05-30,162.71519470214844,163.19762136976647,159.3381395509417,159.3381395509417,15357456
2013-05-31,157.1840057373047,161.7166521821921,156.55572123007502,160.9425098002595,12332896
2013-06-03,154.63722229003906,157.3859793181819,154.05380441774025,156.62305352193607,7890124
2013-06-04,153.26844787597656,155.6806224519406,152.8084545331639,154.2220982897298,5616324
2013-06-05,154.367919921875,155.81522706658436,152.24744793735422,153.03280691713422,7563676
2013-06-06,153.0777130126953,154.69331163860292,152.13527933961788,153.3694150864732,7116412
2013-06-07,151.7201385498047,155.59083631728922,151.05819039538102,152.97670741928042,9556224
2013-06-10,151.76502990722656,154.1547709171418,150.67675206821065,152.81965771666276,6368012
2013-06-11,149.19577026367188,152.78598268142957,148.5899191790606,151.11428728529646,11820860
2013-06-12,148.9826202392578,151.10309249471652,147.74848454191496,148.54506029835753,9815652
2013-06-13,148.224609375,149.55956410964976,147.82864986336327,148.79026582019534,7149736
2013-06-14,150.4759521484375,151.2452505777659,149.17494208793832,149.78585392181975,14965212
2013-06-17,150.996337890625,151.4149319791367,148.7337119310144,150.60037834769315,13070908
2013-06-18,148.75634765625,151.14341530057436,148.2020015297548,151.14341530057436,12446568
2013-06-19,150.50990295410156,150.82666234741453,147.71555121145323,148.45090475268043,9646956
2013-06-20,144.0387725830078,149.07311567581445,143.5862473611825,149.07311567581445,15138044
2013-06-21,143.73330688476562,145.3850209905536,142.56804904994394,144.08401112894416,17899844
2013-06-24,141.49331665039062,143.41654882194612,141.13130200091084,142.95271323668337,10768052
2013-06-25,143.45046997070312,146.25613137424486,140.82582967188387,141.64036940324945,18686432
2013-06-26,140.9276580810547,144.27635568495327,140.2828151804244,142.8848351394161,10476020
2013-06-27,146.27880859375,147.68163983723218,140.81455987170972,143.45052536494586,27003560
2013-06-28,151.4828338623047,152.3200083723065,146.86707059254758,146.95758117037624,21082680
2013-07-01,151.3131103515625,152.50098897488317,150.3854392363869,151.36967600029206,9838684
2013-07-02,148.55267333984375,151.31307919138524,148.0435826061157,151.30176882596308,9183152
2013-07-03,147.21778869628906,148.1341496042361,145.622626074706,147.9757629980535,13386260
2013-07-04,148.2359619140625,148.7563631812169,146.09777738012806,147.93049908922933,9591060
2013-07-05,151.0868377685547,152.21815066835669,148.99390890392104,149.35592350786888,9543496
2013-07-08,149.4351348876953,151.0189730660281,147.69291012953462,150.23836434471235,7169296
2013-07-09,151.66383361816406,152.4444424304522,149.83111189363936,149.83111189363936,7040192
2013-07-10,149.17491149902344,152.02582820255347,148.46219268061955,151.6524894334099,7138580
2013-07-11,154.59390258789062,155.37451122464265,150.70218358072734,150.9171357864955,10599568
2013-07-12,157.4221954345703,157.86341024269834,154.2658295733128,155.4423977916634,15634852
2013-07-15,157.35433959960938,157.9426168792401,154.76362987551707,156.34746819295657,8511888
2013-07-16,153.56443786621094,154.87675825672014,151.58464000682991,153.63231388796635,11647384
2013-07-17,149.989501953125,154.03959471719514,146.59556252570454,153.36080683171107,22633988
2013-07-18,154.78622436523438,155.7817852342203,148.64320364742795,151.5733067998118,13663880
2013-07-19,153.8585968017578,156.5624381399015,152.30870322561276,155.68000831072467,12458420
2013-07-22,154.32241821289062,155.44242095117124,152.95353211498073,152.95353211498073,6460432
2013-07-23,154.673095703125,156.12118175352333,154.09612888037813,155.64603585478403,7414784
2013-07-24,149.322021484375,152.95353383791033,147.86262479744735,152.50100858986917,14628748
2013-07-25,147.94178771972656,150.69088368940052,147.10462719165227,149.4803843669356,16267256
2013-07-26,145.7357177734375,148.48481355990666,144.35552160185972,148.42824791664574,9356492
2013-07-29,143.111083984375,145.4868411098073,142.4662411457465,145.4868411098073,14922224
2013-07-30,141.49331665039062,143.67675634561664,140.3054379561946,142.71514025983888,14691084
2013-07-31,137.963623046875,140.6900846681765,137.31878014825904,140.50907734663284,26824520
2013-08-01,143.04322814941406,144.31029327105801,138.56323112863302,138.9026250515706,23446608
2013-08-02,142.82827758789062,143.63150711965739,141.83271654487245,142.54544931543936,20015848
2013-08-05,143.15631103515625,143.77853301674497,139.15146133711846,142.896103591595,13598372
2013-08-06,137.71473693847656,142.85088690768177,137.22826682475406,142.77170052171445,19645180
2013-08-07,136.0290985107422,139.004443865968,135.757580587572,138.00889656097763,22756456
2013-08-08,138.13331604003906,139.71715422559234,135.75755876170916,136.66260915345387,20461448
2013-08-12,136.2553253173828,138.20117793682883,135.4520959387733,138.03148100571534,15700868
2013-08-13,140.3959503173828,141.36887678401777,135.33898647861085,136.62867231509446,14702392
2013-08-14,140.58827209472656,141.10868716382618,137.71474789565085,140.73534832033718,14303708
2013-08-16,133.01979064941406,140.73533993538726,132.34100283622087,138.9252391002054,28059568
2013-08-19,132.29574584960938,133.1781617094125,129.03755886425247,132.81614707102761,20018440
2013-08-20,132.30703735351562,133.4722951090058,128.17774546518444,130.08966693711835,25726984
2013-08-21,134.25291442871094,140.13574230225979,133.49494020745473,137.11514197579248,28908596
2013-08-22,133.20082092285156,136.5947605736293,128.9697067295535,133.26869695387197,30250692
2013-08-23,137.4658203125,137.82784870698273,133.11026588210905,133.9474401450096,20698444
2013-08-26,138.31431579589844,140.91633552993372,136.33451817217593,138.55188874875068,14607608
2013-08-27,127.13697814941406,135.7575788845959,125.67758141440964,135.1466670176202,54708372
2013-08-28,127.1482925415039,129.422229297765,119.46667319793691,125.73415105005105,37067552
2013-08-29,129.43353271484375,131.79797992353562,128.5171718396021,128.5171718396021,40771004
2013-08-30,134.39996337890625,135.75753876657197,129.11673801922888,129.19592439285432,36616916
2013-09-02,133.38182067871094,136.74181521761977,131.79798226522328,135.30505303794595,19515716
2013-09-03,127.28400421142578,135.05613166821456,126.03956009382946,135.05613166821456,18140008
2013-09-04,127.62340545654297,130.5195637178573,126.51472710079075,128.3927037523481,20941800
2013-09-05,137.9070587158203,140.93898316809847,132.13736224780814,132.13736224780814,33246248
2013-09-06,139.4230194091797,140.28281454276973,132.75958295640345,138.24645110585854,18997216
2013-09-10,144.3555145263672,145.03430221222786,139.92077383606588,140.40723005828352,20298836
2013-09-11,146.44845581054688,147.07067790939433,141.5385550321927,143.22421402561017,12690392
2013-09-12,143.43919372558594,146.16565559189178,142.0024177724053,145.3737364052484,17676536
2013-09-13,142.36444091796875,143.56363002219558,140.5090847025744,143.0997944208405,15503120
2013-09-16,145.4416046142578,146.82181483707345,142.3191833224376,144.24241552949755,12139216
2013-09-17,145.317138671875,145.93936075260316,143.3599618757778,144.3555227289315,8432088
2013-09-18,147.18382263183594,148.17938360483382,142.805646806208,145.62260515371955,10989616
2013-09-19,154.58261108398438,156.0985732659985,153.02139361997502,153.85856800198044,29280904
2013-09-20,149.11837768554688,155.31797902815836,143.73333006494332,154.42423891274902,24726152
2013-09-23,145.24929809570312,147.6024211618025,143.24686553414634,147.29697213528155,13985240
2013-09-24,144.4573516845703,145.7922926642196,142.53411969170963,143.23552818864636,18175188
2013-09-25,140.41859436035156,145.19274453734533,138.74425904475146,144.3555699745572,20980920
2013-09-26,140.54299926757812,141.6403671955037,139.83026665626406,140.5882407330822,22582440
2013-09-27,137.77130126953125,141.18786097096114,136.88887161447354,140.7353357755414,16408692
2013-09-30,134.18502807617188,138.66502465756437,132.97452872707404,137.11513141881602,17062428
2013-10-01,138.3935089111328,139.015730989633,133.34784246295396,135.48602654924895,12997108
2013-10-03,143.9482421875,144.5817745880199,138.02016040483903,139.21934920046073,9772912
2013-10-04,144.90989685058594,146.4824248119183,143.67676281716814,143.789894126473,13628376
2013-10-07,143.51837158203125,144.38949092149892,139.8868594327512,144.01615208887367,9922000
2013-10-08,143.14503479003906,148.10017728399143,141.59512774412113,147.18381654558684,11768148
2013-10-09,146.87838745117188,147.27434704197918,140.96161432740416,141.4593948606997,8668760
2013-10-10,145.04562377929688,146.8444140477311,143.30339915571926,146.8444140477311,8345284
2013-10-11,149.62747192382812,150.1818181199381,144.66100451741488,146.45979515745654,13390264
2013-10-14,151.03028869628906,151.43755862291357,146.7652441200162,148.77897301664933,12375720
2013-10-15,147.6250457763672,152.7272649777015,146.30140119390936,152.27473974813796,16143324
2013-10-17,148.02098083496094,149.321990654465,145.38501628536835,147.74946298020052,14551588
2013-10-18,153.08924865722656,153.75672599775257,148.25854833319713,148.25854833319713,21281184
2013-10-21,151.87876892089844,153.58704877395454,149.91028155613017,152.50099106545332,11225424
2013-10-22,151.36968994140625,152.48969265139803,150.50989476352464,151.82221517292018,8758096
2013-10-23,149.37857055664062,151.36967866497756,147.930484399683,151.36967866497756,13544956
2013-10-24,151.43756103515625,152.8969576212831,148.473526389203,148.473526389203,12321928
2013-10-25,152.17291259765625,152.71594837495493,150.0460523915123,150.52119833916854,8946872
2013-10-28,151.1208038330078,152.72726285160553,150.5551473039278,152.2747376283415,8382088
2013-10-29,155.32925415039062,155.8949105748276,148.32642485386674,151.1433966095571,15222916
2013-10-30,153.7115020751953,155.55554791262182,152.89696218466065,155.21615398990338,10188672
2013-10-31,154.03955078125,155.0011666780755,152.36521609393643,152.99874851102726,18195556
2013-11-01,154.71836853027344,155.6686742455111,153.45130344993896,154.22058803086574,15642444
2013-11-05,153.01010131835938,154.98989930214591,152.27474778152438,153.96040711257186,14258472
2013-11-06,151.3470458984375,153.67754771987384,150.52118195410674,153.60967170759355,4610652
2013-11-07,150.55516052246094,153.2929328395913,148.63192815473175,151.59596310335965,7789140
2013-11-08,147.63633728027344,151.06422098019513,145.86018150518166,150.102604990247,13480760
2013-11-11,148.0323028564453,149.49169935695585,139.53614517173062,145.71311125647807,11216304
2013-11-12,146.15431213378906,150.02339661716587,145.56602115662778,147.64763959509938,8980320
2013-11-13,143.3826141357422,146.49372492379493,142.17210092495222,144.58180316841512,10561084
2013-11-14,145.3058624267578,147.0480874239111,144.35555662740376,144.35555662740376,12626860
2013-11-18,151.32443237304688,151.59595026985332,146.85574577927133,147.38747120426189,14873920
2013-11-19,149.34461975097656,151.23392066325098,148.7563425410307,151.23392066325098,6789036
2013-11-20,146.96888732910156,149.1070719267687,146.25616833652907,148.58667064410272,8370096
2013-11-21,144.27635192871094,146.07512854468217,143.71069543061353,145.83755557747588,12787656
2013-11-22,145.2945556640625,146.36930317346895,143.69939304948963,145.37374206181815,7492384
2013-11-25,149.2767791748047,149.72930446218567,146.62950348163073,146.62950348163073,16150540
2013-11-26,147.73817443847656,149.31070234504833,146.70868232164753,148.81292183944646,14478516
2013-11-27,147.87391662597656,149.05048488535843,145.73573233507628,147.31957050463606,8593012
2013-11-28,147.83999633789062,150.01211189105663,146.62948307661645,148.33776303675967,14773732
2013-11-29,149.62747192382812,151.3470761687004,148.20202014095585,148.20202014095585,9571080
2013-12-02,149.62747192382812,150.46464640264986,148.8921183887776,149.78585852414164,6858612
2013-12-03,148.3717041015625,149.83110067439225,147.67029554592577,149.3333201784693,10288280
2013-12-04,148.790283203125,149.23149804391815,147.8513016803841,148.17938521892123,10476608
2013-12-05,155.69129943847656,156.09858319235963,151.94665593229985,151.94665593229985,32019992
2013-12-06,154.469482421875,156.03068610257205,153.46261107267296,154.96726291237667,16069232
2013-12-09,157.62583923339844,162.3207879873929,156.6981543261437,160.64643929330464,25265628
2013-12-10,157.63717651367188,158.80242076797848,156.12121413615193,156.65292579074162,25064880
2013-12-11,157.376953125,158.7910944150492,155.41978986555603,156.1438191580824,12289776
2013-12-12,157.29776000976562,158.5082593782902,156.23432304313278,156.84523481630254,12867696
2013-12-13,156.10987854003906,158.83634001911335,154.98987594457643,155.62340844191738,25316080
2013-12-16,154.8428192138672,156.32485042993756,154.13010024344175,155.66868330480833,21432244
2013-12-17,148.790283203125,152.87433426254597,147.98705371910197,152.87433426254597,17942644
2013-12-18,150.74746704101562,154.00565421662344,146.96887861360247,147.1838308595582,14087316
2013-12-19,147.6476593017578,154.7523105828567,147.1612029897232,153.6323079324005,10019516
2013-12-20,150.3741455078125,151.2791960707484,147.09333721716982,148.83556231281656,5722468
2013-12-23,150.34019470214844,151.93534334835306,148.65453548751745,148.88079809860955,5531232
2013-12-24,148.72238159179688,150.8039999570999,148.21329081924853,150.5890477578075,3554696
2013-12-26,151.3809814453125,152.0937141201168,148.63189929243669,149.29936287776204,8046760
2013-12-27,151.51675415039062,152.82907445571945,150.2609856845424,150.2609856845424,5464012
2013-12-30,151.4828338623047,153.17980362177786,150.49859692580034,153.13454833286352,4227604
2013-12-31,150.65696716308594,152.11636389343965,149.35595703625455,152.07110860529397,5261312
2014-01-01,150.4985809326172,151.55069378569948,150.01211079594097,151.1434238487007,4492436
2014-01-02,148.65452575683594,152.6706868408296,147.87391703767076,150.4646265270866,7228992
2014-01-03,150.03472900390625,150.69089608743556,147.0706943796293,147.52321959310507,6513184
2014-01-06,149.7179412841797,150.012079855235,148.65450447192967,150.012079855235,5963420
2014-01-07,150.32888793945312,151.8109053156601,147.81736461010374,150.9397859560761,7896920
2014-01-08,150.39675903320312,150.90584990368637,149.33332200842116,150.50989033775497,4649480
2014-01-09,150.0008087158203,150.70221732329873,148.67716408496813,150.05737437158388,3777472
2014-01-10,149.7971649169922,152.65939258604527,148.4961548510543,150.00080679912872,6150508
2014-01-13,152.24078369140625,153.16846863011077,148.63190629770295,149.3559355640431,4752580
2014-01-14,152.11634826660156,152.9535226763812,151.2112978365638,151.38099479219588,3577120
2014-01-15,153.98301696777344,154.46948710482445,151.50543861832594,152.2747370187848,4627840
2014-01-16,152.28604125976562,154.98988211114448,151.67512947339128,154.8541300741605,4501176
2014-01-17,150.4646453857422,152.72727163214432,149.118380007138,152.72727163214432,43374856
2014-01-20,151.6072540283203,153.11190585878765,150.78140381525995,151.16603919149375,5600368
2014-01-21,152.9761505126953,153.58706234331765,151.59595406682288,152.26343155194778,6251924
2014-01-22,153.20240783691406,154.9220119603564,152.64807548992306,152.84039318459662,7033336
2014-01-23,153.74545288085938,154.10746755497016,152.21818017012237,152.72727107370136,5482740
2014-01-24,152.365234375,152.71593862922032,150.17048447927397,151.59593604124942,8842900
2014-01-27,146.88967895507812,150.44200444694238,146.07512532976128,150.44200444694238,17060448
2014-01-28,145.81492614746094,148.42825625085888,144.49128173485025,146.6181555648728,18395424
2014-01-29,146.0411834716797,147.27431728157518,144.93249131746794,146.50501899375823,10970924
2014-01-30,142.9526824951172,144.78541751516514,142.01370115809073,144.24238184775004,11425460
2014-01-31,142.20603942871094,143.97088488874337,141.43674108999215,142.54543331756227,9620984
2014-02-03,141.75352478027344,143.45049435066778,141.43675160314368,142.53413354464956,4776820
2014-02-04,142.6811981201172,143.78989044692332,139.55877682520003,140.65615878335996,7409304
2014-02-05,144.23109436035156,144.7628059361446,141.43674301806584,142.7716978564017,6905384
2014-02-06,146.3918914794922,146.98016867242248,142.43229626945956,144.5252251661911,13466944
2014-02-07,146.56158447265625,148.08885686970825,145.2831953866907,147.61371098128078,4029468
2014-02-10,145.69052124023438,147.10466275790253,143.90304083791153,146.53900615083526,6280820
2014-02-11,145.89413452148438,146.42585996413177,144.64969011227356,146.16565242730707,4464856
2014-02-12,146.0411834716797,147.70420789302554,145.63391359400026,146.30137714993265,6436960
2014-02-13,143.111083984375,146.61815402667983,142.82825575515685,146.16562885993082,3155200
2014-02-14,145.21534729003906,145.67918290075636,142.3983748986459,143.45050160951936,4249112
2014-02-17,147.1612091064453,147.52322376347038,145.05695575631847,145.26059763212882,3650120
2014-02-18,149.423828125,150.32887853445493,146.48241429427145,146.73129763288225,5019672
2014-02-19,151.6072540283203,152.10503451576633,148.20200462302262,148.47352250799074,4060948
2014-02-20,149.9555206298828,151.01895748763036,149.52561621612162,150.64561871726028,3448436
2014-02-21,150.32888793945312,151.50544249737447,149.2654508798173,149.29938198631072,3043872
2014-02-24,151.82220458984375,152.27472978981348,148.37169994007456,149.8084619259892,5018984
2014-02-25,151.8448028564453,152.95349495630043,150.6908692912664,152.50096982329362,4020560
2014-02-26,153.27029418945312,153.67756411656066,151.26786184871654,151.59594538804356,4551340
2014-02-28,151.50543212890625,154.51473577064755,150.49857460228,154.31109390572695,4903584
2014-03-03,150.7361297607422,152.04844992968864,150.0573420378418,150.50986718644205,3678432
2014-03-04,151.98057556152344,152.46703181554187,150.2949166027798,150.69087611208334,6443868
2014-03-05,151.5393829345703,152.7272616361851,149.89897901329277,152.38786772143803,4006984
2014-03-06,152.8629913330078,153.33815103018046,151.16602200733067,152.27471415742843,4948680
2014-03-07,160.97451782226562,161.75512649747662,152.99876175244404,153.7680462505003,22767568
2014-03-10,166.17857360839844,166.7329197546585,158.3838240758154,159.85453101366224,26123852
2014-03-11,164.07432556152344,167.43431955840228,162.80724674915186,166.18987529141415,13000472
2014-03-12,164.16482543945312,165.85048455883287,162.11715168677185,163.1918990287288,7110216
2014-03-13,167.9659881591797,169.58377081637227,164.6059950218957,164.6059950218957,11448452
2014-03-14,165.6581573486328,167.4116923846787,163.81411175447954,166.3030001927382,12208480
2014-03-18,166.07675170898438,168.52038507567775,164.78705210129323,166.39352487928517,8102724
2014-03-19,167.08360290527344,168.18097088077002,166.47269118480273,167.43430713795993,6055136
2014-03-20,165.2169647216797,167.08363130092837,164.71918420521854,167.08363130092837,5195084
2014-03-21,166.04281616210938,166.86868023914704,165.44322851231934,166.33696861254418,7525592
2014-03-24,169.84400939941406,170.35310019901402,166.07673195838566,166.18986324718566,11713860
2014-03-25,169.7309112548828,172.08403423544652,169.18787543861262,169.6969663376255,8031092
2014-03-26,168.80322265625,171.12241448057412,168.36200779109106,170.3304953210488,9409312
2014-03-27,168.9616241455078,172.12930106286586,167.88687661997562,169.6969777156088,24554932
2014-03-28,168.5543212890625,170.62461572745323,166.31431609607822,169.6856342532015,12160900
2014-03-31,169.42544555664062,170.37575131401243,168.13574587234848,169.23312785537547,8262428
2014-04-01,167.00442504882812,170.50018509621782,165.74867033937028,170.03634951290124,8051832
2014-04-02,165.60159301757812,168.79188997160477,163.3389671466451,168.55431701715128,10398752
2014-04-03,164.9001922607422,166.98181109602075,164.32322535025077,166.5292858626982,5559704
2014-04-04,164.14219665527344,165.85047642673305,162.92037316033722,164.16481739000574,7422408
2014-04-07,164.11959838867188,165.62425045022212,163.61050745491096,164.04041198963256,11733156
2014-04-09,167.85292053222656,168.5430325769999,163.30504735603444,164.730499112007,10520384
2014-04-10,167.29855346679688,169.39148228539435,166.5292551878643,168.4864319854603,7494792
2014-04-11,167.01573181152344,168.52036970831074,166.05411583005352,166.08804693165152,5207952
2014-04-15,163.8027801513672,167.1627735834287,162.4791359130017,166.14459208159548,8371868
2014-04-16,164.25535583496094,165.5789866708813,163.15797381469156,163.6331336144903,3572392
2014-04-17,162.61495971679688,163.20323704807663,160.0355601350848,162.06061349502824,12302328
2014-04-21,162.10581970214844,164.3797557499086,161.32521108008925,163.51996075299073,6987752
2014-04-22,164.61734008789062,165.08117562270365,162.3207831482175,163.3389647753558,11395824
2014-04-23,165.8504638671875,167.309860206185,163.4973276143876,164.01774257354407,21025344
2014-04-24,165.8504638671875,165.8504638671875,165.8504638671875,165.8504638671875,0
2014-04-25,164.357177734375,166.98181868290774,164.04040453266683,165.88445046623087,6212444
2014-04-28,164.08566284179688,165.00202373579083,163.03353608315285,163.41818531803213,4882860
2014-04-29,161.95880126953125,164.60607702282132,161.212137290392,164.35719363310028,6641236
2014-04-30,163.20321655273438,165.14908326947784,161.01979066932006,162.00402749112163,8786920
2014-05-02,162.25291442871094,164.6173614990389,161.9022101401874,163.70100067742132,5915292
2014-05-05,162.16241455078125,163.61048696166912,161.5515027447936,162.87513348278878,5192324
2014-05-06,162.954345703125,163.94989296968248,161.5741354011156,162.954345703125,6184560
2014-05-07,161.91348266601562,164.49288137805038,160.974501326525,162.56964961503328,6598624
2014-05-08,162.52442932128906,163.58786634583626,161.8908967779334,162.26423560686152,7520428
2014-05-09,171.23553466796875,171.95957775736284,162.90907366487005,162.90907366487005,16376444
2014-05-12,179.2339324951172,179.84483049570477,170.71513968278208,170.8508917251407,17561360
2014-05-13,178.32887268066406,181.01007895113858,177.05048347408243,181.01007895113858,12665216
2014-05-14,175.45535278320312,179.8335289897058,175.18383487513117,177.61615805873808,8501500
2014-05-15,178.3741455078125,179.0076919434875,173.32849143209694,173.995968977556,9466188
2014-05-16,182.0735321044922,193.22827644897816,178.21575721607127,181.01009503417157,32868368
2014-05-19,183.7025909423828,188.92925092296971,182.8201613721671,184.60764124620542,10522804
2014-05-20,184.6416015625,185.8973562957579,181.99432624294553,184.6302911939069,6357032
2014-05-21,183.1595916748047,184.29090477965215,182.14140988044196,183.80443462057798,3642388
2014-05-22,181.59837341308594,184.4040354270081,180.55757088435885,183.7252475665406,7806456
2014-05-23,178.6682891845703,181.68888973525745,177.09576116272473,180.7838392259909,9818936
2014-05-26,180.36524963378906,181.92645339617394,178.74746640750365,180.78382994885496,17395232
2014-05-27,182.11878967285156,183.41979974721602,178.37413223691863,181.01009730288163,7619524
2014-05-28,186.31591796875,187.06258169553135,180.89692659882348,180.98743715175456,14355564
2014-05-29,183.3292694091797,187.96765265248507,182.6844265310508,186.12360696103545,13684008
2014-05-30,179.36968994140625,186.1688788321888,165.1717106997497,184.40403317848768,32807544
2014-06-02,185.39956665039062,186.06703022448136,179.53936020722455,179.53936020722455,8083132
2014-06-03,186.5195770263672,187.31149616135383,184.17776453689615,186.21412802686183,3624148
2014-06-04,184.78868103027344,187.73009503478872,184.42665255911788,186.07838070194035,2864340
2014-06-05,183.78472900390625,186.05508752316933,182.76934099082234,185.23364392668978,7674472
2014-06-06,186.0207977294922,187.33281194224236,182.76928424572003,185.50740086363342,10565276
2014-06-09,186.9791717529297,189.3864302191538,185.96378388989197,187.53820677206582,9339920
2014-06-10,186.3402557373047,187.92607051721382,184.82287716272518,187.36704949931982,4999344
2014-06-11,187.21873474121094,189.35217849387448,184.8228825598792,186.4201173474337,7743772
2014-06-12,191.6339569091797,192.79766498382725,185.47319369318026,188.1314545033896,12732048
2014-06-13,190.61859130859375,195.31902010010234,189.76292971352905,192.5809029958953,12212884
2014-06-16,191.44000244140625,192.30706998891907,189.45486494658584,189.61459121431298,5309880
2014-06-17,193.1627655029297,193.67616250091993,188.78177500138926,190.75550680882128,6988120
2014-06-18,190.49307250976562,194.26940328014564,189.1012019634627,193.2882335644292,5374628
2014-06-19,188.41668701171875,191.65679510203034,187.60666347083688,191.0064839206697,4720996
2014-06-20,187.54959106445312,189.78571695497135,186.95632408009067,188.47370268086124,2969768
2014-06-23,187.43553161621094,188.59922584102637,186.03224099794753,188.01737872861864,5840844
2014-06-24,189.15821838378906,190.01387980591113,188.24551286685883,188.32536902887784,5066224
2014-06-25,188.04017639160156,190.11659010607093,187.78918790800276,189.15824638606838,6330624
2014-06-26,185.37051391601562,188.61060767181198,184.51485241146753,187.1046489945202,21808264
2014-06-27,186.23756408691406,187.560984305171,185.7355732657046,186.6140467577354,5142960
2014-06-30,187.45831298828125,190.00248534236206,187.08183029569048,187.08183029569048,6176100
2014-07-01,187.85765075683594,188.91867671983812,185.9637891860647,187.78920061365798,7641372
2014-07-02,191.6453857421875,192.12455066600916,188.35963963751848,189.5689719097981,7626724
2014-07-03,190.9380340576172,192.87753371484146,189.69446972733422,191.89637785007307,6062740
2014-07-04,195.4673309326172,195.99213390028967,190.5501180617224,190.93802075149185,5631988
2014-07-07,191.7708740234375,196.39144650552583,190.7212541405721,196.20890815578767,8131968
2014-07-08,189.2152862548828,193.57345007514743,187.10465448176532,192.58088827147554,6732272
2014-07-09,189.45486450195312,190.49306434956938,186.64829753224046,188.93006156075197,5795552
2014-07-10,187.86903381347656,193.4935876574879,185.33628133820113,189.45486258258248,9857544
2014-07-11,185.23361206054688,189.7172842138199,184.5490828113011,187.3556499478521,9198780
2014-07-14,186.52281188964844,187.10465895836967,184.1725976173572,185.96377689155034,4921608
2014-07-15,188.65625,189.1126028127367,186.30603579976247,187.27578552682797,6092036
2014-07-16,190.6984100341797,191.3258950806577,186.6254672122985,189.27230765582058,9589300
2014-07-17,189.79714965820312,191.44002272198455,189.27234666017424,191.37157257907364,5039100
2014-07-18,189.94546508789062,190.93802695187722,187.56101869503618,189.13544157596343,7288432
2014-07-21,188.80458068847656,193.25402085901356,188.3025897813157,192.0560946592536,9813656
2014-07-22,191.6339569091797,192.2728620137469,188.70189554190804,189.36361271730274,6970352
2014-07-23,190.8239288330078,192.809066384692,190.52730228546486,192.37552563512568,7849852
2014-07-24,192.18157958984375,192.5808883037437,190.07094781637264,190.7554770402011,4278600
2014-07-25,190.64138793945312,193.9043077723302,190.33335536089237,191.89635817723527,10665952
2014-07-28,189.2837371826172,191.62254537340945,188.93006653424416,191.3259188272509,3884952
2014-07-30,191.39437866210938,192.1017339214784,188.6676676527455,189.61460536819777,4685380
2014-07-31,190.2991485595703,191.64539510930265,189.05558419189967,191.18904223505908,11901344
2014-08-01,186.0664520263672,188.88442505412922,185.27924064467553,188.4851163458433,6828460
2014-08-04,185.50741577148438,187.72072966752154,184.16116942210994,186.87647419046212,7363044
2014-08-05,187.15028381347656,187.78917494043267,184.80006970711187,186.42011655690584,6077104
2014-08-06,184.8228759765625,187.00195771660884,184.21820297209936,185.9751639611835,3381400
2014-08-07,185.16513061523438,186.76236526009777,184.82286604847795,185.48458311491942,3933740
2014-08-08,181.66262817382812,184.3208746106081,181.40021976948697,183.68198354017235,7450680
2014-08-11,180.93246459960938,183.191402421687,180.57879399343764,182.76928168638221,5626224
2014-08-12,184.1840057373047,184.4806322926784,180.7157214295625,182.76930917308025,6603072
2014-08-13,185.37051391601562,186.1348992893657,183.14579400419055,184.8228849823919,7839820
2014-08-14,188.63343811035156,189.76291410831087,185.57586869138046,185.75840703129307,11873224
2014-08-18,189.92263793945312,190.41322281400127,187.92609426105588,189.3864289222541,6702168
2014-08-19,187.9831085205078,191.09772173502094,187.61803187656236,190.07092800629547,7892856
2014-08-20,187.23011779785156,190.43599301407255,186.8764472093682,189.15821091155829,9434852
2014-08-21,189.95687866210938,190.57295781069465,187.33284970761778,187.56102613844314,6390480
2014-08-22,193.2083740234375,193.66472684073526,188.94147239634694,190.3789809854783,10015288
2014-08-25,192.4553985595703,194.5888424529497,191.02929597662072,192.35271638824133,6656064
2014-08-26,192.23861694335938,193.60767534295601,191.2346352129423,192.69496974322493,4165256
2014-08-27,190.89239501953125,193.03725902384312,190.29914187456873,193.03725902384312,4852968
2014-08-28,192.4781951904297,192.9231419459749,190.29911340383566,191.09773078622587,7991452
2014-09-01,191.94200134277344,193.72177457827732,191.34873431308347,193.01443326890495,4154656
2014-09-02,196.0491485595703,196.48267532567468,191.36012673405583,192.3755004840361,11442252
2014-09-03,195.4673309326172,197.37259842181396,194.3150288986703,197.37259842181396,9234780
2014-09-04,194.37208557128906,196.00355261017816,193.60770010446586,195.7867822171617,6406968
2014-09-05,193.59628295898438,195.21632994202528,192.60370719321998,194.40630645050484,3835208
2014-09-08,197.3155517578125,198.01148702722472,193.82445544875503,194.17812610106785,9788344
2014-09-09,197.50950622558594,198.4906759861488,195.72973291111467,196.25453589878413,7661044
2014-09-10,195.61563110351562,197.37259222427903,194.88546381513285,197.37259222427903,4314252
2014-09-11,194.94247436523438,196.93901758457017,194.63444183924895,195.63842342882705,6532864
2014-09-12,195.2505340576172,195.77533695407254,193.7103434696918,193.97273795452887,6086556
2014-09-15,196.3115692138672,197.37259509346427,193.94994893577413,193.94994893577413,5809088
2014-09-16,194.1781005859375,196.69944681524007,193.49357144168627,196.45986440010833,5076268
2014-09-17,193.12850952148438,195.2961853101568,192.14733986518587,195.09082098051707,7905896
2014-09-18,195.80960083007812,196.45989805781394,192.18159017327966,192.7520312245509,6652568
2014-09-19,196.2887725830078,197.37261061819444,194.2694167618474,196.23172847589274,6542108
2014-09-22,195.51292419433594,195.8894207892793,194.17809795186568,195.53575018823668,6534316
2014-09-23,193.68753051757812,195.74111810642728,192.9459572216048,195.33040337401388,4716976
2014-09-24,195.1935272216797,195.61564804082784,192.8204868106625,193.28824570055787,6665496
2014-09-25,193.93853759765625,197.50948996846773,192.14734446803942,194.63447284533407,16595960
2014-09-26,198.8899688720703,200.56705987712164,192.8090621116812,193.9385381011239,9882252
2014-09-29,197.39540100097656,200.1905619424899,196.50552138382952,199.1980001584614,8682268
2014-09-30,199.1181640625,200.74961715513913,196.49413515898135,197.19007047412302,12035432
2014-10-01,198.05712890625,198.7758901867037,196.3458057878204,197.60077607466877,5870188
2014-10-07,196.790771484375,197.82897149057763,194.88548987346422,197.37261861516686,5026288
2014-10-08,197.96583557128906,198.5134644923255,195.8437978741413,196.35719476506972,3140384
2014-10-09,202.52935791015625,203.75010995101863,198.11415034054124,199.42616458120708,7650420
2014-10-10,197.8974151611328,201.97037279697363,197.3498000846291,201.4911939374008,4266980
2014-10-13,200.0650634765625,200.3388779401971,195.23914100297898,197.14440836028507,5376512
2014-10-14,198.136962890625,202.1528757148457,197.40680958329543,201.93610535876527,7266240
2014-10-15,198.136962890625,198.136962890625,198.136962890625,198.136962890625,0
2014-10-16,195.96929931640625,199.42617741321794,195.10223176518355,198.14839511949842,5533084
2014-10-17,201.99314880371094,202.64344594306957,195.56997786861032,196.2887390662438,9977920
2014-10-20,203.944091796875,207.54927663111903,203.11125617753135,203.98972986855588,9532004
2014-10-21,204.3433837890625,206.6707859860199,202.54079848320623,205.35877161183316,16037152
2014-10-22,203.90985107421875,206.80768029299466,203.36222212834943,206.51105375014154,4571544
2014-10-27,204.73126220703125,207.02443209950243,204.02392098159802,205.14197691621123,6724768
2014-10-28,204.28634643554688,205.4044164664216,203.98971987433015,205.1306019765356,5803492
2014-10-29,203.4306640625,205.9291983962654,203.0769934323282,205.40439546825735,7896188
2014-10-30,204.59437561035156,205.34735494860053,202.41527983849184,203.05418490297683,10738180
2014-10-31,208.06263732910156,208.6901224066631,204.75407964741345,205.381564724975,10105988
2014-11-03,207.80026245117188,209.7625740355328,206.5909302456107,208.8270563113851,7239648
2014-11-05,208.27944946289062,209.9907727449479,207.69760233234808,208.7928464475078,7524180
2014-11-07,205.2332763671875,206.8647293553949,203.9098559641794,206.49965266724885,9028492
2014-11-10,206.41981506347656,207.26405672161061,203.76155405630604,205.24470086634634,6389756
2014-11-11,207.16136169433594,209.30621152480913,205.9063914788057,206.70500888868858,5913408
2014-11-12,208.0398406982422,209.8994840004504,206.305705562285,207.86870839166286,9058664
2014-11-13,208.99818420410156,209.9222958734051,206.2486612663336,208.89550203489387,7388952
2014-11-14,212.22686767578125,212.8885848177391,208.03983623534148,209.51157682570806,8438056
2014-11-17,209.68270874023438,213.1167608268741,207.18417433704676,212.2040552130545,13464084
2014-11-18,212.70608520507812,213.3449764668947,208.09691822225452,210.15050623102678,9189112
2014-11-19,211.41683959960938,213.96101201786675,210.41287180059385,213.35633899011415,3454848
2014-11-20,209.51156616210938,211.73628598668284,208.11968181323027,211.73628598668284,4770372
2014-11-21,212.85438537597656,213.34497029013832,208.56467111164943,210.19613821987608,8823808
2014-11-24,215.6723175048828,216.76756134527113,211.7704930445993,212.74024266114392,7316860
2014-11-25,217.5775909423828,218.77551697360366,214.25762729835563,215.17033284595246,12156508
2014-11-26,217.064208984375,219.02653440259064,212.95703373802246,214.44018035476088,8976428
2014-11-27,216.345458984375,217.63464728683775,215.17034495500013,216.9044800223127,13211448
2014-11-28,218.39903259277344,220.39557596261415,216.0830367130457,216.31121309817036,9251860
2014-12-01,216.767578125,219.60837706578405,216.35686339390904,218.661439443262,7389128
2014-12-02,215.2388153076172,216.67632397565362,214.3032975515192,214.88514464015495,4517556
2014-12-03,212.91139221191406,215.40992656486213,212.66040374387342,214.9421677325416,6661184
2014-12-04,214.80526733398438,215.45556449964855,212.660403615221,214.48581480505123,6839104
2014-12-05,215.11331176757812,215.48980841696167,213.50467085316126,214.7140030477762,4074180
2014-12-08,211.55380249023438,215.62674657708743,211.06321754900094,215.62674657708743,4057128
2014-12-09,211.4624786376953,213.34493393714067,211.07457597245318,211.07457597245318,4873344
2014-12-10,212.52349853515625,213.3449279812698,211.13161417835374,211.31415250784767,5565432
2014-12-11,213.02549743652344,213.5160823040079,211.06318582015209,212.18125583466946,4818844
2014-12-12,212.54632568359375,213.61875759478275,211.9758846592148,212.88859029822112,4616828
2014-12-15,214.8280792236328,215.4669703541831,211.7476978433683,212.20405064044454,6638628
2014-12-16,211.23428344726562,214.94214961633728,209.23774012545783,213.92676194160452,4989956
2014-12-17,210.3444366455078,212.77452119827143,209.00961009932078,211.2913744017151,7064016
2014-12-18,213.128173828125,213.68720882021893,210.39005689716652,212.79731524694427,6493828
2014-12-19,214.81666564941406,216.53939461255592,212.77448416881813,215.6380950846078,6114108
2014-12-22,219.89361572265625,220.4412307670735,215.05627289966264,217.68030169366384,8295612
2014-12-23,218.99229431152344,222.2324018941954,217.9883126064312,218.98088827717095,7544080
2014-12-24,215.68374633789062,220.1445922601837,214.7368086885717,218.57018342531805,16664812
2014-12-26,216.4595489501953,217.4407046917263,215.06766454435535,216.85885765299832,3366480
2014-12-29,217.15553283691406,218.13668879824365,216.37972732695928,216.79044215649427,3614800
2014-12-30,218.2393341064453,218.95808145497207,215.11331444712883,216.76759344977182,5681200
2014-12-31,217.13265991210938,218.43326819689008,216.710539136518,218.13664165781648,4992528
2015-01-01,217.2353057861328,217.77152860062532,215.6380712291238,216.9957233879375,3544940
2015-01-02,220.2586669921875,221.1713725543031,216.85884712937593,216.85884712937593,5900384
2015-01-05,218.39903259277344,221.456587797375,217.93125986184285,221.3310935709127,4796000
2015-01-06,214.9992218017578,218.26214167149823,213.92678989199874,217.68029461276407,8219680
2015-01-07,215.626708984375,217.07562362747217,213.63016538266783,214.4173767881261,5746112
2015-01-08,220.156005859375,221.0915375059701,216.35687695026266,217.73734145946173,9525824
2015-01-09,222.6203155517578,223.612877344769,220.55530794097444,221.99283043675973,8985184
2015-01-12,220.6580047607422,222.3351098082593,220.07615767355605,221.1942277052341,4126412
2015-01-13,219.81373596191406,221.77606141683725,218.06819480563135,221.09153219630693,5828348
2015-01-14,219.939208984375,222.39210496600887,218.98086544340384,219.06072160232625,3685232
2015-01-15,226.61341857910156,227.7657067222978,221.50226116688597,225.8946572806769,11398476
2015-01-16,228.48440551757812,231.5762065129461,227.8455144585769,228.6783637906835,7821308
2015-01-19,229.21458435058594,232.73991227779706,228.84950770596075,231.19972168184105,4239492
2015-01-20,232.9567108154297,234.3371753238504,228.6327650189855,230.45817631654228,8505804
2015-01-21,232.72853088378906,235.69481027067818,232.36344027372903,234.42844791428834,6740612
2015-01-22,233.02516174316406,235.59214638904962,232.40908264279494,233.88082329179258,6470680
2015-01-23,237.94235229492188,239.1288583897817,233.7439011188924,235.02168334110223,9987912
2015-01-27,245.0728759765625,245.91711752345654,237.50882267130763,237.98798754531677,9962400
2015-01-28,241.49049377441406,249.442435954613,240.72610838485292,244.1487544756328,11364940
2015-01-29,249.85316467285156,251.1309469762645,242.095166865658,245.289636550973,20567616
2015-01-30,245.8258514404297,249.75050243167226,242.83674601950045,249.75050243167226,10570416
2015-02-02,246.79562377929688,249.396840680068,240.1214631298074,243.80651808476912,5710352
2015-02-03,242.80250549316406,246.932492827494,240.79456985367992,246.08825127562392,10200688
2015-02-04,243.62391662597656,246.61304957076644,241.2394845294422,242.55149875128592,6197512
2015-02-05,245.6319122314453,249.35119895984127,244.22862170000428,245.28964760687757,8059148
2015-02-06,240.38385009765625,246.1909286429744,239.59665261750035,245.74599578089774,6903120
2015-02-09,237.3262939453125,239.98455486585937,236.04851153670694,238.90071684768697,5231896
2015-02-10,240.60061645507812,242.39182364630352,235.02171409208603,235.02171409208603,9275752
2015-02-11,241.50193786621094,242.9622725815685,240.26977957970396,241.41066172395708,4161588
2015-02-12,245.51780700683594,246.8640533408763,240.20128573226955,243.0306786699757,5525740
2015-02-13,243.1903839111328,246.88682992758933,242.68837918990158,246.7042776919488,7714500
2015-02-16,243.58973693847656,247.57140414013358,242.4374349298543,245.47219231557895,7388716
2015-02-18,245.2439727783203,247.10358790460901,241.19384222467787,243.58969410148046,5381692
2015-02-19,246.38490295410156,247.5485970946725,242.73408033046496,245.06146861160684,4507004
2015-02-20,244.8447265625,248.68949379346864,243.806512676405,247.11507087369827,6206024
2015-02-23,243.57833862304688,246.78422860068378,242.32336826011783,245.76882677671853,5581564
2015-02-24,243.61256408691406,244.37694953482026,241.2052916778939,244.2172371798192,5846288
2015-02-25,240.14422607421875,245.24399057928343,239.5852050704794,244.1487327861076,4648524
2015-02-26,236.88133239746094,240.95427551803306,236.18538324435917,240.41806655515936,12426944
2015-02-27,240.49794006347656,241.53615388734022,238.54702058472304,238.54702058472304,10261784
2015-03-02,247.01239013671875,250.76588103628112,243.69241214444787,246.5103853096746,14385232
2015-03-03,247.1949005126953,249.1686319685068,245.75740588655435,247.9022417909772,6029348
2015-03-04,243.07635498046875,253.1161176096979,241.86700879506648,252.13494784768722,12277624
2015-03-05,247.59420776367188,248.71227770203618,242.43742665909488,243.00786766299865,9702452
2015-03-09,241.63882446289062,246.84125788737092,240.9542952151204,245.7574199117347,5755808
2015-03-10,240.1670684814453,242.3803683050082,238.4443256095397,242.3233242079724,5134836
2015-03-11,241.0569305419922,242.3005085510909,239.58520400169255,239.7905683186922,5465536
2015-03-12,240.6348419189453,242.7568937219059,239.8362244656798,241.88981220264824,7530836
2015-03-13,237.90814208984375,242.77970292653805,236.07131082759156,241.8669972764383,5426780
2015-03-16,239.93887329101562,241.3877876714707,237.87386599871516,238.44430692437157,5348772
2015-03-17,241.4220428466797,243.21322195427732,237.95374497399166,241.8669756699301,5369304
2015-03-18,242.67701721191406,244.58228454862316,240.3153692294441,241.9012118944666,5148332
2015-03-19,240.0872039794922,245.0158366468833,239.28858655607152,244.37693156672066,5373572
2015-03-20,240.9314422607422,241.75287164796535,238.6610705954223,239.81337244172872,6483236
2015-03-23,239.07183837890625,241.73009917950665,238.67252965338673,240.942873837057,5446740
2015-03-24,236.83570861816406,241.182480645395,236.26526755703495,238.05647477183436,8973564
2015-03-25,235.991455078125,238.83224027774057,235.27269380666624,237.314889414575,10608900
2015-03-26,229.7622528076172,235.52369358371058,228.65558879574684,234.31437524930652,35800620
2015-03-27,231.51919555664062,233.54995721079604,230.02462895825124,231.58764569297708,10840896
2015-03-30,236.5961151123047,237.07527998236463,231.09705550736626,232.7399283753724,6955144
2015-03-31,233.3560028076172,237.28063960136595,231.56480974422936,237.28063960136595,5962256
2015-04-01,235.76324462890625,236.58467402617262,231.14267293402568,234.131777941236,3844196
2015-04-06,235.46664428710938,236.58471431017006,232.69430915419574,236.1625935060176,7151172
2015-04-07,235.64918518066406,236.89273546188096,233.57278544017495,235.76327338457625,6197072
2015-04-08,236.28807067871094,237.8624654793497,235.03310053969778,237.31486442881263,4106144
2015-04-09,240.97708129882812,241.63879840435916,235.0216830561756,236.90413828453816,7002784
2015-04-10,237.90814208984375,240.2697623887637,236.1283549307228,240.2697623887637,6119324
2015-04-13,237.0296630859375,238.74098614098548,236.1169574565786,237.30346363331904,4563236
2015-04-15,235.398193359375,239.28858434538623,233.92643883767184,237.303460766935,4893996
2015-04-16,234.9418487548828,235.83174233454884,232.2835879779388,234.56535210345882,5610120
2015-04-17,232.34063720703125,234.53112524514435,231.8386463029852,233.90364009678262,4049012
2015-04-20,229.34010314941406,233.88081925990485,228.76966212682893,232.73993721473457,5188880
2015-04-21,228.8609161376953,231.462132519943,227.17240530335468,229.31726891164882,6510744
2015-04-22,231.16549682617188,232.96809589104643,226.6932451202298,229.65953821188856,6765936
2015-04-23,231.25682067871094,233.69829743196723,229.5683094612063,232.75137356720262,9627828
2015-04-24,229.64816284179688,232.51177415421782,228.2562783107113,232.4889620827179,7205244
2015-04-27,229.4199676513672,231.02860851045386,227.26369785324647,229.76223225656787,7370704
2015-04-28,229.21458435058594,230.78900697494237,225.9174328079609,228.07370242765558,7942108
2015-04-29,226.61341857910156,230.34409749984175,225.43830443768564,229.0891271816158,7863564
2015-04-30,225.62081909179688,227.0355155418361,223.39609921588442,226.12280995171815,15143684
2015-05-04,228.3931884765625,230.34409406590967,226.35100674926437,226.81876562100044,3141448
2015-05-05,225.3584747314453,229.06634201627483,224.9477459830822,227.95967788596232,5138004
2015-05-06,221.468017578125,225.32420447092278,220.304323459925,225.32420447092278,11007696
2015-05-07,217.064208984375,221.3311104978866,215.44416209680443,220.87475769273632,11736664
2015-05-08,224.0692138671875,225.39263413725857,217.9997274940435,219.3915978954183,11571932
2015-05-11,225.96310424804688,226.52213925821607,222.255237450821,224.9933544703109,6731344
2015-05-12,221.7760772705078,225.89465892309232,220.64660119053562,225.89465892309232,11107568
2015-05-13,225.95167541503906,226.6704366308489,221.6961800725611,222.665929752454,7791848
2015-05-14,226.13424682617188,227.0013144696772,222.24384150308148,225.6664879328004,4455188
2015-05-15,225.91744995117188,227.61736693068858,224.57121753602715,227.01270782172114,8153624
2015-05-18,230.42393493652344,230.91451977355374,226.35099171478785,227.263697326541,5713304
2015-05-19,229.89913940429688,232.28358567720431,227.7428695416814,229.62532492658997,4786348
2015-05-20,233.66403198242188,234.29151702447328,230.35546056118807,230.3782865551494,4008840
2015-05-21,233.8123321533203,235.02167814344472,231.62184441318135,233.6526198241625,3934380
2015-05-22,233.72113037109375,234.7935484597547,232.36346388894736,233.81237866101253,4689536
2015-05-25,233.54995727539062,235.24987428325954,232.19230487608124,234.65662119913603,4369060
2015-05-26,234.42845153808594,235.06732878030556,232.29499372728094,233.7553144097465,4906344
2015-05-27,236.88133239746094,237.30345316169922,233.05937774317397,233.6069927405548,3218592
2015-05-28,234.88479614257812,238.14770201172695,233.24192324636346,237.08670401464968,9561160
2015-05-29,239.7107696533203,240.49796722815174,234.3714353984141,235.01031271685963,5058680
2015-06-01,236.4364013671875,240.95430574126323,235.24989509397955,239.3456507973022,3841320
2015-06-02,230.1843719482422,237.37194317489528,229.29449225766183,236.9384024019675,4726008
2015-06-03,229.44276428222656,232.05538671148304,227.72003533732556,230.2299756065746,5824832
2015-06-04,231.587646484375,232.2493497069321,227.03552439087971,230.19576204912514,5557588
2015-06-05,230.8574676513672,232.3976583176847,228.7468359975247,230.5152030588522,6753860
2015-06-08,228.96360778808594,230.97155729135778,227.16100868553642,229.14614611987756,3811996
2015-06-09,228.59854125976562,229.5454789753575,227.5147032626156,229.31730255490484,6040260
2015-06-10,231.73594665527344,232.51175198727853,227.49187117891725,227.72004757929733,7986248
2015-06-11,228.2220458984375,232.40907741143272,226.96707565536417,232.19230703863624,9094176
2015-06-12,230.26425170898438,230.65214050159562,225.92889950502345,228.40460821920325,6528344
2015-06-15,229.3629150390625,231.3138204309536,228.17639499970764,228.63274778970705,5999828
2015-06-16,230.09310913085938,230.5608680098207,227.50329838941872,228.17642161855014,6010524
2015-06-17,229.24884033203125,231.2567899408329,228.06232022285397,230.2299961029111,9686268
2015-06-18,232.64865112304688,233.60699478532936,228.68979616645814,229.52264559449958,8431716
2015-06-19,235.1357879638672,236.15116183596768,231.176932863864,233.8351935823491,3742324
2015-06-22,238.93492126464844,241.15964115006685,234.67942586182758,235.50085532573075,5449652
2015-06-23,240.0644073486328,242.14080721235155,237.873919274231,240.0415952772096,5655180
2015-06-24,238.6269073486328,241.36502434469944,237.9195381751291,240.4979428211851,6267396
2015-06-25,243.0078887939453,244.3427152884381,237.90815134630694,239.185933735449,16573568
2015-06-26,242.51730346679688,244.36552690601323,239.92750665939883,243.46424118457304,5647504
2015-06-29,241.10255432128906,242.26624817671447,235.13573698714788,238.421482114012,6487836
2015-06-30,243.49844360351562,244.6050935399566,239.12886010249488,240.09860977371207,7290136
2015-07-01,244.68495178222656,245.74597759044684,241.87839883386116,242.1750114354346,4971188
2015-07-02,243.27110290527344,245.45507151634808,242.68489658952586,244.834375873105,4483444
2015-07-03,246.9609375,247.39773695130998,242.31714054504494,242.31714054504494,4039288
2015-07-06,249.08743286132812,249.43227010109925,243.742455644876,244.61605454413336,3267780
2015-07-07,249.8574676513672,250.92646829608665,247.93788003420013,247.93788003420013,4141472
2015-07-08,245.71949768066406,248.4207225145469,245.0643125888603,248.0758853017108,5400676
2015-07-09,246.91493225097656,247.5701172951805,243.70792956683806,244.30564174641145,2797964
2015-07-10,250.75411987304688,251.7311586165357,245.6390346865465,245.93790482148896,4900088
2015-07-13,251.99554443359375,254.23698630149946,249.43224889001934,249.43224889001934,7076084
2015-07-14,251.0070037841797,253.31742435535622,249.66214425505913,251.84611328859788,5674116
2015-07-15,252.12197875976562,253.21396330652266,250.7656414572918,251.27139149588285,3849404
2015-07-16,256.2600402832031,257.24858494471187,252.44384704853002,252.6047879340621,7310424
2015-07-17,255.30593872070312,257.88071151061826,254.16795930485736,257.3404722628945,3510988
2015-07-20,256.38641357421875,257.24850642416567,254.4898093043355,256.5473263477082,4551268
2015-07-21,252.43231201171875,259.3175495535076,251.29433252300026,256.685303737552,11028136
2015-07-22,256.1910400390625,256.80025800020223,250.27133514272205,252.05299389793132,7286400
2015-07-23,254.69680786132812,256.71983629822495,252.9036428699864,255.84626540374506,5083172
2015-07-24,254.6852569580078,256.3289865651583,252.99556028247235,253.60477828465133,4761008
2015-07-27,251.92652893066406,253.91509549939997,245.983840818794,253.7771662479734,3328572
2015-07-28,254.83465576171875,256.07607512361545,251.14488700387122,251.50122995337873,6345672
2015-07-29,254.8001708984375,256.99564536687717,254.04154598720544,254.05302372140784,3943032
2015-07-30,255.30593872070312,256.78872721850735,253.13344787022595,254.48981291932643,9462188
2015-07-31,255.558837890625,257.70831735139984,253.5702712208689,256.4668978996563,5649500
2015-08-03,251.82310485839844,256.903700389992,251.37479968439442,255.8117159811755,4345728
2015-08-04,249.76553344726562,253.34035641678983,248.731022009992,252.4437742252356,5390928
2015-08-05,251.08741760253906,252.3518205127683,249.47817753497455,251.07593986837972,4122780
2015-08-06,251.94949340820312,253.19091270299867,249.53563347056877,251.01844998429485,3743712
2015-08-07,251.19091796875,252.30588597528163,250.25984629875163,251.48976003921274,3227140
2015-08-10,251.65066528320312,254.24842166454252,250.12188162575595,251.73112167298046,3954376
2015-08-11,251.66220092773438,252.61625621642673,249.25984610102032,251.74268539895155,2727688
2015-08-12,246.08726501464844,251.70812720161084,245.45506359500297,250.21383293699427,6005740
2015-08-13,247.71957397460938,248.90349263898327,245.2022454463471,247.5931224362177,3465052
2015-08-14,253.29440307617188,253.71969663305993,248.25977486281002,248.99541625510716,3601660
2015-08-17,250.92649841308594,253.29439139148744,247.31721415031453,252.66218995251722,2500212
2015-08-18,249.7425537109375,251.98399519241613,247.92640576977095,250.949483739426,1857316
2015-08-19,248.70803833007812,249.8919848090525,247.13328764464714,249.39771262117947,3004576
2015-08-20,247.0643310546875,249.3747513613788,245.5240695588408,245.5240695588408,3044852
2015-08-21,243.98377990722656,246.66199255078266,241.61588701106604,244.60447552785374,7758972
2015-08-24,234.2708740234375,240.16758116383966,232.4777235602414,240.16758116383966,14686328
2015-08-25,234.13296508789062,237.31697029364966,231.20184891224096,235.56977271115937,12347920
2015-08-26,232.99501037597656,236.55832824556478,231.9604987364187,233.89159274284492,5573000
2015-08-27,234.97201538085938,237.8111688126639,231.9834269130825,235.63870611317773,13873432
2015-08-28,236.31692504882812,239.71933002549827,234.3513698206815,237.02961105522454,5553136
2015-08-31,236.2019500732422,237.454875265733,233.46625034140425,234.74214503397462,3441460
2015-09-01,229.9144287109375,234.78813015502442,228.28220506275068,234.78813015502442,10469144
2015-09-02,228.77647399902344,233.09843030006706,226.44307025136195,231.06388262055697,8681688
2015-09-03,232.2593231201172,233.33981571345677,229.6615526086141,230.42019156769584,6507368
2015-09-04,228.9833984375,231.27082139576842,225.29364310919786,230.39723660633126,11404592
2015-09-07,226.31663513183594,232.14437763185535,225.29361539847935,230.12133572844678,5381740
2015-09-08,230.822509765625,232.1903667124509,224.6039487901629,226.83389868270334,7444488
2015-09-09,233.63865661621094,235.63871485591397,231.04088627335955,233.22485485007292,6553120
2015-09-10,232.42027282714844,233.78812986026722,229.0408654604614,230.58114109360028,4463740
2015-09-11,232.30531311035156,234.4892819124776,231.45471192849456,233.22487892177307,4301760
2015-09-14,234.42031860351562,235.0180307717225,230.69607423998602,231.92598790710665,5060344
2015-09-15,232.91453552246094,234.40882999456693,231.7535724381944,234.0180117109547,4332728
2015-09-16,235.25941467285156,236.35139908322515,232.5466983123209,234.2364089240913,4254052
2015-09-18,241.32850646972656,244.1446762284826,237.05253187717818,237.9376081887754,7841168
2015-09-21,242.06419372558594,242.5354824284591,238.24800122602574,238.61582193750357,4276688
2015-09-22,236.93760681152344,243.68491463724456,235.7076932794758,241.39750614482654,6025212
2015-09-23,241.2021026611328,242.17914134204855,234.17893556900924,234.3053730626003,5161152
2015-09-24,241.70787048339844,242.30558262681978,238.16753662370522,240.69634251449745,8252836
2015-09-28,240.55841064453125,243.68492864474774,239.7997576603748,242.53547143415932,5777108
2015-09-29,244.78846740722656,246.88047433338738,235.66175850483208,237.24801538305977,10418840
2015-09-30,245.7080078125,246.67354073559693,243.99529956889336,245.52408341623257,9027796
2015-10-01,245.44363403320312,247.57013013481952,243.53552360334007,247.1792977973088,5034788
2015-10-05,252.50125122070312,253.9840678095128,247.63904177325426,247.63904177325426,8053372
2015-10-06,249.65060424804688,254.6967383192235,248.97243570835855,254.4898304054967,4758964
2015-10-07,250.06446838378906,252.50131256653196,249.05294021465255,250.12194125632038,4386268
2015-10-08,248.99546813964844,250.7426378576116,247.22531488518433,250.1449255939566,3881908
2015-10-09,249.69664001464844,251.73117402776728,248.32876885226756,251.73117402776728,3443228
2015-10-12,248.40924072265625,251.84610699597127,247.77703917611228,250.05294229333157,2217340
2015-10-13,247.44366455078125,248.7770462288209,246.71950084741354,247.25976822262126,1823652
2015-10-14,249.37474060058594,249.77705062229697,245.30567332044825,245.70798334215925,2749148
2015-10-15,249.23680114746094,252.07595471474687,248.5126375254367,249.59311602864062,3925952
2015-10-16,252.89205932617188,253.22539064884077,249.4321823458849,250.5816394073867,4843688
2015-10-19,252.37484741210938,253.36336381866684,251.57022732953124,252.88059738170423,2654220
2015-10-20,251.7081298828125,253.547261305008,250.85751476229603,252.42078769632957,3851356
2015-10-21,251.73114013671875,253.8001632063356,249.43222561492223,252.62772241280368,7273204
2015-10-23,254.83465576171875,256.0300799988523,251.9610128234946,252.75412704927675,4467048
2015-10-26,253.2254638671875,256.14507442242007,252.1909522127142,256.0876015527271,4887984
2015-10-27,255.38644409179688,256.09910204864724,251.85761557830742,251.85761557830742,8984032
2015-10-28,255.52438354492188,258.39802708456335,254.04159470363692,254.04159470363692,7694760
2015-10-29,253.69671630859375,256.21401641563835,252.88059045060763,255.17950490924952,6702368
2015-10-30,252.78866577148438,255.63932573579947,250.68515311709857,253.34041093601712,8097460
2015-11-02,248.99546813964844,251.9380904478478,247.4781899125469,251.74268829320062,3156552
2015-11-03,249.40924072265625,251.04146441164957,248.0988426146229,250.80006716300832,2548592
2015-11-04,248.67356872558594,252.44379409521216,247.8804544530839,250.59318477173375,2696444
2015-11-05,248.24826049804688,248.97242413095623,245.86888975813267,247.9379126733484,3596952
2015-11-06,248.4896697998047,250.35178490136292,247.1907775162447,248.4436746728142,5881004
2015-11-09,244.78846740722656,245.90343551034667,241.61595365077113,243.22519406519112,11429432
2015-11-10,242.4435272216797,244.83440400956883,241.9492549718928,243.69645251187637,4402580
2015-11-13,241.85731506347656,242.53548362664785,239.31700327520417,241.24809709865468,3940028
2015-11-16,243.9033203125,244.83439190123644,240.2940358072933,241.09865587457438,4734732
2015-11-17,243.86883544921875,244.55850972587046,241.66185531359866,244.44356401309517,2567404
2015-11-18,241.06419372558594,245.02982164717992,240.5354601737945,244.0757664186754,2446720
2015-11-19,245.73095703125,246.2022176286266,241.2940411729266,242.53546051706695,3277680
2015-11-20,246.1792449951172,248.34023016199208,243.68492846258886,244.81140214070751,4648160
2015-11-23,245.07577514648438,247.2482379788716,243.4665351038511,246.90340082687877,3408280
2015-11-24,244.6849822998047,246.78849487851747,244.16772648846174,244.89189023692663,4002252
2015-11-26,244.593017578125,245.29419778477856,241.63891780970278,243.45506603006606,8791484
2015-11-27,248.1448516845703,248.78853094557664,243.9033373389158,244.79991966048752,6925072
2015-11-30,247.76553344726562,248.51268072975563,245.91489587623622,248.09886485582243,5247776
2015-12-01,248.97244262695312,249.40924199853205,246.78847383197984,247.6045997121121,1895332
2015-12-02,247.7770233154297,251.2023835707378,246.4091523099858,250.58168786266876,2562284
2015-12-03,247.53561401367188,248.51265265732926,245.3631510782372,246.55857537001447,3807712
2015-12-04,243.43203735351562,246.81143010095357,242.76534660347923,246.81143010095357,5859828
2015-12-07,244.13319396972656,246.23670617634326,243.93779186592474,245.57001541373813,5814808
2015-12-08,241.213623046875,244.12175573264813,240.69636724334347,243.91484779865084,4902660
2015-12-09,240.79977416992188,242.99524861579053,240.202062047027,240.71931777965287,3890616
2015-12-10,243.82284545898438,244.42055756541447,239.61584912059976,240.2365447574851,6514340
2015-12-11,240.54690551757812,243.8228585768841,239.5468833541635,243.68492932381315,3033920
2015-12-14,242.54698181152344,243.65044391677324,239.11008784921196,239.31699576360904,5878016
2015-12-15,243.55850219726562,244.24817659461075,240.30556040679286,242.07571346814282,4557416
2015-12-16,245.36312866210938,246.75395494296953,243.53547499907634,244.37458431131782,6842768
2015-12-17,248.3402099609375,249.20230279810806,244.83436575644382,246.88040503591222,4878012
2015-12-18,246.67352294921875,249.43222031677757,245.63901143638418,249.43222031677757,3172128
2015-12-21,247.22528076171875,248.25979232780682,245.76547560882338,246.3861713233073,3097500
2015-12-22,245.16769409179688,247.47811409227964,244.60447133691179,247.0183312514208,2429536
2015-12-23,246.9263916015625,247.81146803839144,245.788440191771,246.58155443945356,3013968
2015-12-24,246.90342712402344,247.455172238561,245.59305703205365,247.4091771089782,2146352
2015-12-28,247.65057373046875,248.25979170822907,245.46660487417776,246.90342649015867,7755428
2015-12-29,247.8114776611328,248.24827702934945,246.28272196675627,248.04136911146566,4231612
2015-12-30,246.97242736816406,248.73107473397798,246.57011727950146,248.2827975746381,2112560
2015-12-31,248.7770233154297,249.40922476502803,247.13329393389017,247.13329393389017,9290008
2016-01-01,250.29429626464844,250.63913341220018,247.39766983779748,248.8344912859298,3195076
2016-01-04,246.0988311767578,249.20236617992106,245.54708600805492,249.20236617992106,5187536
2016-01-05,244.23667907714844,247.0873386345374,243.99528183246036,246.02981552725706,3160872
2016-01-06,245.3171844482422,247.5356427682461,242.91482978817544,242.91482978817544,4165536
2016-01-07,242.8113250732422,244.8113974173338,241.31703072942503,243.70790729211637,6055428
2016-01-08,244.22515869140625,244.71943088586383,243.05271799349885,244.13319650545057,3488356
2016-01-11,243.36309814453125,243.91484327064038,240.30555851150314,241.85732589329092,3288912
2016-01-12,240.68482971191406,244.58150642251894,239.89171547623573,244.58150642251894,4258736
2016-01-13,243.71945190429688,244.3171641244324,238.39745866575996,241.84583077760797,4515148
2016-01-14,241.32850646972656,243.08718136022682,238.9721195287266,241.420468645861,6279184
2016-01-15,239.5813751220703,242.6389145041291,238.65030354425284,240.92623446331288,5417260
2016-01-18,235.83412170410156,239.42042245808236,234.71915386297783,238.08706898005983,6495388
2016-01-19,238.12158203125,238.52389208040103,235.93761319300154,236.14449305365594,6405212
2016-01-20,234.09848022460938,254.71974781325653,231.70761736437282,235.63875587417684,9563588
2016-01-21,235.178955078125,237.53534245794003,232.97200275449225,234.71917217474646,6300804
2016-01-22,236.857177734375,240.0641523121796,234.96055919577933,235.7996545891503,4236284
2016-01-25,239.35153198242188,240.62741292246244,237.48941651389904,239.07564535487236,10143884
2016-01-27,238.0871124267578,241.08717934695716,237.47789440355396,241.02970647803082,4039468
2016-01-28,237.17901611328125,240.67338326173063,236.78821184317542,238.8572350534556,9951972
2016-01-29,241.35154724121094,242.52398809198243,237.98363168977025,237.98363168977025,5360184
2016-02-01,243.62747192382812,245.29418498959623,242.236617381708,243.2251618734703,4609484
2016-02-02,242.25962829589844,244.89187424994756,241.43199660143995,244.8344013857725,6528628
2016-02-03,239.97218322753906,241.70787489122156,239.5468896598251,240.12161828184963,4850244
2016-02-04,241.2021026611328,242.51250078858456,240.3630213031543,240.92624414110176,5675992
2016-02-05,242.5929718017578,244.55855507990515,240.3745135211921,242.02974892987498,7523904
2016-02-08,238.13308715820312,243.2251891214885,236.85720626474438,242.53551467218372,3481924
2016-02-09,235.880126953125,237.14452989304388,234.63870754498421,236.02953394114277,5535460
2016-02-10,232.86854553222656,236.8226812521729,232.2133464852157,235.38585969924623,7682280
2016-02-11,224.213134765625,232.88004548380204,222.58091103671384,232.19037111415602,8803600
2016-02-12,223.31654357910156,226.77640683868992,222.07512422859392,225.06371285692904,12542144
2016-02-15,223.8223114013672,227.19022677592184,223.24758277304457,225.2936223024573,10912960
2016-02-16,223.78782653808594,225.7533955566507,221.15556672657635,225.63844983589885,7136096
2016-02-17,224.12115478515625,225.27061190472017,220.4658755323594,224.58093763298183,7503924
2016-02-18,227.4661102294922,227.87991205543173,224.60395871692992,226.67298187808896,6799856
2016-02-19,227.43161010742188,228.1902490908955,223.79932798089618,227.3051726154197,3328660
2016-02-22,227.30516052246094,228.97187345675965,225.98328474698266,225.98328474698266,4002396
2016-02-23,223.00619506835938,226.55802072621927,222.0751375155026,226.4200914707814,6078320
2016-02-24,218.30491638183594,221.36248390705268,217.56927496338383,220.69579308618722,6463468
2016-02-25,216.70718383789062,220.06359343995595,215.6841640654895,219.3164462175168,8463196
2016-02-26,220.9257049560547,223.22461967984296,217.2474413979934,218.39689875988756,6209388
2016-02-29,223.4199981689453,225.89133123541797,213.33926378480152,220.94866510247266,8812752
2016-03-01,226.24766540527344,226.84537753435586,223.41998947914522,224.1326613592388,4322560
2016-03-02,231.5466766357422,232.3972778268328,228.74199807416875,229.43167244022152,6358976
2016-03-03,233.53521728515625,234.48927238833994,232.19035795316012,232.36277653579862,4610400
2016-03-04,234.61570739746094,235.6157435850757,228.30518453326582,233.44326666048917,5704624
2016-03-08,233.14442443847656,235.40884965509406,232.07542356134516,235.40884965509406,1913688
2016-03-09,235.59275817871094,236.76519890635245,231.44320647490187,232.88002797027622,6528172
2016-03-10,234.77662658691406,235.81113803821503,232.21333148944007,235.59275240144137,2671392
2016-03-11,236.4893035888672,236.9720980437803,232.88001935123668,234.46627583600556,4730856
2016-03-14,236.2249755859375,238.6158242653281,235.69621401477127,236.3284155154205,3008656
2016-03-15,236.029541015625,237.56983057180892,234.8686060282915,236.30542759399225,7690036
2016-03-16,236.8916473388672,237.765246125338,234.24790954007344,236.09853301495977,4803548
2016-03-17,234.1214599609375,238.85721825210038,232.4547469365605,237.92614664779708,5113484
2016-03-18,236.42034912109375,237.24795264564605,233.42025477380852,235.16743803774884,4135068
2016-03-21,240.37448120117188,240.77679121640148,237.30543612614713,237.47785470410267,5318796
2016-03-22,242.2711181640625,242.90331970164922,239.24803974447215,240.58142148527898,4120264
2016-03-23,241.23660278320312,242.08721804003957,239.2135747323278,242.08721804003957,8464300
2016-03-28,240.811279296875,242.07568219533113,239.46642000837372,240.23655070666766,11270868
2016-03-29,242.25962829589844,243.5699983739211,240.0641536592422,240.81130089351802,6733952
2016-03-30,244.82290649414062,245.96088609325477,242.28262262219138,243.22517202406675,7814380
2016-03-31,246.2482452392578,248.0299040705202,244.84591293304223,245.25970072706573,20080392
2016-04-01,244.7079315185547,247.45515105797176,242.94928445694592,245.70798173058458,5158648
2016-04-04,245.76547241210938,246.62756537263604,244.6045093334314,244.88036785563116,6179960
2016-04-05,243.09873962402344,247.57014584568984,242.6849517887175,245.75399750133622,6663028
2016-04-06,244.02978515625,245.28268238996145,242.9378007196111,243.91483942607746,4295376
2016-04-07,242.65048217773438,244.77697858715555,240.70791019646126,244.60455995936465,3911692
2016-04-08,243.53550720214844,244.4550730219992,242.36306639442302,242.53548498564504,2962796
2016-04-11,246.20223999023438,246.92640367866582,239.74229578335667,243.7539184698502,4049620
2016-04-12,244.37461853027344,246.21375018431124,243.51252556744322,245.89189653227024,4941480
2016-04-13,248.68507385253906,249.4207152609072,245.86890361478208,246.4436322347325,4974604
2016-04-18,250.07594299316406,251.04147590609543,246.35168447988056,249.08739848374944,4117068
2016-04-20,252.38633728027344,252.88060953877468,249.09890619402302,251.01849429930098,3821352
2016-04-21,250.8460693359375,254.06454973929814,250.35179708997987,251.73114583427727,8191728
2016-04-22,251.07594299316406,253.07598730543234,249.47818063987384,250.46672506170577,7809320
2016-04-25,251.32884216308594,252.88060953980747,249.31729185992836,252.88060953980747,5561960
2016-04-26,256.0645751953125,256.3289559642722,251.15639855692143,251.73112715773817,7053796
2016-04-27,258.4439697265625,258.62789412088415,254.94963073783157,255.1450328674717,5763636
2016-04-28,256.08758544921875,261.31761626239916,255.2599817902671,258.4439729584539,8089584
2016-04-29,260.3175964355469,261.15670590071744,254.30592897498357,256.05312657043254,5611940
2016-05-02,256.938232421875,259.7773867440589,256.5589058463449,259.2601308854977,3862716
2016-05-03,257.0186462402344,260.92680096839536,255.90367829801983,257.91522852574974,4695296
2016-05-04,259.1681213378906,260.81185082300414,256.1565489462604,256.9036961610464,5292328
2016-05-05,260.30609130859375,260.8693141169896,258.0991110124562,259.31754688166046,5214248
2016-05-06,257.3979797363281,260.2946065302628,256.84623461774,260.2371336650541,2733152
2016-05-09,262.3981018066406,263.21419960134745,257.248527808962,257.47841925472517,6953180
2016-05-10,263.2027587890625,263.80047101931,261.17970255738294,262.8809051072601,5453000
2016-05-11,261.8003845214844,263.2257002320708,259.7083499557668,260.8578071620204,6147372
2016-05-12,264.1682434082031,264.83493418496795,260.3520511844411,262.99580269757234,4221688
2016-05-13,262.28314208984375,263.91536565509193,259.77731985213757,263.91536565509193,5045316
2016-05-16,267.3177490234375,268.0304067985172,260.363533708338,263.2256706045924,4518768
2016-05-17,265.16827392578125,268.80056995339856,264.6740297732526,267.8350371171561,4295424
2016-05-18,262.2257385253906,264.60510987826143,260.1222257404456,264.60510987826143,4162644
2016-05-19,261.91534423828125,262.69695272996506,260.23712540230275,262.0992405633568,3855796
2016-05-20,262.28314208984375,264.0303113718407,260.60492340014457,262.0647283902697,2016632
2016-05-23,261.3291015625,264.3636574282708,260.51297570302614,262.5245258580047,3463532
2016-05-24,262.0647277832031,262.9153429229248,261.0532279284927,261.70841289985896,3259468
2016-05-25,269.731689453125,270.3408794354994,263.52461938395703,263.52461938395703,5767348
2016-05-26,272.01904296875,273.31793520104526,268.1108885377601,270.37531358077916,13705560
2016-05-27,272.835205078125,273.5708465495595,270.51327880413044,272.01907914266076,5775184
2016-05-30,271.21441650390625,274.7202608367603,270.83509002907925,272.88112938345984,3814532
2016-05-31,271.70867919921875,272.62824489373315,270.6741677928901,272.62824489373315,5515640
2016-06-01,270.15692138671875,271.95005771497875,269.2028663332443,271.95005771497875,5675632
2016-06-02,270.1109619140625,271.409854286285,269.20290186479434,270.05348904859176,7910616
2016-06-03,269.3753356933594,272.4213977355501,268.7546399363468,271.2949238960419,4524420
2016-06-06,269.22589111328125,271.8236759128697,268.98452191093423,270.3523649130034,5547308
2016-06-07,269.8236083984375,271.2719358915023,268.43278183607003,270.5707556794946,5628504
2016-06-08,267.27178955078125,270.8121234323451,266.90396884970517,270.3063734762306,4742812
2016-06-09,266.53619384765625,267.6396561400789,264.94993698544033,267.24885183997776,4648184
2016-06-10,266.98443603515625,269.59369844056977,265.8004894276213,266.30626746710084,6322312
2016-06-13,265.0418701171875,267.81204537526236,264.61657652833776,265.46716370603724,3323236
2016-06-14,264.8004150390625,265.98436141333866,263.0532459353611,265.52457859326375,3828768
2016-06-15,268.8695373535156,269.1798851762473,265.11078996435896,265.52460576994736,3045824
2016-06-16,267.1683654785156,268.7086270331959,265.6050923275296,268.1798935136876,4727768
2016-06-17,268.97296142578125,270.81209278595753,267.94995583185016,268.28328716571514,3761652
2016-06-20,269.44427490234375,271.09948205393067,266.39821330623215,266.44418036930733,2742764
2016-06-21,268.2028503417969,270.2258781477833,266.94992517354825,270.1224382263963,2670968
2016-06-22,269.31787109375,270.1224912805431,268.0534679430751,268.0534679430751,3803840
2016-06-23,273.59381103515625,273.9961210756012,268.39826983970846,268.92703140374755,3926732
2016-06-24,267.11083984375,269.4097539863713,263.68545215866095,266.63955121934595,11173964
2016-06-27,266.6626281738281,268.74315742698354,265.0763993100153,267.1339169633489,4163788
2016-06-28,268.27178955078125,269.6856274396168,264.3751410877423,266.96141964186154,4034980
2016-06-29,270.78668212890625,271.0648048567745,268.7933655039036,270.02180218738124,5420668
2016-06-30,272.67559814453125,273.4984225126117,269.36118508494854,271.41241759514264,16278892
2016-07-01,272.2236633300781,274.6573359268987,271.5978731224833,273.498444214127,4304876
2016-07-04,271.8296203613281,273.38252376145164,271.505125060231,273.08120063330756,7249852
2016-07-05,270.1607666015625,272.1772546813753,269.32637042413046,271.8295872496746,2136328
2016-07-07,274.8080139160156,275.52652116218263,269.0714995952888,270.69394809003984,4832616
2016-07-08,272.30474853515625,274.7963654288733,271.470352257306,274.68047627102595,3118868
2016-07-11,278.07598876953125,278.5743177254129,273.7417462922976,274.88903745002216,5102532
2016-07-12,278.63232421875,280.4286062707741,277.10259290406395,280.4286062707741,7046032
2016-07-13,277.6124572753906,278.58591481265705,276.5810551634476,278.08761410503814,6687072
2016-07-14,278.215087890625,278.6323001646368,276.32608901130874,278.36574945030986,3459668
2016-07-15,283.62713623046875,284.16023771640624,276.99828153129795,279.01477001469937,5774216
2016-07-18,284.49627685546875,287.0574385123423,283.38375793730603,283.9284313101488,4438484
2016-07-19,282.3871154785156,285.2611723557001,281.3441130201767,284.8555602885683,2586004
2016-07-20,285.5971984863281,287.0574130350533,283.1751266657863,283.46484952916444,4690332
2016-07-21,284.76287841796875,287.38198512031573,283.34903612540114,285.2496072999011,9112904
2016-07-22,285.27276611328125,286.1651069820639,283.11721643101254,285.86378385030525,5620272
2016-07-25,289.0159606933594,289.59540648511256,284.3919945924695,285.78266449267716,9872884
2016-07-26,287.126953125,288.71462873159317,286.28095671917725,287.9613492991787,5665992
2016-07-27,286.69818115234375,289.1550539750517,285.0873331481974,287.6368946641569,10734736
2016-07-28,289.3636779785156,290.0126686942949,286.3737598129958,286.94160546936035,10646528
2016-07-29,288.8421936035156,289.7229627275105,286.2462871747804,289.25940598714647,3395676
2016-08-01,287.938232421875,291.7973190051675,284.54267420813943,289.49113592498793,5560864
2016-08-02,288.1699523925781,291.2178141986942,287.49778970898024,289.0275207277994,5329396
2016-08-03,287.50946044921875,289.71135490831176,285.3191662256344,287.660122044545,4733876
2016-08-04,287.6369323730469,288.9580576508505,285.92176692425835,288.93488547449977,4662880
2016-08-05,289.54901123046875,291.0323978551977,287.81067416084414,289.12022707861064,5784912
2016-08-08,289.6302185058594,290.88182724588717,288.45975482237696,290.39509837289177,4728776
2016-08-09,289.0738830566406,290.39503633625566,286.87198921719835,290.39503633625566,4210856
2016-08-10,284.3687744140625,289.94302501376666,282.7115540707598,288.56395557950066,3619720
2016-08-11,284.6817321777344,286.24623589619534,283.23311762360385,284.34566491847727,2856072
2016-08-12,284.7860107421875,286.2462254769008,282.63048934005354,285.33071242931595,4641496
2016-08-16,284.4615478515625,287.0458535249187,281.3325404831827,285.78267297868854,3468568
2016-08-17,286.2230529785156,286.82567095176387,284.16022027221214,285.8753854985741,5511036
2016-08-18,290.3023681640625,290.8586418335666,286.1419583168572,286.9415822651572,6111656
2016-08-19,289.05072021484375,289.7228829619656,287.7411671252056,289.7228829619656,4110636
2016-08-22,289.79241943359375,290.7542767427538,287.63686992907367,288.57558336016297,5501292
2016-08-23,290.0589904785156,290.65003655915535,288.8074100848738,289.95470154346356,5314524
2016-08-24,292.4579162597656,293.0141616326612,289.0391857970129,290.198077479302,5570936
2016-08-25,291.70465087890625,293.61682224784926,290.7195929009659,292.9678315568453,8729888
2016-08-26,291.3684997558594,292.4810469302826,290.62682050174385,292.04066249485464,2521136
2016-08-29,286.9647521972656,290.99770090307976,286.5243677001315,290.99770090307976,2944184
2016-08-30,294.0455627441406,294.474346964975,288.32062143128724,288.58717215015764,9867608
2016-08-31,299.27215576171875,300.15292469588775,293.31546424914745,294.12668836994715,11161364
2016-09-01,297.5338439941406,298.9940588546862,295.61010074645463,298.53050217429137,5224676
2016-09-02,297.8583068847656,298.76224797172443,296.9427938580101,297.9510238693963,3955188
2016-09-06,301.4045715332031,302.2157957569504,299.0056712730588,299.0056712730588,5508884
2016-09-07,298.2407531738281,302.47070751260594,297.3947566474222,301.54359423287383,4016444
2016-09-08,298.85498046875,300.2108780229419,297.5106548549555,298.9940418062884,2905380
2016-09-09,299.08673095703125,300.0370163505537,296.28221912024543,298.99401397621807,4013768
2016-09-12,296.653076171875,297.69607860746333,294.70613263345973,295.4478119370218,3985728
2016-09-14,294.2310485839844,295.9809866429908,293.2923631355825,295.5174298902218,3849508
2016-09-15,296.5835266113281,297.5801846844593,294.32368803706095,294.82201707362657,3501812
2016-09-16,300.8135070800781,302.3548386698554,297.55703844214656,297.55703844214656,6525816
2016-09-19,299.0287780761719,301.8912344098147,298.5304490747342,300.6164537654738,5894832
2016-09-20,298.6347961425781,300.1529556137566,297.6149940631276,299.60828216376484,3778248
2016-09-21,299.6893615722656,300.8482531483378,298.5072978233223,299.45758325705117,4256400
2016-09-22,302.9111022949219,305.2404575136251,301.43931557187506,302.4707178134012,6555800
2016-09-23,304.25543212890625,305.58815765630453,301.65952589718944,302.71412871878084,4876808
2016-09-26,300.41949462890625,303.3746684007465,299.8516207320905,302.72567774531535,5576772
2016-09-27,300.8598937988281,302.737292745624,300.1181861145503,301.0800719105599,4056812
2016-09-28,300.21087646484375,301.3118235122925,298.76226192872696,301.2886513383652,4989652
2016-09-29,296.0968322753906,302.7025150306538,293.8833377892199,300.8366880579179,16450012
2016-09-30,295.0190734863281,296.908072738122,293.75589276895244,296.00413149502214,4138428
2016-10-03,298.34503173828125,298.97085015631546,295.8418429458972,296.90801752190805,3900548
2016-10-04,298.88970947265625,300.15288985397,297.20931684606063,298.66950311804965,2775512
2016-10-05,298.0901184082031,301.32344323792506,295.84187982001663,300.8482863220407,3647020
2016-10-06,297.12823486328125,300.29201489719253,296.45610030460625,298.32189898585824,2895712
2016-10-07,296.8153381347656,298.47255893329077,295.80710800901755,297.60339015363644,3337464
2016-10-10,297.6844482421875,298.5072725087205,296.3864954457085,297.83510979295045,4719312
2016-10-13,292.6780700683594,296.444467723169,291.2178553525787,296.444467723169,4519356
2016-10-14,292.4579162597656,293.89493062850244,290.65003391809313,293.3734293714724,4067116
2016-10-17,286.8719787597656,293.5240326713305,285.72468753938904,293.3154265512852,5135360
2016-10-18,291.5423278808594,292.0406568826026,287.17331260122586,288.14677014020145,2610968
2016-10-19,291.6582946777344,292.7360697141934,289.2593943019108,292.2956851699862,3044904
2016-10-20,290.9977111816406,293.7674510778955,289.9547086326025,292.0986583167364,3200356
2016-10-21,294.52069091796875,295.0421921220526,289.7228911576977,291.11356103525463,3956408
2016-10-24,292.863525390625,295.94616025842663,292.2840795553329,294.7640964130815,3255664
2016-10-25,289.79241943359375,293.8948840210036,288.3438050604619,293.8948840210036,5501796
2016-10-26,287.242919921875,293.1996121881583,286.2578619362626,288.1816052616229,5366540
2016-10-27,290.2096252441406,291.3453446568231,283.7314325971149,287.1733349481335,11623860
2016-10-28,291.82049560546875,292.4810581372965,287.4282796086208,290.76589296652804,5320536
2016-11-01,291.99432373046875,292.93300890190164,289.0391503035217,291.1135548427843,3402416
2016-11-02,288.8305358886719,291.0440016906354,287.7527611287343,289.9778271630653,6474432
2016-11-03,290.8702087402344,292.0407006434481,285.4929627123549,288.56402563578797,6315812
2016-11-04,288.2627258300781,290.3719314734801,287.8107693597811,290.3719314734801,5734920
2016-11-07,289.5954284667969,290.8470371306372,287.4051345250166,290.186474536549,5671392
2016-11-08,290.7195739746094,291.5771424881555,287.42830467486414,289.9778663341405,5348164
2016-11-09,290.01263427734375,291.438076659915,277.05622002240665,278.1339949113387,13645468
2016-11-10,296.3402099609375,297.37161226372416,290.6732125330377,292.90987918806036,10700736
2016-11-11,295.7027893066406,297.13980356038076,293.3386334880095,295.2855770171023,7139320
2016-11-15,290.8238525390625,298.76226014971235,289.873567067679,296.0968094191292,12512524
2016-11-16,288.4133605957031,293.8949237839198,287.4167307480977,293.8949237839198,8647744
2016-11-17,285.1336669921875,289.46793838562087,283.9632034971066,287.0110939466605,4815624
2016-11-18,280.7762756347656,286.4780169147087,280.26634633097194,286.4780169147087,6879900
2016-11-21,277.8326416015625,282.6536416405713,275.43374181455454,282.6536416405713,5552520
2016-11-22,277.6820373535156,279.7100977247997,275.66554892268715,279.7100977247997,10017784
2016-11-23,274.599365234375,278.82931958383887,273.7533687058318,278.82931958383887,3532692
2016-11-24,270.1376037597656,274.9586036297921,269.07142925771626,274.4255022321429,15285996
2016-11-25,275.6539306640625,276.5578433573479,268.39925889477155,270.94882007598267,5969960
2016-11-28,274.5298156738281,277.879029323359,273.0580290226353,273.55635806178367,4130180
2016-11-29,273.2087707519531,276.5000124948212,272.68726938678503,274.58784082253817,3932644
2016-11-30,278.0412902832031,278.5975639564092,273.7533910043399,274.65733218664303,6442840
2016-12-01,277.4966125488281,279.9650574838581,276.51155462163456,278.66710446197146,4476984
2016-12-02,275.6075744628906,278.58591999805265,272.7335178467879,275.5844022912386,4062672
2016-12-05,277.28802490234375,277.89064295703616,272.68723028796796,275.2599643285913,4551936
2016-12-06,276.84759521484375,278.79453870669755,275.8625373825681,276.97508460455634,2702964
2016-12-07,273.8692932128906,279.5015184457129,270.48533495522105,278.5628048091573,5628192
2016-12-08,278.0180969238281,279.42036708763936,275.12086790211254,275.12086790211254,4309696
2016-12-09,277.74005126953125,278.66716481355934,275.3527225763548,277.9254570023809,4387952
2016-12-12,274.5298156738281,276.3145256869116,273.7533639721675,276.2797532807847,3425272
2016-12-13,274.9470520019531,275.89733752408887,273.1623701260703,273.5563819812899,2526868
2016-12-14,272.50177001953125,275.35265478281616,271.968696838917,275.1208764538744,4314144
2016-12-15,272.71038818359375,276.8592261130046,269.69726977466195,269.83633111950024,4941488
2016-12-16,274.0314636230469,274.6572536431632,271.5398471870435,272.71031049033456,3255828
2016-12-19,272.74517822265625,273.38256869651417,271.29656350934283,272.75677845766523,3160436
2016-12-20,273.93878173828125,274.6572888183121,271.5746260737686,272.57128409310974,4189992
2016-12-21,273.4984436035156,274.6573353137,272.33955189333125,274.4255569716631,2658876
2016-12-22,271.899169921875,273.3825569834033,270.80982302143894,272.66404977503555,2805716
2016-12-23,274.9470520019531,275.64238701228476,271.0184205108812,271.41243236610086,4752516
2016-12-26,272.33953857421875,274.91227238635435,271.20381909513094,273.1623629655102,4183864
2016-12-27,274.70367431640625,275.09771446614985,272.084596078335,273.33620475961663,4899296
2016-12-28,275.0629577636719,276.96352892259637,273.73023224680554,275.793065227215,6507840
2016-12-29,279.3392333984375,279.9766238091314,273.83449803335384,274.6573224262782,8100816
2016-12-30,279.5710144042969,280.91534005519577,278.12239982067894,278.1340000546493,4066540
2017-01-02,277.46185302734375,280.4749715328303,276.2913893530886,280.3243099489049,3708656
2017-01-03,275.79302978515625,278.5859415769371,274.83114409446534,278.31941914241906,3847500
2017-01-04,274.7732238769531,276.2797830968605,274.3792120136638,275.78145400393254,6967120
2017-01-05,274.9354248046875,276.8591961285741,274.2169176897935,275.58441540131827,6776384
2017-01-06,276.6622619628906,277.7632092401035,275.39905284781753,275.8394374173544,5525260
2017-01-09,277.0214538574219,279.0958869255041,276.3145469137097,277.86745043632675,4573796
2017-01-10,281.4600524902344,282.0279264616719,277.04469160335174,277.2532694976987,5546116
2017-01-11,286.01446533203125,286.9647508466879,281.7265661354003,282.1901228053063,9343404
2017-01-12,286.2461853027344,288.26264508837755,284.0442915696364,286.2461853027344,2916316
2017-01-13,285.6667785644531,287.33557114627126,284.76283746044663,287.17333764004655,3850412
2017-01-16,289.17822265625,289.5954066505998,285.73632030991945,285.8985538144024,3765864
2017-01-17,287.05743408203125,290.27915821766175,286.5359328897143,289.0275496974509,3559612
2017-01-18,288.0077209472656,291.11355594481745,287.60210890673744,287.61370913948133,4612888
2017-01-19,286.5475769042969,288.5408649963926,286.24625374095183,288.5408649963926,3512412
2017-01-20,286.55914306640625,288.56403135252646,285.08735627599,286.4780263066046,13942068
2017-01-23,288.4828796386719,289.7228879404067,286.4316472507039,286.4779915954741,4793848
2017-01-24,293.7906188964844,294.7061319371481,289.54906435114606,289.72289809000006,10261864
2017-01-25,299.133056640625,300.29194809537194,294.38160167616263,294.9610474035361,15636984
2017-01-27,299.4344177246094,301.3118164608303,298.5304766165765,301.08003814047584,6852236
2017-01-30,297.82354736328125,299.6777739631059,296.80374536797973,299.6777739631059,5319628
2017-01-31,298.2176208496094,299.61986289662667,295.9809541047322,297.2325628582663,6101040
2017-02-01,302.6329345703125,303.62959264208706,296.79213234976527,298.1132574279303,10910664
2017-02-02,301.01043701171875,302.63288495066007,299.5965951807192,302.63288495066007,5971636
2017-02-03,303.8730163574219,305.02030786987336,300.5006300556921,301.08007592930505,8005104
2017-02-06,304.579833984375,305.94733150353267,303.9656158799041,304.1626500537276,4310220
2017-02-07,302.96905517578125,305.48384444293157,301.99556919629316,305.02028777458116,3411920
2017-02-08,302.621337890625,305.64602767807105,300.8830006702828,303.0617223117615,4940960
2017-02-09,300.76715087890625,305.9242186407455,299.5850870730453,303.4905462138101,4465376
2017-02-10,302.14617919921875,303.3398430751269,300.8482264080342,300.92934315249903,3296736
2017-02-13,303.6759948730469,304.78854231438686,301.12643292212806,303.06180485583997,2795792
2017-02-14,303.8845520019531,304.55671479370994,302.2389315761018,304.55671479370994,2446060
2017-02-15,306.4573059082031,306.8745182321648,303.03857543696114,304.0931781877645,6126940
2017-02-16,307.7784118652344,308.96047554287,306.0053022021561,306.6426925305454,5043700
2017-02-17,319.1703186035156,337.00564743049114,315.3227761977014,334.9196427352543,402259960
2017-02-20,326.598876953125,328.07066386035604,315.0215593466761,315.49668800222753,10566716
2017-02-21,328.09381103515625,329.54242553004275,323.88702888335547,325.8919170029287,6260028
2017-02-22,324.2926025390625,328.84705163029633,323.2959445673045,327.96628280440564,5296776
2017-02-23,323.16851806640625,329.4381045528116,321.4881252715048,325.3704120735184,34494980
2017-02-27,323.00628662109375,324.1072337281035,319.5296115463261,322.38049642493723,4681376
2017-02-28,322.19500732421875,323.62044951969665,320.8970545103098,322.8439978777979,2928008
2017-03-01,322.5543212890625,323.6784405402724,321.3374850464299,323.6668403063745,3481736
2017-03-02,319.87725830078125,323.56253929959183,318.98491741480177,323.22647204813603,4601988
2017-03-03,319.15875244140625,320.8970898730043,317.30452584770165,320.8970898730043,2492824
2017-03-06,320.0279235839844,322.14870092526644,318.2548137316583,319.1124105137014,3679124
2017-03-07,321.29107666015625,321.59239977544416,318.9732935987116,320.37556366818575,3112876
2017-03-08,322.6817932128906,324.30424159078984,320.0974873598403,321.6851633281337,3782144
2017-03-09,323.1452941894531,324.18829653831295,320.23649350358255,320.23649350358255,3509316
2017-03-10,324.5128173828125,326.3438717537174,322.90196938996525,323.33075361962767,5860704
2017-03-14,326.96966552734375,330.0871009151192,326.03098030493896,329.6119440406259,7155020
2017-03-15,328.3371276855469,329.12517954875,326.9348859739822,327.02757465756576,4271860
2017-03-16,328.510986328125,329.7857670498432,327.65341788717865,328.68482006290475,4980108
2017-03-17,330.4811096191406,330.86354950313614,327.4679914800578,328.7891448708375,3390464
2017-03-20,332.8568420410156,333.72601074714595,330.50428641777245,330.66654821886806,8142344
2017-03-21,333.9809875488281,334.919701142689,332.3701394038865,332.3701394038865,5557280
2017-03-22,331.6516418457031,333.0654841014703,330.4695779365619,330.90993416054704,5636544
2017-03-23,331.6516418457031,332.60192740821844,329.7974150726956,332.4628660588939,4922472
2017-03-24,330.1334228515625,332.474378071877,329.5887494938198,332.1383108471475,3810364
2017-03-27,326.7726745605469,330.05234360544546,325.428377215634,330.05234360544546,5864084
2017-03-28,329.17156982421875,330.2145722993186,327.5259493554895,328.7312136360011,8061400
2017-03-29,331.1184997558594,332.55554230479794,329.1252118777851,329.3106458496648,8575772
2017-03-30,339.8333435058594,343.0202952374229,330.2956887765442,330.9794234671067,34321092
2017-03-31,334.351806640625,337.0056569270489,332.9611368046124,336.95931258314863,9651392
2017-04-03,332.1846618652344,336.10172095451867,330.5158693540988,335.15143554419836,4149052
2017-04-05,331.9877014160156,335.2673706032081,330.87518235401785,332.6598642642616,5744080
2017-04-06,333.4130554199219,334.45605767879545,330.29564887458747,331.7906074616741,6124416
2017-04-07,333.4942321777344,334.91967451337945,331.11850438274325,331.6863782462778,4648360
2017-04-10,332.4049377441406,334.45617055354114,332.0572702071827,334.45617055354114,3393876
2017-04-11,333.6448974609375,334.03890929451086,331.7906708685877,332.37011667869706,4356260
2017-04-12,334.61834716796875,336.06696165888303,332.71777627318994,333.5290003881019,3565092
2017-04-13,333.830322265625,335.82361013898577,333.0770427331789,334.4561124060487,4804236
2017-04-17,333.0191345214844,334.6415829223956,331.03741837164085,333.83035872194,7137056
2017-04-18,335.4527893066406,337.237471135555,333.2972395140399,333.7607961753946,3638860
2017-04-19,335.8468017578125,337.64308382380494,333.2972401157587,335.3832450956209,4338144
2017-04-20,338.8946533203125,339.79859436581097,336.7622759446174,336.7738761771334,5781372
2017-04-21,346.8794250488281,347.4356986706603,336.8434408557067,339.78701417690996,17258032
2017-04-24,355.3277587890625,356.7068284524586,346.97213917695285,347.2270896659944,20206952
2017-04-25,356.2548828125,358.213398325253,354.528117329578,355.7913261663334,9057780
2017-04-26,359.4071044921875,359.9517779566517,340.3549071247101,357.6223942192179,7795852
2017-04-27,363.5675048828125,364.8075133650495,358.35249214076043,358.35249214076043,16180420
2017-04-28,358.4451599121094,361.55099495506107,356.26643811820287,361.55099495506107,5437728
2017-05-02,357.0776672363281,359.4649952035172,354.70193950221574,358.5610541143266,4007040
2017-05-03,357.9352722167969,360.2414551920234,356.7879525526034,360.2414551920234,2507964
2017-05-04,355.7333679199219,357.6107666061252,352.90565551098183,356.76477010071994,5131028
2017-05-05,355.1307678222656,357.6108130822503,353.7632982254876,357.4253790895067,2757896
2017-05-08,355.7333679199219,356.93860383635456,354.28475345630034,356.47504720799566,3747252
2017-05-09,355.9535827636719,358.2365937354766,355.235075574159,355.7334046597621,3345836
2017-05-10,359.67364501953125,360.41532440196323,356.2549144504451,356.9386492469604,2342244
2017-05-11,358.4220275878906,361.5742073264447,357.170418903879,359.48820228417674,3875744
2017-05-12,359.6387939453125,360.8556299834042,356.0578023429792,358.30606876073585,6147604
2017-05-15,360.04443359375,360.92517419868875,357.4600997701221,359.2563816785147,2804780
2017-05-16,361.4930725097656,362.03774591827766,358.85079392956044,360.4152976331125,3590376
2017-05-17,360.91363525390625,362.82580649249013,359.60408201974053,361.2960751602737,3472472
2017-05-18,360.9020080566406,361.9218382996768,358.8160032249422,359.0246093667623,3107280
2017-05-19,361.8639221191406,363.86881035670604,358.1554687939805,361.4583100367012,2854136
2017-05-22,365.2825927734375,366.2097059530655,362.2926471104874,362.7562037003014,2860052
2017-05-23,363.683349609375,367.03256324814083,362.73306417338574,366.2097389098719,3080172
2017-05-24,363.138671875,365.155131880701,362.03772488830384,363.6717733121744,3467388
2017-05-25,374.8203430175781,377.65962764339935,363.21982594334963,363.21982594334963,20090804
2017-05-26,376.8715515136719,378.26222144545665,371.10026563811465,372.38664664231646,5443156
2017-05-29,378.23907470703125,381.9707002829407,374.93623339693903,375.4345624813231,5916340
2017-05-30,377.5785217285156,378.6099240396044,374.58857543924887,377.7986998374993,4434184
2017-05-31,379.23565673828125,380.8117605520843,376.21096679079596,376.6397510025179,5318912
2017-06-01,377.47418212890625,380.08168833829467,375.6083835505846,379.8846824166804,3359540
2017-06-02,378.78375244140625,381.5303201139046,376.91792548564445,378.7258078563609,3213544
2017-06-05,379.0850830078125,379.8731067452227,376.63981015381955,378.65627043549495,2899900
2017-06-06,379.8730773925781,380.99722491216335,377.7986726850137,378.9575643190168,5002632
2017-06-07,380.3018798828125,381.2521653389345,377.87977945579496,380.2091628958916,2554276
2017-06-08,381.2174377441406,384.61299619984396,380.4989305242346,381.0204318070583,4248768
2017-06-09,386.328125,387.0698043257182,380.13962672135574,380.13962672135574,5305272
2017-06-12,386.78009033203125,388.4604832338483,384.7520299332865,385.67914325842696,3971412
2017-06-13,388.6227111816406,392.14575874266063,384.983802749891,385.15763649586484,5051620
2017-06-14,387.347900390625,389.3759606033131,386.37444280583503,388.228669286007,3858360
2017-06-15,385.76025390625,388.3677600919112,383.268636884396,386.6062504606929,3526692
2017-06-16,386.8959655761719,388.15914611892197,384.31163161668314,385.910907703655,3755104
2017-06-19,392.3775634765625,393.096070682957,386.6989940592674,387.3016120938804,3825532
2017-06-20,390.90576171875,392.63249899502165,389.3528299002555,391.7053856561904,3660264
2017-06-21,393.7218322753906,394.31287832581785,389.29487189376306,389.99020687391146,3410932
2017-06-22,393.5596008300781,397.7316107328705,391.9834968828332,392.8526656125816,6675460
2017-06-23,389.0746765136719,394.6605282806946,388.27502434607896,394.48669454338113,5217468
2017-06-27,386.5251159667969,392.8642472774913,383.88283749459885,391.47357737562413,6000432
2017-06-28,386.2469482421875,388.22866408361597,384.24208852196796,385.9108810144601,4449036
2017-06-29,388.02020263671875,392.4182490765758,385.2320304802496,388.94179898626703,9187708
2017-06-30,385.4537353515625,387.3086055337555,383.3421921035905,385.8620426164324,4330432
2017-07-03,386.98193359375,389.05847327027374,384.3337751690905,385.5820230452513,3504332
2017-07-04,385.7569885253906,388.8717836111036,385.442014367285,387.3668912550151,3766080
2017-07-05,384.68377685546875,387.1919500783323,383.8088327079582,385.69870637033,4014200
2017-07-06,386.8769226074219,388.00851118612826,385.2903460459103,385.57034522330986,4571676
2017-07-07,388.98846435546875,389.5484342682471,386.84194625128004,387.5068980621562,5517396
2017-07-10,391.1233215332031,407.84059176012454,387.55356685197154,389.175118453025,1309252
2017-07-11,392.06829833984375,394.4948157258668,388.96515180561414,391.4033465057242,4410280
2017-07-12,392.2665710449219,393.1415150695574,386.9702546082952,391.97492303671004,5738892
2017-07-13,392.8032531738281,395.07810786027517,391.89330560299857,393.8415087920641,4481004
2017-07-14,391.9632568359375,393.38652194136114,390.10838684362545,392.88488165676523,2443252
2017-07-17,392.5233154296875,393.7599146915208,391.2750673333135,392.5699962116246,2399340
2017-07-18,392.8032531738281,393.80650533140647,391.35666182292505,391.9049544357154,2322188
2017-07-19,394.84478759765625,395.7547066830075,392.406592933212,393.14155167859474,3987244
2017-07-20,399.18450927734375,400.14110914815274,393.87651497231724,395.21809595051076,3698476
2017-07-21,397.35296630859375,400.1994397814669,396.64133369974854,399.9311178888898,3873508
2017-07-24,404.8307800292969,405.97404596994545,395.4747171948606,398.97449345322224,19678176
2017-07-25,405.89239501953125,410.4071007499502,404.35249914389453,410.4071007499502,11160468
2017-07-26,407.73565673828125,409.47386774732763,404.224202776208,406.4407279862363,3895344
2017-07-27,417.5583190917969,419.69318834660316,408.6688929212744,409.7071485053387,17961712
2017-07-28,414.956787109375,416.8233343665439,410.8970411287823,413.4402174629252,9255396
2017-07-31,416.33343505859375,417.87333108493374,412.1687065505645,414.73520942154954,7369140
2017-08-01,419.31988525390625,422.1080576759133,413.48692430567553,415.7384529279435,8516860
2017-08-02,418.02496337890625,421.60639551952596,415.7851121869513,421.60639551952596,7397916
2017-08-03,415.29510498046875,418.1066032980485,414.00020485476455,417.17332962997256,4256784
2017-08-04,417.6983337402344,419.21490358763646,412.0753650791946,414.6068644359148,3545068
2017-08-07,417.30169677734375,419.1448896220629,416.4734049436376,416.7067233777797,1918660
2017-08-08,414.8168640136719,419.3315701732294,412.0636950036741,418.129974499851,4035372
2017-08-09,411.67864990234375,414.6184846017171,410.255413322588,413.20689685350607,3270056
2017-08-10,410.7454528808594,412.04038166761734,408.9722383615535,410.64047097112484,7788444
2017-08-11,408.08563232421875,410.17382098736914,403.9092265166629,407.14068124172877,6359836
2017-08-14,409.9871520996094,414.12855441692386,407.8406338403202,409.00722604238064,3577084
2017-08-16,415.5984191894531,417.59330299406304,407.96891854967566,411.1886955295927,4426832
2017-08-17,411.9003601074219,415.5284445883388,409.18219471428085,414.43185936492733,5454868
2017-08-18,408.80889892578125,410.8737613658665,406.674029563149,410.64044293238226,3707464
2017-08-21,406.72064208984375,410.407084370952,405.55405003648684,409.2404923175951,4009724
2017-08-22,407.6072692871094,409.24049818522604,405.2274328566401,408.61054985988176,6609556
2017-08-23,413.54522705078125,414.8284783760305,408.30723985203764,408.30723985203764,3360524
2017-08-24,411.22369384765625,414.1284966329734,410.4420828775861,414.1168478013311,7878276
2017-08-28,411.1654357910156,413.24197567852235,410.2554881457873,411.2004392545352,1507784
2017-08-29,407.40899658203125,410.4071328168185,405.5074456143437,410.4071328168185,4918596
2017-08-30,412.6353454589844,412.97364581022504,408.31895424571366,408.76223650423447,2694320
2017-08-31,414.478515625,415.2718039871628,409.80049816918256,413.4402599988813,7303436
2017-09-01,412.41363525390625,415.64508968843177,410.897065517441,415.5401077914852,2295172
2017-09-04,408.5172424316406,411.8070265794524,407.397302581586,411.8070265794524,3642524
2017-09-05,409.5555419921875,411.7837446174497,408.5406124148781,409.94052313703077,3682436
2017-09-06,410.6170959472656,411.2937250662833,405.5074168170147,406.84899774146686,5751632
2017-09-07,412.1686706542969,414.54850717126357,410.6637497404406,410.6637497404406,6946420
2017-09-08,417.0917053222656,417.6399979473423,413.2069476898007,413.7669176291094,8311664
2017-09-11,425.421142578125,426.73939736958505,417.68663112856564,418.3399341080733,11477676
2017-09-12,428.18597412109375,429.28258783795957,424.2429154135185,426.4360858847424,6687680
2017-09-13,429.7375793457031,431.40581195133893,425.57285072971456,428.1393536672293,4995376
2017-09-14,429.16595458984375,432.2224205313583,427.3227331731081,429.340943424067,8154016
2017-09-15,431.39410400390625,432.0590843209572,427.77766830329546,428.37264169815563,3767332
2017-09-18,434.0772399902344,435.01051366355586,432.2223699570088,432.4673656887566,4084928
2017-09-19,431.5690612792969,435.83879967071306,431.0674494715296,435.11551827971545,4241468
2017-09-20,431.3706970214844,434.3105030212854,430.53075651886246,431.17238208744493,3446128
2017-09-21,429.0959167480469,431.2891156752129,427.1360362497016,431.1724564608025,7712496
2017-09-22,425.5961608886719,429.0609340278938,424.6395609805162,428.09268528648613,8243524
2017-09-25,419.9148254394531,425.21114216890004,418.2465930439988,425.21114216890004,10149228
2017-09-26,418.1766662597656,419.1799184986521,416.4734301947581,417.4183813028284,11438732
2017-09-27,414.49017333984375,421.27973366903063,412.97360360907595,419.03988253214715,7337220
2017-09-28,418.8765869140625,419.73985370873305,411.4103971871701,413.90689298459836,27646464
2017-09-29,421.3031005859375,425.1062025944049,419.09825269495053,419.9965230030839,6213632
2017-10-03,422.03802490234375,424.87284944580273,419.29653342459073,421.8397099385015,4394424
2017-10-04,419.273193359375,422.74964345242824,418.4215754451159,421.816369788857,6625104
2017-10-05,419.6465148925781,421.13975851375284,418.36326355084645,418.8065742560589,3336196
2017-10-06,419.9964904785156,421.0114199294014,418.573253784529,419.5065274830452,3030660
2017-10-09,418.9232177734375,420.6731059011461,417.7566256882984,419.6931799421301,3062492
2017-10-10,420.6031494140625,423.4613003653469,418.2583161305376,419.7398825600543,3798180
2017-10-11,417.67498779296875,423.5312746144555,417.08001441161366,420.7314534904376,5267440
2017-10-12,424.35955810546875,424.9778291399021,417.1733393021696,418.8298944051615,5381560
2017-10-13,431.82574462890625,433.16732554856765,425.10616271705766,426.20274790236687,6433464
2017-10-16,433.3073425292969,437.0637636822569,429.7725624997823,433.97229438088766,3274544
2017-10-17,431.93072509765625,432.5023438342514,429.0959005979289,431.6390770726072,2613288
2017-10-18,435.95550537109375,437.47207523189763,429.0726113874452,429.5392482676926,3926720
2017-10-19,431.2657470703125,435.1388269111807,429.45752942497114,434.39221940495935,570008
2017-10-23,434.74224853515625,436.23546372456025,428.3843212222505,433.9489601650016,4162892
2017-10-24,435.6288146972656,438.54529493663097,432.3390306835121,434.6722148750043,11328872
2017-10-25,418.8298645019531,434.6721899500043,416.4733542999236,433.97223473269344,21367208
2017-10-26,418.8882141113281,422.306334615377,410.13877347703163,412.50696110496494,28571464
2017-10-27,417.8849792480469,421.72305597213847,415.07348081573133,420.99977454611326,7472088
2017-10-30,423.4729309082031,423.7062493274363,418.19994032978394,419.5648473860475,5422352
2017-10-31,421.95635986328125,422.65631511879127,419.7981644921254,422.65631511879127,4682460
2017-11-01,424.9195251464844,425.80614659765524,422.773006923261,423.4962883801349,4190612
2017-11-02,425.1295166015625,426.92608564777805,423.9279209597358,425.33950889024413,4737944
2017-11-03,427.1360778808594,429.3059508728824,425.01288566790237,425.9694856230526,3810488
2017-11-06,426.6460876464844,429.3059235210724,425.24617702630695,425.80614697062884,6148244
2017-11-07,425.5028076171875,430.4608242339314,424.8145296440704,428.8392725447213,7446376
2017-11-08,426.02777099609375,427.81266266144144,424.4062193186311,425.85278217559403,3283144
2017-11-09,426.4710693359375,428.13930173923734,424.8961699971147,426.2727543747066,3113308
2017-11-10,425.1061706542969,428.0926578889359,422.8546421551846,425.0361637342456,7744360
2017-11-13,423.1346130371094,425.3744640725667,418.80654514740314,425.1061422053307,3335872
2017-11-14,420.5214538574219,424.40621129532565,419.97316125980547,423.6829298805177,4712468
2017-11-15,420.0315246582031,420.82481305621104,417.17337374746126,419.50655816439337,6148368
2017-11-16,421.76971435546875,423.70626871622164,418.8532339815961,420.9064475573039,4012972
2017-11-17,425.9344177246094,428.90922733307497,423.0412638601261,426.6693479017008,6358772
2017-11-20,428.874267578125,429.2358940472531,426.7393982982609,426.7393982982609,2392424
2017-11-21,430.7641296386719,431.63907370699684,428.3959419974884,428.710916165835,2275532
2017-11-22,432.864013671875,433.9722762051947,430.36751788405616,431.56908500360004,5660796
2017-11-23,429.9708557128906,433.9722724155535,428.8392670428964,433.7389539895236,3232580
2017-11-24,431.9657287597656,433.4589723449685,429.53921149396746,430.0058483342651,5203684
2017-11-27,433.400634765625,434.438890323683,430.61246260739586,431.4057509175563,3870472
2017-11-28,435.2204895019531,436.53874421199157,433.0039646115128,433.038968069191,5090540
2017-11-29,437.075439453125,437.5887286220567,432.99236680535853,435.13888503339683,3274584
2017-11-30,432.5023498535156,437.22704792506545,429.305898846993,436.0021262028118,5796312
2017-12-01,431.2190856933594,433.9722543987122,430.2624858826019,432.78233617161135,3858148
2017-12-04,427.9293212890625,432.78235596344297,426.99604758100884,432.78235596344297,3641932
2017-12-05,424.7444763183594,426.63437817197354,421.6063551833466,426.0394048504653,3893360
2017-12-06,420.7431640625,424.9545449140192,419.7398833545866,424.6278933941459,6395120
2017-12-07,422.2246398925781,423.8461913479575,420.6963930103505,421.5246847064432,4231304
2017-12-08,429.39923095703125,432.33903738764764,423.2396188997263,423.2396188997263,8956400
2017-12-11,430.79913330078125,432.04738114259635,429.30588972721876,431.1724370738588,3198232
2017-12-12,424.6162414550781,431.6157947672188,423.69461651355977,431.42912861972627,2410588
2017-12-13,424.9545593261719,430.4725464443247,423.4963189926884,424.6512624255612,2907460
2017-12-14,428.8509216308594,429.30588114500694,422.7729655623655,425.5727865263547,3683092
2017-12-15,437.1104431152344,440.5052379890615,432.9223882885083,433.03904751467064,12450124
2017-12-18,438.39361572265625,443.07166124254644,422.14301122722367,432.80565118742686,12297988
2017-12-19,439.6885681152344,441.8234373817977,437.7403649795602,438.59198291970597,4952112
2017-12-20,435.87384033203125,444.0283082482149,434.82390737383145,443.0483822130634,9343504
2017-12-21,435.9088134765625,439.80521968016706,435.1855035928824,438.6153014398823,6854544
2017-12-22,437.8570251464844,438.6386361689391,434.38057494017147,438.405317745445,4470904
2017-12-26,435.92047119140625,439.2919395023736,433.2023058592517,438.8719549472435,6785696
2017-12-27,433.2140197753906,436.37549607590756,431.9074421886245,436.3288152984752,3489384
2017-12-28,438.1837158203125,438.84866769048364,433.5056696184189,433.7156619145928,8700520
2017-12-29,436.86541748046875,438.4519656556206,435.8738141905291,437.8920242298332,6345872
2018-01-01,432.6889953613281,438.8136036806783,431.75572171266526,436.93537907024364,6580516
2018-01-02,436.853759765625,437.4720593056945,433.6339824978874,433.6339824978874,4776316
2018-01-03,432.25738525390625,438.2303312304897,431.9190564493103,437.4720463501494,4531288
2018-01-04,433.9489440917969,435.25552157475755,432.3390412640181,432.3390412640181,2373776
2018-01-05,434.8122253417969,435.85050945572596,432.93402904792623,434.67223997847327,2870868
2018-01-08,434.1122741699219,436.4687846655706,433.4473223268743,435.1388809794755,4570308
2018-01-09,434.83551025390625,436.2704241747234,432.80565147506815,434.438880348559,5305528
2018-01-10,434.9522399902344,435.81553533782073,433.3423654817401,435.18555843856757,4615888
2018-01-11,436.9004211425781,437.7053583034603,433.0973194833679,434.9521895399674,4059096
2018-01-12,435.2088623046875,438.2069983198087,433.97226328025886,437.0054027547983,4336708
2018-01-15,442.7800598144531,444.3316331027293,433.9372854358322,436.29379593198075,12576444
2018-01-16,443.3399963378906,445.6381770520921,439.86354622379923,444.109930026245,6445384
2018-01-17,441.0884704589844,443.89996879622515,440.2718559937072,442.60504018021334,2905496
2018-01-18,451.3078308105469,455.90419228809475,447.51640648880607,448.9046396941117,16649540
2018-01-19,455.4842529296875,457.28082202913674,447.7964216270681,451.50619056618507,11455988
2018-01-22,458.08575439453125,463.8370596482925,455.70591769427034,457.30414331521797,8849768
2018-01-23,455.27423095703125,458.8673117344211,453.407683651893,458.47068182457986,5047796
2018-01-24,456.7558288574219,459.4039873339698,455.1109225382041,455.5659105641331,4790568
2018-01-25,460.79217529296875,461.9704446377016,455.0875516494126,455.88083992736387,8723668
2018-01-29,466.5552062988281,468.2584137565709,461.50385657084894,461.50385657084894,8235892
2018-01-30,465.5869140625,467.0801576690488,462.93875565220617,466.12355782901454,6397560
2018-01-31,467.96673583984375,469.7866308781601,463.60369285070976,464.16366274567264,6943348
2018-02-01,464.5719909667969,470.13662974670444,463.2070838670087,468.03676390664475,6521420
2018-02-02,454.5043029785156,464.2803509205568,452.9877331790493,463.3704033446263,7346124
2018-02-05,446.53643798828125,451.52945771115276,444.66989068860977,447.5047150962361,7926784
2018-02-06,442.55841064453125,446.10483939787053,428.4426455903622,433.9722810042046,10749804
2018-02-07,436.9587707519531,444.93824973220535,434.53225336340296,444.93824973220535,8364972
2018-02-08,438.8602600097656,442.97833571864254,435.48882031544167,439.5718925659213,5171444
2018-02-09,431.5224609375,435.0688898836029,430.26253564727085,431.1491571244242,6408952
2018-02-12,437.8570251464844,440.0385467099038,432.8406790413609,433.9722676990568,4381108
2018-02-14,439.37359619140625,442.81504294806587,437.3903895858736,440.92516940845593,3577188
2018-02-15,439.0820007324219,442.08013714585485,437.4720977165736,440.901867570169,4915224
2018-02-16,438.3120422363281,442.10346711597487,437.62376418914107,439.54864143573093,3583520
2018-02-19,438.2186584472656,440.4118573585593,433.75063335268595,439.2452652228981,3654552
2018-02-20,434.7188720703125,440.0035400199082,433.69229379947717,439.7468954521994,4084068
2018-02-21,433.3656311035156,435.9671371353378,432.15235825288346,435.82712330088845,2753072
2018-02-22,432.3857116699219,433.97228841793,429.6675746914474,431.639104071597,13253596
2018-02-23,438.7669677734375,439.77021989445865,431.7324116877343,433.2489814234372,4076748
2018-02-26,445.9998779296875,446.7581628640318,439.46696157225966,440.52854339158864,4788884
2018-02-27,443.8999938964844,448.3796963953793,443.3050205027817,446.74646737247434,4787328
2018-02-28,439.6186218261719,442.2434544467589,438.17205879666216,440.8668983463009,4066364
2018-03-01,437.3204040527344,441.7418054959263,435.8388376829858,438.4753473976598,3909840
2018-03-05,436.29376220703125,438.1719868552214,433.56394812231906,437.27371664657693,3781464
2018-03-06,430.7641296386719,438.6153001080252,429.18923031568687,436.30544207139684,4576828
2018-03-07,427.5793151855469,432.43234953687175,426.62271539472124,429.3058771267635,5628164
2018-03-08,432.30401611328125,433.62227084384295,427.4393328953028,429.25922791039267,5518724
2018-03-09,431.88409423828125,435.1972045747498,430.2391879028755,432.79401333658683,4108108
2018-03-12,435.663818359375,436.1771074892415,432.4323639489031,434.01891211110564,6557116
2018-03-13,434.0306396484375,439.7469415817189,432.8057178055915,435.71052106898117,5124200
2018-03-14,435.022216796875,435.8155051625328,431.17246266592923,433.03901012335746,3680392
2018-03-15,438.8253173828125,440.38853948145044,435.18552706620113,435.18552706620113,5870924
2018-03-16,432.3390197753906,438.89526149181626,430.83412740234826,438.6386169334778,7896336
2018-03-19,430.9974365234375,433.97224627613684,430.0408367305845,432.3390173923019,7838740
2018-03-20,429.189208984375,433.01563654925457,428.1976057562241,430.4957863652178,3657372
2018-03-21,433.71563720703125,434.7188893718679,430.075875378634,431.17246061214826,5921140
2018-03-22,435.7804870605469,438.6386377587087,432.8290032963986,433.71562470139077,6673224
2018-03-23,429.6675720214844,432.3623828360008,428.6642913662939,430.85749033446916,7190152
2018-03-26,441.77679443359375,443.30504162749594,427.7893651705336,429.2826089017404,10501768
2018-03-27,441.5784606933594,443.07170436112744,437.7053804009874,441.8584599017713,6136836
2018-03-28,440.0618896484375,443.235014632791,437.7170564915962,439.326930890135,8837508
2018-04-02,450.5845031738281,451.64611333459544,441.0884552545797,441.0884552545797,4596368
2018-04-03,447.0148010253906,449.30130462885853,445.8715349830294,448.89299736239053,4079884
2018-04-04,439.3969421386719,449.1263094729365,438.27700225963594,446.3264882566009,3714108
2018-04-05,445.3815612792969,446.57147958821844,441.01848950491245,443.60834688940844,4858892
2018-04-06,448.7646179199219,449.47622195380995,444.65821976094855,446.1514347414842,3720008
2018-04-09,452.4160461425781,453.10432401673614,447.1313787887695,447.6913486341647,4003536
2018-04-10,448.1697082519531,453.33771726129595,446.45482345830663,453.33771726129595,6067236
2018-04-11,447.70306396484375,447.97138585574766,444.56494247205364,447.0147859884523,2870812
2018-04-12,450.0246276855469,450.98122761289676,444.6816296038174,447.03814019985157,4712516
2018-04-13,449.13800048828125,452.63777711546265,447.7614159853389,449.83795581371754,3297172
2018-04-16,453.1277160644531,454.97093735305725,447.93638101004007,447.97138447070256,2847744
2018-04-17,454.6209411621094,455.2042372118426,451.26115021939523,453.45434906264285,2667832
2018-04-18,450.9111633300781,455.78752390196246,450.31621846031885,455.2042278642072,2712720
2018-04-19,452.4044494628906,453.75770779035105,451.0045388405197,452.63776789995245,3169032
2018-04-20,456.3475036621094,457.5374219086095,450.806191183614,452.87105350566594,9361380
2018-04-23,451.6461486816406,461.73717073019077,434.0422846160355,461.73717073019077,15304620
2018-04-24,451.4711608886719,454.5159777848411,449.3712950240734,451.4711608886719,5037416
2018-04-25,448.1463928222656,452.1711359050115,446.10485647594527,449.8146253615098,4020592
2018-04-26,450.3629455566406,452.4511343261543,445.92989493336586,447.22482374477244,7847480
2018-04-27,448.7646179199219,451.5877648741379,446.22144165424373,451.0044688719755,5777008
2018-04-30,453.64105224609375,456.09089585508553,450.024616442344,450.304587176584,4609552
2018-05-02,459.5206298828125,461.5038364601184,454.03764699261393,454.970920676052,7100048
2018-05-03,459.1473388671875,460.7805678585979,454.0376596120957,459.1823423275398,4152772
2018-05-04,463.9537048339844,464.303682484098,458.7740470048041,459.6373138159161,6881436
2018-05-07,461.3638916015625,463.67374986707745,460.803921646096,462.3554949772566,5264128
2018-05-08,458.948974609375,461.94711038250136,456.0441434121629,461.7954477247653,7100564
2018-05-09,461.59716796875,462.0871309546529,456.4058331221249,456.4058331221249,4327332
2018-05-10,464.9336242675781,466.40354176970897,462.4371284580106,463.9770244004192,7171672
2018-05-11,469.37835693359375,470.60327870513663,463.37040729221684,464.9336293986366,6057068
2018-05-14,471.7115478515625,473.02980271084607,469.53002617182125,470.6499375755565,4742916
2018-05-15,475.4562683105469,481.8025176836616,472.8664111689896,472.9480953976658,9826684
2018-05-16,472.0848083496094,478.06943137863766,470.6382455720039,473.76471802299983,6841604
2018-05-17,473.1114501953125,477.00785661480046,469.5533441095137,472.2015026148247,6615476
2018-05-18,469.4717102050781,472.39983957239724,467.453499979343,472.39983957239724,5217460
2018-05-21,465.01531982421875,471.53655871177347,463.3820907737574,470.39329268019964,4848108
2018-05-22,464.2803649902344,469.89165632955354,463.2537581678497,466.33355015374906,3960372
2018-05-23,459.05401611328125,465.23695457681464,458.0974162359288,463.790391687282,5726292
2018-05-24,463.3703918457031,464.36199515151594,456.45249485125254,458.9606679188967,4520744
2018-05-25,468.6667175292969,470.36995345564065,464.2803481473317,464.30367429401036,4759588
2018-05-28,476.4828186035156,478.76935028490044,468.03670403095043,468.45668853773526,5103940
2018-05-29,474.2429504394531,478.93264434879603,473.35635765251806,475.5028754327277,3351244
2018-05-30,477.91778564453125,479.00269346089095,470.43991924695456,471.2331790521958,4866996
2018-05-31,502.36138916015625,507.1867187131805,488.4020254275071,493.0981987489254,39639192
2018-06-01,495.58721923828125,502.02095409170926,493.3330329965768,496.8551631702791,21151356
2018-06-04,480.4654846191406,506.482296478383,478.5283131096614,504.8386358036733,88796324
2018-06-05,484.5511779785156,485.33775260065056,475.0179233679337,481.357757243828,17105460
2018-06-06,483.0836181640625,484.83293121066305,480.1837082910383,483.7527884472992,9782000
2018-06-07,484.2223815917969,488.355036719887,482.1091037635001,486.8052767152707,10563896
2018-06-08,481.2052001953125,483.99940060849605,477.83567264440967,483.47108106871724,6180888
2018-06-11,479.5497131347656,484.398488784009,478.7278828670071,481.8038417591053,7091188
2018-06-12,479.9136657714844,481.9917166441849,478.6339700617147,481.8038582541426,5234256
2018-06-13,477.0020446777344,482.48484986278504,475.2762067456696,481.8273741443,7897960
2018-06-14,478.3991394042969,480.1836793749646,475.4875064715419,476.66154969739756,16927576
2018-06-15,476.5675964355469,478.7513281906053,474.85351061027393,475.7222910882596,10880816
2018-06-18,474.1138916015625,478.7278873088505,471.75405320269425,476.6850348549972,7487404
2018-06-19,475.13531494140625,479.17401235530576,474.14913005245774,475.47577602699977,10981152
2018-06-20,482.80181884765625,483.2362378131534,475.4875517840795,475.7223604516272,9051712
2018-06-21,483.142333984375,486.2417969096168,480.6650910933606,483.70585185211553,13510704
2018-06-22,489.18865966796875,490.4683554387491,481.3225693179536,482.98967645902167,7848980
2018-06-25,491.9124755859375,492.58170331281633,486.7701879761652,489.1182749808727,6992336
2018-06-26,491.6188049316406,493.8025366015629,488.36673988286475,489.8225418873715,9161932
2018-06-27,496.0567932128906,497.6769500205704,490.75009461806656,491.45452059120254,19126804
2018-06-28,500.3420104980469,502.49048661073454,495.7279863536984,496.62027064565586,37533540
2018-06-29,495.08233642578125,502.490561543714,494.2957617649609,498.19355135122714,19458120
2018-07-02,486.81707763671875,495.0705795000736,484.46899092437474,495.0588849275805,9864876
2018-07-03,486.1009216308594,489.57610158700845,485.02083609030734,486.8170995756668,6863100
2018-07-04,493.9317626953125,494.98840165351896,485.81911211759416,487.52147488359344,6097992
2018-07-05,498.6749572753906,499.90770290255756,491.3489375849237,494.27229432122294,9735968
2018-07-06,496.65557861328125,501.44571029367233,495.76335145075404,496.2212169318068,8121344
2018-07-09,499.1210021972656,500.14244279265694,494.91795013907165,498.22877515569695,6182296
2018-07-10,503.9933776855469,504.7448113969625,498.9684943669303,500.1190340822272,10950736
2018-07-11,504.427734375,506.1770475326089,501.26956917212175,503.6763580827903,5857920
2018-07-12,508.58380126953125,511.8476760111438,505.30823195608616,505.5195368177281,8020668
2018-07-13,512.0941772460938,514.418817346762,507.9146290115367,509.15906903287544,7161188
2018-07-16,509.26483154296875,514.242764122971,508.06728433739215,511.7420172704641,9017336
2018-07-17,511.1197204589844,512.1176572050281,507.94980373625725,507.94980373625725,6361924
2018-07-18,510.99066162109375,521.2752937467711,510.3918879940895,513.5266069478326,17460272
2018-07-19,513.3152465820312,515.0528077762041,509.76961280243404,512.5873167884447,5304776
2018-07-20,514.0079345703125,517.248305707058,509.79313037593937,513.3152604536332,10006964
2018-07-23,506.3531799316406,511.4133185849274,502.03272303574727,504.8386753707961,16880132
2018-07-24,507.1280212402344,509.3000014214925,504.13421072012187,504.13421072012187,5208792
2018-07-25,509.6170654296875,511.13157002133164,507.18677254736184,508.2786100299484,7038616
2018-07-26,514.8414916992188,517.3891312686384,508.3607497419521,508.3607497419521,21281092
2018-07-27,517.0838623046875,519.3849986139951,512.9864626956155,517.036912038443,10554596
2018-07-30,509.51123046875,516.3441846283322,507.0457398190922,516.3441846283322,7169120
2018-07-31,511.7654724121094,513.2682248995334,504.8503688681827,507.1867035605214,8860944
2018-08-01,506.881591796875,510.70898554461724,505.23793069397277,507.8443305162576,6071560
2018-08-02,500.189453125,505.707457264457,498.1114306427529,505.66050699236786,8905704
2018-08-03,498.18182373046875,504.1459987268376,496.3855602202829,500.9760814785056,13604008
2018-08-06,496.45599365234375,501.8800396559748,494.53057398015,498.0292003115873,5744632
2018-08-07,500.3537292480469,501.1990633183993,494.9766340947228,498.9683811438737,7428456
2018-08-08,501.63348388671875,505.261266075008,500.8586038740913,501.516079561361,9945380
2018-08-09,497.44219970703125,502.96020381046065,491.84198963322785,502.96020381046065,8944408
2018-08-10,496.4911804199219,498.6866644132036,492.62858926677217,498.6162103469927,5442940
2018-08-13,491.13751220703125,494.0256701988162,488.4020142404964,489.34124888326653,10054252
2018-08-14,490.538818359375,494.27225330415473,490.0926474879071,492.62859260433095,4935964
2018-08-16,487.3923034667969,489.9751986174702,485.20857155596144,489.10641807750983,10625160
2018-08-17,487.7798156738281,491.46630034357423,486.44136038794585,489.0829579369203,6065328
2018-08-20,492.2059020996094,494.8827552219809,487.22796996809353,487.22796996809353,7811136
2018-08-21,492.17071533203125,495.9159020856403,491.3723314726458,492.62858076499685,7776320
2018-08-23,488.3785095214844,494.74184714476706,487.66238896879116,494.27222982426895,12574552
2018-08-24,486.0187072753906,491.5954127145241,485.1264229398632,486.2887142924375,9714628
2018-08-27,488.5076599121094,490.39788106979233,486.1126230714568,487.69758150919733,12574788
2018-08-28,491.888916015625,492.6872424831356,488.12022577430554,490.28045385668395,9973532
2018-08-29,488.0498352050781,491.7011215981488,486.69968531216057,491.25495071599113,9873692
2018-08-30,485.1382141113281,490.2569972361471,484.14027726774924,489.24736582018244,21827460
2018-08-31,483.9876403808594,488.1085441854921,483.2949662392251,485.866109823305,15771500
2018-09-03,487.2397155761719,488.15544640869643,484.52766412031195,485.913012267225,7661608
2018-09-04,481.7803955078125,487.92061872345096,481.1229198280426,487.67405817774596,7130536
2018-09-05,480.3833312988281,483.75283011755516,477.9648190974949,482.2500774990513,5641508
2018-09-06,481.8742980957031,483.47100837444475,477.27205430714184,481.1229218840395,10402412
2018-09-07,482.9896545410156,483.70583240863465,479.18576577083553,481.59255450005327,5919300
2018-09-10,479.2796936035156,482.5317877542872,475.5110032119931,482.5317877542872,8598592
2018-09-11,469.7112731933594,480.88816024773365,468.2437189933846,480.4889969706077,18186536
2018-09-12,472.3998107910156,474.63049312666425,467.16359471681454,470.06347602052426,12246008
2018-09-14,476.5675964355469,478.39911524063865,474.0668787581512,474.2782122607638,10334672
2018-09-17,467.7857971191406,475.0061633544436,466.7996122205609,474.61875199917984,9338220
2018-09-18,467.0813903808594,471.93019510209257,465.14421887209676,468.41981698481396,9325736
2018-09-19,460.5419616699219,469.14770483101194,459.40314539633374,468.4080518159874,16712264
2018-09-21,462.63177490234375,469.5821056940648,448.5315030219591,463.48883226720335,22610148
2018-09-24,452.1710510253906,463.08965434149155,449.6586096845873,461.92736287310936,13390792
2018-09-25,458.4403991699219,460.6945564044053,449.6585502112315,452.17099121973087,16682552
2018-09-26,462.1503601074219,464.45149627617934,459.1213515405001,460.9176147305513,14726724
2018-09-27,464.01715087890625,466.3300105055273,459.08616889470886,462.43219238398564,18352208
2018-09-28,471.03790283203125,473.2450812069738,464.25192712831097,465.07375740162604,14460716
2018-10-01,477.9412536621094,479.47926177999983,469.10073094816704,471.9184347392346,12449588
2018-10-03,476.931640625,481.874345980571,471.2610054545353,476.76725735643737,15332148
2018-10-04,459.6966552734375,473.79692680723684,456.23322752970967,471.4957904681714,17970584
2018-10-05,461.469482421875,467.26924500262055,455.5640387436054,458.8043811341655,15729180
2018-10-08,456.702880859375,462.3382891578969,453.18075067279887,461.39905444147655,20128020
2018-10-09,455.6697082519531,461.3990456455287,453.1807420335218,456.56199268080974,12459364
2018-10-10,461.90386962890625,465.4494747265775,454.4721696724887,456.7028519829452,15939932
2018-10-11,454.95355224609375,457.47774546092376,450.2691020588108,452.00669195793205,14359904
2018-10-12,465.35552978515625,468.9363617939593,455.9984105636386,456.70283653258343,9600320
2018-10-15,471.507568359375,472.1532922115992,462.6435409333883,467.26926033678166,12585968
2018-10-16,467.9149475097656,473.89081631755084,466.68220207033454,470.3217362248453,9406004
2018-10-17,463.6531982421875,472.6698569843588,461.0468277142516,471.0496714140739,7940796
2018-10-19,462.0447082519531,465.12069574920235,459.7553239778042,459.9666574895893,9867348
2018-10-22,469.3590393066406,474.3134963327304,466.94049862740013,472.90464436342523,20331160
2018-10-23,466.05999755859375,469.35907094100446,463.2775204643131,463.2775204643131,19428564
2018-10-24,467.7975769042969,471.6836718920969,463.18358076575566,470.5565788009592,18072336
2018-10-25,462.29132080078125,470.4626453160439,460.8002628162647,463.41838521848933,29847056
2018-10-26,460.5067138671875,464.26365227495785,457.6420597965287,462.2912825414107,15155712
2018-10-29,452.3118896484375,461.38722055260496,445.00931809541953,461.1876389434655,17044280
2018-10-30,449.13031005859375,453.6503772229529,445.97214472590673,452.00671643591323,13828704
2018-10-31,448.8954772949219,450.3395563558483,442.61434533852633,446.617844648898,23449404
2018-11-01,449.0010986328125,453.1807041571447,445.19720988701886,453.1807041571447,19629052
2018-11-02,457.7477722167969,460.2250152693562,448.9541985688822,452.24152010652045,30092868
2018-11-05,459.2857666015625,460.14282399477673,455.05921046719226,457.8534394219929,5705296
2018-11-06,457.0668029785156,463.9819064653774,456.22146888235756,459.0509246658972,8485588
2018-11-07,459.7436218261719,461.38728250853865,457.876904373608,460.459799731613,958760
2018-11-09,456.7967834472656,460.20150909590456,454.66003032454637,459.8023171667845,10101620
2018-11-12,451.0791931152344,460.6945963911593,450.16343359772566,458.22910543187936,7907764
2018-11-13,452.6523742675781,454.98870886583813,448.0618537026201,450.5977985835728,13350420
2018-11-14,459.6966552734375,460.2249747597689,454.7304463692893,455.18834045534317,26110636
2018-11-15,463.7823486328125,464.28719300414963,453.46249042513404,460.67113376638343,10392524
2018-11-16,470.6269836425781,472.66980741053203,464.9211220431463,465.1559306906428,15813216
2018-11-19,472.8811950683594,474.5483309238302,470.06349097578834,472.20024418002106,12286428
2018-11-20,472.5407409667969,474.21962884800075,469.39432742309054,472.66989721272427,5705168
2018-11-21,474.01995849609375,475.2409520013192,470.556530935565,472.6111066070651,6545604
2018-11-22,470.9088134765625,477.83566962094477,469.6525927558932,472.72858076873075,12974552
2018-11-26,481.3108215332031,481.8273891401136,472.4467942719754,472.88118457730934,18184436
2018-11-27,484.6450500488281,485.560780846586,479.1857489763304,479.25620303608025,12895440
2018-11-28,490.5740051269531,492.76948908318366,483.7293554479616,484.87989498009244,13021108
2018-11-29,500.3890075683594,501.8800081671653,491.68933522905434,493.3329958530292,31908636
2018-11-30,499.7784729003906,501.91525460267167,495.4462646581016,500.142437782823,13040924
2018-12-03,496.2210693359375,502.9600652813047,494.7182597684346,500.37717045493014,10799856
2018-12-04,489.7052001953125,495.6810689789875,488.0732915140113,494.36611758503363,8157420
2018-12-05,492.91033935546875,494.3426951461428,487.4510378803439,487.9324071100841,11798844
2018-12-06,492.40545654296875,493.4855418617039,489.5760010428992,490.6795901555243,11730252
2018-12-07,494.8827819824219,497.3247692502835,488.4724937463649,494.67141978098977,9903920
2018-12-10,490.4565124511719,494.22520232449955,485.0911124724032,485.0911124724032,10915056
2018-12-11,483.6001892089844,486.3591909756269,477.1311991334196,482.7666069972002,18905780
2018-12-12,489.6465148925781,490.7031538727838,483.729348068693,485.3377530094282,11370488
2018-12-13,493.4034423828125,498.9683960880337,491.0553558129864,491.9241363785556,7064236
2018-12-14,492.0885314941406,497.32477644129705,490.2922680508436,494.2487598509978,6158284
2018-12-17,500.189453125,500.7530283690887,492.86343356256333,494.03747699649034,8437324
2018-12-18,501.4221496582031,502.25573187997946,493.70871944799256,498.73360192289687,7413968
2018-12-19,498.6044921875,507.0458529731997,496.27990912959126,500.8704304003227,9009896
2018-12-20,501.8916931152344,502.59611900297045,493.72034135223066,496.0449811775551,7980476
2018-12-21,495.7163391113281,504.6273746886631,495.22327526196335,501.08174056667593,10220308
2018-12-24,488.5545654296875,494.0373700093237,487.77974279216045,494.0373700093237,5601488
2018-12-26,498.3461608886719,499.4379981798304,485.81909648992433,487.69756568853205,7601916
2018-12-27,494.28399658203125,502.0678809727584,492.7342364472643,500.84688736802366,11639868
2018-12-28,498.4751892089844,501.9621200957392,496.73762837681494,497.17204724801854,9415612
2018-12-31,498.1935119628906,501.7860958504838,497.0194686876204,501.7860958504838,5866528
2019-01-01,504.39251708984375,505.07343928898837,494.4131488100753,499.5906340212171,6373440
2019-01-02,499.7903137207031,504.2516789829504,497.7239857129201,503.1480895675577,8134232
2019-01-03,495.86883544921875,499.73142562925057,493.8025082101792,498.7804392908284,12771664
2019-01-04,497.195556640625,499.7902036474953,495.5284496476997,496.6789890840331,7287120
2019-01-07,497.9468994140625,501.3986321439914,497.3246794736744,499.6023117246012,5387012
2019-01-08,493.8026428222656,498.6162206529154,492.3115848076029,498.26400764091665,8343460
2019-01-09,497.0429992675781,498.1113901709123,493.70872765140484,497.32475820355967,8568628
2019-01-10,495.09405517578125,498.68663910687155,491.3723150175811,497.0899287679056,7691540
2019-01-11,495.8924255371094,498.7336334794624,494.9766946208601,496.3385964223709,6408040
2019-01-14,493.485595703125,495.422767141627,492.73421945891204,495.422767141627,4855160
2019-01-15,498.240478515625,499.3206212947151,493.5678090578374,494.2839869444297,5087556
2019-01-16,497.84130859375,498.96840162504026,495.035356576937,497.806110225345,5252452
2019-01-17,500.68255615234375,501.52783299833345,496.23294316428854,499.02714350523325,8240228
2019-01-18,500.20111083984375,502.25568646235223,496.5146266167229,501.3164518920626,5207976
2019-01-21,504.40423583984375,508.7129979871169,499.32065092065733,502.47881615648697,17561512
2019-01-22,501.51611328125,504.0872567141924,499.9194028837618,503.899398315723,8796976
2019-01-23,494.3661193847656,501.51608879171346,493.4386366626351,501.08166984936196,7624288
2019-01-24,493.62652587890625,498.1817911405713,492.6050852351728,495.44629306908894,10111572
2019-01-25,492.158935546875,495.446256681253,490.7500836321416,491.4545095895083,11262236
2019-01-28,489.37646484375,493.57957441703826,487.6389036226973,490.75011848871424,15360436
2019-01-29,483.142333984375,489.106451168911,482.0621911904821,487.9911100056597,14762788
2019-01-30,477.7651672363281,483.0601139646413,476.1919606855232,483.0601139646413,18514160
2019-01-31,488.3902282714844,490.6913644510078,474.78307879886967,476.89635659767765,16579404
2019-02-01,490.855712890625,497.08989378431465,487.6036476034212,488.39022215622003,15654188
2019-02-04,494.2486877441406,496.150660675368,489.02419545827837,491.9241051182659,7938288
2019-02-05,496.39727783203125,497.5595692775353,492.39377856299734,494.9766739202663,8690288
2019-02-06,498.4166259765625,499.4380666739204,496.2916532652782,496.91387334211754,10875684
2019-02-07,497.1485900878906,500.1424002301131,494.4717945383169,498.9801089342805,7217308
2019-02-08,498.4166259765625,503.6528710510584,494.6596870641118,495.9159364434978,12235644
2019-02-11,502.40838623046875,503.17151446628924,496.22121169892824,496.22121169892824,7036364
2019-02-12,500.07196044921875,504.3689701236385,498.92142101773663,502.020883670549,9772388
2019-02-14,495.4932556152344,502.4905656109723,494.4131701036484,502.4905656109723,7441388
2019-02-15,493.2507629394531,495.00013322616223,487.97932026301004,494.82402674035905,8416524
2019-02-18,490.7265625,497.324708331435,489.8108317183066,494.69486298210586,7138744
2019-02-19,489.3529968261719,495.01185110732234,487.97934324169034,490.6796428178283,5268636
2019-02-20,495.058837890625,495.681057879743,488.8481032655062,490.3978632789404,4892500
2019-02-21,496.8316650390625,497.78265166207717,491.5954773155014,493.49739323519253,5261544
2019-02-22,491.0905456542969,499.69631717908845,490.53877971576736,497.6534360377441,8890708
2019-02-25,499.0622863769531,500.1306772095615,491.95932464901887,491.95932464901887,8140596
2019-02-26,495.59881591796875,498.9683427157799,493.356439344707,495.739724027619,9607428
2019-02-27,491.2784423828125,498.8392701311798,490.3157039002316,496.87865212220333,7030092
2019-02-28,487.8267822265625,494.4718793035095,486.8053415429955,491.47806864807086,11645376
2019-03-01,489.18865966796875,493.3095059156402,487.69760170093946,489.8695818722123,9352928
2019-03-05,494.7653503417969,495.704584981655,486.05392612657954,490.49178686937597,11837276
2019-03-06,494.0961608886719,495.516764856435,490.8792934639905,495.44631078773796,8458044
2019-03-07,499.3205871582031,500.1424174215719,491.9241147878841,495.3523439598972,10204852
2019-03-08,499.71978759765625,500.142454658409,495.3171251446773,496.6320765945006,7053460
2019-03-11,499.7784729003906,503.35930490799063,498.3109187989152,500.6120550952951,9224108
2019-03-12,509.7696228027344,510.7088574831632,501.7861280190895,504.13421472016154,15097292
2019-03-13,522.8132934570312,524.5626067097525,510.02797191632516,510.7088941780267,57166348
2019-03-14,522.3905639648438,527.7324609556068,519.0680443714517,527.1102409399631,15379864
2019-03-15,529.0240478515625,530.6442050942039,523.1655817340994,523.8582559950448,12763088
2019-03-18,531.0079956054688,538.0992051769432,527.6150221707048,531.1136480298233,14358720
2019-03-19,532.4873657226562,534.401033468184,528.5543204681729,532.8982808984978,11957992
2019-03-20,539.8251953125,540.0600040098956,530.9142167116051,532.7809343906317,11711992
2019-03-22,534.459716796875,541.7035870004752,533.2035248422408,540.0599263550467,30403880
2019-03-25,535.6690673828125,537.2070757429473,529.0239700969745,530.6676309006491,9199260
2019-03-26,542.7249145507812,543.5819430639602,533.6260807305962,534.4009032980963,11786848
2019-03-27,539.9307861328125,546.6463370423439,535.1407121832228,544.415654671698,13885300
2019-03-28,540.7174072265625,545.9301481435697,537.2070291370998,539.7781725630897,19554328
2019-04-01,542.8306274414062,547.573750521827,541.1400166923678,545.988792195917,9647076
2019-04-02,538.8507080078125,544.7561232234284,536.6434720782605,544.7561232234284,10910496
2019-04-03,538.3575439453125,543.8168451760304,537.3009049974316,538.2049412500402,7659452
2019-04-04,536.2911987304688,543.1124014022787,535.3637160385626,538.3575262927257,9211552
2019-04-05,541.3748779296875,543.2885456082115,535.8333705361161,537.1952722507735,8351180
2019-04-08,537.5709838867188,545.4488267832432,535.3873089635672,544.5213439369325,6398132
2019-04-09,537.066162109375,540.7643988798297,532.3112862616474,539.2616462337995,10777600
2019-04-10,525.3491821289062,536.3029832655077,523.8581241967372,528.3194887685606,108128700
2019-04-11,530.08056640625,531.3720140763428,525.255236828182,527.1219542678673,8793300
2019-04-12,531.9003295898438,533.5322383500043,528.8126185686696,528.8126185686696,9170444
2019-04-15,537.4300537109375,538.3927347875293,531.6889936396315,533.0156395917834,10219780
2019-04-16,541.2456665039062,542.384454010861,535.4341526702773,537.9348417530047,8273776
2019-04-18,538.5687866210938,543.5937256555237,537.2421408035731,543.1123565029128,10614856
2019-04-22,532.7103881835938,545.9301270258738,530.9023729916132,545.9301270258738,20980420
2019-04-23,527.2158813476562,537.7118166974003,526.3471007946778,534.7884604256,15282400
2019-04-24,535.3049926757812,536.2794255933057,527.6267616756458,528.3194356927329,12354128
2019-04-25,531.4776611328125,539.7781703680324,530.1862134757891,536.9839128597633,18086636
2019-04-26,535.5868530273438,536.5378396569926,529.9396927464303,532.0529708894993,11707568
2019-04-30,544.1572875976562,544.7560611128523,534.987998465814,536.5377584667533,12536836
2019-05-02,553.1622924804688,554.0662714906894,544.1691086903511,545.5779607516854,17169300
2019-05-03,556.01513671875,558.3749751395048,553.3265891153252,555.1346042726722,12351520
2019-05-06,546.7401733398438,552.2464245530464,544.0633777401177,551.3306937758582,13748092
2019-05-07,545.3079223632812,553.6788282827391,544.2864817469844,552.246472505503,9924204
2019-05-08,541.76220703125,545.6483012904763,537.2421409415971,545.3547905054339,12064208
2019-05-09,537.9231567382812,540.0599385561462,533.3913952888565,540.0599385561462,9027724
2019-05-10,539.238037109375,545.9065794973313,538.0287955543353,538.0287955543353,10594200
2019-05-13,537.0543212890625,543.1946017505849,535.3637105106106,539.1324007274973,11071632
2019-05-14,537.2186889648438,542.6427917261306,534.3188365247194,539.2850165561116,10494744
2019-05-15,536.93701171875,541.7505897898885,535.8803726299635,539.12074396751,8956348
2019-05-16,542.5606079101562,544.5212831539,535.3637454035756,535.4929016319878,8050136
2019-05-17,554.6415405273438,556.3321513586344,542.7837035862156,543.1124127689025,14758780
2019-05-20,571.1367797851562,572.6277801524619,558.8445253824536,565.4191668575413,17699632
2019-05-21,564.4096069335938,575.14035203563,563.4116700537023,572.4635560412795,10325176
2019-05-22,564.8909301757812,569.645805510317,562.1906306030819,566.3232859231374,11386660
2019-05-23,547.5972900390625,572.9096173156408,544.5447775085488,565.6540527697989,33081996
2019-05-24,557.2831420898438,560.2886470009946,549.4874489133429,554.0779695658612,13692800
2019-05-27,565.5014038085938,568.6830149786518,557.0247890829756,558.5862435883819,12049024
2019-05-28,567.3446655273438,568.2369498891303,560.5000161069395,567.415119589704,7364840
2019-05-29,567.5089721679688,570.7728466199815,565.9357657644106,565.9357657644106,7475216
2019-05-30,572.8274536132812,574.7880714451217,566.6050243878411,567.297698440124,9359200
2019-05-31,569.4932250976562,578.8033658407885,553.3970794626586,576.8779462310475,19785080
2019-06-03,576.9483032226562,577.5822750534674,569.3991714309913,569.8805405840178,8480860
2019-06-04,575.8212280273438,578.9793927080474,573.1796308792283,576.455199877626,6442988
2019-06-06,569.0235595703125,579.9773600595282,566.6754730923387,576.0325633112662,15634924
2019-06-07,574.7294311523438,576.2791913398175,565.654098782773,569.5636402958801,7970932
2019-06-10,572.9800415039062,579.9655986614478,571.0781258837007,579.9655986614478,7077140
2019-06-11,574.9054565429688,577.6057559278509,573.0152928346142,575.6333862642075,7103292
2019-06-12,569.8923950195312,574.9055257372972,569.0940111442859,574.1071991883874,7308620
2019-06-13,574.0367431640625,575.7508579175834,567.285993912378,571.9821673048542,11107948
2019-06-14,571.7825927734375,577.3827449370204,569.4110023691194,573.6258063646881,11956920
2019-06-17,568.7066040039062,572.9096563052752,567.6030147099586,571.7591167421601,12810020
2019-06-18,567.5912475585938,571.0546753800807,564.4800327359021,567.7673540579914,12419652
2019-06-19,570.1976928710938,574.0837307448697,567.4621372963798,569.8806782159634,10744276
2019-06-20,573.2691040039062,575.7853360926836,570.492953942729,573.7416401845322,11171492
2019-06-21,570.3984375,574.0605930629467,568.37833370133,573.1864126263846,13250260
2019-06-24,571.284423828125,574.2732498136112,569.4061040256472,569.8668152703848,6915000
2019-06-25,573.82421875,576.8484614174471,567.7521412189741,571.7332810542154,8899800
2019-06-26,583.0859985351562,583.5821845991668,572.2413162344866,572.879228543472,10533636
2019-06-27,581.762939453125,589.3707605441867,580.30985606529,583.2868571230551,19879236
2019-06-28,577.380126953125,584.7635045356458,575.79714233596,582.1645556265985,12756844
2019-07-01,587.2561645507812,588.0712779274111,578.8686473284337,580.2744309319894,8524160
2019-07-02,589.4889526367188,590.0796229299419,582.920687439548,587.8350758156939,7246828
2019-07-03,588.224853515625,591.4499476980156,586.6536937198789,590.4339833290284,7463256
2019-07-04,586.8427124023438,590.1740579691856,584.0547373139126,589.4416614761516,7993964
2019-07-05,584.149169921875,589.4770265894634,581.2194688430377,587.1498206429052,7583060
2019-07-08,569.3115844726562,584.6690095602119,566.3464085538394,584.6571846197711,14607140
2019-07-09,562.1171875,569.5951069485533,560.6641618602692,567.9530553055912,16482688
2019-07-10,564.3853759765625,566.5708557160846,559.0693441777252,562.0226951770793,11569148
2019-07-11,568.7327880859375,570.3512477983579,566.0157046767904,567.7522984504781,9097596
2019-07-12,565.6021118164062,571.296195397767,563.5111739986626,571.296195397767,8976272
2019-07-15,565.8029174804688,567.7521289093085,561.6918764490588,566.0982525454444,8233184
2019-07-16,564.9641723632812,571.2961678946699,562.7905177523176,571.2961678946699,12770568
2019-07-17,566.44091796875,569.7841460349224,564.9878922956555,565.377711569128,7759736
2019-07-18,569.8549194335938,573.8951263935674,567.4922387979677,567.7521567409397,10802584
2019-07-19,561.2901611328125,571.9340481554049,559.2464656053206,570.5873318279887,8939228
2019-07-22,542.7669067382812,555.1946321921998,538.9866170406809,554.0487088045575,22171296
2019-07-23,534.7928466796875,542.117157811594,529.7249074491386,542.117157811594,27802864
2019-07-24,538.9038696289062,541.762736623964,531.8394767294125,533.1980182625952,17363740
2019-07-25,540.1207275390625,547.0669869403489,538.7503609565746,539.8726344855927,19462008
2019-07-26,538.0532836914062,541.9162320000765,537.0019023235773,538.2659018799078,12829828
2019-07-29,530.2565307617188,537.1673729785956,525.2358334246715,537.1673729785956,9976492
2019-07-30,532.134765625,536.6120340567686,529.2168318602072,532.7845028235653,10394136
2019-07-31,531.9931030273438,535.6198418358152,527.8820607065153,529.2406024315069,13891840
2019-08-01,526.108642578125,530.4182795371635,520.2361429210483,527.8372494263176,18241676
2019-08-02,524.3446044921875,526.6296425415806,516.6842985727197,523.5513217893141,27825536
2019-08-05,516.0330810546875,520.9465542366927,512.06678342584,520.2480238284405,19822440
2019-08-06,518.3655395507812,523.3737073141476,513.1323713379744,513.1323713379744,24890940
2019-08-07,517.1578979492188,521.4201883169321,512.658813672188,518.5786614051232,18750136
2019-08-08,528.7962646484375,531.1287076436796,516.9210739126851,520.4729823454337,19711600
2019-08-09,540.3636474609375,542.0212046617379,530.3709570411706,532.0758614569354,30436112
2019-08-13,525.7653198242188,538.3035443330222,521.5622284123144,538.3035443330222,15440068
2019-08-14,527.920166015625,529.3290782043871,521.6688299760862,529.3290782043871,14254052
2019-08-16,527.5057983398438,528.7608176645286,521.9174965746467,524.2617332329899,15247560
2019-08-19,522.5686645507812,530.8919473810793,521.3491412250062,530.0631686942667,8498200
2019-08-20,525.8246459960938,527.5295508009419,522.5687293229038,523.1370116541797,10270592
2019-08-21,527.0676879882812,530.7024394084053,524.3090045626948,526.8426875504603,10472712
2019-08-22,514.8136596679688,525.8837748919289,513.1442510506022,525.8837748919289,13992044
2019-08-23,512.1141967773438,515.5003613793839,506.6442919380624,511.7116586774683,20099616
2019-08-26,534.2425537109375,536.6104927967046,513.132399885729,519.7389268106141,25280244
2019-08-27,535.1423950195312,538.2088646472811,530.442070507641,534.20707062032,20660832
2019-08-28,532.1942749023438,534.526717874484,527.1861071861758,532.7862596352718,13662588
2019-08-29,527.328125,533.6623613560201,525.7534688059901,531.8390600232175,14783716
2019-08-30,527.56494140625,535.1541972255666,526.1560293076145,528.879159072258,19233320
2019-09-03,523.5394897460938,525.9192801310417,520.0349282757688,525.6824862183307,11428676
2019-09-04,532.2535400390625,538.4693805133259,520.7098363011448,522.6041876837775,15060704
2019-09-05,529.2698974609375,538.0904708192375,526.8664623414039,532.5495163172213,17296252
2019-09-06,531.8153076171875,534.3490481706924,525.9902133415711,527.5767206430642,12870004
2019-09-09,532.6917114257812,535.3674369042931,524.7591138270544,531.8392300519558,10643404
2019-09-11,533.0941772460938,538.4693878048979,530.6906842102223,538.4693878048979,15209116
2019-09-12,537.7235107421875,541.9739501576969,532.3482423655698,532.9520784399274,18132300
2019-09-13,534.5504150390625,536.9183542031692,529.944784927078,533.0231058404166,15371340
2019-09-16,531.4010009765625,535.781688072286,530.6551233252083,533.2361536788251,11030184
2019-09-17,523.63427734375,532.4311486703564,520.4967577885434,532.2890491887324,10656556
2019-09-18,518.0458984375,526.6651740003866,516.2107455576505,525.043170335129,12959884
2019-09-19,521.44384765625,524.2853743327779,513.3691528927131,520.8992101477138,10623310
2019-09-20,568.115966796875,572.9939447204633,523.504014961774,524.7353317954808,46150034
2019-09-23,595.4183349609375,607.4711228325581,582.0394779614176,596.5076101596419,41920410
2019-09-24,593.784423828125,597.6441182602333,581.3527437208729,591.9847670120035,23379048
2019-09-25,587.1067504882812,591.9373805534856,582.5603193412131,591.9373805534856,15608976
2019-09-26,588.4328002929688,603.8244027151188,585.5202239647298,587.1541364469159,30671560
2019-09-27,589.2379760742188,593.6423661754355,586.1123078464277,591.1560299788491,14873170
2019-09-30,581.3053588867188,587.2489092784182,576.119595271932,581.9447487061157,18218458
2019-10-01,591.41650390625,594.3527253212801,578.2980863579686,583.2234113411605,18768352
2019-10-03,579.4584350585938,589.0485889890971,576.0485678633604,587.225229523867,16298876
2019-10-04,563.4274291992188,587.0594739386505,561.3436889554499,585.6624129373488,18403632
2019-10-07,562.1013793945312,577.7060745025601,559.3782495057151,568.8736503444584,22513220
2019-10-09,581.6368408203125,582.4656194313956,563.5694555364996,566.9319171964065,17427270
2019-10-10,568.5658569335938,580.5949408157695,566.9792915533363,578.6295976927835,11556858
2019-10-11,567.7371215820312,579.6715119387164,563.0722351431893,574.6514924334763,17186318
2019-10-14,570.3892211914062,577.7298329061626,567.0741062234517,572.5677137510015,12267802
2019-10-15,579.2216186523438,580.145091796512,571.54946111912,571.6205108558286,8400374
2019-10-16,578.298095703125,584.8809781939891,573.0886295005874,583.2944705036012,10586816
2019-10-17,577.777099609375,582.4419277448391,574.5093323198743,581.329008008613,12243614
2019-10-18,582.0394287109375,584.3363180675698,577.9428825202974,580.3581688315088,11233806
2019-10-22,586.9173583984375,595.2998389731792,583.7442855884274,595.2998389731792,20006228
2019-10-23,588.006591796875,591.8663438692063,583.9337483422535,590.492927708308,10190214
2019-10-24,585.40185546875,593.9501381999078,580.7843745177332,591.0375617301415,13107494
2019-10-25,582.0394287109375,590.4929597056838,577.7771383460893,587.2488947124186,12993542
2019-10-27,586.1596069335938,588.1487104141279,584.8809429761882,587.2251795017689,1750082
2019-10-29,588.4328002929688,595.4655670682729,586.1595558877563,586.3016553422095,14232568
2019-10-30,591.203369140625,597.9993430897654,588.6696857560904,590.5166898962892,12011366
2019-10-31,582.6786499023438,598.5675413098636,581.1394897854991,595.631262708051,13217706
2019-11-01,587.2725219726562,589.0247735514826,581.3763197035677,586.7752317027432,11512260
2019-11-04,585.7571411132812,591.9848331199064,582.0631904412244,590.3035730694384,9935176
2019-11-05,587.0120849609375,589.5221234546789,582.0631155174988,587.7224666692404,12367810
2019-11-06,595.134033203125,596.2469528078017,581.5894356705652,588.4090527422021,12130336
2019-11-07,598.4729614257812,601.3144886136432,591.9848308045706,597.1942973156508,16963034
2019-11-08,594.6369018554688,600.0358149890019,592.6715006861584,596.2471121319285,13251496
2019-11-11,598.9701538085938,600.7461080104378,592.2215278415865,593.1924059296649,14286610
2019-11-13,595.560302734375,601.456447142989,593.6895964208312,597.6440426016569,9293496
2019-11-14,603.3035278320312,604.7716384932658,595.3945766514241,598.520302472713,11055218
2019-11-15,605.1978759765625,608.5603378765574,601.9774557334334,608.0157003310413,9279012
2019-11-18,597.6915893554688,605.931971974306,596.1050237556977,604.7717048271187,9130292
2019-11-19,602.3563232421875,603.8244338328341,597.2415519723761,599.230655382196,10570578
2019-11-20,603.0430908203125,607.5895227205286,600.0358194672698,602.8773466312821,11054258
2019-11-21,607.7789306640625,609.5075378074598,600.6751132070991,601.574941647184,12019526
2019-11-22,598.9701538085938,607.9209745480895,597.6677873939082,607.9209745480895,7688010
2019-11-25,601.9774169921875,605.9555659156172,598.6860050379559,598.6860050379559,7893556
2019-11-26,603.84814453125,606.0739840558495,600.0120371213927,605.4582967944868,8716002
2019-11-27,605.4346923828125,608.9155513650649,602.0248253261254,604.2980700305835,9580666
2019-11-28,599.230712890625,607.6368969919056,597.6678499051358,606.2871254085217,12366040
2019-11-29,603.80078125,606.1450756971117,592.9319636666191,600.3672694795663,15567626
2019-12-02,599.4437866210938,603.3271836430782,596.0576221263682,603.3271836430782,8946204
2019-12-03,594.5421142578125,600.9828965435161,593.7843853673195,600.6040031927653,6991906
2019-12-04,592.7662353515625,595.2525715277253,584.5020928032309,593.1687734559762,11395614
2019-12-05,589.9009399414062,596.12863094506,587.6040507210195,594.636817843651,12772494
2019-12-06,590.1140747070312,596.7206010947484,586.3963643958487,591.4874330163,13774650
2019-12-09,588.6459350585938,591.913702452859,586.088607177962,591.7479582844493,8265350
2019-12-10,591.7479858398438,593.7133868708223,589.6641878529149,592.4583675755458,9788900
2019-12-11,591.3927612304688,593.8790971635698,588.4328375005865,592.0320931939212,11054642
2019-12-12,598.4255981445312,601.1960755161554,593.4055784762097,593.4055784762097,12913148
2019-12-13,598.5439453125,602.5694417190632,596.365452937033,599.0885828591198,11775186
2019-12-16,595.4656372070312,601.4565347253566,591.1322970678702,601.1013438583927,11327576
2019-12-17,601.9774169921875,603.7297264688573,594.5184094398851,596.720604184195,12427354
2019-12-18,612.0411376953125,615.1905079007316,603.1850695974337,607.6131036463731,17447172
2019-12-19,610.3599853515625,618.2688785595552,609.0812635932508,618.0320846573876,13018376
2019-12-20,614.101318359375,615.4747346337728,606.2161272088615,610.33631822104,15026044
2019-12-23,616.8007202148438,617.5584490809625,610.3599381363234,615.190510242462,10195782
2019-12-24,610.5257568359375,616.1851082265389,609.4838289331773,615.0011386627299,7179208
2019-12-26,601.6695556640625,611.8043454434885,598.9227813011383,610.7861201818931,14949758
2019-12-27,603.8244018554688,605.7187529201134,601.456463024663,602.4036385569852,7092992
2019-12-30,607.2106323242188,610.3363003603699,603.374582561169,607.1395825893263,9334190
2019-12-31,602.450927734375,607.1157552194755,600.8170732229188,607.1157552194755,8357056
2020-01-01,605.5293579101562,606.1923924015477,601.7406554576465,604.345388393747,3673698
2020-01-02,609.38916015625,609.9811449630853,605.7188543538712,605.7188543538712,6137166
2020-01-03,600.6989135742188,608.5604612783333,598.4256684932832,607.2343920126169,10855550
2020-01-06,587.69873046875,597.5730818969894,585.3544940901224,596.720600771484,10890186
2020-01-07,597.0047607421875,602.1431767378965,593.050314229868,596.1996846178865,14724494
2020-01-08,595.44189453125,597.7387835308269,587.2725059352362,590.5402151248385,11332110
2020-01-09,602.11962890625,604.2034270944675,598.1888264645892,599.0886549789353,9546316
2020-01-10,607.4710693359375,609.4601728526172,603.871813491343,608.1341038414974,9214580
2020-01-13,609.0339965820312,614.0066691824288,604.2981179149859,607.4711334974987,7451568
2020-01-14,610.6914672851562,612.1359331976332,605.0084136927392,610.4546733854722,7886290
2020-01-15,608.2051391601562,609.9573909159484,603.3982113725496,609.2233645040944,11787448
2020-01-16,609.8154296875,611.4019374828233,605.8846272593686,607.16334918936,7150400
2020-01-17,605.3162841796875,608.513001967246,602.3563603023184,607.0211887708494,16918814
2020-01-20,594.3053588867188,617.9610470531414,593.1687365718038,617.9610470531414,22178450
2020-01-21,589.30908203125,591.9848651840864,586.4912571973825,591.9848651840864,14984804
2020-01-22,587.6514282226562,594.3527073618872,584.5968099426914,591.0612951746068,18368310
2020-01-23,589.5457763671875,590.4929519914465,582.9865967313965,587.248887040562,11508920
2020-01-24,589.40380859375,593.8791908549719,586.8227200074896,590.0904878830103,11831756
2020-01-27,574.5567626953125,584.8810010611223,573.8700834298097,584.8810010611223,18888552
2020-01-28,579.2926635742188,581.4712140405081,574.5804873586566,577.2089231802337,13412158
2020-01-29,585.2835083007812,588.1960850182678,578.8427253732511,580.2871913795456,13788350
2020-01-30,580.642333984375,586.7515702363573,576.4510357873509,586.7515702363573,12111984
2020-01-31,580.7608032226562,586.2070634943107,577.8955736075096,583.1997343998446,11178268
2020-02-03,564.8956298828125,567.3345611447334,557.7444068549465,566.8846757962867,13077010
2020-02-04,582.418212890625,584.4072582302168,567.3580999674227,567.3580999674227,20897704
2020-02-05,589.4510498046875,591.0375573266558,581.234313274247,584.8335688880729,18020682
2020-02-06,587.1541748046875,591.3690599560683,585.9228002816666,589.4510640616896,11827550
2020-02-07,588.290771484375,590.5640161625739,583.270752115284,590.0904283388669,6815448
2020-02-10,587.3909301757812,588.6458915087595,580.6423045001527,588.6458915087595,9219834
2020-02-11,587.5330200195312,594.3526959818439,586.3254058019519,588.8117417811588,11613520
2020-02-12,591.51123046875,593.3582346641225,589.1669937125963,589.7115734966399,6297930
2020-02-13,587.9119873046875,596.673362809147,584.2179788324539,596.673362809147,9112140
2020-02-14,577.4692993164062,591.2270486728398,575.4092038524705,588.7643573113077,14688858
2020-02-17,576.4274291992188,583.9337846168844,575.1487073930117,580.1450820402947,10152690
2020-02-18,574.5803833007812,577.06671918566,569.9629023717208,576.3089902877083,10529116
2020-02-19,581.1868896484375,582.5129585321005,574.8882069785566,578.9610502483681,10012268
2020-02-20,576.4036865234375,582.512980564733,574.9829231562064,582.512980564733,11123414
2020-02-24,573.0175170898438,575.2907615812694,568.3053417555244,572.5439293050475,16568084
2020-02-25,568.4474487304688,572.5676393882633,567.3581736866331,570.1997004329769,13886680
2020-02-26,567.9502563476562,570.5312871295188,561.5094728410021,567.1214775704135,13814786
2020-02-27,568.044921875,569.4893879376268,559.3072491927961,565.937479073151,20655098
2020-02-28,557.720703125,561.201562010712,554.1450919894718,556.7024777583055,24313056
2020-03-02,558.6441650390625,568.8500053945262,552.2744321654279,568.4000622917009,14664898
2020-03-03,559.6860961914062,561.367298227923,553.1505612982381,556.4656759635528,22369550
2020-03-04,544.0814208984375,558.8336948283562,536.6224118361099,558.0522632691465,34288870
2020-03-05,545.2653198242188,551.7298050681208,541.1924761730429,546.0467512820113,19549708
2020-03-06,537.474853515625,540.3163805679825,521.4202141076019,532.7863223170319,23053566
2020-03-09,524.4038696289062,529.66068340419,504.371079677857,525.6825337487523,34420590
2020-03-11,527.4820556640625,530.4182765706771,517.1578196564101,523.3144603666055,35538240
2020-03-12,483.67523193359375,511.4748425848141,475.2217009586306,509.10690349877325,59000770
2020-03-13,506.6442565917969,512.1615082677355,435.32191586076743,464.13972221452224,66342364
2020-03-16,473.3509826660156,491.11052428680165,471.2198376715213,490.16334873369306,31986322
2020-03-17,461.79547119140625,478.3236976526971,452.1342970177646,477.37652201378086,42676838
2020-03-18,415.2891845703125,470.2727207173597,409.6534777648702,466.4840180328291,61181406
2020-03-19,424.12158203125,435.67713682679727,376.50233075855004,401.1288983050212,67220048
2020-03-20,418.10699462890625,433.14340788887984,390.4968305499615,414.38934181029646,88637464
2020-03-23,365.3966369628906,397.22174078351725,362.29464286067446,376.31282924445475,50276954
2020-03-24,363.5733642578125,383.6061226600706,349.86299150015697,376.62070252521124,61057272
2020-03-25,405.7463684082031,410.81376390855485,357.67720424895873,364.87574495834104,47228042
2020-03-26,426.74993896484375,444.08326913612314,398.2873248177175,412.0687177171039,57043156
2020-03-27,428.3365173339844,468.2126182809355,413.0159337363424,447.51682439119236,55235936
2020-03-30,393.8593444824219,420.072420249184,392.13073727883244,416.75730532049823,39268444
2020-03-31,408.18536376953125,413.7263182768991,396.8666030278932,404.3492849888451,35211092
2020-04-01,392.912109375,409.10878816730605,388.3419757807446,409.10878816730605,29103504
2020-04-03,385.42938232421875,399.70806468039353,383.60608103213127,399.23447692603287,34996280
2020-04-07,424.38201904296875,429.68620822188024,400.3474380216403,413.9157401505629,60412638
2020-04-08,420.97222900390625,447.5404944115309,410.1744034746511,416.73361219107665,56219352
2020-04-09,438.0923767089844,440.86288260703225,421.4931305509712,432.38564965509744,44457146
2020-04-13,424.0268249511719,448.3455758120512,419.6935139266889,442.33100497402285,34158056
2020-04-15,408.8483581542969,440.6734653560616,399.23453121457277,440.6734653560616,57978752
2020-04-16,416.6388854980469,421.8246779187658,405.50957170526016,409.6534651387446,53854396
2020-04-17,431.10699462890625,435.70080234780517,420.1908009598806,433.3328632046106,55883462
2020-04-20,447.46942138671875,455.09420231204837,442.8045931176812,450.381997919695,66232986
2020-04-21,436.48223876953125,442.33103695724475,430.0177532732101,438.06874645123276,33178006
2020-04-22,439.7736511230469,441.8574491550055,429.68623603919485,435.29826921581855,38289354
2020-04-23,452.252685546875,453.93391649352765,432.1725508137539,442.8046029436081,40901222
2020-04-24,444.24908447265625,453.88661472749504,438.5423565641276,441.8574715705519,33284568
2020-04-27,440.2945861816406,453.4129741043949,438.684376089416,447.61152351828474,27421072
2020-04-28,441.0997314453125,446.972203393988,436.6479941295112,446.972203393988,29441436
2020-04-29,462.74261474609375,470.1306015606987,442.3783399213504,442.804580491512,55877778
2020-04-30,474.4402770996094,482.5859934672033,469.84646941798604,474.2508593129951,43793134
2020-05-04,437.1215515136719,454.64430059926866,434.51681854148853,453.4603310664581,26722324
2020-05-05,431.6516418457031,447.06692023148156,430.0414316301239,444.22539319611195,29672858
2020-05-06,448.2035217285156,449.9084263081122,428.9048181789834,435.22720397595276,33785846
2020-05-07,438.0687255859375,446.7353767542662,436.34011851196357,445.4093366633235,21831730
2020-05-08,439.98675537109375,447.04322540288103,438.1634538388063,446.119723379116,20807484
2020-05-11,433.7117614746094,451.80282371909647,432.85930909775067,443.7518300050245,28550784
2020-05-12,426.9631042480469,430.680786073331,412.5423489795209,426.7026367214937,49568418
2020-05-13,439.32379150390625,454.6443472689425,436.6953557468504,450.38205651329616,44346966
2020-05-14,423.24542236328125,431.43848551680225,421.4931417233304,425.28184412084346,39554890
2020-05-15,420.6170349121094,422.6297831519755,414.38934350185036,421.7299547295974,24349628
2020-05-18,396.227294921875,420.54601998851155,393.69358252571084,420.54601998851155,46649964
2020-05-19,393.3857421875,410.7427187976263,391.23089443858925,407.6880715158529,47460692
2020-05-20,405.9120788574219,409.1798461352874,394.1197603572423,396.1325084429772,40014306
2020-05-21,407.0723876953125,418.6516151860271,403.6388761454271,407.9722160774846,48478908
2020-05-22,397.26910400390625,412.16344570269695,394.5223006173569,402.54961939702196,42047432
2020-05-26,403.686279296875,412.8501922779216,401.9576721489945,405.8647717604575,38005152
2020-05-27,427.9576416015625,430.87018932741387,405.93580815185277,407.23817464619043,56025754
2020-05-28,447.6589050292969,449.908447265625,432.83561144259414,435.7008120888158,75488806
2020-05-29,450.68988037109375,452.2763880759633,437.334697476126,447.0669218258737,53025166
2020-06-01,467.7389831542969,471.21984178011917,457.5331433561633,461.74808616644845,39190230
2020-06-02,474.0614013671875,475.95575262140204,461.842841558605,467.2891014144718,41623594
2020-06-03,484.1251220703125,495.49122911818483,480.90473085451634,483.05954953457444,50546088
2020-06-04,474.3929138183594,492.03403078925146,469.3728657021748,486.87196992255116,54275882
2020-06-05,489.3819580078125,493.667950866198,474.91385601288056,475.0559265765521,35195984
2020-06-08,481.1178283691406,505.15240775978157,476.6187445423211,502.0030375188065,49812664
2020-06-09,467.5732421875,486.25628719919104,463.9029366352295,483.05956946011673,61844146
2020-06-10,469.72808837890625,473.51679110565817,463.26363169469056,468.85196243554805,36497730
2020-06-11,458.7171325683594,468.0941941542392,457.0122280466569,466.4839840683493,30897714
2020-06-12,465.4184265136719,467.2654305596224,439.4894935687484,439.4894935687484,42644876
2020-06-15,449.8373718261719,461.27452905224675,446.5933068750192,458.43300217923496,32009936
2020-06-16,469.0414123535156,470.7226434189499,450.85562757807895,461.7481479922552,45399970
2020-06-17,463.7608947753906,473.0669074428646,460.9193677203461,468.37837623983796,36957838
2020-06-18,483.035888671875,485.38015409345786,460.32734758550146,464.11605003476484,40870126
2020-06-19,489.3819580078125,493.9520919935411,479.34191943493755,482.088722986111,47877752
2020-06-22,487.2034606933594,495.34914792027973,484.85919524719657,492.2708271479766,29694474
2020-06-23,493.6205749511719,494.8992388553897,481.42566049492433,492.0577121251195,28830512
2020-06-24,488.97943115234375,500.81912682189204,487.81916410113365,496.5568363808547,39429246
2020-06-25,487.2034606933594,496.79361386861143,476.90292580142204,483.95939574936546,70646790
2020-06-26,500.32183837890625,503.4238617805108,486.8482877802117,493.0049295517514,39969138
2020-06-29,509.6042175292969,512.7061831896528,491.1105892829066,491.1105892829066,46005956
2020-06-30,504.77349853515625,510.7880977273057,500.2507701486913,508.6332503115464,35746130
2020-07-01,513.6533203125,519.0522328366897,502.61875917329024,504.7735489934417,34846718
2020-07-02,515.9265747070312,526.2744568521122,513.9374712071245,516.3528153006549,36954496
2020-07-03,508.6096496582031,518.9575904554594,506.73900077042003,517.6315213477282,27597254
2020-07-06,522.3673095703125,530.3709544341806,520.9465462623243,524.7115459040901,35558216
2020-07-07,523.3855590820312,526.4875244282308,517.6551583698904,525.3983071949202,24349850
2020-07-08,525.8482055664062,532.7389312253459,523.314522382233,524.2616979883546,30056350
2020-07-09,532.7626342773438,535.0121765882539,524.3801523695173,529.471221809998,20114484
2020-07-10,523.3618774414062,530.4183473749359,520.7334997816465,529.4238245358104,17562978
2020-07-13,511.5932312011719,527.1032319619572,507.35464343064444,525.6351213147418,29922114
2020-07-14,501.4584655761719,506.21804642380647,497.26722481493465,503.2344199505109,26612674
2020-07-15,498.7590026855469,511.00123574238137,497.31453677243616,506.8336399817093,20974394
2020-07-16,503.21075439453125,504.6078153200504,489.7371464128929,498.9958112918797,23662456
2020-07-17,520.2125244140625,522.8409599731156,501.1980194464601,501.553210316007,28405738
2020-07-20,536.5986328125,545.9993382551166,532.3836902002798,537.5221058170345,65124096
2020-07-21,539.2034301757812,548.3909875427954,537.0485824919947,545.5968656816383,47512422
2020-07-22,533.4255981445312,542.0212281345551,529.2580602600719,539.1797013815561,24718012
2020-07-23,535.3436279296875,541.7370628385348,528.6423494074719,532.7862424039471,20149122
2020-07-24,529.9921875,531.7918445770813,521.5386553634638,531.7918445770813,19598440
2020-07-27,511.2380065917969,522.3673193800389,509.27260574996956,520.8755063164347,37970094
2020-07-28,514.6241455078125,518.2944506088832,501.76622639798956,511.0011876200384,35596450
2020-07-29,504.181640625,515.5004024100804,499.8957050389329,511.94849334432416,33592086
2020-07-30,497.5750732421875,513.2034718863025,495.7043665966615,508.6333376902901,26956266
2020-07-31,489.1215515136719,500.9138426553435,483.083277558819,500.9138426553435,37726696
2020-08-03,474.5350036621094,486.3509968464558,470.27271321005446,485.8774090184497,31783542
2020-08-04,493.3127746582031,502.50039012196834,475.0085934673722,477.3765326172594,60306168
2020-08-05,486.6351623535156,500.01401757537576,483.0595513733578,496.29630713217466,33221360
2020-08-06,492.86279296875,499.63512153192795,486.0194724854418,491.1105412593453,33646888
2020-08-07,494.35467529296875,495.941183059179,483.3437575659172,490.0923845599165,24836784
2020-08-10,497.5750732421875,503.89745931328554,494.3310081161424,494.4257025592764,22172854
2020-08-11,505.1524658203125,507.2125612998036,496.55683522207664,496.55683522207664,20136148
2020-08-12,503.75531005859375,504.8445851020734,496.32000486582825,504.37099731117087,20666432
2020-08-13,501.55322265625,507.37831837353264,500.34555054567113,505.76810816309927,19892740
2020-08-14,489.90289306640625,504.7972645640739,486.51678643130293,504.7972645640739,20924512
2020-08-17,489.0978698730469,495.8464969809538,483.15434792051843,495.8464969809538,19561012
2020-08-18,500.34552001953125,502.78450879716246,484.006740615202,486.8482674681288,24040824
2020-08-19,505.12872314453125,506.6442387528146,500.2271011006814,504.37099424589417,17715624
2020-08-20,501.5295104980469,506.24168626831124,498.2143956977765,499.6114566677705,19216734
2020-08-21,514.150634765625,515.6424479794565,504.1815879057319,504.56048129086855,28924302
2020-08-24,529.0213012695312,531.8154231788657,514.1506320521144,514.3163762281067,36779740
2020-08-25,530.2762451171875,533.7334592375407,523.8828097137209,529.9447567762272,27601738
2020-08-26,529.684326171875,535.9830679208438,525.4457378910326,530.8919983558789,25190062
2020-08-27,526.677001953125,535.1068882558171,523.906524774149,533.1651897600997,20645996
2020-08-28,527.8135986328125,532.7862704907259,518.5786366109733,526.6059266286294,38696610
2020-08-31,528.4529418945312,544.0576947927252,521.2780750696418,534.9174270102438,38501166
2020-09-01,533.8756103515625,541.5950576766639,524.7353416550061,534.2070987245911,28877884
2020-09-02,537.1197509765625,539.4166408261281,530.7499587665834,532.3601692566277,19761682
2020-09-03,535.5804443359375,542.7079059029746,534.2070281800104,538.5877152462028,19833362
2020-09-04,530.0868530273438,532.9757270743686,523.0303831737506,525.6824633183799,23661370
2020-09-07,525.9192504882812,530.1815406768401,520.4729908029005,528.6660828453123,17615466
2020-09-08,526.8427124023438,529.8500411093245,522.3673309236393,527.576796599215,14624918
2020-09-09,519.2890625,525.6824982900137,516.8027263594391,521.4202077633379,15728872
2020-09-10,516.47119140625,523.2434621677486,513.369168233938,522.3673363118392,15188088
2020-09-11,510.83544921875,523.2434254144251,507.2124912901903,519.2652766656342,20794730
2020-09-14,501.0322265625,518.1050911266838,498.38014625056275,515.2635641186764,21650590
2020-09-15,506.9757995605469,509.65158250763324,501.10329858727306,505.7918299212182,16505110
2020-09-16,517.9393310546875,519.0522508698061,505.9575360808241,506.83366198587436,18710112
2020-09-17,513.1798095703125,518.1051350304291,510.5277290336404,513.3692562824361,18318686
2020-09-18,500.72442626953125,517.2525949736809,495.94114302860316,517.1579005338858,23481778
2020-09-21,496.93572998046875,507.37830687889436,493.2417218055749,499.63515746988145,19842878
2020-09-22,490.35284423828125,501.1269672278319,487.5586645161511,499.185268712797,18620678
2020-09-23,495.96484375,499.63514934948677,489.8555493189743,495.37285897588924,16079828
2020-09-24,487.98486328125,495.8464089187146,485.4274776902411,491.58411887070275,19809510
2020-09-25,494.4256591796875,498.1906590346689,485.73533468255306,497.26718595658224,20321544
2020-09-28,499.25616455078125,501.52940879151777,493.7862609262005,496.7698289547893,16152422
2020-09-29,503.21075439453125,506.69161326180074,497.74079202381324,501.0559067185484,12644446
2020-09-30,510.8117980957031,514.7426000261162,498.2143739663606,502.0030764299831,18813842
2020-10-01,524.238037109375,525.6825031478362,516.2580935562258,516.2580935562258,21203080
2020-10-05,527.7425537109375,536.1013899485746,526.156046142108,526.629633942416,16940126
2020-10-06,541.831787109375,543.6787910802993,533.3545539789349,537.5458522321513,19371990
2020-10-07,550.4274291992188,551.6587459363651,538.7534781835764,542.210692302306,21248778
2020-10-08,564.4219360351562,569.7260960158046,550.948329086166,558.8335771393595,35060674
2020-10-09,584.1943359375,585.8281909527748,564.3509927658206,568.7790277560894,44972388
2020-10-12,574.7698974609375,588.5512921358315,570.9574921987773,583.2471314164068,19220546
2020-10-13,567.5712890625,578.9373965283816,565.9374342386844,574.6514615247294,18353952
2020-10-14,573.751708984375,575.0777781551355,556.7025455312693,566.1980055233097,22582918
2020-10-15,553.7426147460938,576.3564354466505,551.2562784387027,575.0303662916343,28246896
2020-10-16,567.99755859375,569.9629596720636,555.5185306982389,558.8336455446905,25822848
2020-10-19,569.9866333007812,584.8809468387893,564.8008120814739,584.8809468387893,42359556
2020-10-20,579.6478271484375,581.2817399211143,571.0996011238872,571.8573301233379,27411978
2020-10-21,590.4219360351562,592.4583868682222,578.5822400545762,582.7971833858658,35640752
2020-10-22,584.0758666992188,591.9847599679864,579.1978891526778,587.2251793734391,21913060
2020-10-23,585.2598876953125,591.2507277442996,583.081337338208,588.9064910130453,15866230
2020-10-26,573.467529296875,588.1960996171958,570.4839027686133,582.4183510706442,19571976
2020-10-27,583.9810791015625,585.3544952237552,567.2871098809821,580.6186174306827,24317780
2020-10-28,572.851806640625,583.4601852065834,569.0157569202192,581.5658339559128,16571186
2020-10-29,562.2434692382812,570.4128596049055,558.1232780908251,568.5895579548477,23060024
2020-10-30,560.514892578125,567.973900810896,557.1050255565358,560.0413047538221,11522716
2020-11-02,575.5275268554688,580.1450075276274,557.6495888683928,565.6295310832044,21926080
2020-11-03,591.0138549804688,592.3399239069427,580.3818322989872,580.8317175717145,28164230
2020-11-04,595.4893188476562,598.9938801743824,582.5130014005952,592.9319331329635,23404822
2020-11-05,601.07763671875,604.2980570121856,593.0976935312227,599.562178822435,21433928
2020-11-06,619.287109375,620.4000291628225,599.3253716836275,599.6805625400184,35705724
2020-11-09,634.8681640625,637.4254919967238,622.8626667877825,622.8626667877825,26288440
2020-11-10,660.0157470703125,660.6550791330761,640.0777092909375,642.658740059917,41517356
2020-11-11,658.263427734375,670.0321323909316,649.0521669138899,662.9756616627177,36116194
2020-11-12,649.6204223632812,657.6004237819327,644.0794677139719,652.3199077601627,27053948
2020-11-13,643.5111083984375,648.2469862706338,637.9227493848422,648.2469862706338,22472480
2020-11-14,648.6732788085938,651.1596151122721,646.5421334054408,647.7735081094111,1835066
2020-11-17,667.0247802734375,668.9901814015474,653.8353702909427,656.2980617830259,31059900
2020-11-18,667.14306640625,672.0210435465297,662.5729906887243,664.4436392500219,18862776
2020-11-19,650.8754272460938,662.7624703017743,647.8681560663222,658.1449889263016,20266882
2020-11-20,664.7515869140625,667.0011291667048,646.4711077495306,650.070363791555,20405362
2020-11-23,660.4655151367188,674.2232634515739,651.3489502514798,670.1267175383426,25246636
2020-11-24,681.1139526367188,684.334372809639,663.9937998702551,666.8116241633022,40154400
2020-11-25,664.3489379882812,693.5219326676075,661.6021058346439,687.3179445258476,24152602
2020-11-26,675.64404296875,678.1777261235598,656.8662752328055,670.1267335648304,27943126
2020-11-27,682.3690185546875,684.8080074601961,670.3872810499112,678.0830833467495,17994580
2020-12-01,678.7933959960938,686.2287011031041,675.0993881452553,682.3689490895632,17147574
2020-12-02,666.3143310546875,678.0830341152878,660.5602855423987,677.7041407514697,17892150
2020-12-03,652.2250366210938,678.1776688611315,650.7332814335067,676.7569055883777,37933222
2020-12-04,656.2032470703125,663.7096021718844,650.3781517907096,654.0247547427127,26912322
2020-12-07,649.8809204101562,653.5275236928608,643.17964084008,651.1832869841245,24316318
2020-12-08,651.7989501953125,657.7187980398132,646.5184343558151,651.1832628950788,19457896
2020-12-09,666.4328002929688,667.7825719160998,651.2069971437802,652.1304703281169,22069074
2020-12-10,656.3216552734375,663.9701099711853,651.5384299521099,662.0757587301833,19727966
2020-12-11,654.877197265625,660.6549449862631,650.2360139542217,658.3107086284568,21356384
2020-12-14,649.8335571289062,657.3399127257109,647.8681560581934,654.9719735588316,17222050
2020-12-15,658.9027099609375,660.6312591314887,646.9209158475564,653.9300382066189,21561436
2020-12-16,668.0902709960938,670.9792027585718,660.4181719366511,664.9172559333512,16832092
2020-12-17,682.8189086914062,684.3343665170745,665.1540607427205,671.831637116775,21924478
2020-12-18,668.398193359375,681.824397200528,666.0066094291611,679.5985574538313,22995918
2020-12-21,650.0703735351562,674.3180483184574,647.2524911424747,671.3107770346853,23761824
2020-12-22,650.2833862304688,655.8243980885657,636.9755808252437,655.8243980885657,22851558
2020-12-23,651.4911499023438,654.0011308688444,644.576778722014,647.6313972886575,15467394
2020-12-24,661.6494750976562,664.9172423380148,652.130372293053,658.0028723203482,14952188
2020-12-28,669.1085205078125,672.9682726910083,664.9172799846416,665.3908677908984,11699194
2020-12-29,675.9044799804688,679.4800909681309,672.4946709703752,672.9919612810602,14495346
2020-12-30,678.41455078125,681.9191122043819,669.1795883098822,681.9191122043819,16216726
2020-12-31,680.2142944335938,683.8608979812462,674.8864307893492,679.5986070658506,22145750
2021-01-01,674.8864135742188,683.3872926697853,672.7789128776417,681.9665290675612,8810938
2021-01-04,670.600341796875,681.0192736609507,662.5493489928165,681.0192736609507,15740192
2021-01-05,675.667724609375,677.5857784188031,667.2852432584963,672.1158159334071,14386824
2021-01-06,672.7551879882812,681.9664477871121,669.2269241099976,679.5985087322957,22134050
2021-01-07,670.7188110351562,678.4619610337114,668.9665590663031,678.4146138096108,19894842
2021-01-08,678.011962890625,682.9135848954606,673.9627642108427,678.1777070529124,13768764
2021-01-11,687.3889770507812,693.7587675349387,680.2141682562502,686.7022978773078,17331392
2021-01-12,701.3834838867188,704.5564988055578,686.2760225365455,687.862529995965,20388156
2021-01-13,696.4818725585938,708.9135516468576,692.4326739597276,707.0192005476937,16934650
2021-01-14,695.5820922851562,704.6986575797872,689.5438477393617,696.7187145853906,12297166
2021-01-15,694.5875854492188,696.9555245413233,684.3343976182036,695.7478524799448,14165236
2021-01-18,702.3779907226562,711.7313489217837,694.75323939848,696.1266554557428,42825632
2021-01-19,712.2050170898438,715.8990251352752,694.7533178392471,706.4983186612751,17360254
2021-01-20,706.593017578125,710.8553078986365,703.751490697784,710.8553078986365,13346052
2021-01-21,698.4473876953125,707.7059955211522,695.2980169153192,706.5930756304524,26333054
2021-01-22,683.647705078125,695.1795566696569,682.0374949646825,695.1795566696569,15392364
2021-01-25,692.7879028320312,701.3835329786784,689.1412998903074,693.853475383822,20344718
2021-01-27,667.5693969726562,697.073942054867,665.9355420753217,695.2269379463488,23556276
2021-01-28,649.5020141601562,663.6386573049136,635.5548755229009,658.2397444156159,42704446
2021-01-29,658.5238647460938,667.1668424746923,646.2105814067206,658.9264028315245,28704502
2021-02-01,699.370849609375,702.0939797162,663.496570375984,667.8772579391374,26370544
2021-02-02,739.0574951171875,747.5583733559366,709.1504127425507,710.8553173311757,42420206
2021-02-03,745.8060913085938,749.0738008830458,730.2723883286894,747.7951369461741,20237254
2021-02-04,747.8424682617188,752.0574111584991,730.9590519716828,741.6384797696535,24484684
2021-02-05,756.6038818359375,766.3834817798823,733.1139377693545,733.1139377693545,27054716
2021-02-08,760.2269287109375,772.7296600476119,755.7041414256892,767.2123497970526,17447580
2021-02-09,763.3524780273438,771.0009325010271,751.4417333862714,762.4763521662492,18421366
2021-02-10,749.0974731445312,764.7732171448926,742.1120533696732,761.6948965661414,19788006
2021-02-11,744.6458129882812,756.698657949199,740.7860606113193,749.2159471102909,13648618
2021-02-12,749.1921997070312,754.1885741389179,744.9536120066047,745.3798525902982,9910106
2021-02-15,765.6021118164062,769.5802613449466,756.1777019768093,757.787912239673,10355244
2021-02-16,770.3616333007812,777.1576069056083,761.7423003535508,767.7805450141519,13897358
2021-02-17,751.3471069335938,768.0647807827121,749.6895494962994,767.2122995476974,12794426
2021-02-18,736.09765625,760.5584237121387,733.1140295170923,760.5584237121387,14720560
2021-02-19,728.8990478515625,740.7860913158588,726.0101735308317,731.6932277267678,17139508
2021-02-22,733.114013671875,745.379950915023,729.0648143091637,731.7169525971016,29451838
2021-02-23,724.1868286132812,737.7077262268455,721.1085077743629,735.8370774568311,18239906
2021-02-24,760.7951049804688,764.3470135121918,718.0775081633502,722.9317831567051,14314332
2021-02-25,760.771484375,774.908069216845,758.6876864081806,762.3579920072215,20109570
2021-02-26,726.6731567382812,752.4836927211386,720.3270684390092,751.6075668233725,27912846
2021-03-01,738.2760620117188,744.7405472981088,729.6567290261943,740.6913483244873,13536018
2021-03-02,742.6804809570312,751.8207500505578,734.5347926478205,746.2323900123882,16110038
2021-03-03,751.5128173828125,755.8461574794367,741.1649351223799,750.1631036638017,11222410
2021-03-04,735.031982421875,744.0064482821596,728.8989856058892,733.3744250896104,16291438
2021-03-05,724.58935546875,731.9773138054445,720.3744123616639,725.0629432827818,17445822
2021-03-08,719.6166381835938,736.429004524836,716.3015236937714,730.2723633294515,15117050
2021-03-09,739.98095703125,741.4964149068451,728.496452578125,731.6931703125,15066696
2021-03-10,736.7842407226562,745.9008061309231,735.0793361565595,744.4800426906737,11055016
