Price,Close,High,Low,Open,Volume
Ticker,HDFCBANK.NS,HDFCBANK.NS,HDFCBANK.NS,HDFCBANK.NS,HDFCBANK.NS
Date,,,,,
2010-01-04,74.94451904296875,75.94629781177753,74.36673736225278,74.69407099858692,6100980
2010-01-05,75.01042938232422,75.79251977466473,74.91376592220485,75.13345438531982,16773200
2010-01-06,75.06096649169922,75.57283770413716,74.17122411820579,75.3092088443553,13279680
2010-01-07,75.25647735595703,77.69941192712463,74.76437735726418,77.69941192712463,12247960
2010-01-08,75.35535430908203,75.7222303485624,74.73803016224394,75.22134083820792,14171800
2010-01-11,75.05216979980469,76.83164766993217,74.80392076685295,76.83164766993217,27533220
2010-01-12,74.4831771850586,75.212537775275,73.75380989048246,75.04557910502194,9814100
2010-01-13,74.22394561767578,74.46560428323659,73.1804253519743,74.03281771539231,20693500
2010-01-14,73.9822998046875,75.30043077616794,73.37595741241104,75.13346537438495,20345280
2010-01-15,74.43704986572266,74.65014797420395,73.41989776478704,74.62378642748227,23163460
2010-01-18,77.62252807617188,78.12122521905327,73.90760176065456,74.25470661086963,47002920
2010-01-19,78.17394256591797,78.59574736855453,77.01837909484688,77.55002812996214,33328440
2010-01-20,77.15899658203125,78.64848436979881,76.58341377470424,78.42879586597256,27304220
2010-01-21,75.20594787597656,77.3698805568861,74.9181565285234,77.3698805568861,25046940
2010-01-22,73.68790435791016,74.69407452959652,72.6729380664636,74.51832644774129,18947400
2010-01-25,72.79157257080078,73.72304948350725,71.67555815865394,72.93656775700956,12057580
2010-01-27,70.17729187011719,72.98491050767015,69.72473411649746,72.98491050767015,24215580
2010-01-28,70.00373077392578,71.13512507212863,69.28095381853866,70.7396885013805,34864460
2010-01-29,71.66455841064453,71.92598816971037,68.21325517115375,69.42154149463634,32870340
2010-02-01,70.28932189941406,71.53056029468794,69.641238293488,71.53056029468794,15034660
2010-02-02,69.38200378417969,70.95497379766343,69.07004325371365,70.6078623127534,20669400
2010-02-03,71.29991149902344,71.7239154677599,69.33370312935018,70.30033134446415,15455340
2010-02-04,71.03627014160156,71.39436343061337,69.66321716493677,71.09119226066815,17210480
2010-02-05,69.12939453125,70.21245740402838,68.76251172643248,70.21245740402838,18693880
2010-02-08,68.8679428100586,69.81040150308321,68.05948415898685,69.64124379764904,15181200
2010-02-09,69.05467987060547,69.32929048214638,68.169335527172,68.8415817678753,23947500
2010-02-10,70.01692199707031,71.06703278948108,68.71856211973136,69.2018795155527,27733360
2010-02-11,70.21244049072266,71.75025987135143,69.86093757713543,70.47606264764275,14539380
2010-02-15,70.90665435791016,71.16588514944236,69.5314023585976,70.16849759541887,9604980
2010-02-16,70.58151245117188,71.29769901970292,69.86093452674339,70.519999946807,14349700
2010-02-17,72.75862884521484,72.97831732707984,70.9549882863242,71.09119407238282,24796680
2010-02-18,73.98009490966797,74.25470550695701,72.53014961510978,73.15187176181392,20008840
2010-02-19,74.42608642578125,74.69410672396528,72.76524153026796,73.37597542883647,14691980
2010-02-22,74.54469299316406,75.55965264837705,74.25470260471462,74.73801991879701,13280340
2010-02-23,74.738037109375,75.08294299010777,73.91859651704216,74.03723019494218,12945780
2010-02-24,74.716064453125,75.13347128606421,74.14487297966862,74.25471723593479,11211380
2010-02-25,74.30083465576172,74.86982698160257,73.90319906625766,74.73801926469733,11673940
2010-02-26,74.90498352050781,76.2209220967547,73.815330518644,74.25470748601688,18702060
2010-03-02,76.66908264160156,77.15459902316753,74.9577141615097,75.74858734821808,15429300
2010-03-03,78.06189727783203,78.25303186904769,76.56362708101344,76.56362708101344,22295920
2010-03-04,78.25963592529297,78.51666771308122,77.02717996730544,77.98941665963473,27028840
2010-03-05,78.3848648071289,78.8681822547804,77.81367999272864,78.45296771506682,20899300
2010-03-08,78.39364624023438,79.52723974386922,77.89714806770856,79.52723974386922,14745920
2010-03-09,79.57994842529297,79.74691380620528,77.98940606391977,77.98940606391977,24795380
2010-03-10,79.72274017333984,79.96219976530391,76.00780789670887,79.61508828017506,29921120
2010-03-11,80.27196502685547,80.62566020913548,79.22404684179415,79.79084679062115,15490460
2010-03-12,79.14277648925781,80.42355740313482,78.48810239230708,80.27417084281923,14944880
2010-03-15,79.63926696777344,79.96660063266033,78.20909292644802,78.20909292644802,15025920
2010-03-16,79.28997039794922,79.52283965406107,77.50609428064416,79.3075425267069,20872500
2010-03-17,79.4261703491211,80.1775011528858,79.00436554196409,79.28996457208538,9589680
2010-03-18,79.12738037109375,79.63266780354408,78.6704313677698,79.63266780354408,7003940
2010-03-19,79.95999145507812,80.17748083721332,78.98457437101989,79.73810401392072,12679680
2010-03-22,80.71793365478516,81.5044153598216,78.9999683581006,79.17571643724052,30611220
2010-03-23,82.77861022949219,83.04223906700439,80.62566597246193,80.62566597246193,20308760
2010-03-25,84.6305923461914,84.79975005579006,82.17227781211128,82.60286533931881,46592800
2010-03-26,85.74222564697266,86.3639411455624,84.05721191964733,84.84370049587761,23105720
2010-03-29,86.33977508544922,87.43601849861687,71.56791654696893,71.56791654696893,26453420
2010-03-30,83.78258514404297,86.55286005227052,83.54312553223487,86.33756295245828,18739960
2010-03-31,84.95354461669922,85.36655336010129,83.36080301072968,83.48162900254164,13652160
2010-04-01,85.2061767578125,85.67850564034234,84.62839499323255,85.67850564034234,14818440
2010-04-05,85.61261749267578,86.10032626708649,84.55371723495392,86.06517529995149,14247680
2010-04-06,84.92717742919922,85.67851504955259,84.59764467900864,85.67851504955259,8842880
2010-04-07,84.87663269042969,85.58842111206606,84.62399231769474,85.23911728647194,10756100
2010-04-08,83.60464477539062,84.79535924935162,83.20920820560764,84.79535924935162,12477660
2010-04-09,85.64994812011719,85.98607123221056,83.0642170789471,83.0642170789471,12415300
2010-04-12,85.86304473876953,86.46498902871508,85.18200910973809,85.18200910973809,9141280
2010-04-13,85.75320434570312,86.24530441769899,84.84369748375644,85.67851106365809,12682600
2010-04-15,85.98827362060547,86.77256314757294,85.42367258605283,85.89820053419211,19094720
2010-04-16,86.30461883544922,86.75058617199416,84.62400334080257,85.45881686493706,10465120
2010-04-19,84.97989654541016,86.06515813595895,84.62400229264138,85.6785042789459,12241660
2010-04-20,85.43904876708984,85.98387861874853,84.75581409838026,84.75581409838026,10878640
2010-04-21,85.28308868408203,86.11790240318452,85.01945977049084,85.63458496305459,7889000
2010-04-22,84.98209381103516,86.55726320041308,83.83531964969791,85.18640919765977,13790220
2010-04-23,85.7575912475586,85.98826817259545,84.74043922378533,85.01944117790539,10634120
2010-04-26,87.41844940185547,87.73919272924799,86.01683572269573,86.01683572269573,15796560
2010-04-27,86.97686767578125,87.69964465847168,86.46059840243093,87.39207542031548,8968940
2010-04-28,86.47598266601562,87.29322412903583,86.03001529291669,86.03001529291669,11423540
2010-04-29,87.24927520751953,87.65570022109588,85.52252703779831,86.64074055439133,18792900
2010-04-30,87.89517211914062,88.31477796324054,87.1284613911737,87.78971922442052,14219220
2010-05-03,86.5484848022461,87.2163397597434,86.21016931898325,87.2163397597434,10014140
2010-05-04,85.10731506347656,87.2075363774777,84.89641600175017,87.2075363774777,9177920
2010-05-05,84.20001220703125,84.96233159940923,82.60727052101522,84.88763831107113,16028540
2010-05-06,83.28390502929688,84.18462914812343,82.4710549625694,83.70131180503783,10522460
2010-05-07,81.19905853271484,82.38318269676948,80.6696151784209,82.2074345887606,19571620
2010-05-10,84.98429107666016,85.15125646740161,80.40598394300777,81.86691099891438,12853080
2010-05-11,85.60381317138672,85.89819492748452,84.06379479468282,85.15125544290021,13929300
2010-05-12,86.77256774902344,87.04058799215674,85.63457620265415,85.63457620265415,13741640
2010-05-13,86.35296630859375,87.65571759513384,85.68731037548186,87.04937514757636,12744380
2010-05-14,85.7553939819336,86.68906996175814,85.33798723770754,86.29362670062827,9400300
2010-05-17,84.74922180175781,85.53790263378751,84.11871694216941,85.32700357198588,13207200
2010-05-18,83.29708862304688,84.58006859935537,83.05103858709191,84.27250605441166,12243120
2010-05-19,82.09978485107422,82.95437630703383,80.91566735993818,82.55893299697274,18180160
2010-05-20,81.32646942138672,82.44468284908174,80.6827838594312,82.33922997746421,6778000
2010-05-21,80.25440216064453,81.28474172042252,79.13618854528416,79.96661077360486,10997240
2010-05-24,80.1665267944336,82.05365009791868,79.57336519631886,80.63446434560134,9621820
2010-05-25,79.25263214111328,79.96661981806025,78.42880020617447,79.6063274337535,11068700
2010-05-26,80.30712890625,81.42754160288412,79.62829224228227,79.65026243326744,14002780
2010-05-27,83.33222198486328,83.78917099735611,79.57115690540958,79.7469049784393,22619720
2010-05-28,83.34101867675781,84.09674758541338,82.83353882356344,83.3322359646844,11758500
2010-05-31,82.9741439819336,83.42011133586867,81.94380445657315,83.30587573786359,8768220
2010-06-01,81.50881958007812,83.0422476243839,80.75748871315655,83.02906685158601,11365460
2010-06-02,81.41874694824219,81.8449431493672,80.31811218734731,81.19686613533938,18903340
2010-06-03,83.7276611328125,83.92098804183676,81.90424967647449,81.90424967647449,13593780
2010-06-04,82.85331726074219,83.9122106479164,82.60726052941416,83.74525196068004,10188700
2010-06-07,82.4556655883789,83.25533478968471,79.45472716659673,82.0316684755567,19238260
2010-06-08,81.84274291992188,83.34980257709869,81.41654675995457,82.60286313430937,11342280
2010-06-09,82.64239501953125,83.28827956376986,81.35282496082951,81.7240989574959,11584680
2010-06-10,84.73179626464844,84.98827198718156,82.38151214753418,83.1730438234869,17020940
2010-06-11,86.06503295898438,86.22864412456276,84.95069166871559,84.95069166871559,21630760
2010-06-14,87.25231170654297,87.33411726844982,86.06501098933927,86.06501098933927,14977960
2010-06-15,86.84329223632812,87.5552315099162,86.3612978842626,87.33413244044671,9121560
2010-06-16,87.38056182861328,87.99743012504555,87.02680196606613,87.33413291304771,18168580
2010-06-17,88.26716613769531,88.39540062237862,87.02679691460423,87.68788768576,15977200
2010-06-18,88.07260131835938,88.34897515141671,87.4822705894974,88.08586672255349,9802800
2010-06-21,88.3887710571289,88.8818244026583,88.00184769219196,88.51037959169675,14203300
2010-06-22,87.86698913574219,88.43963496243491,87.66357500646876,88.21853587502882,8524880
2010-06-23,88.38434600830078,88.60323191053928,87.35623676631614,87.76305821217512,8488080
2010-06-24,88.51038360595703,88.74916763885973,87.55523397952962,88.30918263737568,17653100
2010-06-25,86.12472534179688,88.08587312411103,85.78644401544673,87.56186937813813,14470320
2010-06-28,86.25959014892578,86.84770770836447,85.04575172632943,86.32149761557237,10658160
2010-06-29,84.21219635009766,86.17555673970728,83.84517116488625,85.79083985423621,15902320
2010-06-30,84.85781860351562,85.73779531289482,83.08902608027479,83.79654578853433,17535120
2010-07-01,84.34485626220703,85.33095599843337,83.79652826559796,84.54826358129615,11567260
2010-07-02,84.58587646484375,85.05018588128175,84.01543706117727,84.34487927787448,8225000
2010-07-05,84.68978118896484,85.30000997287466,83.92919992446743,84.0618607026765,5160540
2010-07-06,86.84768676757812,87.10195602213882,84.45982020422227,84.6809192099925,12496060
2010-07-07,85.66703796386719,87.06880516292475,85.39066414510802,87.06217246117085,7933440
2010-07-08,86.03848266601562,87.1063880479651,85.88592379039325,86.67082267432285,6725840
2010-07-09,88.56121826171875,88.96804643528199,86.23304562756816,86.4497251170304,31402360
2010-07-12,90.62630462646484,90.91594387983106,88.749168859663,88.83760714168022,29738560
2010-07-13,91.64777374267578,91.97720918370652,90.09344761699167,90.73905309521352,12514620
2010-07-14,92.25579833984375,93.34360196485399,91.67872626954762,91.97721135781059,21116060
2010-07-15,91.20777893066406,92.41940417038562,90.87171079911123,92.41940417038562,6477460
2010-07-16,90.1619873046875,91.35813402550076,89.81927971423862,91.26968900383149,9427760
2010-07-19,90.55554962158203,91.26969531434291,89.41246443680961,90.29686073538815,17531160
2010-07-20,90.40299224853516,92.36192684424618,90.03154741623092,90.5555511524116,13369180
2010-07-21,89.90107727050781,91.30285111956314,89.54511105543796,90.65502580537951,9284700
2010-07-22,90.9712142944336,91.22547687333888,89.54512260582209,89.76622167398462,11149940
2010-07-23,90.14652252197266,91.49080203935975,89.58492893614104,91.49080203935975,13843620
2010-07-26,90.73463439941406,91.08396794950124,89.94972867865246,90.42951661340703,6072980
2010-07-27,91.39350128173828,91.88876774854597,90.42951264970492,90.79211833527113,13291820
2010-07-28,92.2469482421875,92.41940523564958,91.09059775239717,91.6234472860524,13142120
2010-07-29,92.88813781738281,93.52490420217438,92.12092379433862,92.45920509283316,22531480
2010-07-30,94.05110931396484,94.49772693904622,91.97719927006902,92.75989174928543,23399320
2010-08-02,94.46900939941406,94.84709371603311,93.80571210382709,94.18821597334949,16526680
2010-08-03,93.85433959960938,94.80727602648344,93.38119111089105,94.63039947409317,16220960
2010-08-04,93.51605987548828,94.14398041867412,92.47247200503948,93.5249057274791,14734700
2010-08-05,92.87267303466797,94.07324625991012,91.31392709913067,91.31392709913067,14710560
2010-08-06,92.45037078857422,93.30380998235829,92.04133614888553,92.56312672898822,10920880
2010-08-09,92.0656509399414,93.03406594130306,91.59470884360186,92.41941079966097,5236440
2010-08-10,92.64714813232422,92.9588986478747,91.52396776375399,92.2182153731193,14694540
2010-08-11,92.39729309082031,93.43866774333564,91.88655481712382,92.90582496221941,14670160
2010-08-12,91.67430114746094,92.10102069908135,90.56217318413384,91.84012543670896,9938860
2010-08-13,92.31106567382812,92.92350760761647,91.01542174411833,91.16134792546221,10499860
2010-08-16,92.15409088134766,94.0511247052875,91.5527011331921,91.90646099929681,7186680
2010-08-17,93.79242706298828,94.45351781743385,92.02584779473226,93.2153617753881,20131820
2010-08-18,96.92762756347656,97.23937132419435,94.18820676185807,94.18820676185807,38844340
2010-08-19,98.61681365966797,99.03026782311184,96.62028941376049,96.62028941376049,20763920
2010-08-20,98.66767883300781,99.04354322525987,97.51354135108836,97.79433475713036,8398140
2010-08-23,97.13323211669922,98.52173382149832,96.531842456489,97.85180399850815,8194860
2010-08-24,97.6661148071289,98.16800737069997,95.51923753554924,97.13326512860331,10680280
2010-08-25,96.9408950805664,97.94689320344426,96.33507900840665,97.32781847358227,10591220
2010-08-26,96.32621765136719,97.89601537104397,95.80220728090909,96.33726990393683,20388100
2010-08-27,94.59280395507812,96.83917112137411,93.99584056623534,96.39918616935869,11550480
2010-08-30,94.26338958740234,96.29750400859058,93.59567273373935,95.51481130446005,6876460
2010-08-31,94.3761215209961,94.63038405390255,93.4054935486038,93.96708696941256,9390160
2010-09-01,95.03944396972656,95.29370657049093,93.74601296029734,94.43362788264146,9616200
2010-09-02,96.72860717773438,97.06025570457008,95.5059298786963,95.5059298786963,11590660
2010-09-03,97.01605224609375,97.28358020237621,95.8795999113377,97.01825864831586,8118160
2010-09-06,97.47373962402344,98.15472858611662,96.62693309516412,97.1951593644477,9546440
2010-09-07,97.24378967285156,97.99110557127348,96.51195232792544,97.99110557127348,8407840
2010-09-08,96.38150024414062,97.27916184175315,96.01447501373929,96.7529450264477,9969600
2010-09-09,99.26685333251953,99.49458511299294,96.53627836938126,97.06249525467533,26029580
2010-09-13,100.92951202392578,101.48447284725019,99.40614294452234,99.49900077511506,14595580
2010-09-14,103.21788787841797,103.916561741518,101.08649637603136,101.08649637603136,32697460
2010-09-15,105.04195404052734,105.42003155261679,103.2996923277574,103.43013996649216,25503160
2010-09-16,105.91971588134766,106.79084672360614,104.15313653881711,105.053011338661,25534780
2010-09-17,106.15410614013672,107.2772934242184,105.55271627672695,105.91974161775147,21503140
2010-09-20,108.17051696777344,109.22073764852928,105.96395236107438,106.26907018580569,15095460
2010-09-21,109.256103515625,110.31075039231195,108.56406235058431,108.56406235058431,32710780
2010-09-22,109.73809051513672,110.10732890421706,108.35180187546965,109.22293268811892,25049020
2010-09-23,108.95098876953125,109.74694678909216,108.47784025763646,109.29148323433948,12380340
2010-09-24,110.33949279785156,110.6379779043129,106.48795061596643,106.48795061596643,27910620
2010-09-27,107.82780456542969,111.0271083360149,107.61775775273776,110.54953354142698,16677440
2010-09-28,108.35621643066406,108.85590242888706,107.07384467542109,107.80789512030981,18864220
2010-09-29,108.0223617553711,109.39980448381434,107.28609815887906,109.39980448381434,15595720
2010-09-30,110.07858276367188,110.50530231009536,107.30821194160438,107.45413812405435,36959780
2010-10-01,110.58270263671875,110.72641568809888,108.88466333514502,110.19577924978313,17730260
2010-10-04,110.28421020507812,111.54889711854123,109.80664216550616,110.58269529036656,13980460
2010-10-05,108.24125671386719,110.97846419266871,107.7835800342003,109.72704268673064,17196660
2010-10-06,108.63702392578125,109.66513320005016,108.33853884682375,108.55963790569481,8219880
2010-10-07,107.61114501953125,109.22295940693657,107.30160761765742,108.64810037636556,9012840
2010-10-08,106.3818130493164,108.25010283478035,105.68535234880066,107.68187662223002,14906860
2010-10-11,105.6190185546875,107.9317127212034,104.6528100413774,107.9317127212034,19820040
2010-10-12,105.25643157958984,106.1275625284704,103.4544753569736,106.04133064515985,15619800
2010-10-13,107.95160675048828,108.33853007217462,104.66828464269705,105.46424253964754,20573400
2010-10-14,107.20430755615234,108.60386848128506,106.57196743957967,108.1174478166843,7707260
2010-10-15,105.51953125,108.01794804422688,105.24094426238518,107.20651823516414,11726540
2010-10-18,106.05899047851562,112.31388370462469,104.0492011767929,112.31388370462469,16550200
2010-10-19,104.7500991821289,107.14460577944854,104.29463565851722,107.14460577944854,16649040
2010-10-20,103.27758026123047,104.88939432261597,102.94814481595027,104.75673353510052,9860460
2010-10-21,104.58427429199219,105.0132070055594,102.44182387391311,103.03437447911617,14595060
2010-10-22,102.88402557373047,105.24315558049737,102.52363976340992,105.24315558049737,12950380
2010-10-25,101.91339874267578,104.6904023279932,101.66134258173655,103.29748098331031,17259580
2010-10-26,101.76749420166016,102.85530475025436,101.30761103925042,102.05934663511337,10139440
2010-10-27,99.6847152709961,101.97088540467546,99.07006017679466,101.97088540467546,16440660
2010-10-28,100.23304748535156,102.4064550331245,99.09660182067567,99.78200351172151,42138460
2010-10-29,100.8167724609375,101.6171501425156,98.91973835896746,100.82119201397606,16264860
2010-11-01,103.88118743896484,104.62408383139773,101.04448930695985,101.61713509518508,20269600
2010-11-02,103.9320297241211,105.55268275544856,103.60701385800726,104.57984830672791,11122040
2010-11-03,104.458251953125,104.884971512836,103.96298547827683,104.40297718899431,7081520
2010-11-04,105.64997863769531,106.34865250751683,104.69262263491758,105.68535529853024,9716320
2010-11-08,103.27093505859375,106.12753758066582,102.83095013487753,105.83568523294127,8510920
2010-11-09,106.06122589111328,106.4282444072173,103.04764450694385,103.47436408990248,13716100
2010-11-10,105.94403839111328,107.00309801880434,105.3912907471547,106.1275476400481,8934340
2010-11-11,104.06249237060547,106.54322428396733,103.30854370849067,105.46867926130051,6728740
2010-11-12,102.36444854736328,105.19893346045062,101.92666996530008,103.69546250265887,12403100
2010-11-15,105.50183868408203,105.7737862024654,102.32463960672473,102.36886211653727,22815960
2010-11-16,104.91593170166016,106.11429166914697,102.8110709154264,106.11429166914697,18299340
2010-11-18,103.4898452758789,106.96772939455934,102.53469565599654,106.96772939455934,16631980
2010-11-19,101.8647689819336,104.53564291453552,101.35181749406293,103.69546910476097,11752680
2010-11-22,105.23873901367188,105.72736607488284,101.9708949902776,102.6341922081309,11021900
2010-11-23,104.88054656982422,105.24315226596691,102.03500275515948,104.57985508782006,11416240
2010-11-24,102.20967102050781,104.97340921192871,101.261154183938,104.09343254271353,8257500
2010-11-25,102.72483825683594,104.30127574515886,101.36287388911016,102.81107013506005,22687740
2010-11-26,101.61270141601562,103.47435844057946,100.64429321638141,102.85528378135106,15139380
2010-11-29,101.61270141601562,102.49709764200348,101.04226881911286,101.70556598860375,11818860
2010-11-30,101.05996704101562,103.21126357220072,99.87045962873664,101.5729185388021,17253560
2010-12-01,104.67049407958984,105.02204073256368,100.82115910326114,101.1992365606244,16081440
2010-12-02,105.76274108886719,106.12755320352267,104.0536428550852,105.15471864863868,14738560
2010-12-03,105.93518829345703,106.12754338625943,104.88938736393824,105.90644433753806,7923580
2010-12-06,105.38687896728516,107.2330577019447,105.03311907693102,107.01195861389945,9363120
2010-12-07,103.9895248413086,105.68535771322351,102.9658417932064,105.2431595637958,17194700
2010-12-08,100.84107208251953,103.47436276514192,100.16672263098341,103.47436276514192,23488440
2010-12-09,98.6986083984375,101.01572872660395,98.13701495728243,100.51825589521323,36567840
2010-12-10,98.27191162109375,98.70969024309936,95.97026931216749,97.28359843077565,41242460
2010-12-13,99.0081558227539,99.27347739225311,96.46109709467426,99.18503911822265,15823360
2010-12-14,98.9749984741211,100.639874220469,97.81422834327353,99.36192185107028,11844160
2010-12-15,95.64302825927734,98.61018060878683,95.07259565421153,98.61018060878683,22420420
2010-12-16,97.31896209716797,98.15029671371968,95.07259486008721,95.64745375988556,19518360
2010-12-20,96.06755828857422,97.27475747698811,95.1367329732575,97.27475747698811,10322440
2010-12-21,97.9070816040039,98.12596750134584,96.04100510768215,96.08964716791452,12351160
2010-12-22,96.34613800048828,99.05238860131786,95.95921460751438,98.74285123642044,15006480
2010-12-23,96.88340759277344,97.46047295989214,96.13167206103893,96.39920006184443,6526540
2010-12-24,98.09723663330078,98.37803677877181,96.17809826883175,96.79717298401262,7033420
2010-12-27,97.88939666748047,98.61018176963081,97.15535290879484,98.12376113368741,7541260
2010-12-28,99.76653289794922,100.32148695935145,97.95351787745415,98.34044123875668,9350060
2010-12-29,102.93487548828125,103.33285108824964,99.65155317261512,99.7598962977837,16142080
2010-12-30,101.94877624511719,103.62470412359875,101.17713595012269,103.30632094262263,14504700
2010-12-31,103.75515747070312,104.57985942547197,101.35402482497565,101.92667060283843,16497820
2011-01-03,105.70746612548828,106.1120744524666,103.93424727566085,104.80095859407479,10796780
2011-01-04,103.71977996826172,105.59691563327772,103.16482589893569,105.53058186480538,16568260
2011-01-05,102.06817626953125,103.9032958220095,101.59502102859652,103.9032958220095,15651840
2011-01-06,102.93266296386719,103.5915405807231,102.10354150272313,102.41308557947643,10870180
2011-01-07,100.35466003417969,102.86412907858075,99.98100206641051,102.86412907858075,15896020
2011-01-10,95.1720962524414,100.3789765902639,94.54196256092841,99.76210830300101,40141720
2011-01-11,94.92227172851562,98.11051712301622,93.96712195188528,95.95701394616049,24315180
2011-01-12,97.51795196533203,97.90266217490706,93.15345863080293,95.91277061243002,19810660
2011-01-13,94.76306915283203,98.05302461625747,94.02901857146814,97.68157302553531,18972020
2011-01-14,90.63072204589844,97.63735222628411,89.76622385865443,95.07260162369805,25582820
2011-01-17,91.45098114013672,92.552056755834,90.6749213735219,91.09280178551666,24561640
2011-01-18,93.27506256103516,93.56912809946711,90.5024783642885,92.27790360707188,16840320
2011-01-19,91.77600860595703,93.48289363021695,91.22547410212687,93.376763651656,17984100
2011-01-20,93.6376724243164,94.38277523553303,90.46931886677893,91.50185452704669,19277080
2011-01-21,92.60291290283203,93.95383161807383,91.80474856453539,93.03847830480395,16595220
2011-01-24,95.01068878173828,95.24947279880637,91.66767205833776,92.64050657744993,25548320
2011-01-25,92.16735076904297,96.17145824804776,91.53943024931161,95.12565726681262,28221080
2011-01-27,90.69039916992188,92.86159327979377,90.25262740565759,92.86159327979377,37891160
2011-01-28,90.83854675292969,92.3906596670106,90.29906452691483,90.87171026120774,35596840
2011-01-31,90.5312271118164,91.24537956695076,88.27159425170089,90.32781973742954,22236060
2011-02-01,90.19073486328125,91.84013202267434,89.10734403124353,91.84013202267434,17102460
2011-02-02,89.31959533691406,91.24757929450882,88.71377936056992,90.71693618437229,19524340
2011-02-03,91.13483428955078,91.61240913281532,88.88183402654782,89.32403220578438,11592060
2011-02-04,89.22452545166016,92.19831059053388,88.66072553190428,90.69483963957951,18506400
2011-02-07,90.15756225585938,91.09281371898277,89.33286707135625,90.42951653170863,17118920
2011-02-08,88.56566619873047,91.09061408779564,87.7807603621914,91.08840768508132,14391980
2011-02-09,89.42572021484375,89.98731369326008,87.61713159832263,88.3511820665005,14715160
2011-02-10,89.14051818847656,90.6063994068456,88.4396311428101,89.14715089091594,23071180
2011-02-11,91.0618667602539,91.09282387119931,88.21853573934108,88.21853573934108,20206840
2011-02-14,93.10260772705078,93.31265454510952,90.65725252242694,90.65725252242694,11844720
2011-02-15,93.17115020751953,94.09976903495799,91.76938286136756,93.30381100392623,15199460
2011-02-16,92.63386535644531,93.8344315281265,92.20051312592643,93.48067171350799,9101580
2011-02-17,96.64682006835938,97.01826486993808,92.64050617905563,92.86160523914884,23609840
2011-02-18,96.2267074584961,99.18943272159528,95.74691965760017,96.5760409111208,39535740
2011-02-21,97.35874938964844,97.6373363361448,94.29873951950165,95.73588326364411,11201020
2011-02-22,94.56185150146484,96.91655499133384,93.98477948288766,96.84138212540027,11592860
2011-02-23,93.48511505126953,95.20526563161707,92.87045987596305,93.9759552810041,12228440
2011-02-24,91.05303192138672,93.68189668113016,90.46269436239913,92.2867619161643,20055540
2011-02-25,90.30349731445312,92.28675636905301,89.23559170693407,92.28675636905301,12619920
2011-02-28,90.7500991821289,93.78799768242685,89.987304832863,91.26967650252581,21962720
2011-03-01,94.58618927001953,95.07260997349864,91.04860378263353,91.74727772608134,20501160
2011-03-03,96.9806900024414,98.269694662837,94.19042070789264,94.40488708420024,25337640
2011-03-04,98.0905990600586,98.73841770259875,97.57101490664954,97.72578695146348,19709880
2011-03-07,96.09628295898438,97.46046034417512,95.11238946931813,97.46046034417512,12855680
2011-03-08,97.57100677490234,98.1016498858065,95.36001630415987,95.42635006672661,17971140
2011-03-09,97.55111694335938,98.99489357330009,97.06248989716043,97.72578709463534,18083980
2011-03-10,97.65503692626953,97.94688932195672,96.50311264541428,96.92983223685205,14940620
2011-03-11,96.67996978759766,98.03530791223079,96.1780774218421,96.48982786179484,13107900
2011-03-14,97.93582916259766,98.12375796152011,96.0454281929112,96.0454281929112,13082880
2011-03-15,96.60480499267578,97.62407510806457,94.18819402818488,95.95698640430102,27602000
2011-03-16,96.56502532958984,97.50469644041011,96.33729354204033,97.10672078655556,11610680
2011-03-17,96.46552276611328,98.74284726445575,95.78675374063039,95.96584344981027,33521240
2011-03-18,95.04163360595703,97.11554375734096,94.72325718421261,96.39918500045295,9644240
2011-03-21,95.2693862915039,96.34171143688475,94.91562641227124,95.96584704746944,12318700
2011-03-22,95.1433334350586,96.08963698597269,94.72103349038198,95.47498197038932,9430540
2011-03-23,95.70052337646484,96.48321599584496,94.85371688309142,95.07260280945881,9314700
2011-03-24,96.9652099609375,97.23495110280321,95.89067169332367,96.35497435370496,8827620
2011-03-25,100.16007995605469,100.60006489389279,97.28357923805018,97.59311654978069,17802960
2011-03-28,101.56185913085938,102.23620859524259,100.15787868719738,100.15787868719738,21860620
2011-03-29,101.93329620361328,102.75799810092764,101.02678873621885,102.14776255506459,21636600
2011-03-30,103.54067993164062,104.5356256327675,101.970882112233,102.36885769372081,22194840
2011-03-31,103.73304748535156,105.94624445648527,101.93108477385158,103.91655673370273,37863820
2011-04-01,103.19798278808594,104.57985186666234,102.72262117453717,104.04921548997052,8738580
2011-04-04,106.16292572021484,106.34864812138237,103.47436033431798,103.47436033431798,12644540
2011-04-05,105.93961334228516,106.56753386354606,104.71914895908327,106.1275488929313,16825320
2011-04-06,105.0640640258789,105.90645091402455,103.96078186341899,105.72957436302691,12939720
2011-04-07,104.1266098022461,105.15471912912132,103.45667988948408,105.02205833752913,13116320
2011-04-08,104.0226821899414,105.46424554909294,103.69987272278986,104.09342875703902,15440340
2011-04-11,101.53089141845703,103.36601755582413,101.20145599780876,102.8199026401882,22416360
2011-04-13,104.7545394897461,105.40457135258357,100.6000857093113,100.7968671376967,18067780
2011-04-15,104.49583435058594,105.77378661927536,103.6512343406549,105.02205118135353,17181860
2011-04-18,102.22736358642578,106.12092174900886,101.89792812865393,105.19009654611683,20706540
2011-04-19,103.80601501464844,104.30570107995987,102.78675152450657,103.474366404378,14924860
2011-04-20,104.88719940185547,105.64114135282693,103.82813288301203,104.38308700463179,13096140
2011-04-21,106.5985107421875,106.87488461869022,105.3316104632318,105.3316104632318,32410700
2011-04-25,105.72956848144531,107.94276538522544,105.50846943129375,107.14460105293388,12645740
2011-04-26,104.35214233398438,106.03249684084285,103.49648989790565,105.53281071645206,12643700
2011-04-27,104.06024932861328,105.19890789837599,102.8685291547937,105.06625388823386,14295300
2011-04-28,103.37486267089844,104.7567317941187,103.03216182730294,104.49804967280026,26769640
2011-04-29,101.50878143310547,103.4610898198141,100.86538913642467,102.81105807413343,18625880
2011-05-02,101.27000427246094,102.39982400103634,100.02521545937901,101.97089127598908,14156740
2011-05-03,98.86003112792969,101.51322004520236,98.26527407251506,101.19925638779875,21480560
2011-05-04,100.00090789794922,101.04891541062862,97.62851226657146,99.22926749647142,26421220
2011-05-05,98.18788146972656,100.59122719006304,97.7257852406081,99.75326660461775,18698980
2011-05-06,101.58396911621094,102.58996717293056,98.38908489645279,98.38908489645279,21551460
2011-05-09,100.77032470703125,102.3688734756862,99.42383212694287,101.79401452137346,7797180
2011-05-10,99.33538818359375,100.73273590123125,98.39350400249506,100.73273590123125,13046440
2011-05-11,99.98320007324219,100.33032720307123,98.21220126102433,99.93677116175532,9821700
2011-05-12,99.06123352050781,100.15346351360442,98.83128858843263,99.49458582728116,9478860
2011-05-13,99.54100799560547,101.26337159830946,98.42667356802855,98.69862109917635,11646140
2011-05-16,99.62944793701172,100.20652001397967,98.88877145606551,99.27348167577208,12541240
2011-05-17,99.6029281616211,100.55365830915719,99.09661609721641,99.5830300529571,12223880
2011-05-18,100.26177978515625,100.71945640750347,99.18502856306914,99.85274522046053,13870960
2011-05-19,100.5470199584961,100.99805722436285,99.83508064973569,100.40109375574798,15022540
2011-05-20,102.39982604980469,102.58996801037837,99.73336507019533,100.37897732049953,23827740
2011-05-23,100.14459991455078,101.65249698969717,99.31547851291846,101.48445955979604,20092800
2011-05-24,99.72894287109375,101.37392044049885,99.41498598001186,99.67145495551203,9004880
2011-05-25,99.70462036132812,100.24630899116895,99.28895306330351,99.49457356262178,8314880
2011-05-26,100.12248229980469,100.68849526756514,99.0523638217761,99.71566090093978,19899900
2011-05-27,101.86697387695312,102.23620553416525,100.04953930648678,100.15345613614805,11662040
2011-05-30,102.04163360595703,102.92602982744276,101.58838324140868,101.8824420161933,7849500
2011-05-31,106.10765075683594,106.51225906801498,102.36886484034311,102.80664340846798,35393460
2011-06-01,106.0479507446289,106.43708048132373,105.0109956685121,105.68534506673224,13143340
2011-06-02,105.0950927734375,105.38005991989306,104.41384308278354,104.86133315583861,13445520
2011-06-03,104.9370346069336,105.56485512744158,104.56969512592256,105.07951479367009,11977060
2011-06-06,106.02791595458984,106.41751984523663,104.42719999748597,104.42719999748597,11685600
2011-06-07,105.8164291381836,106.44870666442067,105.25095173055523,105.30883112543191,8126940
2011-06-08,104.8702392578125,105.61605382249778,104.5563357977851,104.91253965481113,10278780
2011-06-09,105.20641326904297,105.73182550480784,104.25800386018916,104.84798093213618,6459880
2011-06-10,105.1908187866211,105.72735980068636,103.75485428135033,105.4379424941162,8743820
2011-06-13,105.64276885986328,105.97226490251411,104.37599901529049,104.77673854729605,7835560
2011-06-14,106.08358001708984,106.77373688075357,105.32663662868414,105.88321364871084,12433200
2011-06-15,105.65167236328125,106.6757754065592,105.3934198188614,105.9722612602057,14077880
2011-06-16,104.32479858398438,105.61605456010437,104.10438946278035,105.25984390643754,8425300
2011-06-17,104.60528564453125,105.35332853117679,103.90845707273785,104.65872164696054,14213480
2011-06-20,102.36564636230469,105.14630987099527,101.16121962797428,104.28695138925636,15625700
2011-06-21,103.54782104492188,104.36932934294143,102.49923174846784,102.49923174846784,10157720
2011-06-22,103.42091369628906,104.53851786598261,102.96229479199013,103.85503967963754,6183160
2011-06-23,103.91292572021484,104.1667280929691,102.85542942204448,103.25616214369002,8267580
2011-06-24,106.1125259399414,106.41530058571952,104.26023593728257,104.59195367593868,16575460
2011-06-27,107.58187103271484,108.28092812795067,105.64498058725292,106.10582791860207,20512380
2011-06-28,107.88909912109375,108.1985591667349,107.06536931092477,108.17184456017783,12193620
2011-06-29,110.83007049560547,111.27087514729268,108.42120352187388,108.42120352187388,20504880
2011-06-30,112.00777435302734,112.42632132849535,110.25344942148766,111.27086697601916,26841200
2011-07-01,111.37105560302734,113.43484063427393,110.33582376134999,113.09644427054052,13304840
2011-07-04,112.74915313720703,113.18550764248091,111.8675369914874,112.87382585299957,14323360
2011-07-05,113.14765167236328,113.63075669399873,111.96102572731336,112.29497192065044,10637280
2011-07-06,113.33245086669922,113.98698605672915,111.9833085674507,112.8738318960189,11785740
2011-07-07,114.24520111083984,114.65261922878916,112.83595131190097,113.36804211878021,14778040
2011-07-08,113.9491195678711,115.02442334426794,113.70645281075778,114.25412947147687,15089360
2011-07-11,112.39958953857422,114.1695067797237,111.98772127805152,113.94241905864172,7945000
2011-07-12,110.41374969482422,111.76066333811039,109.54326243798799,111.76066333811039,14721800
2011-07-13,112.19256591796875,112.60443425688167,110.3380475488723,110.87013842217206,7441820
2011-07-14,112.64006042480469,114.27639143408642,111.04824470663593,112.45082287850282,9354344
2011-07-15,113.30795288085938,113.6418990941314,111.98329685055243,112.75137585873934,5490152
2011-07-18,114.66598510742188,115.52312179768585,113.0964407633086,113.975835097141,6209896
2011-07-19,113.73094177246094,115.5453813735425,113.17436479089282,115.21143518460163,17052664
2011-07-20,112.00556182861328,114.96655567701553,111.76066657887277,114.96655567701553,7408644
2011-07-21,110.49166870117188,112.40629503320815,110.09093595932498,112.38403059329373,12881024
2011-07-22,111.66046905517578,112.88493838973984,111.05937000379036,111.3153940512778,12634120
2011-07-25,112.47309112548828,112.76250846905057,110.68090897757307,111.6604832105762,13370428
2011-07-26,110.90351867675781,113.58622357916259,110.25789079117749,112.50646296674871,10581528
2011-07-27,111.77178955078125,112.19479350280507,109.53435274588914,111.17069047196011,11062712
2011-07-28,108.48799133300781,111.20408994112293,107.88689222062878,111.20408994112293,21417956
2011-07-29,108.37666320800781,109.06681999898613,107.10767181248545,109.06681999898613,11990668
2011-08-01,108.64382934570312,110.41374690618869,107.86462155326468,109.8571699115898,8809416
2011-08-02,107.49729919433594,108.62158218459467,106.86279996073829,108.62158218459467,7929976
2011-08-03,107.3191909790039,108.95552897028047,105.97227714886995,106.57338311926668,8330268
2011-08-04,106.07246398925781,108.8442138068391,105.74964656104149,107.77558851714696,7318424
2011-08-05,105.31550598144531,105.92774073236498,101.76454850260335,103.52333061005096,12624376
2011-08-08,102.877685546875,106.86277517909842,101.97602680480999,103.07805189150535,17233492
2011-08-09,103.40087890625,105.4268137730402,100.1504678319422,100.18386109347611,17963696
2011-08-10,106.84052276611328,110.15772042679019,105.39342252270394,110.15772042679019,13068904
2011-08-11,106.8516616821289,107.90915804650274,105.7496364373833,106.57337316518843,8409216
2011-08-12,104.20234680175781,108.19857251669193,103.32295918804198,107.99820614863978,11413552
2011-08-16,101.61982727050781,106.5065690565094,101.21908777021274,106.5065690565094,12222592
2011-08-17,104.07990264892578,105.1819278652227,101.49738391955498,101.53077718189515,12536804
2011-08-18,102.94447326660156,105.71622924785815,102.08734338850657,104.25799353469594,22888452
2011-08-19,102.59941101074219,103.18938130337638,100.18386534308385,101.29701940245145,17921036
2011-08-22,100.86287689208984,103.28955794322974,100.33969996987317,102.42129242518389,11908996
2011-08-23,102.2765884399414,102.96674528065311,99.13749279255471,101.83132683872776,16145092
2011-08-24,101.51964569091797,102.9444814645915,100.74043788407978,101.96490729482551,12742456
2011-08-25,98.77014923095703,102.27658419498081,98.11339247291713,102.27658419498081,23200840
2011-08-26,97.72380065917969,100.30631272271016,97.10043028986101,98.84808357679493,8523824
2011-08-29,101.61982727050781,101.95377345701075,98.65883367369014,98.9593866003733,11600396
2011-08-30,105.07061767578125,105.74963895562442,102.14301697252913,102.84430948724179,15589296
2011-09-02,105.25984191894531,107.7533096533789,104.19121677227547,107.7533096533789,15190948
2011-09-05,104.69213104248047,105.52699652128813,103.00013564659974,104.5919444673625,11800716
2011-09-06,105.25984191894531,106.06131417602418,102.41017033172375,104.32479661414744,17860792
2011-09-07,108.66609191894531,109.07796024670887,105.27097231017302,105.97225795249874,14746572
2011-09-08,107.68653106689453,109.02231599576656,106.67355675267449,109.02231599576656,8164048
2011-09-09,105.36002349853516,108.13177960775832,104.79231769021362,107.73104010116135,10331416
2011-09-12,104.49176788330078,104.90363622427745,102.96674553652385,103.96858414174409,6985520
2011-09-13,104.12442779541016,105.9277318386634,103.30069111839973,104.85910671716869,7175952
2011-09-14,106.61787414550781,107.55292609498778,102.64391355144579,104.05762029647902,7749008
2011-09-15,107.89801025390625,108.65495357573872,104.99268118255205,108.1762987394441,8736760
2011-09-16,107.68653106689453,109.08910252454876,106.03905755262957,108.25423694400375,10947008
2011-09-19,107.9202880859375,108.42120742207645,106.21716370189571,107.28578890133082,8389220
2011-09-20,109.38964080810547,109.81263795330186,107.53067233947247,107.9759339226587,11835268
2011-09-21,110.0909194946289,110.79220508505648,108.73287039279093,109.70131563393002,12891396
2011-09-22,105.14852142333984,108.86645840556731,103.63463473986009,108.62156317302284,10191088
2011-09-23,101.60869598388672,104.63647622935392,100.74043722081414,104.31365885098519,32911224
2011-09-26,100.20612335205078,101.88698315615999,97.83510671659607,101.5196436989745,27785068
2011-09-27,101.84246826171875,102.83317130441154,101.0966536783333,101.96491249137242,16022836
2011-09-28,101.96490478515625,103.60124249807173,100.57346230719287,102.94447893081191,15223752
2011-09-29,104.77006530761719,105.70511067563193,100.77383936878981,101.8647290285504,32532984
2011-09-30,104.1133041381836,105.70511318094306,103.38975395564259,103.71257137013002,19028800
2011-10-03,101.53077697753906,103.5010609814799,100.35083641620771,102.44356464653373,18136236
2011-10-04,99.93896484375,101.5196448838867,98.06886748103528,100.74043708324282,14963192
2011-10-05,97.66812896728516,101.57529656118311,97.18946733994886,99.95009453386515,16534992
2011-10-07,100.18384552001953,102.41015319824218,99.33785131995566,100.7849513108004,18887004
2011-10-10,101.23023986816406,101.96491888042706,100.19500108612937,100.62913391692803,24125984
2011-10-11,101.85358428955078,103.5010507421797,101.33040058518927,102.56600552027525,9987516
2011-10-12,104.0019760131836,104.6142107081917,100.95193815454394,102.84429993911446,17935560
2011-10-13,104.78118896484375,106.01679403208541,104.10216771461546,105.74963434345125,11733404
2011-10-14,105.50473022460938,106.06130720067732,103.60123968411801,104.4138407103467,6670040
2011-10-17,106.42865753173828,106.97410574173516,105.15966597300049,106.10584692909283,7087264
2011-10-18,106.45091247558594,107.17446255393344,105.08173445538966,105.50473160390075,8109020
2011-10-19,109.50096130371094,110.11319600910572,106.70694066259941,107.51954852508206,17378084
2011-10-20,108.9889144897461,109.62341368136426,106.99637274046692,108.64383943869846,11353704
2011-10-21,108.42118835449219,109.48981336599266,107.59745176226949,109.10020950640259,9161464
2011-10-24,107.83122253417969,110.6475006176289,107.51954079267882,109.7013197773373,9743092
2011-10-25,104.19121551513672,109.25606626934476,99.86104369113067,108.6104383012653,82630020
2011-10-28,107.4527587890625,110.09093523906175,106.8071308006873,108.19857335932055,18038448
2011-10-31,109.08909606933594,109.47869998386928,106.22828882378906,107.53068041120257,12851416
2011-11-01,107.37483215332031,109.75698443166878,106.86278403083371,107.99820246999188,13299516
2011-11-02,107.55294799804688,108.64383763183092,106.306214076228,106.5733737716725,10111820
2011-11-03,107.27466583251953,107.94255831653129,105.1040152594813,107.08542826988545,10505636
2011-11-04,107.53067016601562,108.62155966394182,106.92956432320301,108.35440679592145,6803220
2011-11-08,107.8089599609375,108.49911676814985,106.52883291958409,107.53067147368675,8392808
2011-11-09,106.25054931640625,108.13178229435786,105.81641653867808,107.97593801667267,8604988
2011-11-11,103.31182098388672,106.50657435245162,102.98901039737393,105.8943396467534,9210036
2011-11-14,104.94815063476562,106.82938348468345,104.402709288295,104.61420445744193,12228564
2011-11-15,105.13740539550781,106.37300373649134,104.61422160644007,104.79233034003414,11644292
2011-11-16,103.6791763305664,105.08174778890093,102.47696445867568,104.63648614572762,7117600
2011-11-17,102.26544952392578,104.63646595753741,101.65321488268486,103.11144376507053,10777368
2011-11-18,102.03169250488281,102.76637821836859,100.2061240288437,101.34154246302877,11720744
2011-11-21,98.9927978515625,101.51965914750777,97.95756584408643,101.51965914750777,10194036
2011-11-22,98.85920715332031,100.0725477694093,97.95755510242512,99.5159707517819,15218304
2011-11-23,94.86297607421875,98.34714639878617,92.21367116899586,98.34714639878617,25565636
2011-11-24,95.6533203125,96.84439643204651,91.56804383981186,95.46408277673326,28885188
2011-11-25,95.93162536621094,96.82214870550118,93.2934486147328,95.23033959535064,18906468
2011-11-28,98.14679718017578,99.05958489007261,96.64403916317663,97.06703635727905,10891716
2011-11-29,96.8889389038086,99.19316253449351,96.22104642090775,98.84808746932289,14831024
2011-11-30,98.51412963867188,100.10593851016108,95.55314269713679,95.55314269713679,28214548
2011-12-01,100.96307373046875,103.96858970700973,100.06142165516776,102.17641437940028,13929784
2011-12-02,103.74595642089844,104.16895359683114,100.88514918222117,101.3304107977615,11237028
2011-12-05,102.93336486816406,104.06878345181929,101.96491940580655,103.2339178453307,8753228
2011-12-07,103.99085998535156,104.8368544048787,102.87770585747188,104.63648802069106,11172944
2011-12-08,101.01871490478516,104.12441695670883,100.42874470549397,103.96857269539322,12557000
2011-12-09,98.79241180419922,100.45101388623492,98.06886174591494,99.5159618624835,13606912
2011-12-12,96.18762969970703,100.39535704843779,94.90750266255887,99.76085794075993,12071156
2011-12-13,97.60134887695312,99.1597645969588,94.84072810320232,95.28598973748966,14925880
2011-12-14,96.6996841430664,98.79241219179161,95.78689655328077,97.73491594861187,24306724
2011-12-15,96.03181457519531,97.06704662648643,95.0633690585085,95.50863074028136,26960140
2011-12-16,92.45857238769531,98.06887149990264,91.27863181602743,96.644035679166,29424820
2011-12-19,90.38809967041016,91.94651518196895,89.10797264305829,91.7350132163107,32341524
2011-12-20,92.21368408203125,93.86115071474177,89.94284710575926,90.3881087250947,19983568
2011-12-21,96.94458770751953,97.82397531941888,93.01514852533522,94.8407238619351,14986880
2011-12-22,98.59204864501953,99.02617461754694,95.46408190764738,96.06518777010399,13576068
2011-12-23,97.412109375,99.40465786623989,97.06703433299126,98.89260971471339,6855300
2011-12-26,98.78129577636719,99.1597640870733,97.30079541465193,97.73492822351109,4564760
2011-12-27,97.89076232910156,98.75902106234432,97.00023915774436,98.02433536948305,6294236
2011-12-28,97.91303253173828,98.6254538778628,96.4102744873239,98.51413846716544,7668340
2011-12-29,95.6421890258789,98.40280947121832,94.84071682067649,96.98910259170403,10930628
2011-12-30,95.02996063232422,96.62176953191104,93.97246430680215,96.57724065317524,7676416
2012-01-02,95.02996063232422,95.68671743168296,93.39362285400158,95.48635106567781,7029996
2012-01-03,97.76831817626953,98.1579220910741,95.73124763769341,96.04292941070645,6878476
2012-01-04,98.6922378540039,99.0595841351268,95.92048827582133,98.38055607094344,9742956
2012-01-05,98.77014923095703,99.44917722111667,98.02433472104845,98.84807136676585,6761212
2012-01-06,100.91853332519531,101.77566321648774,97.72378695770459,98.18017735473114,7954444
2012-01-09,101.4528579711914,101.76453973141932,99.29333650005378,100.60685685725532,8463936
2012-01-10,102.34336853027344,102.92220310172323,101.51963195682265,102.41015504416319,8982772
2012-01-11,103.00013732910156,103.30069026521237,101.29701308334401,102.52148247226356,7719112
2012-01-12,103.89067840576172,104.43612667238558,102.67734442435838,102.78865984251395,7975444
2012-01-13,104.54741668701172,105.31548880916223,102.64391942258179,104.63646764106728,7381684
2012-01-16,102.52146911621094,104.15780662705902,102.02054988600145,103.92404024313679,6383420
2012-01-17,104.28025817871094,104.413838008341,103.07805330034516,103.27841964771406,7322016
2012-01-18,107.28578186035156,108.06498966542966,104.54742572016681,105.2821046472936,20137244
2012-01-19,108.37666320800781,109.14474213241395,106.92956310834298,108.19856129801771,16842176
2012-01-20,109.21154022216797,109.85717500113634,106.9629744951374,109.08909599534462,14390260
2012-01-23,107.7532958984375,108.58816131087374,107.06313913199313,108.19855745173683,7533728
2012-01-24,108.82192993164062,109.77924642710113,106.98522587199099,108.03159332666458,15063952
2012-01-25,109.13360595703125,109.75696939414453,108.14289631481888,109.1447347778486,14819100
2012-01-27,107.79783630371094,112.20592343529347,106.78486208509506,112.18365899641621,14877636
2012-01-30,106.65129089355469,107.53068534436353,105.30437715918002,107.51955652109898,9975016
2012-01-31,109.55663299560547,110.20226104491665,106.82940532328178,107.64200649538829,10653848
2012-02-01,110.68090057373047,111.24861318874783,107.16333666052674,110.0909303140932,12020596
2012-02-02,110.84786987304688,111.31539589463486,109.37850528840718,111.09276510284559,22841708
2012-02-03,112.70685577392578,113.09645971981095,110.25791668550467,110.7588360444999,14915004
2012-02-06,113.0296630859375,114.87749606072596,111.31540315961817,113.54171122281053,17438624
2012-02-07,113.38587188720703,114.74392801798346,113.09645454402734,114.43223944021663,12075708
2012-02-08,113.19664764404297,115.27824045842334,111.92764920196339,113.69756700894484,13861148
2012-02-09,116.33572387695312,117.09267404564395,112.57326464933462,112.58440026602298,17361024
2012-02-10,115.2114486694336,117.02589527703822,114.43224080403647,116.39138929080218,11515172
2012-02-13,116.20216369628906,116.88118500580416,114.85524990102653,115.46748467962836,14614324
2012-02-14,115.30049896240234,116.6140125545622,114.66599301727324,116.3245952266833,13114828
2012-02-15,118.67333221435547,119.08520730219254,115.15576867758266,115.87931869827312,19379584
2012-02-16,117.20398712158203,119.74197008305339,116.49156584547747,118.21695454170766,8124264
2012-02-17,117.61585998535156,118.6622275614346,115.7902845359758,118.27262362478825,14219648
2012-02-21,118.45072937011719,118.77354678851596,115.87934602328502,117.1038155778058,14831136
2012-02-22,118.31715393066406,119.97575628429664,117.24852869494809,117.99433651875323,13923108
2012-02-23,118.69563293457031,119.3189965434546,117.37097677299897,117.37097677299897,17095748
2012-02-24,116.80325317382812,119.19653424347253,114.73277588944484,117.3709589889664,16380168
2012-02-27,114.78843688964844,118.317143279348,114.02037148794803,117.30417584072792,15321292
2012-02-28,118.10563659667969,118.75127133667736,114.25412656575912,115.60104015612804,14801148
2012-02-29,115.12240600585938,120.19840020827759,114.28754032629172,118.86261512096934,19988636
2012-03-01,114.43222045898438,116.28005320787908,112.49532996312668,115.10011279629362,12198492
2012-03-02,115.48973083496094,116.88117337514119,113.0407919642437,114.43223450442395,8116696
2012-03-05,113.75321197509766,115.97952001419026,112.55100019866529,115.76801803281528,10051372
2012-03-06,112.96286010742188,115.99064017327056,112.03894369903726,113.4971726380652,11597188
2012-03-07,114.7995834350586,115.32276040698783,110.76995759217809,112.84042821651747,7577636
2012-03-09,116.48043823242188,117.32643256169516,115.69010160360483,116.21327855257091,9315044
2012-03-12,115.53426361083984,118.99617004991603,115.10013080599923,118.88485464294699,11217384
2012-03-13,116.7475814819336,117.43773143514085,115.84591599079322,116.43589296792163,11079428
2012-03-14,117.59358978271484,117.99432249995927,116.09083190181914,117.57131855001458,11721124
2012-03-15,113.7198257446289,117.9943404170202,113.33022179042176,117.54907875506917,14939196
2012-03-16,113.06305694580078,116.85891629010366,112.42855778560586,113.5417118230871,12810608
2012-03-19,111.05938720703125,113.55284834352871,110.22452162232493,113.55284834352871,15299768
2012-03-20,112.51760864257812,113.73094925993796,109.7569879910853,110.42488041293774,6324272
2012-03-21,114.7995834350586,115.2893603499258,111.9832982330403,111.9832982330403,12021572
2012-03-22,112.26158905029297,116.30234379897769,111.33767252204636,114.4099818615905,11280064
2012-03-23,114.42110443115234,115.4897295726696,111.52690397921074,113.43039463571115,8047164
2012-03-26,113.90904235839844,114.98880304885908,112.57325761823745,114.32091067877859,9832916
2012-03-27,115.51197052001953,116.16873401452962,113.98695516841987,114.65484748385983,11857352
2012-03-28,114.3097915649414,115.43407443239802,113.55284137924254,115.43407443239802,8699492
2012-03-29,113.56397247314453,114.45448887926078,112.4285540339709,113.0964464341727,16225116
2012-03-30,115.7346420288086,116.62516542951366,113.4860758773518,113.98699529024839,11184976
2012-04-02,117.62699127197266,117.98320874592164,114.89976365833705,115.32276766230547,5530932
2012-04-03,118.03884887695312,119.41916250783109,117.54905841589253,118.66221237816424,12920812
2012-04-04,117.22623443603516,117.7716825644387,116.74758641224363,116.93681713983258,4175076
2012-04-09,116.15763092041016,117.17059843885393,115.76802698344665,116.60289256265419,5036740
2012-04-10,116.84777069091797,117.10380154787535,114.84409347812162,116.52496689950094,5834072
2012-04-11,117.20398712158203,118.20582571939312,115.12238099314673,116.17987729083622,7463248
2012-04-12,118.08338928222656,118.99617018508702,116.72533316267757,116.88117745027257,12103288
2012-04-13,117.84961700439453,119.71972129396036,116.63628992794159,119.41917512770821,9833428
2012-04-16,117.93866729736328,118.21695579971667,116.6807978314037,117.7494365510853,17396084
2012-04-17,118.04997253417969,119.3078418918365,116.01289543702335,118.43957640392946,15665808
2012-04-18,119.69747161865234,120.19839098796785,118.66223282007724,118.66223282007724,12000284
2012-04-19,123.34859466552734,123.6936696952607,119.59727104046398,120.22063457616065,16366676
2012-04-20,122.69184112548828,124.22799923958011,121.65661595147603,122.94787200727261,15725100
2012-04-23,121.41171264648438,123.78273632251722,120.95532218166166,122.8810842162466,8437648
2012-04-24,120.63249969482422,121.66773840292554,120.08706507766112,121.57868064306288,8760780
2012-04-25,121.70115661621094,122.33564908789486,119.77539437540935,121.1111794427931,10778388
2012-04-26,120.33193969726562,122.43580334025343,119.99799351864232,121.33377823313555,9338952
2012-04-27,120.4766845703125,121.55643870960756,118.92939751376484,120.66591534909762,4549020
2012-04-30,120.77723693847656,122.22433747322329,120.29857517242912,121.06665432776414,6039020
2012-05-02,122.42466735839844,122.66955577307753,120.37646153164087,120.37646153164087,8978348
2012-05-03,123.34859466552734,124.22798906203268,121.43397517982199,121.44510400239933,13714548
2012-05-04,119.6640396118164,123.27066082568449,119.02954734873113,122.71408389725744,12351888
2012-05-07,118.49525451660156,119.00730268741023,114.96656143790248,118.41733916454847,16712688
2012-05-08,114.73278045654297,119.41916979429513,114.26526119918483,118.6399619731609,11283080
2012-05-09,114.1316909790039,116.34685668333125,112.51761080107681,114.3654506134754,15023992
2012-05-10,115.2114486694336,116.41366052565476,113.54171752929688,113.77547717125466,12084380
2012-05-11,113.6641616821289,115.76802563488579,113.14098469390935,114.26526760981756,8050084
2012-05-14,111.43785095214844,113.94244760340278,109.99075066475704,113.708687966947,11034848
2012-05-15,111.11503601074219,112.30611217499799,110.42487915717922,110.42487915717922,8019464
2012-05-16,110.24678039550781,111.02598823450712,108.19857421533405,109.97962070447535,16960872
2012-05-17,110.82561492919922,112.76250570135564,110.20225137644826,110.64751299817128,11618520
2012-05-18,111.43785095214844,112.18366553601926,108.86646777452195,109.04456970761652,9614416
2012-05-21,110.74771118164062,113.06307049830565,109.96850326200261,111.37107479968948,8542340
2012-05-22,108.922119140625,112.42855424837123,108.41007101715493,112.1613945701199,11096812
2012-05-23,108.46572875976562,109.7347202465744,107.35257475687047,109.08909228372578,12695888
2012-05-24,111.24862670898438,111.91651918841998,107.9759508420885,109.75699745391675,11539244
2012-05-25,111.3154067993164,112.01669250332145,110.33583257831307,111.27087791893538,11194572
2012-05-28,113.26343536376953,113.67530376028671,111.31541559092828,111.58257530600802,12206852
2012-05-29,112.41741943359375,113.97583495396513,111.78292032718348,113.57509545794957,10573024
2012-05-30,111.46011352539062,112.51760987154073,110.54732584672517,111.32653368073052,10167280
2012-05-31,112.69572448730469,113.29682362846971,110.28017871677775,110.42488739182748,19039120
2012-06-01,109.17814636230469,112.90721237847315,109.08909539836112,112.20592669545715,11708748
2012-06-04,110.34695434570312,110.98145348271974,107.98706651361914,108.64383008940268,11360968
2012-06-05,111.64936828613281,112.40631179703847,110.97034692947204,111.31542202007259,10710712
2012-06-06,115.74575805664062,116.43590809953743,112.09460751074013,112.39516044879512,25091692
2012-06-07,119.7308349609375,120.10931001785772,116.43590201916513,116.70306168218558,19800492
2012-06-08,120.02025604248047,120.83286387883021,118.2058232178267,120.42100234376849,19322744
2012-06-11,120.65478515625,122.20207219524787,119.86444840042329,120.46554079130324,13071884
2012-06-12,122.35787963867188,122.63616813274483,119.76423902689523,119.95346976754267,11253840
2012-06-13,120.6102294921875,122.98125282154142,120.1760967375911,122.66956428277862,8064732
2012-06-14,118.97392272949219,121.86812356187279,118.5843187712871,120.22064996042538,8642552
2012-06-15,121.9014892578125,122.38015090306483,119.0963466721485,119.10747549425325,9932224
2012-06-18,119.09635925292969,122.89221199638867,117.89414739590316,122.89221199638867,11237464
2012-06-19,119.43030548095703,119.9980113513214,117.17059723447305,119.06295919455883,11860736
2012-06-20,118.92938995361328,120.33196143959559,117.6715203515305,119.55275354868239,9534472
2012-06-21,120.86624908447266,121.26698174822373,118.28372402905877,118.66219905138622,10652656
2012-06-22,121.18907165527344,121.35604475680361,119.12973673640137,119.12973673640137,6168816
2012-06-25,119.4859619140625,122.11300283068014,119.1074868084118,121.42285273496343,6374848
2012-06-26,120.98870849609375,122.00167589765591,119.3968928734208,119.77536794331913,5853128
2012-06-27,122.22432708740234,123.49332555078007,121.55643458965697,121.55643458965697,11937288
2012-06-28,123.07697296142578,124.00818981210733,121.89893447820339,122.71795718762566,12142440
2012-06-29,126.45404052734375,126.75697298993819,123.87357473448725,123.88479141186258,12659172
2012-07-02,128.78762817382812,129.02323307772548,125.65740960613263,126.55496253189072,8201524
2012-07-03,129.2139892578125,130.14520612469298,128.28278608650615,129.2252196285929,8466800
2012-07-04,129.69647216796875,130.33597351617107,129.16916499984254,129.40477003888662,12810284
2012-07-05,131.06520080566406,131.26715575428526,129.1242502242491,129.67400429942907,8381528
2012-07-06,130.48178100585938,132.1646930566658,129.8086161855368,130.61640849169456,15741520
2012-07-09,129.7301025390625,130.5378949496485,127.69937744543985,130.1339987443555,7661160
2012-07-10,132.086181640625,132.9051907391598,129.58424655361088,130.14521731791223,13543016
2012-07-11,131.71592712402344,133.2417647672652,131.2895838918999,131.6934937731009,12299444
2012-07-12,130.1676788330078,132.59108401557177,129.15793123879894,131.02036553569127,7583748
2012-07-13,131.72714233398438,132.7032396085949,130.69496168269146,131.26714908059458,9508572
2012-07-16,130.7398223876953,132.9949216136373,130.38079296198478,131.94029407494423,12850160
2012-07-17,130.87449645996094,132.10863230313245,129.83108522341237,131.7159527166688,8539356
2012-07-18,131.71592712402344,132.0973899587275,130.1676424342847,131.19983679263532,7117996
2012-07-19,132.25445556640625,132.56859093596992,131.39055248506574,132.07493398885728,4800448
2012-07-20,130.72862243652344,132.1647130823719,130.369606622849,132.1647130823719,4168944
2012-07-23,128.5745086669922,130.14522692295893,128.13694869942904,129.56182276325896,6094528
2012-07-24,128.81011962890625,129.57304543820797,127.94623002636553,128.47353712990437,5305588
2012-07-25,129.25885009765625,130.3246942969005,128.73154318257474,128.8998343719291,8815704
2012-07-26,126.95892333984375,129.8647551576488,126.330638710594,129.69646389826525,17705416
2012-07-27,131.17739868164062,132.09739895689805,126.70086291728425,128.35011149409183,13430872
2012-07-30,131.77203369140625,132.81544480039852,131.04277169141125,131.73836996702246,8466284
2012-07-31,131.88421630859375,132.38908995673384,130.1115433546722,132.38908995673384,8391408
2012-08-01,131.6037139892578,132.01882679044934,129.60665300462747,131.3905424039544,7870988
2012-08-02,130.7061767578125,132.20958101500003,129.53935493004425,131.60372990293052,6885460
2012-08-03,131.98521423339844,132.1647221525549,130.0891301662881,130.36961556983766,9951500
2012-08-06,134.6890869140625,135.08176646774783,133.06227162022336,133.09593534591247,12329176
2012-08-07,134.65542602539062,135.14908307096806,133.95982770815166,135.08176931374757,11228764
2012-08-08,134.3861541748047,135.08175240497258,133.44372060495743,134.63297581890956,8053116
2012-08-09,135.67636108398438,136.20366799420103,134.2963678657814,134.85733849178717,9873120
2012-08-10,135.1154327392578,136.1812772622004,134.55446193770908,134.63299237169542,15127420
2012-08-13,136.3046875,136.7646808161318,134.63299177962114,134.63299177962114,8421704
2012-08-14,136.46177673339844,136.65250134735993,135.36226837076336,136.21494133792035,11225568
2012-08-16,134.64422607421875,136.46177991840997,134.15056896731826,136.4281161878298,8143296
2012-08-17,133.53347778320312,135.13785967769826,132.79299909942674,134.31883686808806,7686156
2012-08-21,133.82516479492188,134.2963746663995,131.9851783093337,133.5110157502217,8340840
2012-08-22,133.93736267089844,134.73393828332343,132.69199682682182,133.37639200080014,9580860
2012-08-23,134.1168670654297,135.6539211833781,133.56711308388674,134.49832985031088,9425048
2012-08-24,133.802734375,134.72273457988084,133.11835283070374,133.1744499031145,6708376
2012-08-27,133.3651885986328,134.3861663811214,132.84909821689865,133.5110464805814,4046724
2012-08-28,132.24322509765625,133.41004687298815,131.60372398872815,133.03981443460947,8895964
2012-08-29,132.0637664794922,133.69058208876058,131.54767599084,132.22084107053726,6729628
2012-08-30,133.71299743652344,135.0817606291199,131.4915477220337,131.4915477220337,22716404
2012-08-31,133.58956909179688,134.6329801663158,132.22080593833599,132.4676275904109,12506740
2012-09-03,132.4900665283203,134.13931495618036,131.9403124871756,134.08321788454464,7437816
2012-09-04,132.41151428222656,132.91638789595478,131.76079650854305,132.51249174408687,5772588
2012-09-05,132.8603057861328,133.73542562668501,131.7944613704839,131.9403192424342,12158472
2012-09-06,131.97396850585938,133.17444029056946,131.51396158883514,132.41151468262163,5097452
2012-09-07,132.47886657714844,133.51104734731751,131.42423875814688,133.34275611116544,11205148
2012-09-10,132.64718627929688,133.95985272475008,132.24327626939237,132.72571672812342,6034892
2012-09-11,133.3764190673828,133.95982320444824,130.89691724591523,132.10861961745212,6311544
2012-09-12,134.4534454345703,134.63295329985567,133.26419041953605,133.56710908623182,6391016
2012-09-13,134.4534454345703,134.9695356831053,133.18564631276777,134.85734155535545,3399760
2012-09-14,137.49391174316406,137.94268828088144,134.8461329097461,136.11391841145388,25771220
2012-09-17,136.49542236328125,139.10955196191804,135.86713776015318,138.89638030311284,21086848
2012-09-18,135.85589599609375,137.3256365897614,135.49686650661886,136.49539715884563,10039176
2012-09-20,136.1812744140625,136.87687271520448,134.8573778718654,135.08176618779197,10491328
2012-09-21,140.27635192871094,141.14024140982565,135.77735553462452,136.58516163603213,23602848
2012-09-24,142.48655700683594,142.91290021469214,139.74901726695995,140.35486835870216,17574880
2012-09-25,142.9128875732422,143.36166409104723,140.50071379004012,142.0377678852934,11686144
2012-09-26,141.53289794921875,142.84556381938904,140.0519408805357,142.45288435619264,10730508
2012-09-27,141.54412841796875,142.93533853370678,140.28755949150647,142.03778538749825,15861744
2012-09-28,141.1739044189453,142.32949594656526,140.4895091475061,141.79097224392657,11007688
2012-10-01,139.76025390625,141.81341242833992,139.12075269868788,141.1402474959269,8054784
2012-10-03,138.99732971191406,140.64657817387328,138.66074727514078,140.01829369767808,11032228
2012-10-04,141.65634155273438,142.23975939333167,139.4461221121073,139.45733878882388,12652064
2012-10-05,139.6593017578125,143.3056121121557,113.32732307387114,143.15975421975128,14947024
2012-10-08,139.27781677246094,139.99586205210542,138.34659987448183,139.99586205210542,9290672
2012-10-09,140.41099548339844,141.47684003560963,139.56953925796856,140.23148756108873,4310768
2012-10-10,138.6607666015625,140.0183132133135,138.26808703726235,140.0183132133135,4295016
2012-10-11,140.20899963378906,140.87094774392136,138.7729229784161,139.3787740232079,9812932
2012-10-12,141.6226806640625,142.4865701386416,140.46707544376324,141.36462864148697,15506408
2012-10-15,142.29583740234375,142.46412861726623,139.70414173607838,141.903157900858,7572068
2012-10-16,141.4543914794922,142.59876634486372,140.93828742689803,142.54266926919698,7273836
2012-10-17,140.9382781982422,141.9255921435575,140.5792624157135,141.8133979995705,6433772
2012-10-18,142.75582885742188,143.13729167890247,140.11926652342297,141.36461875909063,5618460
2012-10-19,141.028076171875,142.48660042822692,140.6914936511784,141.81343538683373,9055400
2012-10-22,143.3841094970703,143.6084977748435,140.28755400291496,140.28755400291496,8241404
2012-10-23,142.28463745117188,143.49633993589816,141.9256215941448,143.39536244624145,8332960
2012-10-25,143.0138702392578,143.8328929707531,141.1402335079621,141.9592562394574,17011340
2012-10-29,143.74313354492188,144.16947677548382,142.609975415996,143.12606574549375,5512328
2012-10-30,142.1836395263672,144.68556063852145,141.499244313857,142.94655146330948,8834904
2012-10-31,142.3070526123047,142.68851543464942,141.37583575442554,142.284605566535,7492968
2012-11-01,141.05050659179688,142.64367204060568,140.80368489332247,141.98172369123472,7058460
2012-11-02,141.4319305419922,143.15972304195816,140.91584023565787,143.15972304195816,5432772
2012-11-05,142.48655700683594,142.71094528558686,141.53290682214453,141.81339217058317,4022128
2012-11-06,143.50753784179688,143.87778402358182,142.25096881099233,142.25096881099233,7278084
2012-11-07,143.61973571777344,144.7304605963489,142.9129207554622,143.55242196358793,8200660
2012-11-08,143.3841094970703,143.8328860526167,142.59875052486413,142.82313880263735,3867800
2012-11-09,143.462646484375,144.28166921397485,142.4865629096019,143.21582484575342,4420776
2012-11-12,146.14410400390625,146.70507478059525,142.99145097802912,142.99145097802912,9657456
2012-11-15,145.0109405517578,145.26899257797163,143.38412535794697,145.17923177870375,9442340
2012-11-16,144.1133575439453,145.5382174925814,143.64214768415587,144.28164873609472,12102824
2012-11-19,145.12315368652344,145.3812057464929,143.48512160242797,143.5524353628966,5787948
2012-11-20,146.71627807617188,147.17628502756372,145.45970912922053,145.65043369767008,9353388
2012-11-21,148.926513671875,149.33040986251595,145.7850775515516,147.00799649464957,12929784
2012-11-22,150.13819885253906,150.59820580194136,148.99382405564262,149.62210852640095,8440964
2012-11-23,150.28407287597656,150.9235740908355,147.88311518385962,150.2279757976354,5249712
2012-11-26,148.5226287841797,151.17040811941143,148.11871886722557,151.01333356232658,5481536
2012-11-27,152.69622802734375,153.4367066291404,149.19577625762838,149.19577625762838,16502672
2012-11-29,157.03814697265625,157.91326682476418,151.55186396980474,152.02307392366285,25199452
2012-11-30,157.95816040039062,158.305959556829,154.73817979517747,157.29621211812494,15639292
2012-12-03,154.1435546875,157.32987147809934,153.48160642360466,157.0718194393615,11636340
2012-12-04,153.73963928222656,154.82791698862715,152.81963909437,153.50402062600202,8679488
2012-12-05,155.41136169433594,155.94989919857647,154.15479244521157,154.60356913355278,9219860
2012-12-06,155.89376831054688,156.7352244187362,152.76354884896756,156.12937328172495,10904552
2012-12-07,155.5235137939453,156.62302186117165,154.37913902648438,156.00595408163267,7936632
2012-12-10,155.5010986328125,156.28645771681659,154.74940327349591,154.82793370366613,8324104
2012-12-11,155.01864624023438,156.84741630050874,153.9976822494962,156.00596020447597,13500552
2012-12-12,155.69180297851562,156.17424325991874,154.49133115582478,155.10839892732588,7736504
2012-12-13,155.06353759765625,156.17426246204016,154.60354430509435,155.6918221213195,6283232
2012-12-14,154.54742431640625,155.8152235476486,153.7844987036204,154.839126334622,8373892
2012-12-17,151.7987060546875,154.35673850856264,151.14797441598583,154.35673850856264,12230212
2012-12-18,151.67529296875,153.07772001799214,150.28408259678648,152.12406962450748,13375072
2012-12-19,154.37916564941406,154.65965105212013,151.34992330018864,151.36113997718164,16489012
2012-12-20,153.3469696044922,154.15476200576842,152.64014098169426,153.93037370590557,10260748
2012-12-21,151.68649291992188,153.03282273873774,151.2489329896917,152.80843443560175,11086244
2012-12-24,151.70892333984375,152.61770690644002,150.7440563941226,152.5840431833902,5482252
2012-12-26,152.65135192871094,153.67231591565604,151.03575349121542,152.1576949484242,5723216
2012-12-27,152.60646057128906,153.48158032329158,151.8435486525232,153.48158032329158,9858168
2012-12-28,152.0567169189453,153.25718868738886,151.27135797252384,152.83084549538796,7024264
2012-12-31,152.2698974609375,152.5840465644473,151.23771674181984,151.91088165313357,5107288
2013-01-01,153.5937957763672,153.728423282017,152.50551796823447,153.05525836261728,4029212
2013-01-02,154.23329162597656,154.8279260957336,153.2684246807268,154.8054927440946,9709596
2013-01-03,153.33572387695312,154.8279113998331,152.67378941510833,154.8279113998331,9142732
2013-01-04,152.43821716308594,153.70601679443905,150.9684762379627,153.70601679443905,10884508
2013-01-07,149.93626403808594,153.4142826704326,149.4426070414766,153.4142826704326,11004568
2013-01-08,150.39627075195312,151.10309943476193,149.3753066400107,149.89139703439713,9885196
2013-01-09,149.77919006347656,150.91234823795043,149.45382428976677,150.7889374122191,12871964
2013-01-10,151.64161682128906,152.13527384130515,149.55480828204998,150.22797321055134,9130368
2013-01-11,150.1830596923828,151.8884186858796,149.59965569455937,151.8884186858796,10283428
2013-01-14,150.1830596923828,150.45232834352151,149.68940278122395,149.92502141070312,11389748
2013-01-15,149.95872497558594,151.5631070858087,149.21824619224367,150.51969582593273,8263376
2013-01-16,148.2084503173828,150.16063097892166,147.55771886501222,149.34160832634208,9150756
2013-01-17,149.62208557128906,150.53085526417394,146.76113532240237,147.5801579307047,12844144
2013-01-18,148.73580932617188,151.23774485655517,147.04168005687941,150.34019147461717,20224692
2013-01-21,147.77090454101562,148.85919595676367,146.9182317844741,148.09627029820987,10854720
2013-01-22,146.69386291503906,148.320678220789,145.30265260411008,147.75970742570283,8486128
2013-01-23,147.33334350585938,148.76943401835368,146.8284698610007,147.42310429873058,7079740
2013-01-24,148.16358947753906,148.7133435432189,147.03043131904064,147.10896174460572,6147960
2013-01-25,149.22946166992188,149.66702166878866,147.09777245574872,148.1636170628353,5589732
2013-01-28,150.41868591308594,150.78893207274433,149.09480320895858,149.27431110326364,7368020
2013-01-29,146.4021453857422,150.5421121555572,145.85239132547738,150.50844843317532,11961748
2013-01-30,147.34458923339844,147.73726877588157,144.50607163379019,146.52556642370342,10039632
2013-01-31,144.2928924560547,147.6250669025393,143.63094423707696,147.33335115834328,13888384
2013-02-01,143.64218139648438,144.6967954916772,142.75584483736287,144.68557881534915,10484144
2013-02-04,145.15679931640625,145.74020342849812,143.60851454078335,143.86656656857892,10475800
2013-02-05,144.5397186279297,145.22410015506745,142.7894790561361,142.7894790561361,7460020
2013-02-06,143.496337890625,145.15681702075665,142.98024746766308,145.08948956489377,9873588
2013-02-07,143.94509887695312,144.28168133730452,142.3855974048765,142.77827694195315,9082836
2013-02-08,145.8636016845703,146.61531065542496,143.7206963054693,143.7206963054693,18826656
2013-02-11,147.41189575195312,148.08506064888365,145.85239433494908,145.85239433494908,15167060
2013-02-12,149.2631072998047,149.6670035207155,147.12020166767118,147.12020166767118,15832836
2013-02-13,149.03871154785156,149.75675684671955,147.98408379909932,148.83675659969103,14508832
2013-02-14,151.41722106933594,152.22502716117762,148.54505358801794,148.9938301849606,17684152
2013-02-15,151.85479736328125,152.7635673309577,149.936279943614,150.72163907294018,12488780
2013-02-18,151.68649291992188,152.78600108351822,151.2377163136499,152.13526952619384,9469164
2013-02-19,151.41722106933594,152.0006388627063,150.68795909930412,151.34990731890952,2374812
2013-02-20,151.899658203125,152.76354765588925,151.43966494002228,152.02306902558067,6861684
2013-02-21,149.49868774414062,152.01183915527687,149.00503080159314,151.46208514415747,10871872
2013-02-22,147.93919372558594,149.53235876819863,147.5465142264001,148.58992523103782,7708384
2013-02-25,147.29971313476562,149.26311090453018,146.77239237354044,148.82555094815316,7552944
2013-02-26,146.13287353515625,148.76943593675023,144.8202075198264,146.92944922375702,11742640
2013-02-27,144.22561645507812,146.74998547121135,143.81050347287868,146.3685225252133,12871336
2013-02-28,140.32122802734375,146.96313040278477,138.9748981304325,145.16802387356978,27887004
2013-03-01,139.6817169189453,141.27486837264226,138.29050671814764,140.2426876696238,17220728
2013-03-04,140.8373260498047,141.4319468446712,138.671973413898,139.19928045593105,11969800
2013-03-05,142.02658081054688,142.41926034546276,139.827578154133,141.5665875230462,10557580
2013-03-06,141.476806640625,142.9689941397269,141.14022422990186,142.4753371982183,10933316
2013-03-07,144.0124053955078,144.27045741371091,140.72512508188936,140.99438008018427,5950984
2013-03-08,147.4904327392578,148.09628391256066,144.371443462081,144.55095137013265,10596860
2013-03-11,147.0304412841797,148.0289720106502,145.90849972535344,147.4904345841833,8504584
2013-03-12,144.5060577392578,147.13140345282812,143.63093793620962,146.5255523349928,6895724
2013-03-13,142.46414184570312,144.93241322708948,141.85829067661138,143.84412171886026,7913372
2013-03-14,145.68414306640625,146.63779359860837,138.07737216660965,142.4641755712023,31914436
2013-03-15,143.473876953125,145.82995397922198,142.21729432186208,144.7304458888137,15439608
2013-03-18,144.34901428222656,146.74997222440177,141.36465214277234,142.03781715297603,17561924
2013-03-19,141.7124481201172,144.46120518293975,140.0183189552072,144.28169725672794,20028460
2013-03-20,140.35487365722656,142.13876327975458,139.34512636472854,141.81339752416818,11336436
2013-03-21,136.20370483398438,141.09536727671582,135.47444282292926,139.71538738083385,14452588
2013-03-22,135.81101989746094,137.9090450446605,135.2163854184407,136.6524760306546,29525900
2013-03-25,136.74221801757812,137.62854073281372,136.32709149830148,137.1012337734528,27198976
2013-03-26,137.88662719726562,138.55979217951426,135.2051839455265,135.97932641422778,13274404
2013-03-28,140.32122802734375,141.62269121748537,136.19249122749483,138.33539690763004,19496092
2013-04-01,139.98463439941406,141.14023961375023,139.3451332275658,140.16415599449238,6708772
2013-04-02,141.34217834472656,142.32947852651355,138.6495190743694,140.2426703311014,6857420
2013-04-03,139.9397735595703,141.7348800209681,139.00855660449005,140.91585721972518,6703616
2013-04-04,138.2568817138672,139.8836971852757,137.65103045436507,138.85150259986315,8181984
2013-04-05,139.33392333984375,140.5568423641251,137.63979434446253,137.98759348461488,12959920
2013-04-08,140.11927795410156,141.12902531332557,138.615873591253,138.88514229282777,8652128
2013-04-09,139.25537109375,140.93828331464888,138.53733950262625,140.93828331464888,14760408
2013-04-10,141.81338500976562,142.18363112923868,138.8851208590425,140.64656328006436,15144504
2013-04-11,143.44021606445312,144.05728386918875,141.79096759184407,141.92559508919297,25066068
2013-04-12,144.4387664794922,144.9211931573488,142.7334070046866,142.7334070046866,15206080
2013-04-15,143.956298828125,144.38264203993376,142.48655832779556,144.0797096434674,15923768
2013-04-16,148.84796142578125,149.4089321309294,144.13580750253678,144.28166536410484,13740312
2013-04-17,148.11874389648438,150.75530700079116,147.37826508290104,149.21825228629882,14956948
2013-04-18,151.14797973632812,151.55188970316146,146.74997376829222,146.74997376829222,9223784
2013-04-22,156.69036865234375,157.52060821538637,151.39480952390338,151.39480952390338,19860152
2013-04-23,154.60353088378906,157.07180205900195,152.3147676003859,156.80253337350024,23863560
2013-04-25,154.72694396972656,155.9498628999272,152.5952551962743,155.3552284480502,25895124
2013-04-26,154.62600708007812,155.33283586343003,153.25724361823433,154.30065492783422,8568744
2013-04-29,155.98358154296875,156.3650308171175,154.0426166560339,154.4352963051935,11675432
2013-04-30,153.10015869140625,156.16306495159023,151.86602284519802,155.72550495791006,12552272
2013-05-02,155.38888549804688,155.72546792150837,153.1001222793941,153.57134588958448,12303268
2013-05-03,152.79722595214844,155.72549072596385,152.2811355663793,155.41134160649958,12286584
2013-05-06,151.57431030273438,152.42698318042207,150.32895786467688,152.35966942347392,7673460
2013-05-07,154.39036560058594,154.8054921689641,150.9011303080428,151.75380310077998,11098464
2013-05-08,156.43228149414062,156.95958842878886,154.04254103840395,154.60351169040104,8653956
2013-05-09,154.8391571044922,156.95962946250762,154.424044191721,156.85865197963525,4523360
2013-05-10,157.8235321044922,158.17134498496512,154.52503449130015,154.53625116908827,13913256
2013-05-13,155.44497680664062,159.64104026937014,155.00741693324525,158.19373316301932,9593972
2013-05-14,154.61476135253906,155.92744117562583,153.7284247941626,154.83914966121282,6653676
2013-05-15,160.40399169921875,160.662043756108,155.13086596141352,155.6133063475711,14173480
2013-05-16,162.1878662109375,162.45713491953248,159.5400869168337,159.7644752247336,11660616
2013-05-17,161.312744140625,162.12053649127927,159.13617502923972,162.12053649127927,12819852
2013-05-20,160.32546997070312,162.45715921454033,159.79816284651122,161.44741167798585,5841608
2013-05-21,158.82203674316406,161.11080015297594,158.20496891528012,160.2132469487811,9206500
2013-05-22,157.84596252441406,159.7644798736695,156.62304347165914,158.7547324587376,5412112
2013-05-23,156.75767517089844,158.51913170358293,155.7928081321848,156.84743597729906,7905248
2013-05-24,157.37472534179688,158.36203931879072,155.7927905999377,158.36203931879072,8264240
2013-05-27,160.44883728027344,160.88639716649374,156.75764732583258,156.75764732583258,8995208
2013-05-28,160.0561981201172,161.7391106484282,158.5976739289143,160.26936977948537,6707916
2013-05-29,160.6508026123047,161.2117733500419,157.93569602431168,159.32690619301493,4933492
2013-05-30,162.71519470214844,163.19762136976647,159.3381395509417,159.3381395509417,15357456
2013-05-31,157.1840057373047,161.7166521821921,156.55572123007502,160.9425098002595,12332896
2013-06-03,154.63720703125,157.38596378815996,154.05378921651982,156.6230380671956,7890124
2013-06-04,153.26841735839844,155.6805914540697,152.80842410717597,154.2220675822685,5616324
2013-06-05,154.367919921875,155.81522706658436,152.24744793735422,153.03280691713422,7563676
2013-06-06,153.0776824951172,154.69328079893899,152.13524900992334,153.3693845107413,7116412
2013-06-07,151.72015380859375,155.59085196536188,151.0582055875967,152.97672280444505,9556224
2013-06-10,151.76502990722656,154.1547709171418,150.67675206821065,152.81965771666276,6368012
2013-06-11,149.19580078125,152.7860139333756,148.58994957271355,151.11431819530185,11820860
2013-06-12,148.98263549804688,151.10310797068422,147.74849967430396,148.54507551233175,9815652
2013-06-13,148.224609375,149.55956410964976,147.82864986336327,148.79026582019534,7149736
2013-06-14,150.47593688964844,151.24523524096725,149.17492696107624,149.78583873300906,14965212
2013-06-17,150.99632263183594,151.414916678047,148.73369690087281,150.6003631289174,13070908
2013-06-18,148.7563934326172,151.14346181150708,148.20204713553463,151.14346181150708,12446568
2013-06-19,150.50987243652344,150.82663176560987,147.71552126046137,148.4508746525874,9646956
2013-06-20,144.0387725830078,149.07311567581445,143.5862473611825,149.07311567581445,15138044
2013-06-21,143.73330688476562,145.3850209905536,142.56804904994394,144.08401112894416,17899844
2013-06-24,141.4932861328125,143.41651788956122,141.13127156141277,142.9526824043395,10768052
2013-06-25,143.4504852294922,146.2561469314714,140.82584465149063,141.6403844694986,18686432
2013-06-26,140.9276580810547,144.27635568495327,140.2828151804244,142.8848351394161,10476020
2013-06-27,146.27877807617188,147.68160902698685,140.81453049411653,143.45049543742147,27003560
2013-06-28,151.48281860351562,152.31999302918928,146.867055798702,146.9575663674136,21082680
2013-07-01,151.31312561035156,152.50100435346087,150.38545440162733,151.36969126478533,9838684
2013-07-02,148.55270385742188,151.31311027604104,148.04361301910996,151.30179990829535,9183152
2013-07-03,147.2177734375,148.1341342504683,145.6226109812519,147.97574766070213,13386260
2013-07-04,148.23594665527344,148.75634786885993,146.0977623414348,147.93048386188335,9591060
2013-07-05,151.08685302734375,152.218166041401,148.99392395133788,149.35593859184686,9543496
2013-07-08,149.43515014648438,151.01898848654255,147.6929252104255,150.23837968551902,7169296
2013-07-09,151.66380310058594,152.4444117558011,149.83108174483885,149.83108174483885,7040192
2013-07-10,149.1749267578125,152.0258437529568,148.46220786650608,151.6525049456252,7138580
2013-07-11,154.5939178466797,155.37452656047967,150.7021984553944,150.91715068237886,10599568
2013-07-12,157.42221069335938,157.86342554425394,154.2658445261582,155.44241285855247,15634852
2013-07-15,157.3543243408203,157.94260156340525,154.76361486795142,156.34745303180472,8511888
2013-07-16,153.564453125,154.8767736459067,151.5846550688982,153.63232915349985,11647384
2013-07-17,149.98948669433594,154.0395790463805,146.595547612189,153.36079122995113,22633988
2013-07-18,154.78623962402344,155.78180059115152,148.64321830063952,151.5733217418722,13663880
2013-07-19,153.8585662841797,156.56240708602127,152.30867301545325,155.6799774318728,12458420
2013-07-22,154.32241821289062,155.44242095117124,152.95353211498073,152.95353211498073,6460432
2013-07-23,154.67311096191406,156.12119715516877,154.09614408224834,155.64605120955545,7414784
2013-07-24,149.32200622558594,152.95351820802745,147.86260968778984,152.50099300622855,14628748
2013-07-25,147.94180297851562,150.69089923173271,147.10464236409618,149.48039978441628,16267256
2013-07-26,145.7357177734375,148.48481355990666,144.35552160185972,148.42824791664574,9356492
2013-07-29,143.11109924316406,145.48685662190434,142.46625633578114,145.48685662190434,14922224
2013-07-30,141.4932861328125,143.6767253571096,140.30540769482064,142.71510947873526,14691084
2013-07-31,137.96363830566406,140.69010022851245,137.31879533572842,140.5090928869494,26824520
2013-08-01,143.043212890625,144.31027787710786,138.56321634773676,138.9026102344703,23446608
2013-08-02,142.8282470703125,143.63147643045625,141.83268624001212,142.5454188582921,20015848
2013-08-05,143.15634155273438,143.7785636669663,139.1514910009563,142.896134053703,13598372
2013-08-06,137.71473693847656,142.85088690768177,137.22826682475406,142.77170052171445,19645180
2013-08-07,136.02908325195312,139.0044282734256,135.75756535923992,138.0088810801087,22756456
2013-08-08,138.13330078125,139.71713879184583,135.75754376535625,136.6625940571253,20461448
2013-08-12,136.25535583496094,138.2012088902263,135.45212627644935,138.03151192110522,15700868
2013-08-13,140.39596557617188,141.36889214854835,135.33900118778902,136.6286871644408,14702392
2013-08-14,140.58827209472656,141.10868716382618,137.71474789565085,140.73534832033718,14303708
2013-08-16,133.019775390625,140.73532379154236,132.340987655296,138.92522316399842,28059568
2013-08-19,132.29576110839844,133.17817706997806,129.03757374724722,132.81616238983895,20018440
2013-08-20,132.3070831298828,133.47234128853572,128.17778981287492,130.08971194630666,25726984
2013-08-21,134.25289916992188,140.13572637484592,133.4949250348148,137.11512639169112,28908596
2013-08-22,133.20079040527344,136.59472927846724,128.96967718136398,133.2686664207428,30250692
2013-08-23,137.46580505371094,137.8278334080083,133.11025110678918,133.94742527676289,20698444
2013-08-26,138.3143310546875,140.91635107577673,136.3345332125544,138.5519040337487,14607608
2013-08-27,127.13694763183594,135.75754629775466,125.67755124714071,135.1466345774204,54708372
2013-08-28,127.14826202392578,129.4221982344065,119.46664452406753,125.73412087188899,37067552
2013-08-29,129.43350219726562,131.79794884847286,128.5171415380817,128.5171415380817,40771004
2013-08-30,134.39999389648438,135.75756959240846,129.11676733716945,129.19595372877538,36616916
2013-09-02,133.38180541992188,136.74179957444963,131.79796718762424,135.30503755914043,19515716
2013-09-03,127.28401947021484,135.0561478587252,126.03957520343474,135.0561478587252,18140008
2013-09-04,127.62342834472656,130.51958712544248,126.51474979014222,128.39272677849888,20941800
2013-09-05,137.90704345703125,140.93896757384076,132.13734762740975,132.13734762740975,33246248
2013-09-06,139.4230194091797,140.28281454276973,132.75958295640345,138.24645110585854,18997216
2013-09-10,144.35557556152344,145.03436353438326,139.92083299616323,140.4072894240601,20298836
2013-09-11,146.44845581054688,147.07067790939433,141.5385550321927,143.22421402561017,12690392
2013-09-12,143.43919372558594,146.16565559189178,142.0024177724053,145.3737364052484,17676536
2013-09-13,142.3644256591797,143.563614634876,140.5090696426446,143.09977908323538,15503120
2013-09-16,145.4416046142578,146.82181483707345,142.3191833224376,144.24241552949755,12139216
2013-09-17,145.31715393066406,145.93937607672763,143.35997692905673,144.35553788674764,8432088
2013-09-18,147.183837890625,148.17939896683433,142.80566161110434,145.62262025065462,10989616
2013-09-19,154.58261108398438,156.0985732659985,153.02139361997502,153.85856800198044,29280904
2013-09-20,149.1183624267578,155.31796313498467,143.73331535718833,154.4242231110288,24726152
2013-09-23,145.24928283691406,147.6024056558122,143.24685048571766,147.2969566613794,13985240
2013-09-24,144.4573516845703,145.7922926642196,142.53411969170963,143.23552818864636,18175188
2013-09-25,140.4185791015625,145.19272875976634,138.74424396790647,144.355554287951,20980920
2013-09-26,140.5430450439453,141.64041332929543,139.83031220048653,140.588286524185,22582440
2013-09-27,137.77130126953125,141.18786097096114,136.88887161447354,140.7353357755414,16408692
2013-09-30,134.18504333496094,138.66504042579422,132.97454384821174,137.11514701080046,17062428
2013-10-01,138.39352416992188,139.01574631702613,133.3478571654253,135.48604148746907,12997108
2013-10-03,143.94827270507812,144.5818052399093,138.0201896656411,139.21937871549542,9772912
2013-10-04,144.90989685058594,146.4824248119183,143.67676281716814,143.789894126473,13628376
2013-10-07,143.51837158203125,144.38949092149892,139.8868594327512,144.01615208887367,9922000
2013-10-08,143.1450653076172,148.10020885797329,141.59515793126928,147.18384792420662,11768148
2013-10-09,146.87835693359375,147.27431644213078,140.9615850391804,141.45936546904986,8668760
2013-10-10,145.04562377929688,146.8444140477311,143.30339915571926,146.8444140477311,8345284
2013-10-11,149.62745666503906,150.18180280461763,144.66098976509883,146.4597802217025,13390264
2013-10-14,151.03028869628906,151.43755862291357,146.7652441200162,148.77897301664933,12375720
2013-10-15,147.62506103515625,152.72728076386508,146.30141631588413,152.2747554875277,16143324
2013-10-17,148.02101135253906,149.32202144027312,145.385046259488,147.74949344179964,14551588
2013-10-18,153.08926391601562,153.75674132307077,148.2585631104982,148.2585631104982,21281184
2013-10-21,151.87876892089844,153.58704877395454,149.91028155613017,152.50099106545332,11225424
2013-10-22,151.3696746826172,152.4896772797073,150.509879591407,151.8221998685144,8758096
2013-10-23,149.3785858154297,151.3696941271552,147.93049951055232,151.3696941271552,13544956
2013-10-24,151.43756103515625,152.8969576212831,148.473526389203,148.473526389203,12321928
2013-10-25,152.1728973388672,152.7159330617142,150.04603734598925,150.5211832460013,8946872
2013-10-28,151.1208038330078,152.72726285160553,150.5551473039278,152.2747376283415,8382088
2013-10-29,155.3292694091797,155.89492588918398,148.32643942473197,151.1434114571479,15222916
2013-10-30,153.71148681640625,155.55553247077617,152.8969470067302,155.21613858174902,10188672
2013-10-31,154.03956604003906,155.0011820321199,152.36523118686992,152.99876366671694,18195556
2013-11-01,154.71836853027344,155.6686742455111,153.45130344993896,154.22058803086574,15642444
2013-11-05,153.0100860595703,154.98988384592334,152.27473259606776,153.96039175901444,14258472
2013-11-06,151.34706115722656,153.67756321362378,150.52119712963233,153.60968719450025,4610652
2013-11-07,150.5551300048828,153.29290176706587,148.63189802699344,151.59593237481053,7789140
2013-11-08,147.6363525390625,151.0642365932693,145.86019658039814,150.10262050393442,13480760
2013-11-11,148.03228759765625,149.49168394773596,139.53613078870367,145.71309623674532,11216304
2013-11-12,146.15432739257812,150.02341227989473,145.56603635399813,147.64765500979468,8980320
2013-11-13,143.38259887695312,146.4937093339212,142.17208579498606,144.58178778200826,10561084
2013-11-14,145.30584716796875,147.04807198216835,144.35554146840775,144.35554146840775,12626860
2013-11-18,151.3244171142578,151.59593498368577,146.85573097108198,147.38745634245603,14873920
2013-11-19,149.34461975097656,151.23392066325098,148.7563425410307,151.23392066325098,6789036
2013-11-20,146.96885681152344,149.107040965204,146.25613796694458,148.58663979059753,8370096
2013-11-21,144.27635192871094,146.07512854468217,143.71069543061353,145.83755557747588,12787656
2013-11-22,145.29454040527344,146.36928780181023,143.69937795822406,145.37372679471298,7492384
2013-11-25,149.27674865722656,149.729273852095,146.62947350525158,146.62947350525158,16150540
2013-11-26,147.73817443847656,149.31070234504833,146.70868232164753,148.81292183944646,14478516
2013-11-27,147.8739013671875,149.05046950516183,145.73571729692182,147.3195553030488,8593012
2013-11-28,147.83999633789062,150.01211189105663,146.62948307661645,148.33776303675967,14773732
2013-11-29,149.62745666503906,151.34706073454862,148.20200502753227,148.20200502753227,9571080
2013-12-02,149.62745666503906,150.46463105848696,148.89210320497878,149.78584324920055,6858612
2013-12-03,148.37167358398438,149.83106985664065,147.67026517261564,149.33328946310283,10288280
2013-12-04,148.79029846191406,149.23151334795483,147.85131684287845,148.1794004150613,10476608
2013-12-05,155.69126892089844,156.09855259494844,151.94662614872198,151.94662614872198,32019992
2013-12-06,154.46949768066406,156.03070151557978,153.46262623200136,154.96727822033745,16069232
2013-12-09,157.62582397460938,162.3207722741147,156.69813915715812,160.64642374210985,25265628
2013-12-10,157.6371612548828,158.8024053963974,156.12119902410333,156.65291062722497,25064880
2013-12-11,157.37696838378906,158.79110981094908,155.41980493458453,156.14383429731055,12289776
2013-12-12,157.29776000976562,158.5082593782902,156.23432304313278,156.84523481630254,12867696
2013-12-13,156.10987854003906,158.83634001911335,154.98987594457643,155.62340844191738,25316080
2013-12-16,154.84280395507812,156.32483502510362,154.13008505488668,155.66866796463555,21432244
2013-12-17,148.79029846191406,152.87434994016397,147.98706889551798,152.87434994016397,17942644
2013-12-18,150.74745178222656,154.00563862803784,146.9688637372854,147.1838159614835,14087316
2013-12-19,147.64767456054688,154.75232657588276,147.16121819823894,153.6323238096788,10019516
2013-12-20,150.37413024902344,151.2791807201219,147.09332229129143,148.83554721015085,5722468
2013-12-23,150.34022521972656,151.93537418973065,148.65456566292337,148.88082831994456,5531232
2013-12-24,148.72239685058594,150.8040154294612,148.2133060258053,150.5890632081149,3554696
2013-12-26,151.38101196289062,152.09374478137795,148.6319292558149,149.29939297569726,8046760
2013-12-27,151.5167694091797,152.82908984666827,150.26100081686684,150.26100081686684,5464012
2013-12-30,151.48281860351562,153.1797881920539,150.498581766153,153.13453290769812,4227604
2013-12-31,150.65695190429688,152.11634848684042,149.35594190923393,152.0710932032783,5261312
2014-01-01,150.49859619140625,151.55070915116042,150.01212600540768,151.14343917286928,4492436
2014-01-02,148.654541015625,152.67070251186144,147.8739322163335,150.46464197167523,7228992
2014-01-03,150.03472900390625,150.69089608743556,147.0706943796293,147.52321959310507,6513184
2014-01-06,149.71795654296875,150.01209514400173,148.65451962233655,150.01209514400173,5963420
2014-01-07,150.3289031982422,151.81092072487795,147.81737961396638,150.93980127687294,7896920
2014-01-08,150.39675903320312,150.90584990368637,149.33332200842116,150.50989033775497,4649480
2014-01-09,150.0007781982422,150.7021866630194,148.67713383668473,150.05734384249752,3777472
2014-01-10,149.79714965820312,152.6593770357011,148.49613972479003,150.0007915195961,6150508
2014-01-13,152.2407684326172,153.1684532783417,148.63189140062443,149.3559205943966,4752580
2014-01-14,152.1163330078125,152.9535073336152,151.21128266856036,151.38097960717013,3577120
2014-01-15,153.98300170898438,154.46947179782913,151.50542360504997,152.27472192927598,4627840
2014-01-16,152.28604125976562,154.98988211114448,151.67512947339128,154.8541300741605,4501176
2014-01-17,150.4646453857422,152.72727163214432,149.118380007138,152.72727163214432,43374856
2014-01-20,151.60728454589844,153.11193667924263,150.7814341665997,151.16606962025813,5600368
2014-01-21,152.9761505126953,153.58706234331765,151.59595406682288,152.26343155194778,6251924
2014-01-22,153.20240783691406,154.9220119603564,152.64807548992306,152.84039318459662,7033336
2014-01-23,153.74546813964844,154.10748284968813,152.21819527733405,152.72728623143885,5482740
2014-01-24,152.36524963378906,152.71595392313105,150.1704995182673,151.5959512229962,8842900
2014-01-27,146.88967895507812,150.44200444694238,146.07512532976128,150.44200444694238,17060448
2014-01-28,145.81494140625,148.42827178311964,144.49129685512668,146.61817090771575,18395424
2014-01-29,146.04119873046875,147.2743326692055,144.93250646041776,146.50503430101014,10970924
2014-01-30,142.95269775390625,144.7854329695806,142.0137163166528,144.24239724420178,11425460
2014-01-31,142.20603942871094,143.97088488874337,141.43674108999215,142.54543331756227,9620984
2014-02-03,141.75352478027344,143.45049435066778,141.43675160314368,142.53413354464956,4776820
2014-02-04,142.68121337890625,143.78990582427954,139.55879175006726,140.65617382558477,7409304
2014-02-05,144.23109436035156,144.7628059361446,141.43674301806584,142.7716978564017,6905384
2014-02-06,146.3919219970703,146.98019931263576,142.43232596160087,144.52525529463472,13466944
2014-02-07,146.5615997314453,148.0888722875044,145.2832105123844,147.6137263496086,4029468
2014-02-10,145.6905059814453,147.10464735100442,143.90302576633292,146.53899080318078,6280820
2014-02-11,145.8941192626953,146.42584464973058,144.64967498363856,146.16563714012045,4464856
2014-02-12,146.04119873046875,147.704223325572,145.63392881023665,146.30139243590747,6436960
2014-02-13,143.11109924316406,146.6181696593997,142.82827098379022,146.16564444440155,3155200
2014-02-14,145.21534729003906,145.67918290075636,142.3983748986459,143.45050160951936,4249112
2014-02-17,147.16119384765625,147.5232084671449,145.05694071571438,145.26058257040955,3650120
2014-02-18,149.423828125,150.32887853445493,146.48241429427145,146.73129763288225,5019672
2014-02-19,151.60728454589844,152.1050651335445,148.20203445514565,148.4735523947686,4060948
2014-02-20,149.95553588867188,151.01897285462988,149.52563143116558,150.64563404627057,3448436
2014-02-21,150.3289031982422,151.505457875587,149.2654660306646,149.29939714060214,3043872
2014-02-24,151.8221893310547,152.27471448554368,148.37168502807617,149.80844686959,5018984
2014-02-25,151.8448028564453,152.95349495630043,150.6908692912664,152.50096982329362,4020560
2014-02-26,153.27029418945312,153.67756411656066,151.26786184871654,151.59594538804356,4551340
2014-02-28,151.50546264648438,154.51476689438647,150.49860491704789,154.31112498844652,4903584
2014-03-03,150.7361297607422,152.04844992968864,150.0573420378418,150.50986718644205,3678432
2014-03-04,151.98057556152344,152.46703181554187,150.2949166027798,150.69087611208334,6443868
2014-03-05,151.53939819335938,152.72727701458393,149.89899410690646,152.38788306566263,4006984
2014-03-06,152.86300659179688,153.33816633639998,151.16603709672822,152.27472935749566,4948680
2014-03-07,160.97451782226562,161.75512649747662,152.99876175244404,153.7680462505003,22767568
2014-03-10,166.1785888671875,166.73293506434854,158.38383861887777,159.85454569176736,26123852
2014-03-11,164.0743408203125,167.43433512966826,162.80726189010355,166.18989074694775,13000472
2014-03-12,164.16481018066406,165.85046914336522,162.11713661830993,163.1918838603713,7110216
2014-03-13,167.96603393554688,169.58381703363952,164.60603988255204,164.60603988255204,11448452
2014-03-14,165.65817260742188,167.41170780498604,163.8141268434134,166.3030155109238,12208480
2014-03-18,166.07675170898438,168.52038507567775,164.78705210129323,166.39352487928517,8102724
2014-03-19,167.08363342285156,168.1810015987808,166.47272159079873,167.43433771959369,6055136
2014-03-20,165.21694946289062,167.08361586974132,164.71916899240253,167.08361586974132,5195084
2014-03-21,166.04278564453125,166.86864956978053,165.44319810494147,166.33693804090277,7525592
2014-03-24,169.84400939941406,170.35310019901402,166.07673195838566,166.18986324718566,11713860
2014-03-25,169.7309112548828,172.08403423544652,169.18787543861262,169.6969663376255,8031092
2014-03-26,168.80323791503906,171.1224299490041,168.362023009997,170.33051071789407,9409312
2014-03-27,168.9615936279297,172.129269973147,167.8868462965167,169.69694706521227,24554932
2014-03-28,168.55433654785156,170.6246311736607,166.31433115208537,169.6856496144054,12160900
2014-03-31,169.42539978027344,170.37570528088602,168.13570044443998,169.23308213096982,8262428
2014-04-01,167.00440979003906,170.50016951802965,165.74865519531647,170.0363339770926,8051832
2014-04-02,165.6016082763672,168.79190552435276,163.33898219695226,168.55433254800892,10398752
2014-04-03,164.90016174316406,166.98178019320375,164.32319493945016,166.52925504362867,5559704
2014-04-04,164.1422119140625,165.85049184432515,162.92038830554458,164.16483265089764,7422408
2014-04-07,164.11959838867188,165.62425045022212,163.61050745491096,164.04041198963256,11733156
2014-04-09,167.8529052734375,168.54301725547575,163.30503251067304,164.7304841370639,10520384
2014-04-10,167.29856872558594,169.39149773507305,166.529270376488,168.48644735259214,7494792
2014-04-11,167.01576232910156,168.52040050082047,166.0541461719225,166.0880772797205,5207952
2014-04-15,163.80279541015625,167.16278915521266,162.47915104848877,166.14460755853233,8371868
2014-04-16,164.25534057617188,165.57897128913123,163.1579586578457,163.63311841350367,3572392
2014-04-17,162.61492919921875,163.20320642009784,160.0355301015767,162.060583081483,12302328
2014-04-21,162.1058349609375,164.37977122274003,161.32522626540074,163.51997614489088,6987752
2014-04-22,164.6173553466797,165.08119092448678,162.320798194133,163.3389799156491,11395824
2014-04-23,165.85052490234375,167.3099217784183,163.49738778355868,164.01780293423474,21025344
2014-04-24,165.85052490234375,165.85052490234375,165.85052490234375,165.85052490234375,0
2014-04-25,164.357177734375,166.98181868290774,164.04040453266683,165.88445046623087,6212444
2014-04-28,164.08566284179688,165.00202373579083,163.03353608315285,163.41818531803213,4882860
2014-04-29,161.95875549316406,164.6060304982227,161.2120917250635,164.3571471788466,6641236
2014-04-30,163.20321655273438,165.14908326947784,161.01979066932006,162.00402749112163,8786920
2014-05-02,162.2529296875,164.61737698018823,161.90222536599512,163.7010160723931,5915292
2014-05-05,162.16238403320312,163.61045617157617,161.55147234218384,162.87510283108304,5192324
2014-05-06,162.954345703125,163.94989296968248,161.5741354011156,162.954345703125,6184560
2014-05-07,161.9135284423828,164.49292788366816,160.9745468374223,162.56969557691275,6598624
2014-05-08,162.52442932128906,163.58786634583626,161.8908967779334,162.26423560686152,7520428
2014-05-09,171.2355499267578,171.95959308067134,162.90908818168865,162.90908818168865,16376444
2014-05-12,179.23391723632812,179.8448151849079,170.7151251492266,170.8508771800282,17561360
2014-05-13,178.32891845703125,181.0101254157616,177.0505289222918,181.0101254157616,12665216
2014-05-14,175.455322265625,179.8334977106158,175.18380440477912,177.61612716532338,8501500
2014-05-15,178.37413024902344,179.00767663050252,173.32847660493192,173.99595409329248,9466188
2014-05-16,182.0735321044922,193.22827644897816,178.21575721607127,181.01009503417157,32868368
2014-05-19,183.70262145996094,188.9292823088263,182.82019174315167,184.60767191413495,10522804
2014-05-20,184.64158630371094,185.89734093319322,181.9943112029274,184.63027593605253,6357032
2014-05-21,183.15957641601562,184.29088942661485,182.14139470647632,183.80441930806788,3642388
2014-05-22,181.59835815429688,184.4040199324735,180.5575557130231,183.72523212904105,7806456
2014-05-23,178.66824340820312,181.68884318498618,177.0957157892529,180.78379290760142,9818936
2014-05-26,180.36524963378906,181.92645339617394,178.74746640750365,180.78382994885496,17395232
2014-05-27,182.1187744140625,183.41978437942208,178.374117291875,181.01008213698415,7619524
2014-05-28,186.31594848632812,187.0626123354091,180.896956228799,180.98746679655525,14355564
2014-05-29,183.3292694091797,187.96765265248507,182.6844265310508,186.12360696103545,13684008
2014-05-30,179.3697052001953,186.1688946693776,165.17172475073173,184.40404886554296,32807544
2014-06-02,185.39956665039062,186.06703022448136,179.53936020722455,179.53936020722455,8083132
2014-06-03,186.51956176757812,187.31148083777947,184.17774946968603,186.21411279306093,3624148
2014-06-04,184.7886505126953,187.7300640314404,184.4266221013282,186.07834997137022,2864340
2014-06-05,183.78468322753906,186.05504118131032,182.76929546736395,185.23359778943265,7674472
2014-06-06,186.0208282470703,187.33284267506252,182.7693142298722,185.5074312969864,10565276
2014-06-09,186.97915649414062,189.38641476391584,185.96376871396555,187.53819146765568,9339920
2014-06-10,186.34027099609375,187.92608590586002,184.82289229726112,187.36706484218965,4999344
2014-06-11,187.21873474121094,189.35217849387448,184.8228825598792,186.4201173474337,7743772
2014-06-12,191.6339569091797,192.79766498382725,185.47319369318026,188.1314545033896,12732048
2014-06-13,190.61854553222656,195.31897319494414,189.76288414264593,192.58085674828604,12212884
2014-06-16,191.44003295898438,192.307100644717,189.45489514771188,189.6146214409011,5309880
2014-06-17,193.1627197265625,193.6761166028862,188.78173026324407,190.75546160293442,6988120
2014-06-18,190.49307250976562,194.26940328014564,189.1012019634627,193.2882335644292,5374628
2014-06-19,188.41665649414062,191.6567640596566,187.6066330844571,191.0064529836259,4720996
2014-06-20,187.5496063232422,189.7857323956887,186.95633929061233,188.47371801483482,2969768
2014-06-23,187.43551635742188,188.59921048750306,186.03222585339785,188.01736342246247,5840844
2014-06-24,189.15823364257812,190.01389513372368,188.24552805202285,188.3253842204836,5066224
2014-06-25,188.04017639160156,190.11659010607093,187.78918790800276,189.15824638606838,6330624
2014-06-26,185.37049865722656,188.61059214631433,184.5148372231123,187.10463359298566,21808264
2014-06-27,186.23757934570312,187.56099967239032,185.73558848336464,186.6140620473704,5142960
2014-06-30,187.45834350585938,190.00251627412283,187.0818607519785,187.0818607519785,6176100
2014-07-01,187.85763549804688,188.91866137486693,185.96377408110507,187.7891853604288,7641372
2014-07-02,191.64537048339844,192.124535369069,188.35962464034023,189.56895681633293,7626724
2014-07-03,190.93800354003906,192.8775028872736,189.69443940851468,191.8963471793231,6062740
2014-07-04,195.46734619140625,195.9921492000465,190.55013293665849,190.93803565670882,5631988
2014-07-07,191.77088928222656,196.39146213196375,190.7212693158452,196.2089237677014,8131968
2014-07-08,189.2152862548828,193.57345007514743,187.10465448176532,192.58088827147554,6732272
2014-07-09,189.45484924316406,190.4930490071632,186.64828249949372,188.9300463442308,5795552
2014-07-10,187.86904907226562,193.49360337310523,185.33629639127915,189.45487797017313,9857544
2014-07-11,185.23358154296875,189.71725295754857,184.54905240650044,187.35561908066433,9198780
2014-07-14,186.52281188964844,187.10465895836967,184.1725976173572,185.96377689155034,4921608
2014-07-15,188.65623474121094,189.11258751703718,186.3060207310621,187.27577037969286,6092036
2014-07-16,190.69842529296875,191.32591038965515,186.62548214518984,189.27232280049964,9589300
2014-07-17,189.79710388183594,191.43997654937982,189.27230101038208,191.3715264229781,5039100
2014-07-18,189.94541931152344,190.93798093630517,187.56097349331444,189.1353959948098,7288432
2014-07-21,188.8045654296875,193.2540052406301,188.3025745630965,192.056079137684,9813656
2014-07-22,191.6339569091797,192.2728620137469,188.70189554190804,189.36361271730274,6970352
2014-07-23,190.8239288330078,192.809066384692,190.52730228546486,192.37552563512568,7849852
2014-07-24,192.1815948486328,192.580903594237,190.07096290758224,190.7554921857608,4278600
2014-07-25,190.64138793945312,193.9043077723302,190.33335536089237,191.89635817723527,10665952
2014-07-28,189.2837371826172,191.62254537340945,188.93006653424416,191.3259188272509,3884952
2014-07-30,191.39437866210938,192.1017339214784,188.6676676527455,189.61460536819777,4685380
2014-07-31,190.2991485595703,191.64539510930265,189.05558419189967,191.18904223505908,11901344
2014-08-01,186.06646728515625,188.8844405440124,185.27925583890763,188.48513180298025,6828460
2014-08-04,185.50741577148438,187.72072966752154,184.16116942210994,186.87647419046212,7363044
2014-08-05,187.1502685546875,187.78915962955335,184.80005463994112,186.42010135764895,6077104
2014-08-06,184.8228759765625,187.00195771660884,184.21820297209936,185.9751639611835,3381400
2014-08-07,185.16513061523438,186.76236526009777,184.82286604847795,185.48458311491942,3933740
2014-08-08,181.66262817382812,184.3208746106081,181.40021976948697,183.68198354017235,7450680
2014-08-11,180.9324951171875,183.19143332027645,180.57882445136275,182.76931251377323,5626224
2014-08-12,184.18399047851562,184.4806170093152,180.71570645810468,182.76929403149225,6603072
2014-08-13,185.37049865722656,186.13488396765618,183.14577892852947,184.82286976868096,7839820
2014-08-14,188.6334686279297,189.76294480861839,185.57589871429755,185.75843708374165,11873224
2014-08-18,189.92262268066406,190.41320751579758,187.92607916267337,189.38641370654523,6702168
2014-08-19,187.9831085205078,191.09772173502094,187.61803187656236,190.07092800629547,7892856
2014-08-20,187.23013305664062,190.43600853413247,186.87646243933398,189.1582263274821,9434852
2014-08-21,189.95687866210938,190.57295781069465,187.33284970761778,187.56102613844314,6390480
2014-08-22,193.20835876464844,193.66471154590536,188.9414574745399,190.37896595014288,10015288
2014-08-25,192.4553985595703,194.5888424529497,191.02929597662072,192.35271638824133,6656064
2014-08-26,192.23863220214844,193.607690710413,191.23465039204112,192.69498503823664,4165256
2014-08-27,190.8923797607422,193.03724359360652,190.29912666320075,193.03724359360652,4852968
2014-08-28,192.47817993164062,192.9231266519125,190.29909831779423,191.09771563687372,7991452
2014-09-01,191.9419708251953,193.72174377772637,191.34870388983109,193.01440258081684,4154656
2014-09-02,196.04916381835938,196.48269061820577,191.36014162789155,192.37551545689982,11442252
2014-09-03,195.46734619140625,197.3726138293341,194.31504406750707,197.3726138293341,9234780
2014-09-04,194.3720703125,196.00353722331408,193.60768490568336,195.7867668473147,6406968
2014-09-05,193.59628295898438,195.21632994202528,192.60370719321998,194.40630645050484,3835208
2014-09-08,197.31556701660156,198.0115023398318,193.82447043757097,194.1781411172338,9788344
2014-09-09,197.50950622558594,198.4906759861488,195.72973291111467,196.25453589878413,7661044
2014-09-10,195.6156463623047,197.372607620118,194.885479016966,197.372607620118,4314252
2014-09-11,194.94248962402344,196.93903299963523,194.6344570739273,195.63843874209036,6532864
2014-09-12,195.25054931640625,195.77535225387487,193.71035860811529,193.97275311345842,6086556
2014-09-15,196.31158447265625,197.37261043472412,193.9499640110006,193.9499640110006,5809088
2014-09-16,194.17813110351562,196.69947772908006,193.49360185168183,196.4598952762949,5076268
2014-09-17,193.12850952148438,195.2961853101568,192.14733986518587,195.09082098051707,7905896
2014-09-18,195.80958557128906,196.45988274834937,192.18157519720936,192.75201620402802,6652568
2014-09-19,196.28875732421875,197.37259527515167,194.26940166003584,196.23171322153806,6542108
2014-09-22,195.51292419433594,195.8894207892793,194.17809795186568,195.53575018823668,6534316
2014-09-23,193.6875457763672,195.7411335269989,192.9459724219724,195.33041876222921,4716976
2014-09-24,195.19349670410156,195.61561745725314,192.82045666409792,193.28821548086142,6665496
2014-09-25,193.9385223388672,197.50947442872157,192.14732935017872,194.63445753178988,16595960
2014-09-26,198.88998413085938,200.5670752645767,192.8090769039446,193.9385529800404,9882252
2014-09-29,197.39540100097656,200.1905619424899,196.50552138382952,199.1980001584614,8682268
2014-09-30,199.11814880371094,200.74960177132883,196.49412010127642,197.19005536308728,12035432
2014-10-01,198.05712890625,198.7758901867037,196.3458057878204,197.60077607466877,5870188
2014-10-07,196.79074096679688,197.82894081199933,194.88545965135006,197.37258800735805,5026288
2014-10-08,197.96583557128906,198.5134644923255,195.8437978741413,196.35719476506972,3140384
2014-10-09,202.52938842773438,203.75014065254243,198.11418019282598,199.42619463118908,7650420
2014-10-10,197.8973846435547,201.97034165130844,197.34976965149818,201.49116286562935,4266980
2014-10-13,200.06507873535156,200.33889321986976,195.23915589369912,197.1444233963183,5376512
2014-10-14,198.13694763183594,202.15286014678588,197.40679438073647,201.93608980739924,7266240
2014-10-15,198.13694763183594,198.13694763183594,198.13694763183594,198.13694763183594,0
2014-10-16,195.96932983398438,199.42620846912297,195.10226214773644,198.1484259764191,5533084
2014-10-17,201.99313354492188,202.64343063515634,195.5699630950348,196.28872423837225,9977920
2014-10-20,203.94410705566406,207.5492921596426,203.11127137400894,203.98974513075953,9532004
2014-10-21,204.3433837890625,206.6707859860199,202.54079848320623,205.35877161183316,16037152
2014-10-22,203.9098663330078,206.80769576863136,203.36223734615885,206.51106920358134,4571544
2014-10-27,204.7312774658203,207.02444752920331,204.02393618766834,205.1419922056112,6724768
2014-10-28,204.2863311767578,205.40440112412034,203.98970463769706,205.13058665468643,5803492
2014-10-29,203.43063354492188,205.92916750387056,203.07696296780585,205.40436465459064,7896188
2014-10-30,204.59437561035156,205.34735494860053,202.41527983849184,203.05418490297683,10738180
2014-10-31,208.0626678466797,208.69015301627755,204.75410967970902,205.3815948493069,10105988
2014-11-03,207.80027770996094,209.76258943841455,206.5909454155984,208.8270716455717,7239648
2014-11-05,208.27938842773438,209.99071120829768,207.69754146769895,208.79278526190336,7524180
2014-11-07,205.2332763671875,206.8647293553949,203.9098559641794,206.49965266724885,9028492
2014-11-10,206.41978454589844,207.26402607921784,203.7615239317313,205.24467052249977,6389756
2014-11-11,207.16136169433594,209.30621152480913,205.9063914788057,206.70500888868858,5913408
2014-11-12,208.0398406982422,209.8994840004504,206.305705562285,207.86870839166286,9058664
2014-11-13,208.9981689453125,209.9222805471474,206.248646208285,208.89548678360157,7388952
2014-11-14,212.2268524169922,212.88856951137356,208.03982127759363,209.5115617621443,8438056
2014-11-17,209.68272399902344,213.11677633556204,207.18418941401535,212.20407065532407,13464084
2014-11-18,212.70606994628906,213.34496116227382,208.09690329411094,210.150491155566,9189112
2014-11-19,211.4168701171875,213.96104290269085,210.41290217325133,213.35636978765496,3454848
2014-11-20,209.51156616210938,211.73628598668284,208.11968181323027,211.73628598668284,4770372
2014-11-21,212.8543701171875,213.34495499618095,208.56465616037502,210.1961231516475,8823808
2014-11-24,215.67236328125,216.76760735410343,211.77053799280577,212.74028781517939,7316860
2014-11-25,217.5775909423828,218.77551697360366,214.25762729835563,215.17033284595246,12156508
2014-11-26,217.06422424316406,219.0265497993237,212.9570487080927,214.4401954290907,8976428
2014-11-27,216.34544372558594,217.63463193712258,215.17032977909156,216.90446472409602,13211448
2014-11-28,218.39903259277344,220.39557596261415,216.0830367130457,216.31121309817036,9251860
2014-12-01,216.76759338378906,219.60839252454377,216.35687862378694,218.6614548353645,7389128
2014-12-02,215.2388153076172,216.67632397565362,214.3032975515192,214.88514464015495,4517556
2014-12-03,212.911376953125,215.4099111270098,212.66038850307203,214.94215232821227,6661184
2014-12-04,214.80526733398438,215.45556449964855,212.660403615221,214.48581480505123,6839104
2014-12-05,215.11329650878906,215.4897931314663,213.50465570847908,214.7139878173116,4074180
2014-12-08,211.55377197265625,215.626715471969,211.06318710219188,215.626715471969,4057128
2014-12-09,211.4624786376953,213.34493393714067,211.07457597245318,211.07457597245318,4873344
2014-12-10,212.52349853515625,213.3449279812698,211.13161417835374,211.31415250784767,5565432
2014-12-11,213.02549743652344,213.5160823040079,211.06318582015209,212.18125583466946,4818844
2014-12-12,212.54629516601562,213.61872692322393,211.97585422354106,212.88855973150035,4616828
2014-12-15,214.82806396484375,215.46695505001492,211.74768280337227,212.2040355680347,6638628
2014-12-16,211.23428344726562,214.94214961633728,209.23774012545783,213.92676194160452,4989956
2014-12-17,210.3444061279297,212.77449032812729,209.0095797754044,211.2913437467516,7064016
2014-12-18,213.12815856933594,213.68719352140607,210.39004183441133,212.79730001184282,6493828
2014-12-19,214.8166961669922,216.53942537487072,212.77451439627708,215.63812571888099,6114108
2014-12-22,219.89361572265625,220.4412307670735,215.05627289966264,217.68030169366384,8295612
2014-12-23,218.99229431152344,222.2324018941954,217.9883126064312,218.98088827717095,7544080
2014-12-24,215.68373107910156,220.1445766858071,214.73679349677482,218.57016796232475,16664812
2014-12-26,216.4595489501953,217.4407046917263,215.06766454435535,216.85885765299832,3366480
2014-12-29,217.15550231933594,218.13665814278045,216.37969691840763,216.79041169022352,3614800
2014-12-30,218.23931884765625,218.95806614592988,215.11329940690382,216.76757829388347,5681200
2014-12-31,217.13265991210938,218.43326819689008,216.710539136518,218.13664165781648,4992528
2015-01-01,217.2353515625,217.77157448998673,215.63811666891775,216.99576911381928,3544940
2015-01-02,220.25865173339844,221.1713572322848,216.8588321061151,216.8588321061151,5900384
2015-01-05,218.39903259277344,221.456587797375,217.93125986184285,221.3310935709127,4796000
2015-01-06,214.99920654296875,218.2621261811353,213.92677470932165,217.68027916369562,8219680
2015-01-07,215.62672424316406,217.07563898879346,213.6301805001718,214.41739196133696,5746112
2015-01-08,220.15599060058594,221.0915221823403,216.35686195478738,217.73732636830783,9525824
2015-01-09,222.6202850341797,223.61284669112703,220.55527770647487,221.99280000519948,8985184
2015-01-12,220.6580047607422,222.3351098082593,220.07615767355605,221.1942277052341,4126412
2015-01-13,219.81373596191406,221.77606141683725,218.06819480563135,221.09153219630693,5828348
2015-01-14,219.93923950195312,222.3921358239376,218.9808958280074,219.0607519980102,3685232
2015-01-15,226.61338806152344,227.76567604954334,221.50223133761725,225.89462685989295,11398476
2015-01-16,228.48443603515625,231.5762374434814,227.84554489082137,228.67839433416773,7821308
2015-01-19,229.21461486816406,232.73994326473655,228.84953817493263,231.1997524637199,4239492
2015-01-20,232.95669555664062,234.33715997464017,228.6327500434172,230.45816122140855,8505804
2015-01-21,232.72854614257812,235.6948257239506,232.363455508581,234.42846328453206,6740612
2015-01-22,233.025146484375,235.59213096217104,232.4090674243475,233.88080797697367,6470680
2015-01-23,237.94236755371094,239.12887372465912,233.74391610844282,235.02169841259436,9987912
2015-01-27,245.07289123535156,245.91713283480996,237.5088374591417,237.98800236298473,9962400
2015-01-28,241.49049377441406,249.442435954613,240.72610838485292,244.1487544756328,11364940
2015-01-29,249.85317993164062,251.13096231308904,242.09518165065816,245.2896515310627,20567616
2015-01-30,245.82583618164062,249.75048692927405,242.83673094624973,249.75048692927405,10570416
2015-02-02,246.7956085205078,249.39682526045186,240.1214482836659,243.80650301078938,5710352
2015-02-03,242.80252075195312,246.93250834582983,240.79458498628136,246.08826674090383,10200688
2015-02-04,243.6239471435547,246.61308046277867,241.23951474833416,242.55152913452753,6197512
2015-02-05,245.6319122314453,249.35119895984127,244.22862170000428,245.28964760687757,8059148
2015-02-06,240.38381958007812,246.19089738816717,239.59662219985975,245.7459645825763,6903120
2015-02-09,237.3262939453125,239.98455486585937,236.04851153670694,238.90071684768697,5231896
2015-02-10,240.60061645507812,242.39182364630352,235.02171409208603,235.02171409208603,9275752
2015-02-11,241.50192260742188,242.9622572305113,240.26976439876626,241.41064647093515,4161588
2015-02-12,245.51779174804688,246.86403799841878,240.20127080389918,243.03066356576022,5525740
2015-02-13,243.1903839111328,246.88682992758933,242.68837918990158,246.7042776919488,7714500
2015-02-16,243.58973693847656,247.57140414013358,242.4374349298543,245.47219231557895,7388716
2015-02-18,245.2440185546875,247.1036340280853,241.1938872450621,243.58973956906584,5381692
2015-02-19,246.3848876953125,247.54858176381504,242.7340652977739,245.06145343477897,4507004
2015-02-20,244.8447265625,248.68949379346864,243.806512676405,247.11507087369827,6206024
2015-02-23,243.57833862304688,246.78422860068378,242.32336826011783,245.76882677671853,5581564
2015-02-24,243.61251831054688,244.37690361482012,241.2052463538687,244.21719128983003,5846288
2015-02-25,240.14425659179688,245.24402174494068,239.585235517017,244.14876381257923,4648524
2015-02-26,236.88131713867188,240.95425999688402,236.1853680303999,240.4180510685504,12426944
2015-02-27,240.4979248046875,241.53613856267998,238.5470054497133,238.5470054497133,10261784
2015-03-02,247.01235961914062,250.7658500549714,243.69238203704228,246.51035485411757,14385232
2015-03-03,247.1949005126953,249.1686319685068,245.75740588655435,247.9022417909772,6029348
2015-03-04,243.07635498046875,253.1161176096979,241.86700879506648,252.13494784768722,12277624
2015-03-05,247.59420776367188,248.71227770203618,242.43742665909488,243.00786766299865,9702452
2015-03-09,241.63882446289062,246.84125788737092,240.9542952151204,245.7574199117347,5755808
2015-03-10,240.1670684814453,242.3803683050082,238.4443256095397,242.3233242079724,5134836
2015-03-11,241.0569305419922,242.3005085510909,239.58520400169255,239.7905683186922,5465536
2015-03-12,240.63479614257812,242.75684754185727,239.83617884123495,241.88976618754597,7530836
2015-03-13,237.9081573486328,242.77971849777595,236.07132596857122,241.86701278913768,5426780
2015-03-16,239.93890380859375,241.38781837333474,237.87389625364713,238.44433725185732,5348772
2015-03-17,241.42201232910156,243.21319121028057,237.9537148948327,241.8669450961091,5369304
2015-03-18,242.67698669433594,244.58225379145028,240.3153390088524,241.901181474449,5148332
2015-03-19,240.08717346191406,245.01580550282475,239.28855614000597,244.3769005038736,5373572
2015-03-20,240.9314727783203,241.7529022695898,238.66110082542383,239.81340281768655,6483236
2015-03-23,239.07183837890625,241.73009917950665,238.67252965338673,240.942873837057,5446740
2015-03-24,236.835693359375,241.18246510655325,236.2652523349981,238.05645943439407,8973564
2015-03-25,235.99143981933594,238.83222483527138,235.27267859435102,237.314874070215,10608900
2015-03-26,229.7622528076172,235.52369358371058,228.65558879574684,234.31437524930652,35800620
2015-03-27,231.5192108154297,233.549972603427,230.02464411853757,231.58766095627752,10840896
2015-03-30,236.59613037109375,237.07529527205645,231.09707041150455,232.73994338546447,6955144
2015-03-31,233.3560333251953,237.28067063219598,231.56484002756082,237.28067063219598,5962256
2015-04-01,235.76327514648438,236.5847046500779,231.1427028535095,234.13180824763444,3844196
2015-04-06,235.46664428710938,236.58471431017006,232.69430915419574,236.1625935060176,7151172
2015-04-07,235.64918518066406,236.89273546188096,233.57278544017495,235.76327338457625,6197072
2015-04-08,236.28807067871094,237.8624654793497,235.03310053969778,237.31486442881263,4106144
2015-04-09,240.9771270751953,241.63884430642713,235.0217277012464,236.90418328720298,7002784
2015-04-10,237.9081573486328,240.26977779902074,236.1283700753611,240.26977779902074,6119324
2015-04-13,237.02967834472656,238.741001509941,236.1169726566122,237.30347890973403,4563236
2015-04-15,235.398193359375,239.28858434538623,233.92643883767184,237.303460766935,4893996
2015-04-16,234.9418182373047,235.8317117013787,232.28355780565326,234.56532163478542,5610120
2015-04-17,232.34063720703125,234.53112524514435,231.8386463029852,233.90364009678262,4049012
2015-04-20,229.34007263183594,233.88078813810768,228.76963168515763,232.73990624475107,5188880
2015-04-21,228.86093139648438,231.46214795216235,227.17242044956606,229.3172842008642,6510744
2015-04-22,231.16551208496094,232.96811126882156,226.69326008381412,229.65955337127218,6765936
2015-04-23,231.2567901611328,233.69826659220206,229.5682791664509,232.7513428523973,9627828
2015-04-24,229.6481475830078,232.5117587051584,228.2562631444049,232.4889466351742,7205244
2015-04-27,229.41998291015625,231.0286238762341,227.26371296862138,229.76224753812102,7370704
2015-04-28,229.21461486816406,230.78903770213876,225.917462886557,228.07373279333692,7942108
2015-04-29,226.61338806152344,230.34406647986052,225.4382740783578,229.0890963306389,7863564
2015-04-30,225.62083435058594,227.0355308963014,223.39611432421515,226.12282524445698,15143684
2015-05-04,228.39320373535156,230.34410945503737,226.35102187161672,226.81878077460343,3141448
2015-05-05,225.35841369628906,229.06627997689517,224.94768505916605,227.95961614630698,5138004
2015-05-06,221.468017578125,225.32420447092278,220.304323459925,225.32420447092278,11007696
2015-05-07,217.06422424316406,221.33112605662262,215.44417724171038,220.87477321939247,11736664
2015-05-08,224.06924438476562,225.3926648350827,217.99975718497515,219.3916277759187,11571932
2015-05-11,225.9630889892578,226.52212396167658,222.25522244241594,224.99333927700687,6731344
2015-05-12,221.7760772705078,225.89465892309232,220.64660119053562,225.89465892309232,11107568
2015-05-13,225.95169067382812,226.67045193817677,221.69619504397141,222.66594478935266,7791848
2015-05-14,226.13424682617188,227.0013144696772,222.24384150308148,225.6664879328004,4455188
2015-05-15,225.9174346923828,227.61735155708467,224.57120236816453,227.01269248895676,8153624
2015-05-18,230.42391967773438,230.9145044822779,226.35097672571115,227.2636822770245,5713304
2015-05-19,229.899169921875,232.28361651130177,227.74289977302905,229.62535540782105,4786348
2015-05-20,233.66404724121094,234.29153232423852,230.35547560391993,230.37830159937187,4008840
2015-05-21,233.8123321533203,235.02167814344472,231.62184441318135,233.6526198241625,3934380
2015-05-22,233.7211151123047,234.79353313095143,232.36344871879533,233.81236339626622,4689536
2015-05-25,233.54995727539062,235.24987428325954,232.19230487608124,234.65662119913603,4369060
2015-05-26,234.42843627929688,235.0673134799324,232.29497860735722,233.75529919477148,4906344
2015-05-27,236.88131713867188,237.3034378757191,233.05936273057736,233.60697769268342,3218592
2015-05-28,234.88479614257812,238.14770201172695,233.24192324636346,237.08670401464968,9561160
2015-05-29,239.71072387695312,240.49792130145735,234.37139064167286,235.0102678381152,5058680
2015-06-01,236.43638610839844,240.95429019090423,235.24987991176351,239.34563535076023,3841320
2015-06-02,230.18434143066406,237.37191170439726,229.2944618580629,236.9383709889478,4726008
2015-06-03,229.44276428222656,232.05538671148304,227.72003533732556,230.2299756065746,5824832
2015-06-04,231.58767700195312,232.24938031170652,227.03555430859967,230.195792383287,5557588
2015-06-05,230.85748291015625,232.39767367827443,228.74685111680913,230.51521829501888,6753860
2015-06-08,228.96360778808594,230.97155729135778,227.16100868553642,229.14614611987756,3811996
2015-06-09,228.59852600097656,229.54546365336103,227.51468807617195,229.317287248139,6040260
2015-06-10,231.73593139648438,232.51173667740613,227.49185619958186,227.7200325849375,7986248
2015-06-11,228.22206115722656,232.4090929501642,226.9670908302467,232.19232256287458,9094176
2015-06-12,230.26422119140625,230.6521099326095,225.92886956202193,228.40457794808898,6528344
2015-06-15,229.36293029785156,231.31383581953025,228.1764101795613,228.6327629999204,5999828
2015-06-16,230.0930938720703,230.56085272001187,227.5032833023748,228.17640648686756,6010524
2015-06-17,229.2488250732422,231.25677454839484,228.0623050430396,230.22998077881638,9686268
2015-06-18,232.64865112304688,233.60699478532936,228.68979616645814,229.52264559449958,8431716
2015-06-19,235.1357879638672,236.15116183596768,231.176932863864,233.8351935823491,3742324
2015-06-22,238.93495178222656,241.1596719517937,234.6794558358794,235.50088540469832,5449652
2015-06-23,240.0643768310547,242.14077643081635,237.8738890351131,240.0415647625314,5655180
2015-06-24,238.62689208984375,241.3650089108239,237.91952296157217,240.4979274427543,6267396
2015-06-25,243.0078887939453,244.3427152884381,237.90815134630694,239.185933735449,16573568
2015-06-26,242.51731872558594,244.36554228108946,239.92752175524214,243.46425650294188,5647504
2015-06-29,241.10260009765625,242.26629417402364,235.13578163063937,238.42152738134376,6487836
2015-06-30,243.4984588623047,244.6051088680937,239.12887508746476,240.09862481945115,7290136
2015-07-01,244.68495178222656,245.74597759044684,241.87839883386116,242.1750114354346,4971188
2015-07-02,243.27113342285156,245.45510230789807,242.6849270335663,244.83440658679072,4483444
2015-07-03,246.9609375,247.39773695130998,242.31714054504494,242.31714054504494,4039288
2015-07-06,249.08737182617188,249.43220898144577,243.74239591942663,244.61599460462162,3267780
2015-07-07,249.85752868652344,250.92652959237827,247.93794060043973,247.93794060043973,4141472
2015-07-08,245.71946716308594,248.42069166148525,245.06428215265407,248.07585449147683,5400676
2015-07-09,246.9149169921875,247.5701019959025,243.70791450623457,244.30562664887069,2797964
2015-07-10,250.7540740966797,251.7311126618054,245.63898984396263,245.9378599243449,4900088
2015-07-13,251.99551391601562,254.23695551247457,249.43221868286565,249.43221868286565,7076084
2015-07-14,251.00698852539062,253.31740895611605,249.6621290780245,251.84609797879912,5674116
2015-07-15,252.1219482421875,253.21393265676755,250.7656111038887,251.27136108126228,3849404
2015-07-16,256.260009765625,257.24855430940966,252.44381698541596,252.60475785178187,7310424
2015-07-17,255.3059539794922,257.88072692329297,254.16797449563316,257.3404876432809,3510988
2015-07-20,256.38641357421875,257.24850642416567,254.4898093043355,256.5473263477082,4551268
2015-07-21,252.43231201171875,259.3175495535076,251.29433252300026,256.685303737552,11028136
2015-07-22,256.1910400390625,256.80025800020223,250.27133514272205,252.05299389793132,7286400
2015-07-23,254.6967315673828,256.7197593982853,252.90356711318026,255.8461887654819,5083172
2015-07-24,254.68524169921875,256.32897120788954,252.995545124917,253.6047630905963,4761008
2015-07-27,251.92654418945312,253.91511087863336,245.9838557176439,253.77718161885267,3328572
2015-07-28,254.8346710205078,256.07609045673723,251.1449020417272,251.50124501257156,6345672
2015-07-29,254.8001708984375,256.99564536687717,254.04154598720544,254.05302372140784,3943032
2015-07-30,255.3059539794922,256.78874256591774,253.13346299917245,254.48982812933835,9462188
2015-07-31,255.558837890625,257.70831735139984,253.5702712208689,256.4668978996563,5649500
2015-08-03,251.8231201171875,256.90371595663106,251.3748149160192,255.81173148164763,4345728
2015-08-04,249.76551818847656,253.34034093960605,248.73100681440374,252.4437588028262,5390928
2015-08-05,251.08738708496094,252.35178984151256,249.4781472129861,251.0759093521966,4122780
2015-08-06,251.94952392578125,253.19094337094467,249.53566369576623,251.0184803890996,3743712
2015-08-07,251.19091796875,252.30588597528163,250.25984629875163,251.48976003921274,3227140
2015-08-10,251.6506805419922,254.24843708084606,250.1218967918475,251.731136936648,3954376
2015-08-11,251.662109375,252.61616431661454,249.25975542224376,251.74259381693756,2727688
2015-08-12,246.08729553222656,251.70815841623886,245.45509403418103,250.21386396631306,6005740
2015-08-13,247.7195587158203,248.9034773072683,245.20223034261798,247.59310718521766,3465052
2015-08-14,253.29440307617188,253.71969663305993,248.25977486281002,248.99541625510716,3601660
2015-08-17,250.9265594482422,253.294453002608,247.3172743075514,252.66225140986163,2500212
2015-08-18,249.7425537109375,251.98399519241613,247.92640576977095,250.949483739426,1857316
2015-08-19,248.70803833007812,249.8919848090525,247.13328764464714,249.39771262117947,3004576
2015-08-20,247.0642852783203,249.37470515693423,245.52402406785507,245.52402406785507,3044852
2015-08-21,243.98382568359375,246.66203882963754,241.6159323431679,244.60452142067618,7758972
2015-08-24,234.27088928222656,240.16759680669958,232.47773870223702,240.16759680669958,14686328
2015-08-25,234.1329345703125,237.31693936105896,231.20181877671317,235.56974200630353,12347920
2015-08-26,232.99496459960938,236.55828176911498,231.96045316330128,233.8915467903268,5573000
2015-08-27,234.9720458984375,237.81119969898418,231.9834570425102,235.63873671734396,13873432
2015-08-28,236.31690979003906,239.7193145470187,234.3513546888067,237.0295957504179,5553136
2015-08-31,236.2019805908203,237.45490594519055,233.4662805055266,234.74217536294415,3441460
2015-09-01,229.91445922851562,234.78816131951092,228.28223536367642,234.78816131951092,10469144
2015-09-02,228.7764892578125,233.09844584711922,226.4430853545191,231.06389803191016,8681688
2015-09-03,232.25933837890625,233.3398310432312,229.6615676967369,230.42020670565913,6507368
2015-09-04,228.98336791992188,231.27079057333586,225.2936130833689,230.39720590032502,11404592
2015-09-07,226.31663513183594,232.14437763185535,225.29361539847935,230.12133572844678,5381740
2015-09-08,230.82249450683594,232.19035136323805,224.60393394245898,226.833883687586,7444488
2015-09-09,233.63870239257812,235.63876102414866,231.04093154075065,233.2249005453647,6553120
2015-09-10,232.42025756835938,233.78811451167599,229.0408504235362,230.58112595555338,4463740
2015-09-11,232.30531311035156,234.4892819124776,231.45471192849456,233.22487892177307,4301760
2015-09-14,234.42031860351562,235.0180307717225,230.69607423998602,231.92598790710665,5060344
2015-09-15,232.91453552246094,234.40882999456693,231.7535724381944,234.0180117109547,4332728
2015-09-16,235.25941467285156,236.35139908322515,232.5466983123209,234.2364089240913,4254052
2015-09-18,241.3285369873047,244.14470710218393,237.05256185403115,237.93763827755214,7841168
2015-09-21,242.06422424316406,242.53551300545368,238.2480312624879,238.6158520203377,4276688
2015-09-22,236.9376220703125,243.68493033056046,235.70770845905838,241.39752169083326,6025212
2015-09-23,241.2020721435547,242.1791107008527,234.17890594002225,234.30534341761606,5161152
2015-09-24,241.70790100097656,242.30561321986391,238.1675666942875,240.69637290436197,8252836
2015-09-28,240.55841064453125,243.68492864474774,239.7997576603748,242.53547143415932,5777108
2015-09-29,244.7884063720703,246.88041277661355,235.6616997453145,237.24795622802753,10418840
2015-09-30,245.70802307128906,246.67355605434688,243.99531472132102,245.5240986635997,9027796
2015-10-01,245.443603515625,247.5700993528405,243.53549332300952,247.17926706392447,5034788
2015-10-05,252.50128173828125,253.98409850630574,247.63907170318038,247.63907170318038,8053372
2015-10-06,249.65060424804688,254.6967383192235,248.97243570835855,254.4898304054967,4758964
2015-10-07,250.06443786621094,252.50128175156422,249.05290982052017,250.12191073172835,4386268
2015-10-08,248.9954376220703,250.7426071258955,247.2252845845611,250.14489493549775,3881908
2015-10-09,249.6966094970703,251.7311432615312,248.32873850186874,251.7311432615312,3443228
2015-10-12,248.40924072265625,251.84610699597127,247.77703917611228,250.05294229333157,2217340
2015-10-13,247.44363403320312,248.77701554679493,246.71947041914757,247.25973772772332,1823652
2015-10-14,249.3747100830078,249.77702005548556,245.30564330082782,245.7079532733056,2749148
2015-10-15,249.23681640625,252.07597014735472,248.512652739891,249.593131309244,3925952
2015-10-16,252.89210510253906,253.22543648554475,249.43222749597464,250.58168476554133,4843688
2015-10-19,252.37489318847656,253.36340977433355,251.57027295995445,252.8806432498056,2654220
2015-10-20,251.70811462402344,253.547245934729,250.85749955507208,252.4207723943385,3851356
2015-10-21,251.7311553955078,253.80017859053936,249.4322407343616,252.62773772593943,7273204
2015-10-23,254.8346710205078,256.03009532922005,251.96102791021792,252.75414218348953,4467048
2015-10-26,253.22544860839844,256.14505898770193,252.19093701626244,256.08758612147216,4887984
2015-10-27,255.3863983154297,256.0990561445407,251.85757043445992,251.85757043445992,8984032
2015-10-28,255.5243682861328,258.398011654173,254.04157953339347,254.04157953339347,7694760
2015-10-29,253.6967315673828,256.2140318258324,252.88060566031015,255.17952025722207,6702368
2015-10-30,252.7886199951172,255.63927944321904,250.68510772164706,253.34036505973685,8097460
2015-11-02,248.9954376220703,251.93805956961364,247.4781595809306,251.74265743891553,3156552
2015-11-03,249.40921020507812,251.04143369435346,248.0988122573844,250.80003647524947,2548592
2015-11-04,248.673583984375,252.44380958534498,247.8804696632069,250.59320014831184,2696444
2015-11-05,248.24826049804688,248.97242413095623,245.86888975813267,247.9379126733484,3596952
2015-11-06,248.48965454101562,250.3517695282286,247.1907623372156,248.44365941684953,5881004
2015-11-09,244.7884063720703,245.9033741971861,241.61589340664432,243.22513341981892,11429432
2015-11-10,242.4434814453125,244.83435778177423,241.9492092888504,243.69640649894123,4402580
2015-11-13,241.85733032226562,242.53549892822258,239.31701837372484,241.24811231900816,3940028
2015-11-16,243.9033203125,244.83439190123644,240.2940358072933,241.09865587457438,4734732
2015-11-17,243.86883544921875,244.55850972587046,241.66185531359866,244.44356401309517,2567404
2015-11-18,241.06417846679688,245.02980613737606,240.53544494847299,244.07575096926095,2446720
2015-11-19,245.73097229003906,246.20223291667884,241.2940561562031,242.53547557743002,3277680
2015-11-20,246.17926025390625,248.34024555472428,243.6849435667741,244.81141731471433,4648160
2015-11-23,245.07582092285156,247.24828416102127,243.4665805796371,246.9034469446182,3408280
2015-11-24,244.68495178222656,246.78846409858522,244.16769603539672,244.89185969354253,4002252
2015-11-26,244.59298706054688,245.294167179715,241.6388876607041,243.4550356544688,8791484
2015-11-27,248.14480590820312,248.7884850504671,243.90329234499933,244.7998745011746,6925072
2015-11-30,247.76551818847656,248.51266542495307,245.9148807314198,248.09884957650496,5247776
2015-12-01,248.9724578857422,249.40925728409127,246.7884889569199,247.6046148870701,1895332
2015-12-02,247.77700805664062,251.20236810100562,246.40913713543398,250.58167243116077,2562284
2015-12-03,247.5355987548828,248.5126373383128,245.36313595336483,246.55856017145283,3807712
2015-12-04,243.43206787109375,246.81146104218539,242.76537703747843,246.81146104218539,5859828
2015-12-07,244.1331787109375,246.23669078608071,243.9377766193487,245.570000065145,5814808
2015-12-08,241.21360778808594,244.1217402898952,240.69635201727516,243.9148323689866,4902660
2015-12-09,240.79977416992188,242.99524861579053,240.202062047027,240.71931777965287,3890616
2015-12-10,243.82284545898438,244.42055756541447,239.61584912059976,240.2365447574851,6514340
2015-12-11,240.54693603515625,243.8228895100741,239.54691374487135,243.68496023950442,3033920
2015-12-14,242.54693603515625,243.65039793214748,239.11004272149654,239.31695059684344,5878016
2015-12-15,243.55848693847656,244.24816129261404,240.3055453517986,242.07569830224955,4557416
2015-12-16,245.36314392089844,246.75397028825213,243.5354901442062,244.3745995086307,6842768
2015-12-17,248.34019470214844,249.20228748634938,244.83435071306465,246.8803898668181,4878012
2015-12-18,246.6735382080078,249.4322357462148,245.63902663118017,249.4322357462148,3172128
2015-12-21,247.22528076171875,248.25979232780682,245.76547560882338,246.3861713233073,3097500
2015-12-22,245.16770935058594,247.47812949486502,244.60448656064688,247.0183466253901,2429536
2015-12-23,246.9263916015625,247.81146803839144,245.788440191771,246.58155443945356,3013968
2015-12-24,246.90342712402344,247.455172238561,245.59305703205365,247.4091771089782,2146352
2015-12-28,247.65057373046875,248.25979170822907,245.46660487417776,246.90342649015867,7755428
2015-12-29,247.81149291992188,248.2482923150341,246.28273713141346,248.0413843844101,4231612
2015-12-30,246.97239685058594,248.73104399908954,246.57008681163546,248.2827668951418,2112560
2015-12-31,248.7770233154297,249.40922476502803,247.13329393389017,247.13329393389017,9290008
2016-01-01,250.29429626464844,250.63913341220018,247.39766983779748,248.8344912859298,3195076
2016-01-04,246.0988006591797,249.2023352774879,245.54705555889615,249.2023352774879,5187536
2016-01-05,244.2366943359375,247.0873540714226,243.99529707616804,246.02983089807304,3160872
2016-01-06,245.31716918945312,247.5356273714684,242.91481467881343,242.91481467881343,4165536
2016-01-07,242.81134033203125,244.81141280181177,241.31704589430942,243.70792260724863,6055428
2016-01-08,244.2251434326172,244.71941559619344,243.05270280796196,244.13318125240716,3488356
2016-01-11,243.36312866210938,243.91487385740697,240.3055886456677,241.85735622204615,3288912
2016-01-12,240.68487548828125,244.5815529400035,239.89176110175882,244.5815529400035,4258736
2016-01-13,243.7194366455078,244.31714882822175,238.39744374017025,241.84581563612258,4515148
2016-01-14,241.3285369873047,243.08721210020096,238.9721497483241,241.42049917506836,6279184
2016-01-15,239.58139038085938,242.63892995765096,238.65031874374253,240.92624980775523,5417260
2016-01-18,235.8341522216797,239.42045343973754,234.71918423627608,238.08709978917545,6495388
2016-01-19,238.12158203125,238.52389208040103,235.93761319300154,236.14449305365594,6405212
2016-01-20,234.0984344482422,254.71969800454056,231.70757205552263,235.63870979661922,9563588
2016-01-21,235.17897033691406,237.53535786961532,232.97201787009072,234.71918740370407,6300804
2016-01-22,236.85714721679688,240.06412138140269,234.96052892256873,235.79962420782746,4236284
2016-01-25,239.35150146484375,240.6273822422081,237.48938623374264,239.07561487247008,10143884
2016-01-27,238.08706665039062,241.08713299377516,237.47784874431946,241.029660135899,4039468
2016-01-28,237.1790008544922,240.6733677781333,236.78819660952857,238.8572196866992,9951972
2016-01-29,241.35153198242188,242.523972759069,237.98361664390842,237.98361664390842,5360184
2016-02-01,243.62747192382812,245.29418498959623,242.236617381708,243.2251618734703,4609484
2016-02-02,242.2596435546875,244.89188967452938,241.4320118081004,244.83441680673437,6528628
2016-02-03,239.9722137451172,241.70790562952985,239.54692012331807,240.1216488184316,4850244
2016-02-04,241.2020721435547,242.51247010521112,240.36299089173914,240.92621365842604,5675992
2016-02-05,242.5929412841797,244.55852431506167,240.37448328269042,242.02971848314886,7523904
2016-02-08,238.133056640625,243.22515795133992,236.85717591067478,242.5354835904193,3481924
2016-02-09,235.880126953125,237.14452989304388,234.63870754498421,236.02953394114277,5535460
2016-02-10,232.86854553222656,236.8226812521729,232.2133464852157,235.38585969924623,7682280
2016-02-11,224.213134765625,232.88004548380204,222.58091103671384,232.19037111415602,8803600
2016-02-12,223.31655883789062,226.7764223338848,222.07513940255922,225.06372823509884,12542144
2016-02-15,223.8223114013672,227.19022677592184,223.24758277304457,225.2936223024573,10912960
2016-02-16,223.78785705566406,225.75342634227027,221.15559688519755,225.63848060584345,7136096
2016-02-17,224.12118530273438,225.27064257881474,220.46590555221445,224.58096821316653,7503924
2016-02-18,227.46609497070312,227.87989676888418,224.60394365013855,226.67296667250423,6799856
2016-02-19,227.43161010742188,228.1902490908955,223.79932798089618,227.3051726154197,3328660
2016-02-22,227.30516052246094,228.97187345675965,225.98328474698266,225.98328474698266,4002396
2016-02-23,223.00619506835938,226.55802072621927,222.0751375155026,226.4200914707814,6078320
2016-02-24,218.304931640625,221.36249937955554,217.569290170754,220.69580851209062,6463468
2016-02-25,216.7071990966797,220.06360893507656,215.68417925224568,219.3164616600293,8463196
2016-02-26,220.92568969726562,223.2246042622736,217.24742639325288,218.39688367575687,6209388
2016-02-29,223.42002868652344,225.89136209056255,213.33929292542322,220.94869528248432,8812752
2016-03-01,226.2476806640625,226.84539283345634,223.42000454722773,224.13267647538592,4322560
2016-03-02,231.54666137695312,232.39726251198962,228.74198300020635,229.43165732081,6358976
2016-03-03,233.5352020263672,234.48925706721457,232.19034278224188,232.36276135361481,4610400
2016-03-04,234.61573791503906,235.6157742327333,228.3052142300043,233.4432970255624,5704624
2016-03-08,233.14442443847656,235.40884965509406,232.07542356134516,235.40884965509406,1913688
2016-03-09,235.5927734375,236.76521424107773,231.4432214649342,232.8800430533681,6528172
2016-03-10,234.77664184570312,235.81115336423989,232.2133465816334,235.59276771327274,2671392
2016-03-11,236.4893035888672,236.9720980437803,232.88001935123668,234.46627583600556,4730856
2016-03-14,236.2249755859375,238.6158242653281,235.69621401477127,236.3284155154205,3008656
2016-03-15,236.02955627441406,237.56984593017432,234.8686212120287,236.3054428706168,7690036
2016-03-16,236.89161682128906,237.76521549521846,234.24787936307496,236.09850259955462,4803548
2016-03-17,234.1214599609375,238.85721825210038,232.4547469365605,237.92614664779708,5113484
2016-03-18,236.42039489746094,237.24799858225614,233.42029996928906,235.1674835715239,4135068
2016-03-21,240.3744659423828,240.7767759320741,237.30542106217868,237.47783962918922,5318796
2016-03-22,242.27110290527344,242.90330440304265,239.2480246760835,240.5814063329109,4120264
2016-03-23,241.23660278320312,242.08721804003957,239.2135747323278,242.08721804003957,8464300
2016-03-28,240.81124877929688,242.0756515175175,239.46638966122717,240.23652026192386,11270868
2016-03-29,242.2596435546875,243.57001371524422,240.0641687797487,240.8113160610838,6733952
2016-03-30,244.82286071777344,245.96084010411107,242.28257732080007,243.22512654643992,7814380
2016-03-31,246.2482452392578,248.0299040705202,244.84591293304223,245.25970072706573,20080392
2016-04-01,244.7079620361328,247.45518191815623,242.9493147552028,245.70801237287918,5158648
2016-04-04,245.76544189453125,246.62753474800874,244.6044789600142,244.88033744795962,6179960
2016-04-05,243.09872436523438,247.57013030624012,242.68493655590103,245.75398207588228,6663028
2016-04-06,244.02978515625,245.28268238996145,242.9378007196111,243.91483942607746,4295376
2016-04-07,242.65045166015625,244.77694780213298,240.70787992319583,244.60452919602676,3911692
2016-04-08,243.5355224609375,244.45508833840395,242.36308157975247,242.53550018177742,2962796
2016-04-11,246.20228576660156,246.92644958967674,239.74234035862685,243.75396379100113,4049620
2016-04-12,244.37461853027344,246.21375018431124,243.51252556744322,245.89189653227024,4941480
2016-04-13,248.68504333496094,249.42068465305428,245.86887344279242,246.44360199221458,4974604
2016-04-18,250.075927734375,251.0414605883928,246.35166944833315,249.087383285278,4117068
2016-04-20,252.3863067626953,252.88057896143107,249.09887607394833,251.01846394711714,3821352
2016-04-21,250.8460693359375,254.06454973929814,250.35179708997987,251.73114583427727,8191728
2016-04-22,251.07594299316406,253.07598730543234,249.47818063987384,250.46672506170577,7809320
2016-04-25,251.328857421875,252.88062489280816,249.3173069965913,252.88062489280816,5561960
2016-04-26,256.0646057128906,256.32898651335904,251.15642848954684,251.7311571588593,7053796
2016-04-27,258.4439392089844,258.62786358158786,254.94960063287195,255.14500273943864,5763636
2016-04-28,256.08758544921875,261.31761626239916,255.2599817902671,258.4439729584539,8089584
2016-04-29,260.31756591796875,261.15667528476877,254.30589916216587,256.05309655278717,5611940
2016-05-02,256.9382019042969,259.77735588926305,256.55887537382085,259.26010009213843,3862716
2016-05-03,257.0186462402344,260.92680096839536,255.90367829801983,257.91522852574974,4695296
2016-05-04,259.16815185546875,260.8118815341348,256.15657910921965,256.9037264119838,5292328
2016-05-05,260.3060607910156,260.8692835333807,258.09908075361847,259.31751647997663,5214248
2016-05-06,257.3979797363281,260.2946065302628,256.84623461774,260.2371336650541,2733152
2016-05-09,262.3980712890625,263.214168988855,257.24849789029264,257.4783893093188,6953180
2016-05-10,263.2027282714844,263.80044043242896,261.1796722743722,262.88087462699997,5453000
2016-05-11,261.8003845214844,263.2257002320708,259.7083499557668,260.8578071620204,6147372
2016-05-12,264.16827392578125,264.83496477956436,260.35208126116027,262.99583307970624,4221688
2016-05-13,262.28314208984375,263.91536565509193,259.77731985213757,263.91536565509193,5045316
2016-05-16,267.3177490234375,268.0304067985172,260.363533708338,263.2256706045924,4518768
2016-05-17,265.16827392578125,268.80056995339856,264.6740297732526,267.8350371171561,4295424
2016-05-18,262.2256774902344,264.6050482892873,260.12216519489886,264.6050482892873,4162644
2016-05-19,261.9153747558594,262.6969833386138,260.2371557243399,262.09927110236197,3855796
2016-05-20,262.28314208984375,264.0303113718407,260.60492340014457,262.0647283902697,2016632
2016-05-23,261.3291015625,264.3636574282708,260.51297570302614,262.5245258580047,3463532
2016-05-24,262.06475830078125,262.9153735395575,261.0532583282811,261.708443375944,3259468
2016-05-25,269.7316589355469,270.3408488489972,263.5245895686499,263.5245895686499,5767348
2016-05-26,272.01904296875,273.31793520104526,268.1108885377601,270.37531358077916,13705560
2016-05-27,272.83514404296875,273.5707853498351,270.5132182884054,272.0190182900776,5775184
2016-05-30,271.2144470214844,274.72029174882294,270.8351205039748,272.88116008857975,3814532
2016-05-31,271.70867919921875,272.62824489373315,270.6741677928901,272.62824489373315,5515640
2016-06-01,270.156982421875,271.950119155249,269.2029271528558,271.950119155249,5675632
2016-06-02,270.1109924316406,271.4098849506141,269.2029322797784,270.05351955967654,7910616
2016-06-03,269.37530517578125,272.42136687288314,268.7546094890874,271.2948931609933,4524420
2016-06-06,269.22589111328125,271.8236759128697,268.98452191093423,270.3523649130034,5547308
2016-06-07,269.8235778808594,271.2719052101155,268.43275147579715,270.57072507741265,5628504
2016-06-08,267.27178955078125,270.8121234323451,266.90396884970517,270.3063734762306,4742812
2016-06-09,266.5361022949219,267.6395642083154,264.9498459775706,267.2487600424519,4648184
2016-06-10,266.98443603515625,269.59369844056977,265.8004894276213,266.30626746710084,6322312
2016-06-13,265.0418395996094,267.81201453871944,264.616546059729,265.46713313948976,3323236
2016-06-14,264.8004455566406,265.9843920673636,263.05327625158236,265.5246091942999,3828768
2016-06-15,268.86956787109375,269.17991572905095,265.11082005530693,265.5246359078647,3045824
2016-06-16,267.1683349609375,268.7085963396798,265.60506198851795,268.17986288056665,4727768
2016-06-17,268.9730224609375,270.81215423844816,267.9500166348667,268.283348044371,3761652
2016-06-20,269.4443054199219,271.0995127589796,266.3982434788098,266.4442105470912,2742764
2016-06-21,268.202880859375,270.2259088955525,266.9499555485618,270.1224689623956,2670968
2016-06-22,269.31781005859375,270.12243006303686,268.0534071944689,268.0534071944689,3803840
2016-06-23,273.59375,273.9960599506949,268.3982099636087,268.926971409688,3926732
2016-06-24,267.1108703613281,269.4097847666018,263.6854822848864,266.63958168307903,11173964
2016-06-27,266.6625671386719,268.74309591562474,265.07633863792347,267.13385582032157,4163788
2016-06-28,268.27178955078125,269.6856274396168,264.3751410877423,266.96141964186154,4034980
2016-06-29,270.78668212890625,271.0648048567745,268.7933655039036,270.02180218738124,5420668
2016-06-30,272.6755676269531,273.4983919029439,269.3611549383162,271.4123872189384,16278892
2016-07-01,272.2236633300781,274.6573359268987,271.5978731224833,273.498444214127,4304876
2016-07-04,271.8296203613281,273.38252376145164,271.505125060231,273.08120063330756,7249852
2016-07-05,270.1607971191406,272.1772854267375,269.3264008474545,271.82961795576404,2136328
2016-07-07,274.8079528808594,275.5264599674452,269.07143983421855,270.69388796862205,4832616
2016-07-08,272.30474853515625,274.7963654288733,271.470352257306,274.68047627102595,3118868
2016-07-11,278.0760498046875,278.57437886994785,273.74180637612693,274.8890977856715,5102532
2016-07-12,278.6323547363281,280.4286369850924,277.1026232540962,280.4286369850924,7046032
2016-07-13,277.61248779296875,278.5859454372461,276.58108556764506,278.0876446748496,6687072
2016-07-14,278.2151184082031,278.6323307279792,276.32611932168146,278.36577998441413,3459668
2016-07-15,283.6270751953125,284.1601765665292,276.99822192263844,279.0147099721015,5774216
2016-07-18,284.49627685546875,287.0574385123423,283.38375793730603,283.9284313101488,4438484
2016-07-19,282.3871154785156,285.2611723557001,281.3441130201767,284.8555602885683,2586004
2016-07-20,285.5972595214844,287.05747438227286,283.17518718332,283.464910108615,4690332
2016-07-21,284.7628479003906,287.3819543220522,283.3490057593422,285.249576730161,9112904
2016-07-22,285.27276611328125,286.1651069820639,283.11721643101254,285.86378385030525,5620272
2016-07-25,289.0159606933594,289.59540648511256,284.3919945924695,285.78266449267716,9872884
2016-07-26,287.12701416015625,288.7146901042448,286.2810175744983,287.96141051170423,5665992
2016-07-27,286.6981506347656,289.1550231959518,285.0873028020859,287.6368640466574,10734736
2016-07-28,289.3636474609375,290.0126381082714,286.3737296107477,286.94157520722473,10646528
2016-07-29,288.8421325683594,289.72290150623917,286.2462266881643,289.2593448638292,3395676
2016-08-01,287.938232421875,291.7973190051675,284.54267420813943,289.49113592498793,5560864
2016-08-02,288.1700134277344,291.2178758793956,287.49785060177066,289.0275819445909,5329396
2016-08-03,287.5094299316406,289.7113241570145,285.3191359405442,287.660091510975,4733876
2016-08-04,287.6369323730469,288.9580576508505,285.92176692425835,288.93488547449977,4662880
2016-08-05,289.5490417480469,291.03242852912024,287.8107044952069,289.12025755099626,5784912
2016-08-08,289.63018798828125,290.8817965964303,288.4597244281276,290.39506777472025,4728776
2016-08-09,289.07391357421875,290.39506699330815,286.8720195023222,290.39506699330815,4210856
2016-08-10,284.3688659667969,289.9431183611351,282.7116450899509,288.5640484828767,3619720
2016-08-11,284.6817321777344,286.24623589619534,283.23311762360385,284.34566491847727,2856072
2016-08-12,284.7860412597656,286.2462561509551,282.6305196266467,285.3307430052642,4641496
2016-08-16,284.4615478515625,287.0458535249187,281.3325404831827,285.78267297868854,3468568
2016-08-17,286.22308349609375,286.82570153359416,284.1602505698476,285.87541597908336,5511036
2016-08-18,290.3023681640625,290.8586418335666,286.1419583168572,286.9415822651572,6111656
2016-08-19,289.05078125,289.7229441390538,287.7412278838402,289.7229441390538,4110636
2016-08-22,289.7924499511719,290.75430736162355,287.6369002196543,288.575613749598,5501292
2016-08-23,290.0589904785156,290.65003655915535,288.8074100848738,289.95470154346356,5314524
2016-08-24,292.4578552246094,293.0141004814181,289.0391254753362,290.1980169157678,5570936
2016-08-25,291.70458984375,293.61676081259765,290.7195320719194,292.96777025738595,8729888
2016-08-26,291.36859130859375,292.4811388325974,290.6269118214305,292.0407542587935,2521136
2016-08-29,286.9647521972656,290.99770090307976,286.5243677001315,290.99770090307976,2944184
2016-08-30,294.0456237792969,294.47440808913416,288.3206812781151,288.58723205231354,9867608
2016-08-31,299.2721862792969,300.15295530328024,293.3154941593059,294.1267183628283,11161364
2016-09-01,297.5338439941406,298.9940588546862,295.61010074645463,298.53050217429137,5224676
2016-09-02,297.85833740234375,298.7622785819174,296.94282428178775,297.95105439647386,3955188
2016-09-06,301.4045715332031,302.2157957569504,299.0056712730588,299.0056712730588,5508884
2016-09-07,298.2407531738281,302.47070751260594,297.3947566474222,301.54359423287383,4016444
2016-09-08,298.8549499511719,300.2108473669063,297.5106244746532,298.99401127451,2905380
2016-09-09,299.0867614746094,300.037046965095,296.2822493516627,298.9940444843357,4013768
2016-09-12,296.6531066894531,297.6961092323382,294.70616295075,295.44784233061085,3985728
2016-09-14,294.2309875488281,295.9809252448282,293.2923022951467,295.5173685882192,3849508
2016-09-15,296.5835266113281,297.5801846844593,294.32368803706095,294.82201707362657,3501812
2016-09-16,300.8135070800781,302.3548386698554,297.55703844214656,297.55703844214656,6525816
2016-09-19,299.02880859375,301.89126521952267,298.530479541455,300.6164844450832,5894832
2016-09-20,298.6347961425781,300.1529556137566,297.6149940631276,299.60828216376484,3778248
2016-09-21,299.68939208984375,300.84828378392666,298.50732822053004,299.45761375102717,4256400
2016-09-22,302.9110412597656,305.24039600911476,301.4392548332769,302.47065686698033,6555800
2016-09-23,304.25543212890625,305.58815765630453,301.65952589718944,302.71412871878084,4876808
2016-09-26,300.4195251464844,303.3746992185207,299.8516511919822,302.725708497163,5576772
2016-09-27,300.85986328125,302.7372620376128,300.11815567220697,301.0800413706482,4056812
2016-09-28,300.2108459472656,301.31179288279895,298.76223155840603,301.28862071122717,4989652
2016-09-29,296.0968017578125,302.70248383225294,293.88330749977825,300.83665705182085,16450012
2016-09-30,295.01904296875,296.9080420251406,293.75586238204113,296.0041008755469,4138428
2016-10-03,298.3450927734375,298.97091131950106,295.8419034689534,296.9080782630812,3900548
2016-10-04,298.8897399902344,300.15292050052284,297.2093471920654,298.66953361314404,2775512
2016-10-05,298.0901184082031,301.32344323792506,295.84187982001663,300.8482863220407,3647020
2016-10-06,297.12823486328125,300.29201489719253,296.45610030460625,298.32189898585824,2895712
2016-10-07,296.8153381347656,298.47255893329077,295.80710800901755,297.60339015363644,3337464
2016-10-10,297.6845397949219,298.5073643145142,296.386586599258,297.83520139202074,4719312
2016-10-13,292.67803955078125,296.4444368128681,291.2178249872573,296.4444368128681,4519356
2016-10-14,292.4578552246094,293.8948692934453,290.6499732602369,293.3733681452511,4067116
2016-10-17,286.8719787597656,293.5240326713305,285.72468753938904,293.3154265512852,5135360
2016-10-18,291.5423583984375,292.04068745234395,287.17334266147157,288.1468003023451,2610968
2016-10-19,291.6582336425781,292.73600845349176,289.25933376877094,292.29562400144357,3044904
2016-10-20,290.9977111816406,293.7674510778955,289.9547086326025,292.0986583167364,3200356
2016-10-21,294.5206604003906,295.0421615504377,289.7228611372569,291.11353087071575,3956408
2016-10-24,292.863525390625,295.94616025842663,292.2840795553329,294.7640964130815,3255664
2016-10-25,289.7924499511719,293.89491497060567,288.3438354254887,293.89491497060567,5501796
2016-10-26,287.2428894042969,293.1995810377227,286.2578315233401,288.1815746443159,5366540
2016-10-27,290.2096252441406,291.3453446568231,283.7314325971149,287.1733349481335,11623860
2016-10-28,291.8205261230469,292.481088723954,287.42830966687615,290.76592337381953,5320536
2016-11-01,291.994384765625,292.9330701332699,289.0392107209623,291.11361569383473,3402416
2016-11-02,288.83056640625,291.0440324420864,287.7527915324357,289.97785780186524,6474432
2016-11-03,290.87017822265625,292.040670003064,285.4929327589477,288.5639953601704,6315812
2016-11-04,288.2626953125,290.37190073260626,287.81073889005035,290.37190073260626,5734920
2016-11-07,289.5954284667969,290.8470371306372,287.4051345250166,290.186474536549,5671392
2016-11-08,290.7195739746094,291.5771424881555,287.42830467486414,289.9778663341405,5348164
2016-11-09,290.0126647949219,291.4381073274902,277.0562491766014,278.13402417894605,13645468
2016-11-10,296.34014892578125,297.37155101613706,290.6731526650739,292.90981885942574,10700736
2016-11-11,295.70281982421875,297.13983422626393,293.33866376159835,295.2856074916226,7139320
2016-11-15,290.8238220214844,298.762228799118,289.873536649819,296.0967783482337,12512524
2016-11-16,288.413330078125,293.89489268632684,287.4167003359749,293.89489268632684,8647744
2016-11-17,285.1336364746094,289.4679074041499,283.963173104802,287.01106322814314,4815624
2016-11-18,280.7762451171875,286.4779857774082,280.2663158688181,286.4779857774082,6879900
2016-11-21,277.83270263671875,282.6537037348201,275.43380232271284,282.6537037348201,5552520
2016-11-22,277.6820373535156,279.7100977247997,275.66554892268715,279.7100977247997,10017784
2016-11-23,274.599365234375,278.82931958383887,273.7533687058318,278.82931958383887,3532692
2016-11-24,270.1376037597656,274.9586036297921,269.07142925771626,274.4255022321429,15285996
2016-11-25,275.65399169921875,276.557904592648,268.39931832360196,270.9488800693357,5969960
2016-11-28,274.52984619140625,277.879060213246,273.0580593766051,273.55638847114926,4130180
2016-11-29,273.2087097167969,276.4999507243977,272.6872084681328,274.58777947929605,3932644
2016-11-30,278.0412902832031,278.5975639564092,273.7533910043399,274.65733218664303,6442840
2016-12-01,277.4965515136719,279.9649959057694,276.511493803141,278.6670431693664,4476984
2016-12-02,275.60760498046875,278.5859508454181,272.7335480461264,275.58443280625085,4062672
2016-12-05,277.2879943847656,277.8906123731355,272.687200276741,275.25993403421614,4551936
2016-12-06,276.84759521484375,278.79453870669755,275.8625373825681,276.97508460455634,2702964
2016-12-07,273.86932373046875,279.50154959089656,270.48536509572074,278.562835849739,5628192
2016-12-08,278.0180969238281,279.42036708763936,275.12086790211254,275.12086790211254,4309696
2016-12-09,277.7400207519531,278.66713419411167,275.3526923210921,277.9254264644307,4387952
2016-12-12,274.52984619140625,276.3145564028836,273.7533944034329,276.2797839928913,3425272
2016-12-13,274.947021484375,275.89730690103437,273.1623398065818,273.5563516180684,2526868
2016-12-14,272.5018005371094,275.352685619666,271.9687272967961,275.12090726476725,4314144
2016-12-15,272.7103576660156,276.8591951311519,269.69723959426597,269.83630092354264,4941488
2016-12-16,274.0315246582031,274.65731481770194,271.53990766724087,272.7103712312298,3255828
2016-12-19,272.74517822265625,273.38256869651417,271.29656350934283,272.75677845766523,3160436
2016-12-20,273.93878173828125,274.6572888183121,271.5746260737686,272.57128409310974,4189992
2016-12-21,273.4984436035156,274.6573353137,272.33955189333125,274.4255569716631,2658876
2016-12-22,271.8992004394531,273.3825876674747,270.8098534167503,272.6640803784627,2805716
2016-12-23,274.947021484375,275.64235641752833,271.0183904293591,271.41240224084567,4752516
2016-12-26,272.33953857421875,274.91227238635435,271.20381909513094,273.1623629655102,4183864
2016-12-27,274.7036437988281,275.0976839047968,272.0845658517174,273.33617439395437,4899296
2016-12-28,275.0629577636719,276.96352892259637,273.73023224680554,275.793065227215,6507840
2016-12-29,279.3392028808594,279.9765932219189,273.8344681171635,274.65729242019495,8100816
2016-12-30,279.5710144042969,280.91534005519577,278.12239982067894,278.1340000546493,4066540
2017-01-02,277.4618225097656,280.4749406838442,276.29135896424793,280.32427911648983,3708656
2017-01-03,275.79302978515625,278.5859415769371,274.83114409446534,278.31941914241906,3847500
2017-01-04,274.7732238769531,276.2797830968605,274.3792120136638,275.78145400393254,6967120
2017-01-05,274.9354553222656,276.8592268596891,274.216948127618,275.5844459909338,6776384
2017-01-06,276.6622009277344,277.7631479620645,275.39899209134103,275.8393765637236,5525260
2017-01-09,277.0213623046875,279.095794687191,276.31445559460076,277.86735860399926,4573796
2017-01-10,281.4599609375,282.0278347242206,277.04460148683665,277.2531793133378,5546116
2017-01-11,286.0144348144531,286.96472022771485,281.7265360753385,282.19009269578333,9343404
2017-01-12,286.2461853027344,288.26264508837755,284.0442915696364,286.2461853027344,2916316
2017-01-13,285.6667785644531,287.33557114627126,284.76283746044663,287.17333764004655,3850412
2017-01-16,289.17822265625,289.5954066505998,285.73632030991945,285.8985538144024,3765864
2017-01-17,287.05743408203125,290.27915821766175,286.5359328897143,289.0275496974509,3559612
2017-01-18,288.00775146484375,291.1135867914929,287.6021393813365,287.61373961530956,4612888
2017-01-19,286.5475158691406,288.5408035366624,286.246192769978,288.5408035366624,3512412
2017-01-20,286.5591735839844,288.56406208361835,285.0873866368278,286.47805681554405,13942068
2017-01-23,288.4828796386719,289.7228879404067,286.4316472507039,286.4779915954741,4793848
2017-01-24,293.7906188964844,294.7061319371481,289.54906435114606,289.72289809000006,10261864
2017-01-25,299.1330871582031,300.2919787311802,294.38163170899696,294.96107749548554,15636984
2017-01-27,299.4344177246094,301.3118164608303,298.5304766165765,301.08003814047584,6852236
2017-01-30,297.82354736328125,299.6777739631059,296.80374536797973,299.6777739631059,5319628
2017-01-31,298.2176208496094,299.61986289662667,295.9809541047322,297.2325628582663,6101040
2017-02-01,302.6329345703125,303.62959264208706,296.79213234976527,298.1132574279303,10910664
2017-02-02,301.010498046875,302.6329463147962,299.5966559291942,302.6329463147962,5971636
2017-02-03,303.8730163574219,305.02030786987336,300.5006300556921,301.08007592930505,8005104
2017-02-06,304.5799255371094,305.947423467319,303.96570724801245,304.1627414810619,4310220
2017-02-07,302.96905517578125,305.48384444293157,301.99556919629316,305.02028777458116,3411920
2017-02-08,302.6213684082031,305.6460585006713,300.88303101255985,303.0617528737498,4940960
2017-02-09,300.76715087890625,305.9242186407455,299.5850870730453,303.4905462138101,4465376
2017-02-10,302.146240234375,303.3399043514097,300.848287180997,300.92940394184785,3296736
2017-02-13,303.6759338378906,304.78848105562224,301.12637239940256,303.0617439441284,2795792
2017-02-14,303.88458251953125,304.5567453787899,302.23896192841863,304.5567453787899,2446060
2017-02-15,306.4573059082031,306.8745182321648,303.03857543696114,304.0931781877645,6126940
2017-02-16,307.7784729003906,308.96053681243984,306.0053628856892,306.6427533404786,5043700
2017-02-17,319.17034912109375,337.00567965340025,315.32280634739544,334.91967475870933,402259960
2017-02-20,326.598876953125,328.07066386035604,315.0215593466761,315.49668800222753,10566716
2017-02-21,328.0938415527344,329.5424561823635,323.8870590096406,325.8919473156982,6260028
2017-02-22,324.29266357421875,328.8471135226461,323.29600541487963,327.96634453098574,5296776
2017-02-23,323.1685791015625,329.438166772072,321.48818598929404,325.37047352453493,34494980
2017-02-27,323.0063171386719,324.1072643496989,319.5296417354286,322.3805268833908,4681376
2017-02-28,322.19500732421875,323.62044951969665,320.8970545103098,322.8439978777979,2928008
2017-03-01,322.5543518066406,323.678471164206,321.3375154488804,323.6668709292106,3481736
2017-03-02,319.87725830078125,323.56253929959183,318.98491741480177,323.22647204813603,4601988
2017-03-03,319.15875244140625,320.8970898730043,317.30452584770165,320.8970898730043,2492824
2017-03-06,320.02789306640625,322.14867020545285,318.25478338316236,319.11238008342576,3679124
2017-03-07,321.29107666015625,321.59239977544416,318.9732935987116,320.37556366818575,3112876
2017-03-08,322.68182373046875,324.3042722618108,320.0975176330081,321.6851937514557,3782144
2017-03-09,323.1453552246094,324.1883577704698,320.2365539893293,320.2365539893293,3509316
2017-03-10,324.5128479003906,326.34390244349004,322.90199975605725,323.33078402604303,5860704
2017-03-14,326.9697265625,330.0871625322045,326.0310411648716,329.61200556901406,7155020
2017-03-15,328.337158203125,329.12521013957434,326.9349163612278,327.0276050534264,4271860
2017-03-16,328.510986328125,329.7857670498432,327.65341788717865,328.68482006290475,4980108
2017-03-17,330.4810791015625,330.8635189502424,327.46796124071966,328.7891145095003,3390464
2017-03-20,332.8568420410156,333.72601074714595,330.50428641777245,330.66654821886806,8142344
2017-03-21,333.98095703125,334.9196705393357,332.37010903349994,332.37010903349994,5557280
2017-03-22,331.6516418457031,333.0654841014703,330.4695779365619,330.90993416054704,5636544
2017-03-23,331.6516418457031,332.60192740821844,329.7974150726956,332.4628660588939,4922472
2017-03-24,330.1334228515625,332.474378071877,329.5887494938198,332.1383108471475,3810364
2017-03-27,326.7727355957031,330.05240525318385,325.42843799970007,330.05240525318385,5864084
2017-03-28,329.1715393066406,330.21454168504346,327.5259189904773,328.73118315924853,8061400
2017-03-29,331.1184997558594,332.55554230479794,329.1252118777851,329.3106458496648,8575772
2017-03-30,339.8333435058594,343.0202952374229,330.2956887765442,330.9794234671067,34321092
2017-03-31,334.3518371582031,337.0056876868542,332.9611671952587,336.95934333872384,9651392
2017-04-03,332.1846618652344,336.10172095451867,330.5158693540988,335.15143554419836,4149052
2017-04-05,331.9877014160156,335.2673706032081,330.87518235401785,332.6598642642616,5744080
2017-04-06,333.41314697265625,334.45614951793044,330.29573957130526,331.79069856889635,6124416
2017-04-07,333.4942321777344,334.91967451337945,331.11850438274325,331.6863782462778,4648360
2017-04-10,332.4049072265625,334.4561398476426,332.0572397215234,334.4561398476426,3393876
2017-04-11,333.6448974609375,334.03890929451086,331.7906708685877,332.37011667869706,4356260
2017-04-12,334.61834716796875,336.06696165888303,332.71777627318994,333.5290003881019,3565092
2017-04-13,333.830322265625,335.82361013898577,333.0770427331789,334.4561124060487,4804236
2017-04-17,333.01910400390625,334.6415522561378,331.03738803566546,333.830328130022,7137056
2017-04-18,335.4527893066406,337.237471135555,333.2972395140399,333.7607961753946,3638860
2017-04-19,335.8468017578125,337.64308382380494,333.2972401157587,335.3832450956209,4338144
2017-04-20,338.89471435546875,339.7986555637676,336.762336595731,336.77393683033625,5781372
2017-04-21,346.87945556640625,347.43572923717795,336.8434704903442,339.7870440705156,17258032
2017-04-24,355.3278503417969,356.70692036052003,346.97222857680214,347.2271791315335,20206952
2017-04-25,356.2548828125,358.213398325253,354.528117329578,355.7913261663334,9057780
2017-04-26,359.40704345703125,359.95171682899803,340.35484932503203,357.6223334871443,7795852
2017-04-27,363.5675048828125,364.8075133650495,358.35249214076043,358.35249214076043,16180420
2017-04-28,358.4451599121094,361.55099495506107,356.26643811820287,361.55099495506107,5437728
2017-05-02,357.0776672363281,359.4649952035172,354.70193950221574,358.5610541143266,4007040
2017-05-03,357.9352111816406,360.2413937636166,356.7878917130882,360.2413937636166,2507964
2017-05-04,355.7333984375,357.6107972847612,352.90568578597674,356.76480070677974,5131028
2017-05-05,355.1307678222656,357.6108130822503,353.7632982254876,357.4253790895067,2757896
2017-05-08,355.7333984375,356.93863445732717,354.284783849605,356.4750777892007,3747252
2017-05-09,355.95355224609375,358.2365630221652,355.2350451181819,355.73337416106085,3345836
2017-05-10,359.673583984375,360.415263240947,356.25485399543356,356.93858867592184,2342244
2017-05-11,358.42205810546875,361.57423811241284,357.1704493148899,359.4882328925335,3875744
2017-05-12,359.6388244628906,360.8556606042384,356.057832556688,358.30609916522405,6147604
2017-05-15,360.04443359375,360.92517419868875,357.4600997701221,359.2563816785147,2804780
2017-05-16,361.49310302734375,362.0377764818376,358.850824224075,360.4153280597039,3590376
2017-05-17,360.91363525390625,362.82580649249013,359.60408201974053,361.2960751602737,3472472
2017-05-18,360.9019775390625,361.92180769586264,358.8159728837549,359.0245790079355,3107280
2017-05-19,361.8639221191406,363.86881035670604,358.1554687939805,361.4583100367012,2854136
2017-05-22,365.2826232910156,366.20973654809944,362.2926773782701,362.756234006812,2860052
2017-05-23,363.6833190917969,367.0325324495218,362.7330337355484,366.2097081802981,3080172
2017-05-24,363.1387023925781,365.1551625677391,362.03775531336015,363.6718038745535,3467388
2017-05-25,374.8204040527344,377.6596891409003,363.2198850894959,363.2198850894959,20090804
2017-05-26,376.8715515136719,378.26222144545665,371.10026563811465,372.38664664231646,5443156
2017-05-29,378.23907470703125,381.9707002829407,374.93623339693903,375.4345624813231,5916340
2017-05-30,377.5784912109375,378.60989343866373,374.5885451633315,377.79866930212546,4434184
2017-05-31,379.2356872558594,380.8117911964935,376.2109970649734,376.63978131120024,5318912
2017-06-01,377.47418212890625,380.08168833829467,375.6083835505846,379.8846824166804,3359540
2017-06-02,378.7837829589844,381.5303508527663,376.917955852898,378.7258383692706,3213544
2017-06-05,379.0850524902344,379.87307616420605,376.6397798330938,378.6562399524376,2899900
2017-06-06,379.87310791015625,380.9972555200513,377.7987030359419,378.957594763046,5002632
2017-06-07,380.3018798828125,381.2521653389345,377.87977945579496,380.2091628958916,2554276
2017-06-08,381.2174072265625,384.61296541044135,380.4989000641751,381.0204013052511,4248768
2017-06-09,386.328125,387.0698043257182,380.13962672135574,380.13962672135574,5305272
2017-06-12,386.7800598144531,388.46045258368446,384.7519995757257,385.67911282771536,3971412
2017-06-13,388.6227111816406,392.14575874266063,384.983802749891,385.15763649586484,5051620
2017-06-14,387.3478698730469,389.3759299259523,386.37441236495164,388.2286386990366,3858360
2017-06-15,385.76019287109375,388.36769864419415,383.2685762434645,386.60618929168265,3526692
2017-06-16,386.89599609375,388.1591767361372,384.3116619304142,385.91093814353377,3755104
2017-06-19,392.3775939941406,393.09610125641785,386.69902413518884,387.3016422166711,3825532
2017-06-20,390.90576171875,392.63249899502165,389.3528299002555,391.7053856561904,3660264
2017-06-21,393.72186279296875,394.31290888920825,389.29490206820526,389.9902371022494,3410932
2017-06-22,393.5595703125,397.73157989178446,391.98346648747,392.85263514982097,6675460
2017-06-23,389.07470703125,394.6605592364063,388.2750548009354,394.48672548545795,5217468
2017-06-27,386.5251159667969,392.8642472774913,383.88283749459885,391.47357737562413,6000432
2017-06-28,386.2469787597656,388.22869475777054,384.24211888114104,385.91091150548533,4449036
2017-06-29,388.02020263671875,392.4182490765758,385.2320304802496,388.94179898626703,9187708
2017-06-30,385.4537353515625,387.3086055337555,383.3421921035905,385.8620426164324,4330432
2017-07-03,386.9819030761719,389.0584425889387,384.3337448603474,385.58199263807074,3504332
2017-07-04,385.75701904296875,388.87181437509594,385.44204485994527,387.3669218999541,3766080
2017-07-05,384.68377685546875,387.1919500783323,383.8088327079582,385.69870637033,4014200
2017-07-06,386.8769226074219,388.00851118612826,385.2903460459103,385.57034522330986,4571676
2017-07-07,388.98846435546875,389.5484342682471,386.84194625128004,387.5068980621562,5517396
2017-07-10,391.1233215332031,407.84059176012454,387.55356685197154,389.175118453025,1309252
2017-07-11,392.0682678222656,394.49478501941485,388.9651215295769,391.4033160399042,4410280
2017-07-12,392.2666320800781,393.1415762408515,386.97031481936517,391.974984026487,5738892
2017-07-13,392.8032531738281,395.07810786027517,391.89330560299857,393.8415087920641,4481004
2017-07-14,391.9632873535156,393.3865525697522,390.1084172167866,392.8849122460995,2443252
2017-07-17,392.52325439453125,393.7598534640804,391.2750064922527,392.5699351692097,2399340
2017-07-18,392.8032531738281,393.80650533140647,391.35666182292505,391.9049544357154,2322188
2017-07-19,394.8447570800781,395.7546760951017,392.4065626040821,393.1415212926599,3987244
2017-07-20,399.1844787597656,400.1410785574427,393.8764848605342,395.21806573616414,3698476
2017-07-21,397.3529968261719,400.1994705176604,396.6413641626717,399.9311486044756,3873508
2017-07-24,404.83074951171875,405.9740153661839,395.47468738257567,398.97446337711176,19678176
2017-07-25,405.89239501953125,410.4071007499502,404.35249914389453,410.4071007499502,11160468
2017-07-26,407.7356262207031,409.4738370996505,404.2241725214499,406.440697565579,3895344
2017-07-27,417.558349609375,419.6932190202099,408.66892278916185,409.70717844910786,17961712
2017-07-28,414.9568176269531,416.8233650213954,410.89707134779053,413.44024786896875,9255396
2017-07-31,416.3334655761719,417.8733617153875,412.1687367628646,414.73523982197645,7369140
2017-08-01,419.31988525390625,422.1080576759133,413.48692430567553,415.7384529279435,8516860
2017-08-02,418.0249938964844,421.6064262985637,415.7851425410109,421.6064262985637,7397916
2017-08-03,415.2951354980469,418.106634022227,414.0002352771881,417.17336028557025,4256784
2017-08-04,417.6983337402344,419.21490358763646,412.0753650791946,414.6068644359148,3545068
2017-08-07,417.30169677734375,419.1448896220629,416.4734049436376,416.7067233777797,1918660
2017-08-08,414.81683349609375,419.3315393235098,412.0636646886433,418.1299437385314,4035372
2017-08-09,411.6786804199219,414.61851533722404,410.2554437346622,413.20692748437256,3270056
2017-08-10,410.7454528808594,412.04038166761734,408.9722383615535,410.64047097112484,7788444
2017-08-11,408.0856018066406,410.17379031363146,403.90919631140594,407.1406507948162,6359836
2017-08-14,409.9871520996094,414.12855441692386,407.8406338403202,409.00722604238064,3577084
2017-08-16,415.59844970703125,417.59333365812637,407.9689485070162,411.18872572336284,4426832
2017-08-17,411.90032958984375,415.5284138019569,409.1821643980908,414.43182865979117,5454868
2017-08-18,408.80889892578125,410.8737613658665,406.674029563149,410.64044293238226,3707464
2017-08-21,406.7206726074219,410.40711516513596,405.5540804665318,409.2405230242459,4009724
2017-08-22,407.6072692871094,409.24049818522604,405.2274328566401,408.61054985988176,6609556
2017-08-23,413.54522705078125,414.8284783760305,408.30723985203764,408.30723985203764,3360524
2017-08-24,411.2237243652344,414.1285273661216,410.4421133371596,414.11687853361485,7878276
2017-08-28,411.1654052734375,413.241945006819,410.25545769574745,411.200408734359,1507784
2017-08-29,407.408935546875,410.4070713325025,405.5073848640644,410.4070713325025,4918596
2017-08-30,412.6352844238281,412.97358472502896,408.3188938490185,408.762176041971,2694320
2017-08-31,414.4784851074219,415.27177341117584,409.8004679960415,413.44022955774875,7303436
2017-09-01,412.41363525390625,415.64508968843177,410.897065517441,415.5401077914852,2295172
2017-09-04,408.5172424316406,411.8070265794524,407.397302581586,411.8070265794524,3642524
2017-09-05,409.5555114746094,411.7837139338395,408.54058197292636,409.9404925907662,3682436
2017-09-06,410.6170654296875,411.29369449841727,405.5073866791944,406.8489675039386,5751632
2017-09-07,412.1686706542969,414.54850717126357,410.6637497404406,410.6637497404406,6946420
2017-09-08,417.0916748046875,417.639967389647,413.20691745646076,413.76688735479786,8311664
2017-09-11,425.421142578125,426.73939736958505,417.68663112856564,418.3399341080733,11477676
2017-09-12,428.18597412109375,429.28258783795957,424.2429154135185,426.4360858847424,6687680
2017-09-13,429.7375183105469,431.4057506792454,425.57279028607013,428.1392928590672,4995376
2017-09-14,429.1659240722656,432.22238979643777,427.3227027865996,429.3409128940456,8154016
2017-09-15,431.3940734863281,432.0590537563372,427.77763804155035,428.37261139432104,3767332
2017-09-18,434.0772705078125,435.0105442467473,432.22240034418127,432.46739609315335,4084928
2017-09-19,431.569091796875,435.83883049021756,431.06747995363725,435.1155490480745,4241468
2017-09-20,431.37078857421875,434.3105951979548,430.53084789333053,431.1724735980896,3446128
2017-09-21,429.095947265625,431.28914634877276,427.1360666278918,431.1724871260655,7712496
2017-09-22,425.5961608886719,429.0609340278938,424.6395609805162,428.09268528648613,8243524
2017-09-25,419.9148254394531,425.21114216890004,418.2465930439988,425.21114216890004,10149228
2017-09-26,418.1766357421875,419.179887907859,416.47339980147825,417.4183508405882,11438732
2017-09-27,414.49017333984375,421.27973366903063,412.97360360907595,419.03988253214715,7337220
2017-09-28,418.8765563964844,419.7398231282609,411.410367213547,413.9068628290911,27646464
2017-09-29,421.3030700683594,425.10617180134466,419.0982223370831,419.9964925801492,6213632
2017-10-03,422.03802490234375,424.87284944580273,419.29653342459073,421.8397099385015,4394424
2017-10-04,419.273193359375,422.74964345242824,418.4215754451159,421.816369788857,6625104
2017-10-05,419.64654541015625,421.1397891399228,418.36329397510383,418.8066047125548,3336196
2017-10-06,419.9964904785156,421.0114199294014,418.573253784529,419.5065274830452,3030660
2017-10-09,418.9232482910156,420.6731365461995,417.75665612089307,419.69321051579817,3062492
2017-10-10,420.6031188964844,423.46126964039075,418.2582857830928,419.73985210511194,3798180
2017-10-11,417.67498779296875,423.5312746144555,417.08001441161366,420.7314534904376,5267440
2017-10-12,424.3595886230469,424.97785970194286,417.17336930295494,418.829924525077,5381560
2017-10-13,431.82574462890625,433.16732554856765,425.10616271705766,426.20274790236687,6433464
2017-10-16,433.307373046875,437.0637944643975,429.77259276840795,433.97232494529794,3274544
2017-10-17,431.9306945800781,432.5023132762862,429.0958702806421,431.6390465756351,2613288
2017-10-18,435.95550537109375,437.47207523189763,429.0726113874452,429.5392482676926,3926720
2017-10-19,431.26580810546875,435.13888849447693,429.4575902042182,434.39228088259154,570008
2017-10-23,434.7422180175781,436.2354331021629,428.38429115097944,433.94892970310985,4162892
2017-10-24,435.62884521484375,438.5453256585204,432.3390609706274,434.6722453255687,11328872
2017-10-25,418.8299255371094,434.67225329382785,416.4734149916708,433.9722979745141,21367208
2017-10-26,418.8882141113281,422.306334615377,410.13877347703163,412.50696110496494,28571464
2017-10-27,417.8849182128906,421.72299437640305,415.07342019121495,420.9997130560184,7472088
2017-10-30,423.4729309082031,423.7062493274363,418.19994032978394,419.5648473860475,5422352
2017-10-31,421.95635986328125,422.65631511879127,419.7981644921254,422.65631511879127,4682460
2017-11-01,424.9195251464844,425.80614659765524,422.773006923261,423.4962883801349,4190612
2017-11-02,425.1295166015625,426.92608564777805,423.9279209597358,425.33950889024413,4737944
2017-11-03,427.1360168457031,429.30588952766453,425.0128249361374,425.96942475459537,3810488
2017-11-06,426.64605712890625,429.30589281323876,425.24614660886306,425.8061165131308,6148244
2017-11-07,425.5028381347656,430.4608551071045,424.81456011228437,428.8393033015948,7446376
2017-11-08,426.02777099609375,427.81266266144144,424.4062193186311,425.85278217559403,3283144
2017-11-09,426.4710693359375,428.13930173923734,424.8961699971147,426.2727543747066,3113308
2017-11-10,425.106201171875,428.09268862090835,422.85467251112965,425.036194246798,7744360
2017-11-13,423.1346435546875,425.37449475168876,418.80657535282967,425.10617286510063,3335872
2017-11-14,420.5214538574219,424.40621129532565,419.97316125980547,423.6829298805177,4712468
2017-11-15,420.0315246582031,420.82481305621104,417.17337374746126,419.50655816439337,6148368
2017-11-16,421.7697448730469,423.7062993739211,418.85326428814926,420.9064780124195,4012972
2017-11-17,425.9344177246094,428.90922733307497,423.0412638601261,426.6693479017008,6358772
2017-11-20,428.8742980957031,429.23592459056357,426.73942866392724,426.73942866392724,2392424
2017-11-21,430.7641296386719,431.63907370699684,428.3959419974884,428.710916165835,2275532
2017-11-22,432.864013671875,433.9722762051947,430.36751788405616,431.56908500360004,5660796
2017-11-23,429.9708251953125,433.9722416139711,428.83923660563386,433.73892320450125,3232580
2017-11-24,431.96575927734375,433.45900296804155,429.53924184011663,430.0058787133813,5203684
2017-11-27,433.400634765625,434.438890323683,430.61246260739586,431.4057509175563,3870472
2017-11-28,435.2204895019531,436.53874421199157,433.0039646115128,433.038968069191,5090540
2017-11-29,437.075439453125,437.5887286220567,432.99236680535853,435.13888503339683,3274584
2017-11-30,432.5023498535156,437.22704792506545,429.305898846993,436.0021262028118,5796312
2017-12-01,431.2190856933594,433.9722543987122,430.2624858826019,432.78233617161135,3858148
2017-12-04,427.9293212890625,432.78235596344297,426.99604758100884,432.78235596344297,3641932
2017-12-05,424.74444580078125,426.63434751860734,421.60632489124015,426.0393742398475,3893360
2017-12-06,420.74310302734375,424.95448326793854,419.7398224649714,424.6278317954509,6395120
2017-12-07,422.2247009277344,423.8462526175189,420.69645382458936,421.52474564041665,4231304
2017-12-08,429.39923095703125,432.33903738764764,423.2396188997263,423.2396188997263,8956400
2017-12-11,430.7991638183594,432.0474117485997,429.3059201390163,431.1724676178816,3198232
2017-12-12,424.6162414550781,431.6157947672188,423.69461651355977,431.42912861972627,2410588
2017-12-13,424.9544982910156,430.47248461663384,423.49625816697557,424.6512014339668,2907460
2017-12-14,428.8509826660156,429.30594224491415,422.7730257324916,425.5728470949584,3683092
2017-12-15,437.11041259765625,440.5052072344703,432.92235806332604,433.03901728134366,12450124
2017-12-18,438.3936767578125,443.0717229290015,422.14306999989674,432.8057114446013,12297988
2017-12-19,439.6885681152344,441.8234373817977,437.7403649795602,438.59198291970597,4952112
2017-12-20,435.8738098144531,444.0282771597041,434.8238769297641,443.04835119316186,9343504
2017-12-21,435.9088439941406,439.80525047052896,435.18553405982226,438.6153321469392,6854544
2017-12-22,437.8570556640625,438.63866674099364,434.3806052154494,438.4053483012378,4470904
2017-12-26,435.92047119140625,439.2919395023736,433.2023058592517,438.8719549472435,6785696
2017-12-27,433.2139892578125,436.37546533562056,431.9074117630877,436.32878456147665,3489384
2017-12-28,438.1836853027344,438.84863712659455,433.5056394266462,433.7156317081951,8700520
2017-12-29,436.86541748046875,438.4519656556206,435.8738141905291,437.8920242298332,6345872
2018-01-01,432.68902587890625,438.81363463022535,431.7557521644195,436.93540988731945,6580516
2018-01-02,436.8537292480469,437.47202874492336,433.63395220523535,433.63395220523535,4776316
2018-01-03,432.2573547363281,438.2303002912187,431.91902595561834,437.47201546441374,4531288
2018-01-04,433.94891357421875,435.255490965294,432.3390108596568,432.3390108596568,2373776
2018-01-05,434.81219482421875,435.8504788652752,432.93399866217055,434.67220947072013,2870868
2018-01-08,434.11224365234375,436.4687539823326,433.44729185604155,435.13885038972813,4570308
2018-01-09,434.83551025390625,436.2704241747234,432.80565147506815,434.438880348559,5305528
2018-01-10,434.9522399902344,435.81553533782073,433.3423654817401,435.18555843856757,4615888
2018-01-11,436.9004211425781,437.7053583034603,433.0973194833679,434.9521895399674,4059096
2018-01-12,435.2088623046875,438.2069983198087,433.97226328025886,437.0054027547983,4336708
2018-01-15,442.7800598144531,444.3316331027293,433.9372854358322,436.29379593198075,12576444
2018-01-16,443.34002685546875,445.63820772786687,439.86357650207384,444.109960596822,6445384
2018-01-17,441.0885009765625,443.89999950832237,440.2718864547862,442.60507080271833,2905496
2018-01-18,451.307861328125,455.9042231164803,447.5164367500069,448.9046700491853,16649540
2018-01-19,455.4842529296875,457.28082202913674,447.7964216270681,451.50619056618507,11455988
2018-01-22,458.085693359375,463.8369978468347,455.70585697620254,457.30408238420324,8849768
2018-01-23,455.2742614746094,458.8673424928477,453.40771404435424,458.47071255641987,5047796
2018-01-24,456.7558288574219,459.4039873339698,455.1109225382041,455.5659105641331,4790568
2018-01-25,460.7921447753906,461.97041404208846,455.0875215096432,455.8808097350562,8723668
2018-01-29,466.5552062988281,468.2584137565709,461.50385657084894,461.50385657084894,8235892
2018-01-30,465.58697509765625,467.08021889995865,462.9388163402075,466.123618934521,6397560
2018-01-31,467.96673583984375,469.7866308781601,463.60369285070976,464.16366274567264,6943348
2018-02-01,464.572021484375,470.13666062982185,463.2071142949265,468.0367946518226,6521420
2018-02-02,454.5042724609375,464.2803197465684,452.9877027633009,463.37037223173604,7346124
2018-02-05,446.53643798828125,451.52945771115276,444.66989068860977,447.5047150962361,7926784
2018-02-06,442.5583801269531,446.1048086357407,428.44261604616736,433.97225107870173,10749804
2018-02-07,436.958740234375,444.9382186573335,434.5322230152949,444.9382186573335,8364972
2018-02-08,438.8603210449219,442.9783973265265,435.48888088170986,439.571953700049,5171444
2018-02-09,431.5224609375,435.0688898836029,430.26253564727085,431.1491571244242,6408952
2018-02-12,437.8570556640625,440.0385773795287,432.8407092093118,433.9722979458767,4381108
2018-02-14,439.37359619140625,442.81504294806587,437.3903895858736,440.92516940845593,3577188
2018-02-15,439.0819396972656,442.08007569393885,437.472036905204,440.90180628203984,4915224
2018-02-16,438.3119812011719,442.103405552861,437.6237032498279,439.5485802283777,3583520
2018-02-19,438.2186584472656,440.4118573585593,433.75063335268595,439.2452652228981,3654552
2018-02-20,434.7189025878906,440.0035709084739,433.69232424498875,439.7469263227484,4084068
2018-02-21,433.3656921386719,435.9671985368898,432.15241911716254,435.8271846827209,2753072
2018-02-22,432.38568115234375,433.972257788372,429.66754436571404,431.6390736067141,13253596
2018-02-23,438.7669372558594,439.7701893071013,431.732381659431,433.2489512896518,4076748
2018-02-26,445.9998779296875,446.7581628640318,439.46696157225966,440.52854339158864,4788884
2018-02-27,443.89996337890625,448.3796655698272,443.3049900261073,446.7464366592047,4787328
2018-02-28,439.61859130859375,442.24342374696937,438.17202837950197,440.86686774206953,4066364
2018-03-01,437.3204040527344,441.7418054959263,435.8388376829858,438.4753473976598,3909840
2018-03-05,436.2937927246094,438.17201750417627,433.563978448954,437.2737472327002,3781464
2018-03-06,430.7641296386719,438.6153001080252,429.18923031568687,436.30544207139684,4576828
2018-03-07,427.57940673828125,432.43244212873157,426.6228067426297,429.30596904918707,5628164
2018-03-08,432.30401611328125,433.62227084384295,427.4393328953028,429.25922791039267,5518724
2018-03-09,431.88409423828125,435.1972045747498,430.2391879028755,432.79401333658683,4108108
2018-03-12,435.663818359375,436.1771074892415,432.4323639489031,434.01891211110564,6557116
2018-03-13,434.0306091308594,439.74691066221595,432.8056873741401,435.7104904332872,5124200
2018-03-14,435.0222473144531,435.8155357357615,431.17249291344024,433.0390405018101,3680392
2018-03-15,438.8253173828125,440.38853948145044,435.18552706620113,435.18552706620113,5870924
2018-03-16,432.33905029296875,438.8952924721807,430.83415781370024,438.6386478957265,7896336
2018-03-19,430.9974365234375,433.97224627613684,430.0408367305845,432.3390173923019,7838740
2018-03-20,429.1892395019531,433.0156673389115,428.1976362032941,430.49581697570034,3657372
2018-03-21,433.7156677246094,434.7189199600379,430.0759056401072,431.17249095078057,5921140
2018-03-22,435.7804870605469,438.6386377587087,432.8290032963986,433.71562470139077,6673224
2018-03-23,429.66754150390625,432.362352127021,428.6642609199748,430.8574597323759,7190152
2018-03-26,441.7767639160156,443.3050110043477,427.7893356191955,429.2825792472503,10501768
2018-03-27,441.5784606933594,443.07170436112744,437.7053804009874,441.8584599017713,6136836
2018-03-28,440.0618591308594,443.2349838951618,437.7170261366285,439.32690042352505,8837508
2018-04-02,450.58453369140625,451.64614392407515,441.08848512900124,441.08848512900124,4596368
2018-04-03,447.0147705078125,449.30127395518144,445.8715045435017,448.8929667165885,4079884
2018-04-04,439.3969421386719,449.1263094729365,438.27700225963594,446.3264882566009,3714108
2018-04-05,445.3815612792969,446.57147958821844,441.01848950491245,443.60834688940844,4858892
2018-04-06,448.7646484375,449.4762525197797,444.6582499992771,446.15146508135666,3720008
2018-04-09,452.4161376953125,453.10441570875315,447.13146927207725,447.6914392307902,4003536
2018-04-10,448.1697082519531,453.33771726129595,446.45482345830663,453.33771726129595,6067236
2018-04-11,447.70306396484375,447.97138585574766,444.56494247205364,447.0147859884523,2870812
2018-04-12,450.02459716796875,450.9811970304485,444.68159944856467,447.0381098847965,4712516
2018-04-13,449.1379699707031,452.6377463600852,447.7613855612955,449.83792524857955,3297172
2018-04-16,453.1277160644531,454.97093735305725,447.93638101004007,447.97138447070256,2847744
2018-04-17,454.62091064453125,455.2042066551093,451.26111992735156,453.4543186233751,2667832
2018-04-18,450.9111633300781,455.78752390196246,450.31621846031885,455.2042278642072,2712720
2018-04-19,452.4044189453125,453.757677181487,451.0045084173745,452.6377373666355,3169032
2018-04-20,456.3475646972656,457.5374831029138,450.8062514776357,452.87111407585707,9361380
2018-04-23,451.6461181640625,461.7371395307657,434.0422552879445,461.7371395307657,15304620
2018-04-24,451.4710998535156,454.5159163380509,449.37123427280164,451.4710998535156,5037416
2018-04-25,448.1463623046875,452.17110511335903,446.10482609739034,449.8145947303295,4020592
2018-04-26,450.3628845214844,452.45107300799754,445.929834498996,447.22476313490813,7847480
2018-04-27,448.7646484375,451.58779558370003,446.2214719988769,451.00449954187144,5777008
2018-04-30,453.6410217285156,456.0908651727002,450.0245861680526,450.3045568834583,4609552
2018-05-02,459.5206604003906,461.5038671094047,454.03767714605743,454.97095089147587,7100048
2018-05-03,459.1473388671875,460.7805678585979,454.0376596120957,459.1823423275398,4152772
2018-05-04,463.9537048339844,464.303682484098,458.7740470048041,459.6373138159161,6881436
2018-05-07,461.3638916015625,463.67374986707745,460.803921646096,462.3554949772566,5264128
2018-05-08,458.94903564453125,461.9471718163766,456.0442040610086,461.7955091384711,7100564
2018-05-09,461.59722900390625,462.087192054595,456.4058934708516,456.4058934708516,4327332
2018-05-10,464.9336242675781,466.40354176970897,462.4371284580106,463.9770244004192,7171672
2018-05-11,469.3783264160156,470.60324810791775,463.3703771652576,464.93359917004136,6057068
2018-05-14,471.7115173339844,473.02977210798286,469.52999579537754,470.64990712665974,4742916
2018-05-15,475.456298828125,481.8025486085794,472.86644152033546,472.94812575425465,9826684
2018-05-16,472.0848083496094,478.06943137863766,470.6382455720039,473.76471802299983,6841604
2018-05-17,473.1114501953125,477.00785661480046,469.5533441095137,472.2015026148247,6615476
2018-05-18,469.4716491699219,472.3997781565603,467.4534392065706,472.3997781565603,5217460
2018-05-21,465.0152893066406,471.53652776622573,463.3820603633632,470.39326180968106,4848108
2018-05-22,464.28033447265625,469.89162544314,463.2537277177514,466.33351950121323,3960372
2018-05-23,459.0539855957031,465.23692364819925,458.0973857819447,463.79036085483307,5726292
2018-05-24,463.3703918457031,464.36199515151594,456.45249485125254,458.9606679188967,4520744
2018-05-25,468.6667175292969,470.36995345564065,464.2803481473317,464.30367429401036,4759588
2018-05-28,476.48284912109375,478.76938094892546,468.03673400757526,468.45671854125914,5103940
2018-05-29,474.2430725097656,478.93276762623753,473.3564794946213,475.50299782734544,3351244
2018-05-30,477.9178161621094,479.0027240477461,470.43994928703137,471.2332091429264,4866996
2018-05-31,502.3614196777344,507.186749523889,488.40205509707823,493.09822870378093,39639192
2018-06-01,495.5872497558594,502.0209850054679,493.33306337534515,496.85519376593544,21151356
2018-06-04,480.46551513671875,506.4823286484629,478.5283435041968,504.83866786935334,88796324
2018-06-05,484.5511779785156,485.33775260065056,475.0179233679337,481.357757243828,17105460
2018-06-06,483.08367919921875,484.8329924668361,480.18376895980566,483.75284956700176,9782000
2018-06-07,484.2223815917969,488.355036719887,482.1091037635001,486.8052767152707,10563896
2018-06-08,481.2051696777344,483.99936991371237,477.8356423405238,483.47105040743907,6180888
2018-06-11,479.54974365234375,484.39851961015336,478.7279133322856,481.8038724201316,7091188
2018-06-12,479.9136962890625,481.99174729390575,478.6340004979173,481.80388889191755,5234256
2018-06-13,477.00201416015625,482.4848189944286,475.27617633850684,481.8273433180075,7897960
2018-06-14,478.3991394042969,480.1836793749646,475.4875064715419,476.66154969739756,16927576
2018-06-15,476.5676574707031,478.75138950543726,474.85357142590306,475.7223520151556,10880816
2018-06-18,474.1139221191406,478.7279181234205,471.7540835683752,476.68506553807373,7487404
2018-06-19,475.1352844238281,479.1739815783252,474.1490995982215,475.4757454875541,10981152
2018-06-20,482.80181884765625,483.2362378131534,475.4875517840795,475.7223604516272,9051712
2018-06-21,483.142333984375,486.2417969096168,480.6650910933606,483.70585185211553,13510704
2018-06-22,489.18865966796875,490.4683554387491,481.3225693179536,482.98967645902167,7848980
2018-06-25,491.91241455078125,492.5816421946241,486.77012757904987,489.1182142924132,6992336
2018-06-26,491.61883544921875,493.80256725469764,488.36677019856864,489.8225722934453,9161932
2018-06-27,496.0568542480469,497.6770112550718,490.7501550002831,491.45458106009215,19126804
2018-06-28,500.3420104980469,502.49048661073454,495.7279863536984,496.62027064565586,37533540
2018-06-29,495.082275390625,502.49049959525075,494.29570082677577,498.19348993251145,19458120
2018-07-02,486.8171081542969,495.0706105350471,484.4690212947561,495.05891596182084,9864876
2018-07-03,486.10089111328125,489.5760708512574,485.02080564053733,486.8170690131268,6863100
2018-07-04,493.9317932128906,494.9884322363815,485.81914213393213,487.5215050051119,6097992
2018-07-05,498.6748962402344,499.90764171651983,491.3488774464333,494.27223382492923,9735968
2018-07-06,496.6554870605469,501.44561785793235,495.7632600624915,496.221125459142,8121344
2018-07-09,499.12103271484375,500.14247337268864,494.9179803996641,498.228805618722,6182296
2018-07-10,503.9932861328125,504.74471970772674,498.96840372698927,500.1189432332853,10950736
2018-07-11,504.4276428222656,506.1769556623773,501.2694781925887,503.6762666664294,5857920
2018-07-12,508.5838623046875,511.84773743799775,505.30829259814124,505.5195974851419,8020668
2018-07-13,512.0941772460938,514.418817346762,507.9146290115367,509.15906903287544,7161188
2018-07-16,509.2647705078125,514.2427024912118,508.0672234457614,511.7419559384183,9017336
2018-07-17,511.11968994140625,512.1176266278659,507.9497734079463,507.9497734079463,6361924
2018-07-18,510.99066162109375,521.2752937467711,510.3918879940895,513.5266069478326,17460272
2018-07-19,513.315185546875,515.0527465344452,509.7695521888673,512.5872558398422,5304776
2018-07-20,514.0078735351562,517.2482442871284,509.7930698412642,513.3151995007275,10006964
2018-07-23,506.3531188964844,511.4132569398286,502.0326625213733,504.8386145181963,16880132
2018-07-24,507.12799072265625,509.29997077321053,504.13418038270305,504.13418038270305,5208792
2018-07-25,509.6169738769531,511.13147819651647,507.1866814312297,508.2785187176676,7038616
2018-07-26,514.8414916992188,517.3891312686384,508.3607497419521,508.3607497419521,21281092
2018-07-27,517.0838623046875,519.3849986139951,512.9864626956155,517.036912038443,10554596
2018-07-30,509.5112609863281,516.3442155551755,507.0457701889978,516.3442155551755,7169120
2018-07-31,511.7654724121094,513.2682248995334,504.8503688681827,507.1867035605214,8860944
2018-08-01,506.8815002441406,510.7088933005807,505.23783943811577,507.84423878963383,6071560
2018-08-02,500.189453125,505.707457264457,498.1114306427529,505.66050699236786,8905704
2018-08-03,498.1817932128906,504.1459678439066,496.3855298127402,500.9760507897571,13604008
2018-08-06,496.45599365234375,501.8800396559748,494.53057398015,498.0292003115873,5744632
2018-08-07,500.353759765625,501.19909388753604,494.97666428434104,498.9684115769567,7428456
2018-08-08,501.6335144042969,505.26129681328734,500.85863434452847,501.5161100717966,9945380
2018-08-09,497.4421691894531,502.96017295435854,491.8419594592169,502.96017295435854,8944408
2018-08-10,496.4911804199219,498.6866644132036,492.62858926677217,498.6162103469927,5442940
2018-08-13,491.1374816894531,494.02563950177796,488.40198389289253,489.341218477302,10054252
2018-08-14,490.538818359375,494.27225330415473,490.0926474879071,492.62859260433095,4935964
2018-08-16,487.3923645019531,489.97525997607727,485.2086323176534,489.10647932732127,10625160
2018-08-17,487.7798156738281,491.46630034357423,486.44136038794585,489.0829579369203,6065328
2018-08-20,492.2059020996094,494.8827552219809,487.22796996809353,487.22796996809353,7811136
2018-08-21,492.17071533203125,495.9159020856403,491.3723314726458,492.62858076499685,7776320
2018-08-23,488.3784484863281,494.74178531435206,487.6623280231322,494.2721680525444,12574552
2018-08-24,486.01873779296875,491.59544358226884,485.12645340141387,486.2887448269696,9714628
2018-08-27,488.50762939453125,490.39785043413013,486.1125927034991,487.69755104222565,12574788
2018-08-28,491.8889465332031,492.68727305024316,488.12025605806804,490.2804842744705,9973532
2018-08-29,488.0498352050781,491.7011215981488,486.69968531216057,491.25495071599113,9873692
2018-08-30,485.1382141113281,490.2569972361471,484.14027726774924,489.24736582018244,21827460
2018-08-31,483.98760986328125,488.1085134080727,483.2949357653232,485.86607918728106,15771500
2018-09-03,487.23968505859375,488.15541583376285,484.52763377259936,485.9129818327431,7661608
2018-09-04,481.7804260253906,487.9206496299713,481.122950303974,487.67408906864836,7130536
2018-09-05,480.38330078125,483.752799385921,477.9647887335589,482.2500468628833,5641508
2018-09-06,481.874267578125,483.4709777557454,477.2720240810284,481.12289141404676,10402412
2018-09-07,482.98968505859375,483.7058629714643,479.18579604806587,481.59258492935595,5919300
2018-09-10,479.27972412109375,482.5318184789387,475.51103348960424,482.5318184789387,8598592
2018-09-11,469.7113037109375,480.8881914914845,468.2437494156144,480.4890281884246,18186536
2018-09-12,472.3998107910156,474.63049312666425,467.16359471681454,470.06347602052426,12246008
2018-09-14,476.5676574707031,478.3991765103619,474.0669394730345,474.2782730027131,10334672
2018-09-17,467.7857971191406,475.0061633544436,466.7996122205609,474.61875199917984,9338220
2018-09-18,467.08135986328125,471.9301642677093,465.1441884810871,468.4197863797874,9325736
2018-09-19,460.5420227050781,469.1477670066786,459.4032062805639,468.4081138936286,16712264
2018-09-21,462.6317443847656,469.58207471800694,448.53147343450763,463.4888016930893,22610148
2018-09-24,452.1710205078125,463.08962308700353,449.65857933657696,461.9273316970658,13390792
2018-09-25,458.4404602050781,460.69461773967225,449.65861007720304,452.1710514202,16682552
2018-09-26,462.1503601074219,464.45149627617934,459.1213515405001,460.9176147305513,14726724
2018-09-27,464.01708984375,466.3299491661458,459.0861085081563,462.43213155730916,18352208
2018-09-28,471.0378723144531,473.2450505463971,464.25189705038224,465.07372727045265,14460716
2018-10-01,477.9412841796875,479.4792923957831,469.1007609012587,471.91846487224274,12449588
2018-10-03,476.9316101074219,481.87431514672244,471.2609752998059,476.7672268493777,15332148
2018-10-04,459.6966857910156,473.7969582608804,456.2332578173635,471.4958217690509,17970584
2018-10-05,461.469482421875,467.26924500262055,455.5640387436054,458.8043811341655,15729180
2018-10-08,456.7028503417969,462.3382582637522,453.1807203905748,461.39902361009297,20128020
2018-10-09,455.66973876953125,461.3990765468179,453.1807723844064,456.5620232581469,12459364
2018-10-10,461.90386962890625,465.4494747265775,454.4721696724887,456.7028519829452,15939932
2018-10-11,454.95355224609375,457.47774546092376,450.2691020588108,452.00669195793205,14359904
2018-10-12,465.3554992675781,468.93633104155356,455.9983806596915,456.7028065824408,9600320
2018-10-15,471.5075378417969,472.1532616522276,462.6435109895203,467.2692300935213,12585968
2018-10-16,467.91497802734375,473.89084722487723,466.68223250751254,470.3217668993951,9406004
2018-10-17,463.6531982421875,472.6698569843588,461.0468277142516,471.0496714140739,7940796
2018-10-19,462.04473876953125,465.1207264699463,459.7553543441709,459.9666878699143,9867348
2018-10-22,469.3590087890625,474.313465493015,466.9404682670748,472.904613615313,20331160
2018-10-23,466.0599670410156,469.35904020740315,463.27749012893133,463.27749012893133,19428564
2018-10-24,467.7975769042969,471.6836718920969,463.18358076575566,470.5565788009592,18072336
2018-10-25,462.2912902832031,470.4626142590461,460.80023239711693,463.4183546265095,29847056
2018-10-26,460.5067443847656,464.2636830415066,457.64209012426744,462.29131317725137,15155712
2018-10-29,452.3118896484375,461.38722055260496,445.00931809541953,461.1876389434655,17044280
2018-10-30,449.13031005859375,453.6503772229529,445.97214472590673,452.00671643591323,13828704
2018-10-31,448.8954772949219,450.3395563558483,442.61434533852633,446.617844648898,23449404
2018-11-01,449.0010986328125,453.1807041571447,445.19720988701886,453.1807041571447,19629052
2018-11-02,457.7477111816406,460.2249539038894,448.95413870624316,452.24145980555664,30092868
2018-11-05,459.28570556640625,460.1427628457249,455.05914999370924,457.8533785771807,5705296
2018-11-06,457.06683349609375,463.9819374446653,456.22149934349414,459.05095531595174,8485588
2018-11-07,459.7436218261719,461.38728250853865,457.876904373608,460.459799731613,958760
2018-11-09,456.7967529296875,460.20147835086425,454.65999994972,459.8022864484134,10101620
2018-11-12,451.0791931152344,460.6945963911593,450.16343359772566,458.22910543187936,7907764
2018-11-13,452.6523742675781,454.98870886583813,448.0618537026201,450.5977985835728,13350420
2018-11-14,459.6966857910156,460.2250053124202,454.73047655717903,455.18837067363074,26110636
2018-11-15,463.78228759765625,464.28713190255434,453.46243074810224,460.6710731406725,10392524
2018-11-16,470.6269836425781,472.66980741053203,464.9211220431463,465.1559306906428,15813216
2018-11-19,472.8811950683594,474.5483309238302,470.06349097578834,472.20024418002106,12286428
2018-11-20,472.5406799316406,474.21956759599294,469.394266794337,472.6698361608857,5705168
2018-11-21,474.01995849609375,475.2409520013192,470.556530935565,472.6111066070651,6545604
2018-11-22,470.9088134765625,477.83566962094477,469.6525927558932,472.72858076873075,12974552
2018-11-26,481.310791015625,481.8273585897824,472.4467643164221,472.88115459421346,18184436
2018-11-27,484.6451110839844,485.5608419970674,479.185809323954,479.2562633925767,12895440
2018-11-28,490.5740051269531,492.76948908318366,483.7293554479616,484.87989498009244,13021108
2018-11-29,500.3889465332031,501.87994695014356,491.6892752550442,493.33293567853286,31908636
2018-11-30,499.7784729003906,501.91525460267167,495.4462646581016,500.142437782823,13040924
2018-12-03,496.22113037109375,502.9601271453569,494.7183206187454,500.3772320012865,10799856
2018-12-04,489.7051696777344,495.68103808900366,488.07326109813096,494.36608677699525,8157420
2018-12-05,492.91033935546875,494.3426951461428,487.4510378803439,487.9324071100841,11798844
2018-12-06,492.40545654296875,493.4855418617039,489.5760010428992,490.6795901555243,11730252
2018-12-07,494.88275146484375,497.3247385821171,488.4724636240853,494.6713892764455,9903920
2018-12-10,490.45654296875,494.2252330765761,485.0911426561311,485.0911426561311,10915056
2018-12-11,483.6001892089844,486.3591909756269,477.1311991334196,482.7666069972002,18905780
2018-12-12,489.646484375,490.7031232893499,483.72931791990663,485.3377227603968,11370488
2018-12-13,493.4034423828125,498.9683960880337,491.0553558129864,491.9241363785556,7064236
2018-12-14,492.0885009765625,497.32474559898566,490.29223764466326,494.24872919945005,6158284
2018-12-17,500.189453125,500.7530283690887,492.86343356256333,494.03747699649034,8437324
2018-12-18,501.4221496582031,502.25573187997946,493.70871944799256,498.73360192289687,7413968
2018-12-19,498.60443115234375,507.0457909047198,496.27984837899174,500.87036908778845,9009896
2018-12-20,501.8917541503906,502.5961801237921,493.7204013936671,496.04504150169146,7980476
2018-12-21,495.71630859375,504.6273436224986,495.2232447747395,501.08170971878985,10220308
2018-12-24,488.5545959472656,494.0374008693854,487.77977326133924,494.0374008693854,5601488
2018-12-26,498.3461608886719,499.4379981798304,485.81909648992433,487.69756568853205,7601916
2018-12-27,494.2839660644531,502.0678499745957,492.73420602536993,500.8468564452462,11639868
2018-12-28,498.4752197265625,501.9621508267937,496.73765878801635,497.17207768581585,9415612
2018-12-31,498.19354248046875,501.7861265881309,497.01949913328076,501.7861265881309,5866528
2019-01-01,504.39251708984375,505.07343928898837,494.4131488100753,499.5906340212171,6373440
2019-01-02,499.790283203125,504.25164819295793,497.7239553215136,503.1480588449512,8134232
2019-01-03,495.868896484375,499.73148713984256,493.8025689909968,498.7805006843661,12771664
2019-01-04,497.195556640625,499.7902036474953,495.5284496476997,496.6789890840331,7287120
2019-01-07,497.9468994140625,501.3986321439914,497.3246794736744,499.6023117246012,5387012
2019-01-08,493.8026123046875,498.6161898378525,492.3115543821739,498.26397684762094,8343460
2019-01-09,497.0429992675781,498.1113901709123,493.70872765140484,497.32475820355967,8568628
2019-01-10,495.0940856933594,498.6866698458964,491.37234530575137,497.0899594085093,7691540
2019-01-11,495.89239501953125,498.73360278703433,494.9766641596367,496.33856587733516,6408040
2019-01-14,493.4856262207031,495.4227977790015,492.73424993002436,495.4227977790015,4855160
2019-01-15,498.240478515625,499.3206212947151,493.5678090578374,494.2839869444297,5087556
2019-01-16,497.8413391113281,498.9684322117089,495.0353869225107,497.8061407407654,5252452
2019-01-17,500.6825256347656,501.52780242923404,496.232912917923,499.0271130885557,8240228
2019-01-18,500.2011413574219,502.25571710528124,496.51465690938636,501.3164824776884,5207976
2019-01-21,504.404296875,508.71305954365255,499.3207113406772,502.4788769586588,17561512
2019-01-22,501.5161437988281,504.08728738822623,499.91943330417905,503.8994289783255,8796976
2019-01-23,494.36614990234375,501.5161197506644,493.43866712295903,501.0817007814959,7624288
2019-01-24,493.6264953613281,498.181760341372,492.6050547807434,495.44626243900694,10111572
2019-01-25,492.1589660644531,495.4462874026699,490.75011406236024,491.4545400634067,11262236
2019-01-28,489.37646484375,493.57957441703826,487.6389036226973,490.75011848871424,15360436
2019-01-29,483.142333984375,489.106451168911,482.0621911904821,487.9911100056597,14762788
2019-01-30,477.7651672363281,483.0601139646413,476.1919606855232,483.0601139646413,18514160
2019-01-31,488.3902587890625,490.6913951123749,474.7831084661907,476.8963863970491,16579404
2019-02-01,490.855712890625,497.08989378431465,487.6036476034212,488.39022215622003,15654188
2019-02-04,494.248779296875,496.15075258041657,489.0242860432478,491.92419624040355,7938288
2019-02-05,496.3973083496094,497.5595998665689,492.39380883444784,494.9767043505083,8690288
2019-02-06,498.4166259765625,499.4380666739204,496.2916532652782,496.91387334211754,10875684
2019-02-07,497.14862060546875,500.142430931467,494.4718248915794,498.9801395642869,7217308
2019-02-08,498.4166259765625,503.6528710510584,494.6596870641118,495.9159364434978,12235644
2019-02-11,502.4083557128906,503.1714839023567,496.221181557175,496.221181557175,7036364
2019-02-12,500.072021484375,504.36903168325665,498.9214819124664,502.02094494357664,9772388
2019-02-14,495.4932556152344,502.4905656109723,494.4131701036484,502.4905656109723,7441388
2019-02-15,493.250732421875,495.00010260035003,487.97929007157774,494.8239961254426,8416524
2019-02-18,490.7265319824219,497.32467740352774,489.81080125767653,494.69483221774493,7138744
2019-02-19,489.35296630859375,495.01182023684044,487.9793128097775,490.6796122175164,5268636
2019-02-20,495.05889892578125,495.68111899161187,488.8481635349491,490.3979237394512,4892500
2019-02-21,496.8316650390625,497.78265166207717,491.5954773155014,493.49739323519253,5261544
2019-02-22,491.090576171875,499.69634823145043,490.5388101990573,497.6534669631564,8890708
2019-02-25,499.0622863769531,500.1306772095615,491.95932464901887,491.95932464901887,8140596
2019-02-26,495.5988464355469,498.96837344084395,493.35646972420585,495.7397545538738,9607428
2019-02-27,491.2784729003906,498.83930111842665,490.31573435800567,496.8786829876592,7030092
2019-02-28,487.82672119140625,494.4718174369422,486.8052806356382,491.47800715607855,11645376
2019-03-01,489.18865966796875,493.3095059156402,487.69760170093946,489.8695818722123,9352928
2019-03-05,494.7653503417969,495.704584981655,486.05392612657954,490.49178686937597,11837276
2019-03-06,494.09613037109375,495.5167342511141,490.8792631451005,495.4462801867686,8458044
2019-03-07,499.3206787109375,500.1425091249926,491.9242049844411,495.3524347850358,10204852
2019-03-08,499.7197265625,500.1423935716287,495.31706464725676,496.6320159364735,7053460
2019-03-11,499.7784729003906,503.35930490799063,498.3109187989152,500.6120550952951,9224108
2019-03-12,509.7696533203125,510.708888056969,501.78615805873227,504.1342449003735,15097292
2019-03-13,522.8132934570312,524.5626067097525,510.02797191632516,510.7088941780267,57166348
2019-03-14,522.3905639648438,527.7324609556068,519.0680443714517,527.1102409399631,15379864
2019-03-15,529.0239868164062,530.644143872125,523.1655213748528,523.858195555882,12763088
2019-03-18,531.0079956054688,538.0992051769432,527.6150221707048,531.1136480298233,14358720
2019-03-19,532.4873657226562,534.401033468184,528.5543204681729,532.8982808984978,11957992
2019-03-20,539.8250732421875,540.059881886486,530.9140966563264,532.7808139132334,11711992
2019-03-22,534.459716796875,541.7035870004752,533.2035248422408,540.0599263550467,30403880
2019-03-25,535.6690063476562,537.2070145325475,529.0239098189734,530.6675704353661,9199260
2019-03-26,542.7250366210938,543.5820653270366,533.6262007543885,534.4010234961627,11786848
2019-03-27,539.9307861328125,546.6463370423439,535.1407121832228,544.415654671698,13885300
2019-03-28,540.7173461914062,545.9300865200091,537.2069684981883,539.7781116339524,19554328
2019-04-01,542.8306884765625,547.5738120902938,541.1400775374341,545.988853586173,9647076
2019-04-02,538.8506469726562,544.7560615193709,536.6434112931161,544.7560615193709,10910496
2019-04-03,538.3575439453125,543.8168451760304,537.3009049974316,538.2049412500402,7659452
2019-04-04,536.2913208007812,543.1125250252296,535.3638378977621,538.3576488333746,9211552
2019-04-05,541.3749389648438,543.2886068591166,535.8334309465172,537.1953328147168,8351180
2019-04-08,537.5709228515625,545.4487648536463,535.3872481763427,544.5212821126408,6398132
2019-04-09,537.0661010742188,540.7643374243855,532.3112257668615,539.2615849491364,10777600
2019-04-10,525.34912109375,536.302920957737,523.8580633348123,528.3194273883136,108128700
2019-04-11,530.08056640625,531.3720140763428,525.255236828182,527.1219542678673,8793300
2019-04-12,531.9003295898438,533.5322383500043,528.8126185686696,528.8126185686696,9170444
2019-04-15,537.43017578125,538.3928570765024,531.689114405936,533.0157606594186,10219780
2019-04-16,541.2457885742188,542.3845763380109,535.434273429885,537.9349630766073,8273776
2019-04-18,538.56884765625,543.5937872601484,537.2422016883826,543.1124180529847,10614856
2019-04-22,532.7103881835938,545.9301270258738,530.9023729916132,545.9301270258738,20980420
2019-04-23,527.2158813476562,537.7118166974003,526.3471007946778,534.7884604256,15282400
2019-04-24,535.3049926757812,536.2794255933057,527.6267616756458,528.3194356927329,12354128
2019-04-25,531.4776611328125,539.7781703680324,530.1862134757891,536.9839128597633,18086636
2019-04-26,535.5867309570312,536.5377173699322,529.9395719632117,532.052849624625,11707568
2019-04-30,544.1572875976562,544.7560611128523,534.987998465814,536.5377584667533,12536836
2019-05-02,553.1622924804688,554.0662714906894,544.1691086903511,545.5779607516854,17169300
2019-05-03,556.01513671875,558.3749751395048,553.3265891153252,555.1346042726722,12351520
2019-05-06,546.7402954101562,552.246547852736,544.0634992127839,551.3308168710932,13748092
2019-05-07,545.3079223632812,553.6788282827391,544.2864817469844,552.246472505503,9924204
2019-05-08,541.7622680664062,545.6483627634416,537.2422014675208,545.3548519453321,12064208
2019-05-09,537.923095703125,540.0598772785411,533.3913347678941,540.0598772785411,9027724
2019-05-10,539.238037109375,545.9065794973313,538.0287955543353,538.0287955543353,10594200
2019-05-13,537.0542602539062,543.194540017598,535.3636496675889,539.1323394561714,11071632
2019-05-14,537.2186889648438,542.6427917261306,534.3188365247194,539.2850165561116,10494744
2019-05-15,536.9369506835938,541.7505282075591,535.8803117149184,539.1206826841227,8956348
2019-05-16,542.5606079101562,544.5212831539,535.3637454035756,535.4929016319878,8050136
2019-05-17,554.6416015625,556.3322125798328,542.783763316484,543.1124725353436,14758780
2019-05-20,571.136962890625,572.6279637359428,558.8447045470468,565.4193481299533,17699632
2019-05-21,564.4095458984375,575.1402898400529,563.4116091264627,572.4634941351707,10325176
2019-05-22,564.8909301757812,569.645805510317,562.1906306030819,566.3232859231374,11386660
2019-05-23,547.5972900390625,572.9096173156408,544.5447775085488,565.6540527697989,33081996
2019-05-24,557.2831420898438,560.2886470009946,549.4874489133429,554.0779695658612,13692800
2019-05-27,565.50146484375,568.6830763572027,557.0248492032421,558.5863038771777,12049024
2019-05-28,567.3447265625,568.2370110202788,560.5000764057456,567.4151806324396,7364840
2019-05-29,567.5090942382812,570.7729693923484,565.9358874963287,565.9358874963287,7475216
2019-05-30,572.8275146484375,574.7881326891829,566.6050847599932,567.297758886081,9359200
2019-05-31,569.4931640625,578.8033038078225,553.3970201525989,576.8778844044375,19785080
2019-06-03,576.9483032226562,577.5822750534674,569.3991714309913,569.8805405840178,8480860
2019-06-04,575.8212280273438,578.9793927080474,573.1796308792283,576.455199877626,6442988
2019-06-06,569.0235595703125,579.9773600595282,566.6754730923387,576.0325633112662,15634924
2019-06-07,574.7294311523438,576.2791913398175,565.654098782773,569.5636402958801,7970932
2019-06-10,572.9801025390625,579.9656604407216,571.0781867162606,579.9656604407216,7077140
2019-06-11,574.9054565429688,577.6057559278509,573.0152928346142,575.6333862642075,7103292
2019-06-12,569.892333984375,574.9054641652375,569.0939501946361,574.107137701828,7308620
2019-06-13,574.0366821289062,575.7507967001718,567.2859335950034,571.9821064881531,11107948
2019-06-14,571.7825317382812,577.3826833040738,569.4109415871195,573.6257451327773,11956920
2019-06-17,568.70654296875,572.9095948190358,567.6029537932426,571.7590553793998,12810020
2019-06-18,567.5912475585938,571.0546753800807,564.4800327359021,567.7673540579914,12419652
2019-06-19,570.1976318359375,574.0836692937438,567.462076554043,569.8806172147409,10744276
2019-06-20,573.2691040039062,575.7853360926836,570.492953942729,573.7416401845322,11171492
2019-06-21,570.3983764648438,574.0605316359238,568.3782728823338,573.1863512929027,13250260
2019-06-24,571.2843627929688,574.2731884591333,569.4060431911678,569.8667543866836,6915000
2019-06-25,573.8244018554688,576.848645487942,567.7523223868624,571.7334634924727,8899800
2019-06-26,583.0859985351562,583.5821845991668,572.2413162344866,572.879228543472,10533636
2019-06-27,581.762939453125,589.3707605441867,580.30985606529,583.2868571230551,19879236
2019-06-28,577.3801879882812,584.7635663513028,575.7972032037782,582.1646171675192,12756844
2019-07-01,587.256103515625,588.0712168075379,578.8685871650154,580.2743706224641,8524160
2019-07-02,589.4888916015625,590.0795618336282,582.9206270844641,587.8350149517786,7246828
2019-07-03,588.2247924804688,591.4498863282184,586.6536328477488,590.4339220646493,7463256
2019-07-04,586.8427124023438,590.1740579691856,584.0547373139126,589.4416614761516,7993964
2019-07-05,584.149169921875,589.4770265894634,581.2194688430377,587.1498206429052,7583060
2019-07-08,569.3115844726562,584.6690095602119,566.3464085538394,584.6571846197711,14607140
2019-07-09,562.1171875,569.5951069485533,560.6641618602692,567.9530553055912,16482688
2019-07-10,564.3854370117188,566.5709169875882,559.069404637982,562.0227559567246,11569148
2019-07-11,568.732666015625,570.3511253806663,566.0155831896608,567.7521765906135,9097596
2019-07-12,565.6022338867188,571.2963186969973,563.5112956177012,571.2963186969973,8976272
2019-07-15,565.802978515625,567.752190154733,561.6919370407426,566.0983136124595,8233184
2019-07-16,564.9642944335938,571.2962913331199,562.7906393529743,571.2962913331199,12770568
2019-07-17,566.4409790039062,569.7842074303184,564.9879531742453,565.3777724897216,7759736
2019-07-18,569.85498046875,573.895187861456,567.4922995800656,567.7522175508764,10802584
2019-07-19,561.290283203125,571.9341725405675,559.2465872311668,570.5874559202653,8939228
2019-07-22,542.766845703125,555.1945697595224,538.9865564306252,554.0486465007414,22171296
2019-07-23,534.7928466796875,542.117157811594,529.7249074491386,542.117157811594,27802864
2019-07-24,538.9038696289062,541.762736623964,531.8394767294125,533.1980182625952,17363740
2019-07-25,540.1206665039062,547.0669251202459,538.7503000762736,539.8725734784717,19462008
2019-07-26,538.0534057617188,541.9163549467917,537.0020241553588,538.2660239984579,12829828
2019-07-29,530.2565307617188,537.1673729785956,525.2358334246715,537.1673729785956,9976492
2019-07-30,532.134765625,536.6120340567686,529.2168318602072,532.7845028235653,10394136
2019-07-31,531.9929809570312,535.6197189333169,527.8819395795163,529.240480992779,13891840
2019-08-01,526.108642578125,530.4182795371635,520.2361429210483,527.8372494263176,18241676
2019-08-02,524.3445434570312,526.6295812404396,516.6842384292443,523.5512608464982,27825536
2019-08-05,516.0331420898438,520.9466158530028,512.066843991872,520.24808536213,19822440
2019-08-06,518.3655395507812,523.3737073141476,513.1323713379744,513.1323713379744,24890940
2019-08-07,517.1578979492188,521.4201883169321,512.658813672188,518.5786614051232,18750136
2019-08-08,528.7962646484375,531.1287076436796,516.9210739126851,520.4729823454337,19711600
2019-08-09,540.3637084960938,542.0212658841185,530.3710169476325,532.0759215559696,30436112
2019-08-13,525.7653198242188,538.3035443330222,521.5622284123144,538.3035443330222,15440068
2019-08-14,527.920166015625,529.3290782043871,521.6688299760862,529.3290782043871,14254052
2019-08-16,527.5057373046875,528.7607564841602,521.917436186086,524.2616725731888,15247560
2019-08-19,522.5687255859375,530.8920093883812,521.3492021177242,530.0632306047687,8498200
2019-08-20,525.8245849609375,527.5294895678886,522.5686686656784,523.1369509309908,10270592
2019-08-21,527.0677490234375,530.7025008644707,524.3090652783917,526.8427485595611,10472712
2019-08-22,514.8136596679688,525.8837748919289,513.1442510506022,525.8837748919289,13992044
2019-08-23,512.1141357421875,515.5002999406553,506.6442315548242,511.71159769028765,20099616
2019-08-26,534.2425537109375,536.6104927967046,513.132399885729,519.7389268106141,25280244
2019-08-27,535.142333984375,538.2088032623816,530.4420100085757,534.2070096918413,20660832
2019-08-28,532.1942749023438,534.526717874484,527.1861071861758,532.7862596352718,13662588
2019-08-29,527.3281860351562,533.6624231243272,525.7535296588891,531.8391215804882,14783716
2019-08-30,527.56494140625,535.1541972255666,526.1560293076145,528.879159072258,19233320
2019-09-03,523.5394897460938,525.9192801310417,520.0349282757688,525.6824862183307,11428676
2019-09-04,532.2534790039062,538.46931876538,520.7097765897407,522.6041277551423,15060704
2019-09-05,529.2698974609375,538.0904708192375,526.8664623414039,532.5495163172213,17296252
2019-09-06,531.8154296875,534.3491708225876,525.9903340748198,527.576841740472,12870004
2019-09-09,532.691650390625,535.3673755625555,524.7590537008053,531.8391691144759,10643404
2019-09-11,533.0941162109375,538.4693261543216,530.6906234502475,538.4693261543216,15209116
2019-09-12,537.7234497070312,541.9738886400878,532.3481819405418,532.9520179463601,18132300
2019-09-13,534.5504150390625,536.9183542031692,529.944784927078,533.0231058404166,15371340
2019-09-16,531.4010009765625,535.781688072286,530.6551233252083,533.2361536788251,11030184
2019-09-17,523.6341552734375,532.4310245493056,520.4966364496535,532.288925100808,10656556
2019-09-18,518.0458984375,526.6651740003866,516.2107455576505,525.043170335129,12959884
2019-09-19,521.4439086914062,524.2854357005357,513.369212982724,520.8992711191202,10623310
2019-09-20,568.115966796875,572.9939447204633,523.504014961774,524.7353317954808,46150034
2019-09-23,595.4183349609375,607.4711228325581,582.0394779614176,596.5076101596419,41920410
2019-09-24,593.784423828125,597.6441182602333,581.3527437208729,591.9847670120035,23379048
2019-09-25,587.1067504882812,591.9373805534856,582.5603193412131,591.9373805534856,15608976
2019-09-26,588.432861328125,603.8244653467681,585.5202846977793,587.1541973494428,30671560
2019-09-27,589.238037109375,593.6424276668125,586.1123685578173,591.1560912126836,14873170
2019-09-30,581.3052978515625,587.2488476192086,576.119534781264,581.9446876038255,18218458
2019-10-01,591.4165649414062,594.3527866594592,578.2981460392825,583.2234715307761,18768352
2019-10-03,579.4584350585938,589.0485889890971,576.0485678633604,587.225229523867,16298876
2019-10-04,563.4273681640625,587.0594103434742,561.3436281460217,585.6623494935137,18403632
2019-10-07,562.1013793945312,577.7060745025601,559.3782495057151,568.8736503444584,22513220
2019-10-09,581.6368408203125,582.4656194313956,563.5694555364996,566.9319171964065,17427270
2019-10-10,568.5658569335938,580.5949408157695,566.9792915533363,578.6295976927835,11556858
2019-10-11,567.7371215820312,579.6715119387164,563.0722351431893,574.6514924334763,17186318
2019-10-14,570.38916015625,577.7297710855158,567.0740455430332,572.5676524827331,12267802
2019-10-15,579.2216186523438,580.145091796512,571.54946111912,571.6205108558286,8400374
2019-10-16,578.2980346679688,584.8809164640575,573.0885690152525,583.2944089411139,10586816
2019-10-17,577.777099609375,582.4419277448391,574.5093323198743,581.329008008613,12243614
2019-10-18,582.0394287109375,584.3363180675698,577.9428825202974,580.3581688315088,11233806
2019-10-22,586.9173583984375,595.2998389731792,583.7442855884274,595.2998389731792,20006228
2019-10-23,588.006591796875,591.8663438692063,583.9337483422535,590.492927708308,10190214
2019-10-24,585.4019165039062,593.950200126325,580.7844350714618,591.0376233528876,13107494
2019-10-25,582.0394287109375,590.4929597056838,577.7771383460893,587.2488947124186,12993542
2019-10-27,586.1596069335938,588.1487104141279,584.8809429761882,587.2251795017689,1750082
2019-10-29,588.432861328125,595.4656288329024,586.1596166871203,586.3017161563129,14232568
2019-10-30,591.2032470703125,597.9992196162357,588.669564208927,590.5165679677607,12011366
2019-10-31,582.6788330078125,598.5677294083811,581.1396724072903,595.6314498838495,13217706
2019-11-01,587.2726440429688,589.0248959860176,581.3764405482972,586.7753536696891,11512260
2019-11-04,585.7570190429688,591.9847097517586,582.0630691407218,590.3034500516609,9935176
2019-11-05,587.0120849609375,589.5221234546789,582.0631155174988,587.7224666692404,12367810
2019-11-06,595.1341552734375,596.2470751063895,581.5895549626913,588.4091734331271,12130336
2019-11-07,598.4729614257812,601.3144886136432,591.9848308045706,597.1942973156508,16963034
2019-11-08,594.6368408203125,600.0357533996864,592.6714398527363,596.2470509314959,13251496
2019-11-11,598.9701538085938,600.7461080104378,592.2215278415865,593.1924059296649,14286610
2019-11-13,595.5604248046875,601.4565704218174,593.6897181077103,597.6441650990677,9293496
2019-11-14,603.303466796875,604.7715773095834,595.3945164164026,598.5202419214672,11055218
2019-11-15,605.1978759765625,608.5603378765574,601.9774557334334,608.0157003310413,9279012
2019-11-18,597.6915283203125,605.9319100976571,596.1049628825585,604.7716430689543,9130292
2019-11-19,602.3563232421875,603.8244338328341,597.2415519723761,599.230655382196,10570578
2019-11-20,603.0430908203125,607.5895227205286,600.0358194672698,602.8773466312821,11054258
2019-11-21,607.7789306640625,609.5075378074598,600.6751132070991,601.574941647184,12019526
2019-11-22,598.9701538085938,607.9209745480895,597.6677873939082,607.9209745480895,7688010
2019-11-25,601.9774780273438,605.9556273541223,598.6860657393921,598.6860657393921,7893556
2019-11-26,603.8482055664062,606.074045315987,600.0120977688067,605.4583579923924,8716002
2019-11-27,605.4346923828125,608.9155513650649,602.0248253261254,604.2980700305835,9580666
2019-11-28,599.230712890625,607.6368969919056,597.6678499051358,606.2871254085217,12366040
2019-11-29,603.8007202148438,606.1450144249826,592.9319037301365,600.3672087914863,15567626
2019-12-02,599.4437255859375,603.3271222125159,596.05756143599,603.3271222125159,8946204
2019-12-03,594.5421142578125,600.9828965435161,593.7843853673195,600.6040031927653,6991906
2019-12-04,592.7662353515625,595.2525715277253,584.5020928032309,593.1687734559762,11395614
2019-12-05,589.9010009765625,596.1286926245755,587.604111518524,594.6368793688133,12772494
2019-12-06,590.1141357421875,596.7206628132138,586.3964250464844,591.4874941935019,13774650
2019-12-09,588.64599609375,591.9137638268414,586.0886679479555,591.7480196412462,8265350
2019-12-10,591.7479858398438,593.7133868708223,589.6641878529149,592.4583675755458,9788900
2019-12-11,591.3927612304688,593.8790971635698,588.4328375005865,592.0320931939212,11054642
2019-12-12,598.425537109375,601.19601419843,593.4055179530598,593.4055179530598,12913148
2019-12-13,598.5439453125,602.5694417190632,596.365452937033,599.0885828591198,11775186
2019-12-16,595.4656982421875,601.4565963745791,591.1323576588596,601.1014054712083,11327576
2019-12-17,601.9774780273438,603.7297876816821,594.5184697187642,596.7206646863573,12427354
2019-12-18,612.0411987304688,615.1905692499555,603.1851297494278,607.6131642399483,17447172
2019-12-19,610.3599243164062,618.2688167335206,609.081202685965,618.032022855032,13018376
2019-12-20,614.1013793945312,615.4747958054319,606.2161874603134,610.3363788819952,15026044
2019-12-23,616.80078125,617.5585101910995,610.3599985341358,615.1905711182808,10195782
2019-12-24,610.5258178710938,616.1851698274687,609.4838898641705,615.0012001452966,7179208
2019-12-26,601.6695556640625,611.8043454434885,598.9227813011383,610.7861201818931,14949758
2019-12-27,603.824462890625,605.7188141467524,601.4565238204657,602.4036994485294,7092992
2019-12-30,607.2106323242188,610.3363003603699,603.374582561169,607.1395825893263,9334190
2019-12-31,602.4510498046875,607.1158782349886,600.8171949621751,607.1158782349886,8357056
2020-01-01,605.5293579101562,606.1923924015477,601.7406554576465,604.345388393747,3673698
2020-01-02,609.3890991210938,609.981083868637,605.7187936863252,605.7187936863252,6137166
2020-01-03,600.6988525390625,608.5603994443895,598.4256076891043,607.234330313411,10855550
2020-01-06,587.6988525390625,597.5732060182935,585.3546156735159,596.7207247157202,10890186
2020-01-07,597.0048217773438,602.143238298382,593.0503748607391,596.1997455707353,14724494
2020-01-08,595.4419555664062,597.7388448014235,587.2725661329978,590.5402756575533,11332110
2020-01-09,602.1195678710938,604.2033658480826,598.1887658278872,599.0885942510204,9546316
2020-01-10,607.4710083007812,609.4601116176075,603.871752817819,608.1340427397233,9214580
2020-01-13,609.033935546875,614.0066076489296,604.2980573544421,607.4710726189669,7451568
2020-01-14,610.6914672851562,612.1359331976332,605.0084136927392,610.4546733854722,7886290
2020-01-15,608.2051391601562,609.9573909159484,603.3982113725496,609.2233645040944,11787448
2020-01-16,609.8153686523438,611.4018762888768,605.8845666176381,607.163288419645,7150400
2020-01-17,605.3162231445312,608.512940609759,602.3562995656167,607.0211275637845,16918814
2020-01-20,594.3053588867188,617.9610470531414,593.1687365718038,617.9610470531414,22178450
2020-01-21,589.3090209960938,591.9848038717975,586.4911964540704,591.9848038717975,14984804
2020-01-22,587.6514282226562,594.3527073618872,584.5968099426914,591.0612951746068,18368310
2020-01-23,589.5457763671875,590.4929519914465,582.9865967313965,587.248887040562,11508920
2020-01-24,589.40380859375,593.8791908549719,586.8227200074896,590.0904878830103,11831756
2020-01-27,574.556640625,584.8808767973225,573.869961505389,584.8808767973225,18888552
2020-01-28,579.2925415039062,581.4710915111248,574.5803662813082,577.2088015490133,13412158
2020-01-29,585.2835083007812,588.1960850182678,578.8427253732511,580.2871913795456,13788350
2020-01-30,580.6423950195312,586.7516319136959,576.4510963819321,586.7516319136959,12111984
2020-01-31,580.7607421875,586.2070018867788,577.8955128734751,583.1996731083684,11178268
2020-02-03,564.8955688476562,567.3344998460584,557.744346592457,566.8846145462204,13077010
2020-02-04,582.4183349609375,584.4073807174176,567.3582188812532,567.3582188812532,20897704
2020-02-05,589.4510498046875,591.0375573266558,581.234313274247,584.8335688880729,18020682
2020-02-06,587.1541137695312,591.3689984827713,585.9227393745126,589.4510027877698,11827550
2020-02-07,588.2908325195312,590.5640774335792,583.2708126296134,590.0904895607375,6815448
2020-02-10,587.3909912109375,588.6459526743174,580.6423648340666,588.6459526743174,9219834
2020-02-11,587.5330200195312,594.3526959818439,586.3254058019519,588.8117417811588,11613520
2020-02-12,591.5111694335938,593.3581734383829,589.1669329193304,589.7115126471815,6297930
2020-02-13,587.9119262695312,596.6733008644125,584.2179181807978,596.6733008644125,9112140
2020-02-14,577.46923828125,591.2269861835692,575.4091430350544,588.7642950823292,14688858
2020-02-17,576.4274291992188,583.9337846168844,575.1487073930117,580.1450820402947,10152690
2020-02-18,574.5804443359375,577.0667804849288,569.9629629163823,576.3090515064869,10529116
2020-02-19,581.1869506835938,582.513019706518,574.8882673522369,578.9611110497709,10012268
2020-02-20,576.40380859375,582.5131039288668,574.9830449256308,582.5131039288668,11123414
2020-02-24,573.0175170898438,575.2907615812694,568.3053417555244,572.5439293050475,16568084
2020-02-25,568.447509765625,572.5677008658114,567.3582346048321,570.1997616562753,13886680
2020-02-26,567.9501342773438,570.5311645044618,561.5093521550158,567.1213556782315,13814786
2020-02-27,568.044921875,569.4893879376268,559.3072491927961,565.937479073151,20655098
2020-02-28,557.7206420898438,561.2015005946217,554.1450313456189,556.7024168345805,24313056
2020-03-02,558.6442260742188,568.8500675447305,552.2744925046535,568.4001243927462,14664898
2020-03-03,559.68603515625,561.3672370094275,553.1505009757981,556.4656152795914,22369550
2020-03-04,544.0813598632812,558.833632138287,536.6223516377066,558.0522006667385,34288870
2020-03-05,545.2652587890625,551.7297433093519,541.192415593787,546.0466901593843,19549708
2020-03-06,537.474853515625,540.3163805679825,521.4202141076019,532.7863223170319,23053566
2020-03-09,524.40380859375,529.6606217571953,504.3710209743091,525.6824725647729,34420590
2020-03-11,527.4821166992188,530.4183379455845,517.1578794969449,523.3145209195276,35538240
2020-03-12,483.67523193359375,511.4748425848141,475.2217009586306,509.10690349877325,59000770
2020-03-13,506.6442565917969,512.1615082677355,435.32191586076743,464.13972221452224,66342364
2020-03-16,473.35101318359375,491.1105559493614,471.2198680517016,490.1633803351871,31986322
2020-03-17,461.79547119140625,478.3236976526971,452.1342970177646,477.37652201378086,42676838
2020-03-18,415.2891845703125,470.2727207173597,409.6534777648702,466.4840180328291,61181406
2020-03-19,424.1215515136719,435.67710547774163,376.502303667405,401.12886944187676,67220048
2020-03-20,418.10699462890625,433.14340788887984,390.4968305499615,414.38934181029646,88637464
2020-03-23,365.39666748046875,397.2217739590976,362.294673119177,376.31286067374276,50276954
2020-03-24,363.5733947753906,383.606154859156,349.86302086691546,376.62073413795537,61057272
2020-03-25,405.74639892578125,410.81379480726923,357.6772311510899,364.8757724018992,47228042
2020-03-26,426.74993896484375,444.08326913612314,398.2873248177175,412.0687177171039,57043156
2020-03-27,428.3365478515625,468.21265163955553,413.0159631623789,447.5168562753047,55235936
2020-03-30,393.85931396484375,420.0723877005265,392.13070689519276,416.75727302870723,39268444
2020-03-31,408.18536376953125,413.7263182768991,396.8666030278932,404.3492849888451,35211092
2020-04-01,392.912109375,409.10878816730605,388.3419757807446,409.10878816730605,29103504
2020-04-03,385.429443359375,399.70812797666855,383.6061417785563,399.2345401473123,34996280
2020-04-07,424.38201904296875,429.68620822188024,400.3474380216403,413.9157401505629,60412638
2020-04-08,420.97222900390625,447.5404944115309,410.1744034746511,416.73361219107665,56219352
2020-04-09,438.0923767089844,440.86288260703225,421.4931305509712,432.38564965509744,44457146
2020-04-13,424.0268249511719,448.3455758120512,419.6935139266889,442.33100497402285,34158056
2020-04-15,408.84832763671875,440.673432462969,399.2345014145974,440.673432462969,57978752
2020-04-16,416.6388854980469,421.8246779187658,405.50957170526016,409.6534651387446,53854396
2020-04-17,431.10699462890625,435.70080234780517,420.1908009598806,433.3328632046106,55883462
2020-04-20,447.4693908691406,455.0941712744574,442.804562918246,450.38196720347804,66232986
2020-04-21,436.4822082519531,442.3310060307355,430.0177232076101,438.0687158227306,33178006
2020-04-22,439.773681640625,441.85747981718634,429.6862658567686,435.29829942283277,38289354
2020-04-23,452.252685546875,453.93391649352765,432.1725508137539,442.8046029436081,40901222
2020-04-24,444.2490539550781,453.8865835478693,438.54232643857176,441.8574412172651,33284568
2020-04-27,440.29461669921875,453.41300553123114,438.6844064953877,447.6115545430124,27421072
2020-04-28,441.0997009277344,446.9721724701217,436.6479639199274,446.9721724701217,29441436
2020-04-29,462.7426452636719,470.1306325655098,442.3783690959177,442.80460969418954,55877778
2020-04-30,474.4402770996094,482.5859934672033,469.84646941798604,474.2508593129951,43793134
2020-05-04,437.12152099609375,454.64426885834234,434.5167882057595,453.46029940819045,26722324
2020-05-05,431.6516418457031,447.06692023148156,430.0414316301239,444.22539319611195,29672858
2020-05-06,448.2035217285156,449.9084263081122,428.9048181789834,435.22720397595276,33785846
2020-05-07,438.0687255859375,446.7353767542662,436.34011851196357,445.4093366633235,21831730
2020-05-08,439.9867858886719,447.0432564098975,438.16348422991985,446.11975432207817,20807484
2020-05-11,433.7117004394531,451.8027601380309,432.8592481825579,443.75176755695486,28550784
2020-05-12,426.9631042480469,430.680786073331,412.5423489795209,426.7026367214937,49568418
2020-05-13,439.32373046875,454.64428410530485,436.69529507686207,450.3819939418176,44346966
2020-05-14,423.24542236328125,431.43848551680225,421.4931417233304,425.28184412084346,39554890
2020-05-15,420.6170349121094,422.6297831519755,414.38934350185036,421.7299547295974,24349628
2020-05-18,396.2272644042969,420.5459875978959,393.6935522032802,420.5459875978959,46649964
2020-05-19,393.3857116699219,410.7426869335507,391.2308640881771,407.68803988874686,47460692
2020-05-20,405.912109375,409.1798768985452,394.11978998824173,396.13253822530055,40014306
2020-05-21,407.0724182128906,418.65164657168174,403.63890640560027,407.97224666252146,48478908
2020-05-22,397.2691345214844,412.16347736443464,394.52233092393,402.54965032024086,42047432
2020-05-26,403.686279296875,412.8501922779216,401.9576721489945,405.8647717604575,38005152
2020-05-27,427.9576721191406,430.8702200526852,405.9358370990581,407.2382036862673,56025754
2020-05-28,447.6589050292969,449.908447265625,432.83561144259414,435.7008120888158,75488806
2020-05-29,450.6898498535156,452.276357450958,437.33466786286783,447.0668915536171,53025166
2020-06-01,467.7389831542969,471.21984178011917,457.5331433561633,461.74808616644845,39190230
2020-06-02,474.0614318847656,475.9557832609285,461.84287128961654,467.28913149608485,41623594
2020-06-03,484.1251525878906,495.49126035224316,480.9047611690921,483.0595799849826,50546088
2020-06-04,474.3929138183594,492.03403078925146,469.3728657021748,486.87196992255116,54275882
2020-06-05,489.3819274902344,493.6679200813478,474.91382639752493,475.0558969523371,35195984
2020-06-08,481.117919921875,505.1525038860972,476.61883523891714,502.00313304582306,49812664
2020-06-09,467.5732116699219,486.2562554622076,463.9029063572049,483.05953793177673,61844146
2020-06-10,469.7280578613281,473.5167603419333,463.2636015970991,468.8519319748906,36497730
2020-06-11,458.7171325683594,468.0941941542392,457.0122280466569,466.4839840683493,30897714
2020-06-12,465.41839599609375,467.26539992093586,439.48946475133556,439.48946475133556,42644876
2020-06-15,449.8373718261719,461.27452905224675,446.5933068750192,458.43300217923496,32009936
2020-06-16,469.0413513183594,470.7225821650194,450.8555689093922,461.74808790615276,45399970
2020-06-17,463.7608642578125,473.0668763129085,460.9193373897534,468.37834541840857,36957838
2020-06-18,483.035888671875,485.38015409345786,460.32734758550146,464.11605003476484,40870126
2020-06-19,489.3819274902344,493.9520611909721,479.34188954345046,482.08869292333486,47877752
2020-06-22,487.2034606933594,495.34914792027973,484.85919524719657,492.2708271479766,29694474
2020-06-23,493.62054443359375,494.89920825875953,481.4256307312841,492.05768170416377,28830512
2020-06-24,488.97943115234375,500.81912682189204,487.81916410113365,496.5568363808547,39429246
2020-06-25,487.2034606933594,496.79361386861143,476.90292580142204,483.95939574936546,70646790
2020-06-26,500.32183837890625,503.4238617805108,486.8482877802117,493.0049295517514,39969138
2020-06-29,509.60418701171875,512.706152486314,491.11055987281685,491.11055987281685,46005956
2020-06-30,504.7735595703125,510.78815948972283,500.25083063697764,508.63331181340817,35746130
2020-07-01,513.6533203125,519.0522328366897,502.61875917329024,504.7735489934417,34846718
2020-07-02,515.9266357421875,526.2745191114437,513.9375320069659,516.3528763862364,36954496
2020-07-03,508.6096496582031,518.9575904554594,506.73900077042003,517.6315213477282,27597254
2020-07-06,522.3673706054688,530.3710164045095,520.9466071314738,524.7116072131548,35558216
2020-07-07,523.3855590820312,526.4875244282308,517.6551583698904,525.3983071949202,24349850
2020-07-08,525.8482055664062,532.7389312253459,523.314522382233,524.2616979883546,30056350
2020-07-09,532.7625732421875,535.0121152953822,524.3800922946875,529.4711611519176,20114484
2020-07-10,523.36181640625,530.4182855168448,520.7334390530152,529.4237627937017,17562978
2020-07-13,511.5932312011719,527.1032319619572,507.35464343064444,525.6351213147418,29922114
2020-07-14,501.4584655761719,506.21804642380647,497.26722481493465,503.2344199505109,26612674
2020-07-15,498.7590026855469,511.00123574238137,497.31453677243616,506.8336399817093,20974394
2020-07-16,503.2107849121094,504.60784592235433,489.7371761133544,498.9958415538396,23662456
2020-07-17,520.2125244140625,522.8409599731156,501.1980194464601,501.553210316007,28405738
2020-07-20,536.5987548828125,545.9994624639867,532.3838113117391,537.522228097427,65124096
2020-07-21,539.2034912109375,548.3910496179376,537.0486432832329,545.5969274404998,47512422
2020-07-22,533.425537109375,542.0211661158772,529.2579997017701,539.1796396880089,24718012
2020-07-23,535.3436889648438,541.7371246026141,528.6424096786076,532.7863031475329,20149122
2020-07-24,529.9921264648438,531.7917833346723,521.5385953018364,531.7917833346723,19598440
2020-07-27,511.2379455566406,522.3672570161876,509.2725449494565,520.8754441306864,37970094
2020-07-28,514.624267578125,518.2945735498025,501.766345418367,511.001308830975,35596450
2020-07-29,504.18157958984375,515.5003400046988,499.89564452262283,511.9484313689292,33592086
2020-07-30,497.5751037597656,513.2035033624112,495.7043969995043,508.6333688861004,26956266
2020-07-31,489.12152099609375,500.9138114020133,483.08324741798464,500.9138114020133,37726696
2020-08-03,474.53497314453125,486.3509655689854,470.27268296658633,485.87737777143593,31783542
2020-08-04,493.312744140625,502.50035903602105,475.0085640821371,477.3765030855376,60306168
2020-08-05,486.63519287109375,500.0140489319608,483.0595816667043,496.2963382556168,33221360
2020-08-06,492.8628234863281,499.63515246884197,486.0195025792882,491.11057166842573,33646888
2020-08-07,494.3546447753906,495.94115244366236,483.34372772806677,490.0923543054588,24836784
2020-08-10,497.5751037597656,503.8974902186321,494.33103843475357,494.4257328836954,22172854
2020-08-11,505.1524658203125,507.2125612998036,496.55683522207664,496.55683522207664,20136148
2020-08-12,503.7554016113281,504.8446768527731,496.3200950672666,504.3710889758005,20666432
2020-08-13,501.5532531738281,507.37834924554534,500.3455809897671,505.76813893713694,19892740
2020-08-14,489.90289306640625,504.7972645640739,486.51678643130293,504.7972645640739,20924512
2020-08-17,489.09783935546875,495.84646604229073,483.1543177737902,495.84646604229073,19561012
2020-08-18,500.34552001953125,502.78450879716246,484.006740615202,486.8482674681288,24040824
2020-08-19,505.1287536621094,506.6442693619533,500.2271313221259,504.3710247176938,17715624
2020-08-20,501.52947998046875,506.24165546400184,498.2143653819199,499.61142626690406,19216734
2020-08-21,514.150634765625,515.6424479794565,504.1815879057319,504.56048129086855,28924302
2020-08-24,529.0213012695312,531.8154231788657,514.1506320521144,514.3163762281067,36779740
2020-08-25,530.2762451171875,533.7334592375407,523.8828097137209,529.9447567762272,27601738
2020-08-26,529.6842651367188,535.983006159888,525.445677344286,530.8919371815633,25190062
2020-08-27,526.6769409179688,535.1068262437444,523.9064640600558,533.1651279730452,20645996
2020-08-28,527.8136596679688,532.7863321009106,518.5786965782196,526.6059875241332,38696610
2020-08-31,528.4529418945312,544.0576947927252,521.2780750696418,534.9174270102438,38501166
2020-09-01,533.8755493164062,541.5949957589843,524.7352816648081,534.2070376515376,28877884
2020-09-02,537.11962890625,539.4165182338052,530.7498381439231,532.3600482680174,19761682
2020-09-03,535.58056640625,542.7080295977889,534.2071499372918,538.587838001937,19833362
2020-09-04,530.0868530273438,532.9757270743686,523.0303831737506,525.6824633183799,23661370
2020-09-07,525.9192504882812,530.1815406768401,520.4729908029005,528.6660828453123,17615466
2020-09-08,526.8427734375,529.8501024928822,522.3673914403189,527.5768577194156,14624918
2020-09-09,519.2890014648438,525.6824365033987,516.8026656165168,521.4201464776954,15728872
2020-09-10,516.47119140625,523.2434621677486,513.369168233938,522.3673363118392,15188088
2020-09-11,510.83551025390625,523.2434879320994,507.2125518924717,519.265338707995,20794730
2020-09-14,501.03216552734375,518.1050280117313,498.3800855384798,515.2635013498754,21650590
2020-09-15,506.97576904296875,509.6515518289854,501.10326842319205,505.7917994749095,16505110
2020-09-16,517.9393920898438,519.0523120361113,505.9575957040182,506.83372171231315,18710112
2020-09-17,513.1797485351562,518.1050734094782,510.52766831390994,513.3691952247481,18318686
2020-09-18,500.7243957519531,517.2525634487629,495.94111280255106,517.1578690147392,23481778
2020-09-21,496.9356994628906,507.3782757200217,493.2416915148514,499.6351267865274,19842878
2020-09-22,490.35284423828125,501.1269672278319,487.5586645161511,499.185268712797,18620678
2020-09-23,495.96484375,499.63514934948677,489.8555493189743,495.37285897588924,16079828
2020-09-24,487.98492431640625,495.8464709371609,485.42753840553,491.5841803560392,19809510
2020-09-25,494.42559814453125,498.19059753473636,485.73527472018765,497.26712457064923,20321544
2020-09-28,499.25628662109375,501.5295314176484,493.7863816590977,496.7699504171819,16152422
2020-09-29,503.2107849121094,506.69164399047804,497.74082220966153,501.05593710544423,12644446
2020-09-30,510.811767578125,514.742569273699,498.2143442013941,502.00304643866707,18813842
2020-10-01,524.2379760742188,525.6824419445059,516.2580334501458,516.2580334501458,21203080
2020-10-05,527.7425537109375,536.1013899485746,526.156046142108,526.629633942416,16940126
2020-10-06,541.831787109375,543.6787910802993,533.3545539789349,537.5458522321513,19371990
2020-10-07,550.4274291992188,551.6587459363651,538.7534781835764,542.210692302306,21248778
2020-10-08,564.4219970703125,569.7261576245393,550.9483886643206,558.8336375702047,35060674
2020-10-09,584.1942749023438,585.8281297469175,564.350933803847,568.7789683314858,44972388
2020-10-12,574.7698364257812,588.5512296372209,570.9574315684628,583.247069481048,19220546
2020-10-13,567.5712890625,578.9373965283816,565.9374342386844,574.6514615247294,18353952
2020-10-14,573.7516479492188,575.0777169789134,556.7024863097868,566.1979452917092,22582918
2020-10-15,553.7426147460938,576.3564354466505,551.2562784387027,575.0303662916343,28246896
2020-10-16,567.9974975585938,569.9628984257118,555.5184710040381,558.8335854942584,25822848
2020-10-19,569.9866333007812,584.8809468387893,564.8008120814739,584.8809468387893,42359556
2020-10-20,579.6478271484375,581.2817399211143,571.0996011238872,571.8573301233379,27411978
2020-10-21,590.4219360351562,592.4583868682222,578.5822400545762,582.7971833858658,35640752
2020-10-22,584.075927734375,591.9848218296115,579.1979496780918,587.2252407376943,21913060
2020-10-23,585.2598266601562,591.250666084375,583.0812765302468,588.9064295975948,15866230
2020-10-26,573.4675903320312,588.1961622199397,570.4839634862169,582.4184130584521,19571976
2020-10-27,583.9811401367188,585.3545564024548,567.2871691713575,580.6186781144091,24317780
2020-10-28,572.851806640625,583.4601852065834,569.0157569202192,581.5658339559128,16571186
2020-10-29,562.243408203125,570.4127976829093,558.1232175029422,568.5894962307826,23060024
2020-10-30,560.514892578125,567.973900810896,557.1050255565358,560.0413047538221,11522716
2020-11-02,575.527587890625,580.1450690524712,557.6496480075795,565.6295910686702,21926080
2020-11-03,591.013916015625,592.3399850790447,580.3818922361537,580.8317775553417,28164230
2020-11-04,595.4893188476562,598.9938801743824,582.5130014005952,592.9319331329635,23404822
2020-11-05,601.07763671875,604.2980570121856,593.0976935312227,599.562178822435,21433928
2020-11-06,619.287109375,620.4000291628225,599.3253716836275,599.6805625400184,35705724
2020-11-09,634.8682250976562,637.4255532777373,622.8627266687505,622.8627266687505,26288440
2020-11-10,660.0156860351562,660.6550180387974,640.0776500995573,642.6586806298552,41517356
2020-11-11,658.2633056640625,670.0320081381958,649.0520465517408,662.9755387185547,36116194
2020-11-12,649.6204223632812,657.6004237819327,644.0794677139719,652.3199077601627,27053948
2020-11-13,643.5111083984375,648.2469862706338,637.9227493848422,648.2469862706338,22472480
2020-11-14,648.6731567382812,651.1594925740694,646.5420117361771,647.7733862084215,1835066
2020-11-17,667.0247802734375,668.9901814015474,653.8353702909427,656.2980617830259,31059900
2020-11-18,667.1431274414062,672.0211050279592,662.5730513057764,664.4437000382147,18862776
2020-11-19,650.8753662109375,662.7624081519232,647.8680953131696,658.14492720945,20266882
2020-11-20,664.7515869140625,667.0011291667048,646.4711077495306,650.070363791555,20405362
2020-11-23,660.4654541015625,674.223201145032,651.3488900588065,670.1266556103722,25246636
2020-11-24,681.114013671875,684.3344341333797,663.9938593712611,666.8116839168157,40154400
2020-11-25,664.3489990234375,693.5219963829492,661.6021666174429,687.3180076712156,24152602
2020-11-26,675.6441040039062,678.1777873875996,656.8663345716484,670.1267941015735,27943126
2020-11-27,682.3690185546875,684.8080074601961,670.3872810499112,678.0830833467495,17994580
2020-12-01,678.79345703125,686.2287628068216,675.0994488482569,682.3690104462229,17147574
2020-12-02,666.3143920898438,678.0830962284707,660.5603460504777,677.7042028299456,17892150
2020-12-03,652.2250366210938,678.1776688611315,650.7332814335067,676.7569055883777,37933222
2020-12-04,656.2032470703125,663.7096021718844,650.3781517907096,654.0247547427127,26912322
2020-12-07,649.8807983398438,653.527400937589,643.1795200285017,651.1831646691821,24316318
2020-12-08,651.7989501953125,657.7187980398132,646.5184343558151,651.1832628950788,19457896
2020-12-09,666.4327392578125,667.7825107573249,651.206937503077,652.1304106028376,22069074
2020-12-10,656.3215942382812,663.9700482247549,651.5383693617736,662.0756971599196,19727966
2020-12-11,654.8772583007812,660.6550065599108,650.2360745568154,658.3107699836195,21356384
2020-12-14,649.8335571289062,657.3399127257109,647.8681560581934,654.9719735588316,17222050
2020-12-15,658.9027099609375,660.6312591314887,646.9209158475564,653.9300382066189,21561436
2020-12-16,668.09033203125,670.9792640576541,660.4182322709024,664.9173166786283,16832092
2020-12-17,682.8189086914062,684.3343665170745,665.1540607427205,671.831637116775,21924478
2020-12-18,668.3981323242188,681.8243349393504,666.0065486123938,679.5984953959074,22995918
2020-12-21,650.0702514648438,674.3179216949129,647.2523696013045,671.3106509758467,23761824
2020-12-22,650.283447265625,655.8244596437975,636.9756406113383,655.8244596437975,22851558
2020-12-23,651.4910888671875,654.0010695985399,644.5767183346328,647.6313366151035,15467394
2020-12-24,661.6494750976562,664.9172423380148,652.130372293053,658.0028723203482,14952188
2020-12-28,669.1085205078125,672.9682726910083,664.9172799846416,665.3908677908984,11699194
2020-12-29,675.904541015625,679.48015232617,672.4947316976208,672.9920220532118,14495346
2020-12-30,678.4146118164062,681.9191735548343,669.1796485141934,681.9191735548343,16216726
2020-12-31,680.2141723632812,683.8607752565193,674.8863096751678,679.5984851060285,22145750
2021-01-01,674.8863525390625,683.3872308658292,672.7788520330828,681.9664673920958,8810938
2021-01-04,670.600341796875,681.0192736609507,662.5493489928165,681.0192736609507,15740192
2021-01-05,675.667724609375,677.5857784188031,667.2852432584963,672.1158159334071,14386824
2021-01-06,672.755126953125,681.9663859162719,669.2268633949402,679.5984470762849,22134050
2021-01-07,670.7186889648438,678.4618375541515,668.9664373148993,678.4144903386681,19894842
2021-01-08,678.0120239257812,682.9136463718647,673.962824881487,678.1777681029891,13768764
2021-01-11,687.3890991210938,693.7588907364336,680.2142890524208,686.7024198256761,17331392
2021-01-12,701.3836059570312,704.5566214281087,686.2761419775225,687.8626497130612,20388156
2021-01-13,696.4819946289062,708.9136758960336,692.432795320349,707.0193244648524,16934650
2021-01-14,695.5820922851562,704.6986575797872,689.5438477393617,696.7187145853906,12297166
2021-01-15,694.5875854492188,696.9555245413233,684.3343976182036,695.7478524799448,14165236
2021-01-18,702.3780517578125,711.731410769727,694.7532997710615,696.1267159476713,42825632
2021-01-19,712.205078125,715.8990864870037,694.7533773788126,706.4983792073738,17360254
2021-01-20,706.5930786132812,710.8553693019672,703.7515514874906,710.8553693019672,13346052
2021-01-21,698.4473266601562,707.7059336769149,695.2979561553767,706.5930138834698,26333054
2021-01-22,683.647705078125,695.1795566696569,682.0374949646825,695.1795566696569,15392364
2021-01-25,692.7879638671875,701.3835947711163,689.1413606041951,693.853536512856,20344718
2021-01-27,667.5693969726562,697.073942054867,665.9355420753217,695.2269379463488,23556276
2021-01-28,649.501953125,663.6385949413054,635.5548157983885,658.2396825593556,42704446
2021-01-29,658.5238037109375,667.1667806384634,646.2105215128186,658.926341759059,28704502
2021-02-01,699.370849609375,702.0939797162,663.496570375984,667.8772579391374,26370544
2021-02-02,739.0574340820312,747.5583116187343,709.1503541772746,710.8552586250999,42420206
2021-02-03,745.8060913085938,749.0738008830458,730.2723883286894,747.7951369461741,20237254
2021-02-04,747.842529296875,752.0574725376579,730.9591116288991,741.6385402984712,24484684
2021-02-05,756.6038818359375,766.3834817798823,733.1139377693545,733.1139377693545,27054716
2021-02-08,760.2268676757812,772.7295980086683,755.7040807536468,767.2122882010688,17447580
2021-02-09,763.3525390625,771.0009941477288,751.4417934690837,762.4764131313533,18421366
2021-02-10,749.0975952148438,764.7733417696696,742.112174301666,761.6950206892861,19788006
2021-02-11,744.6458129882812,756.698657949199,740.7860606113193,749.2159471102909,13648618
2021-02-12,749.1922607421875,754.1886355811185,744.9536726964518,745.3799133148704,9910106
2021-02-15,765.60205078125,769.5801999926454,756.1776416929837,757.7878518274786,10355244
2021-02-16,770.3616333007812,777.1576069056083,761.7423003535508,767.7805450141519,13897358
2021-02-17,751.3470458984375,768.0647183895073,749.6894885957936,767.2122372237433,12794426
2021-02-18,736.0975341796875,760.5582975853896,733.1139079415677,760.5582975853896,14720560
2021-02-19,728.89892578125,740.7859672547971,726.0100519443253,731.6931051885078,17139508
2021-02-22,733.1138916015625,745.3798268023176,729.0646929130805,731.7168307594127,29451838
2021-02-23,724.1868286132812,737.7077262268455,721.1085077743629,735.8370774568311,18239906
2021-02-24,760.795166015625,764.3470748323017,718.0775657714667,722.931841154258,14314332
2021-02-25,760.7714233398438,774.9080070475392,758.6876255402033,762.3579308447829,20109570
2021-02-26,726.6731567382812,752.4836927211386,720.3270684390092,751.6075668233725,27912846
2021-03-01,738.2760620117188,744.7405472981088,729.6567290261943,740.6913483244873,13536018
2021-03-02,742.680419921875,751.8206882642336,734.5347322820953,746.2323286853281,16110038
2021-03-03,751.5128173828125,755.8461574794367,741.1649351223799,750.1631036638017,11222410
2021-03-04,735.0319213867188,744.0063865017869,728.898925080001,733.3743641920935,16291438
2021-03-05,724.5894165039062,731.9773754629191,720.3744730417781,725.0630043578303,17445822
2021-03-08,719.61669921875,736.4290669859535,716.3015844477521,730.272425268386,15117050
2021-03-09,739.98095703125,741.4964149068451,728.496452578125,731.6931703125,15066696
2021-03-10,736.7842407226562,745.9008061309231,735.0793361565595,744.4800426906737,11055016
2021-03-12,734.984619140625,757.7405377905536,726.9810309590243,757.7405377905536,15631204
2021-03-15,723.9500122070312,733.303371388489,717.6276265503748,733.303371388489,12230386
2021-03-16,716.1358642578125,729.5147207460253,715.1176388389844,725.0156362632634,13722366
2021-03-17,708.1795654296875,728.8516862209648,705.7405764899419,721.8662655765469,21064428
2021-03-18,706.1194458007812,720.8243708649012,701.4546172951518,715.9463931517981,18065540
2021-03-19,709.1978149414062,715.6859454495183,698.0922028335087,703.2779667365531,21235020
2021-03-22,695.7715454101562,707.9664315664949,691.6276520560606,707.9664315664949,14015632
2021-03-23,710.4526977539062,713.9098537543666,695.7477745153468,696.1740150663642,19761428
2021-03-24,700.3416748046875,713.4363314696999,696.6476667715011,706.0720757291848,16368900
2021-03-25,693.024658203125,708.2742192275458,686.8206699198174,705.7404783853448,23964356
2021-03-26,706.2615966796875,709.9082000666299,698.0685036012092,707.5402607735458,12021258
2021-03-30,735.8133544921875,740.0046528436594,711.1157965428214,713.5310828024924,25607644
2021-03-31,707.37451171875,733.1140000952927,704.6987287737697,733.1140000952927,30774506
2021-04-01,704.106689453125,710.0975869218903,693.8061543963869,710.0975869218903,35763762
2021-04-05,686.512939453125,703.2779609945935,677.7042169584265,700.9100217319855,16006586
2021-04-06,682.0848388671875,692.6932173036304,678.4855830970582,691.4381980531808,15075734
2021-04-07,685.3762817382812,689.87536610547,673.228800195683,681.6349841449041,25088180
2021-04-08,678.5567016601562,691.8645088213298,677.467426469423,688.123153205223,17613592
2021-04-09,673.3234252929688,678.5565933792059,670.1740549980798,675.3361733552125,28157816
2021-04-12,647.418212890625,662.5493196905331,640.7642813018523,659.7077929441834,22549128
2021-04-13,663.1886596679688,666.0775336661652,644.5529914266166,647.8681060041231,18600682
2021-04-15,677.2779541015625,680.4036222634213,658.7606812378839,665.3909109555909,34444984
2021-04-16,676.5912475585938,684.3343968185246,674.1522587343736,679.5748161245511,15606526
2021-04-19,668.8953857421875,671.4053662659722,649.9045275050281,658.2870080077744,24069242
2021-04-20,658.9500122070312,675.5255835902201,655.421748754578,674.8625491726915,23186270
2021-04-22,673.6787719726562,675.7152230193724,649.3126982127112,653.5512866940356,38485312
2021-04-23,669.7241821289062,679.4090292715103,663.1175977980581,667.285193457898,22713528
2021-04-26,665.2962036132812,676.7570059215569,664.3253254418922,669.179600676809,30170952
2021-04-27,681.3508911132812,682.9137543134425,665.2963074930112,666.4565747278723,20592906
2021-04-28,699.3944702148438,700.4363402266798,677.7041263450838,680.1904622383832,24103940
2021-04-29,697.3580322265625,712.1103036895167,691.9117725521276,703.8461619317026,24078552
2021-04-30,668.8480834960938,688.5019775026257,666.5748388962347,684.3343816732215,35232902
2021-05-03,669.8662719726562,673.394535934582,652.2725306270976,659.7078363110799,22473700
2021-05-04,657.5055541992188,673.9153816245907,655.113970700858,667.7350382400332,21486328
2021-05-05,664.2542114257812,667.5693258995556,654.3562152204534,663.4964825368345,14421612
2021-05-06,663.44921875,668.1377499432683,660.6550389228186,666.6222341637894,11477044
2021-05-07,670.00830078125,674.838872933729,667.877155806155,669.1558196668091,12048334
2021-05-10,672.4237060546875,677.230634357259,669.0849463551311,675.8098707886772,11060050
2021-05-11,664.7042846679688,674.4838280318311,660.678787732968,661.1286730895307,14519034
2021-05-12,662.7861938476562,667.09583170597,657.7424716999027,662.9045908097584,13774926
2021-05-14,656.7952880859375,662.5020447148758,654.6641427937886,660.3471969061856,10604142
2021-05-17,682.0848388671875,683.1977586511666,654.1668607756777,660.726040338843,15120692
2021-05-18,699.3471069335938,702.2123363536926,689.0702744188992,690.9409231735007,22165280
2021-05-19,690.585693359375,700.3652928007363,687.9099685903982,696.2687468484748,10130916
2021-05-20,678.5567016601562,694.232448095952,676.5202507595741,690.6568366668654,10684184
2021-05-21,709.10302734375,711.2815196347564,683.3871869956029,683.3871869956029,19341646
2021-05-24,715.0938720703125,720.066543946563,709.6713149106149,711.9208569498711,22146102
2021-05-25,700.4127197265625,716.8935998449266,696.410925563643,715.3544393498013,19236974
2021-05-26,699.512939453125,704.225115318239,696.1741220698126,700.9100004512399,12283990
2021-05-27,702.1649780273438,705.1722490585071,692.5984695791637,697.6421913176409,20439496
2021-05-28,712.015625,716.5384120604125,700.3180283108625,706.0721322104973,17750020
2021-05-31,717.8880615234375,719.6166685711843,704.461858834904,710.3817063881385,15661054
2021-06-01,715.9226684570312,723.168585066384,713.8152258292779,719.9955698673149,11030162
2021-06-02,712.2760009765625,715.2122220051217,707.0665355438882,715.1175275762031,10624016
2021-06-03,720.114013671875,722.1977539203226,704.5803093860752,714.1704631518745,10287260
2021-06-04,710.8316040039062,720.1613185961918,710.002825332082,717.9591237059993,9424476
2021-06-07,710.3106689453125,717.0119480537238,708.4873674295712,715.1175968039121,8091668
2021-06-08,702.3544921875,710.9974705499297,701.6204078871059,708.7479282364206,9872540
2021-06-09,701.0520629882812,711.3288954100806,697.1449635294709,702.7569675535597,10223442
2021-06-10,701.4072875976562,705.1722877692647,697.9027260492259,701.9045201388227,11483540
2021-06-11,703.9172973632812,708.7479281753265,701.4073164160874,706.1194924532565,7205974
2021-06-14,700.6494750976562,703.7514984338662,692.645887212192,700.0811928397461,8881964
2021-06-15,705.7642211914062,708.4873510500545,698.447312782573,703.751473035014,7569602
2021-06-16,703.0885009765625,707.5402382681639,700.0101799934681,704.6987112068459,7702098
2021-06-17,694.3270874023438,700.3179848535726,691.4382132789289,694.2797401828149,9283802
2021-06-18,700.8152465820312,705.6458189970701,689.0702460676088,695.9372691383855,11938060
2021-06-21,705.0300903320312,706.498258668373,690.9645566822982,692.0774763800032,7260472
2021-06-22,702.7096557617188,714.17045829429,700.909998856465,708.960992086573,14366824
2021-06-23,703.5147094726562,709.3398628067645,700.2469419391567,705.645854671328,7844868
2021-06-24,713.3416748046875,716.7514840843272,704.6986968360997,705.6458725038901,14785024
2021-06-25,717.532958984375,720.8007267981603,713.6969088599393,715.6386075341827,10383176
2021-06-28,714.336181640625,721.2742548134761,712.749673994932,719.8534913437187,9356786
2021-06-29,714.4312744140625,717.3563983620929,709.722451918842,716.785656631066,10971692
2021-06-30,712.4574584960938,717.7370233979096,710.6500126812062,712.5050106362283,9679022
2021-07-01,707.1541137695312,714.4075862665787,705.3704729915687,714.4075862665787,16911442
2021-07-02,704.1337280273438,708.3431080594358,702.5165490037177,706.3216487952071,14827036
2021-07-05,711.2921752929688,715.5967184924388,706.1077722693227,708.6761686783403,7373882
2021-07-06,729.9608764648438,732.4817785375456,711.5537277221872,712.029365240718,17669032
2021-07-07,732.2439575195312,735.0264253821098,726.6314115936917,729.627951175681,9629190
2021-07-08,723.1829833984375,731.3877299302179,719.853521037715,725.3471571573934,8420922
2021-07-09,714.4075927734375,721.0665184051472,712.2672238203879,719.4255920989655,10695842
2021-07-12,707.27294921875,714.4075115847763,705.8460367455447,714.4075115847763,14458978
2021-07-13,714.336181640625,716.3576410548972,705.8936158516059,711.601265962492,18178142
2021-07-14,713.052001953125,716.95220640485,709.2230966806467,712.2671884304233,9788494
2021-07-15,723.3019409179688,726.1795710886405,713.2898061320276,715.8344552077314,10438802
2021-07-16,724.0867309570312,727.701564317052,722.3982526817174,726.7502893243508,5170628
2021-07-19,699.6627807617188,708.1528987460736,697.2845931996463,707.2729809603507,25111600
2021-07-20,686.4161987304688,691.5768534593777,683.0867365748871,685.8692040498094,24174250
2021-07-22,689.0560302734375,698.4736760969855,687.2961947294137,692.5757594227039,13207114
2021-07-23,686.2260131835938,693.217861311592,682.6825369811414,690.3878413695973,13126684
2021-07-26,682.3257446289062,686.8204954222465,679.2578481609638,680.1615709513936,13167166
2021-07-27,684.799072265625,689.6268043734378,683.0629838249257,683.0629838249257,22401430
2021-07-28,674.1210327148438,684.2996284750666,667.7950309210904,682.5635980986397,20670342
2021-07-29,674.5728149414062,680.1377498941217,672.2184327832294,679.3291894518339,13702230
2021-07-30,678.47314453125,680.994046713365,669.6738500565182,674.9296680888878,11655488
2021-08-02,676.665771484375,682.5398836091144,673.6216795549884,682.5398836091144,13258786
2021-08-03,682.3970947265625,684.8704445513364,670.6488717578449,670.6488717578449,12033120
2021-08-04,696.9517211914062,701.3275634015005,684.9180680218112,685.3937055690486,22053948
2021-08-05,706.2503662109375,716.8095540851317,693.1941393958622,697.8078001562104,18822408
2021-08-06,709.9603271484375,713.4562511669117,701.0896761466853,705.632037503602,13339270
2021-08-09,715.3112182617188,716.9521443443277,702.0409209486176,709.6511206336975,10998048
2021-08-10,717.0949096679688,722.8501119757157,708.224258418714,708.224258418714,14838346
2021-08-11,711.0543212890625,722.4220701727036,709.19938132137,720.5433251033847,12585786
2021-08-12,714.1221923828125,717.0711218163615,708.3669899366287,712.0293756584126,8597674
2021-08-13,725.91796875,728.2010520986385,713.9319263227017,714.027030603386,16658428
2021-08-16,728.0107421875,730.1035587891065,723.6586474723767,725.8941785477451,6252778
2021-08-17,720.4243774414062,724.8715766174648,715.9771782653477,721.6372182742111,8282666
2021-08-18,719.6395263671875,744.5391374947473,717.4278004141593,740.4248615711514,22985932
2021-08-20,720.4719848632812,722.8739777352771,706.8212102890742,706.8212102890742,13150406
2021-08-23,725.156982421875,729.2237066164494,717.5705868776091,727.6540795087693,10843054
2021-08-24,741.4475708007812,744.1349345255663,726.5125403684006,727.7254393250985,18381314
2021-08-25,740.7578735351562,744.2776027396884,736.2868693056814,738.2369714945701,7727974
2021-08-26,739.521240234375,747.2265448434088,734.122707926727,737.2381569110653,11119002
2021-08-27,736.5009155273438,741.3524532058019,734.978898644625,738.1894519957664,6382138
2021-08-30,745.91845703125,746.7508225978399,737.9990815997371,739.9016314662284,9049166
2021-08-31,752.1731567382812,753.100626642032,743.040881869667,743.6592338463132,12062576
2021-09-01,751.0791625976562,760.0687229354822,748.8912417158429,749.1290604651969,12422558
2021-09-02,755.7880249023438,757.2149374729586,747.3454588595391,748.701014189379,9618524
2021-09-03,749.6285400390625,760.0687604261853,745.9423492422521,754.4086623001291,10735334
2021-09-06,744.7056274414062,751.959099481168,742.9219867758911,751.4834619703639,7876896
2021-09-07,746.3941650390625,752.4585433116437,739.7114347769459,743.1836118359313,7245496
2021-09-08,749.794921875,751.7450238964017,744.6580139570113,747.6783002895594,6724080
2021-09-09,746.0850219726562,751.2456775887658,742.47018833739,748.6534762607636,8250948
2021-09-13,739.8779296875,753.4097932161694,738.9742068333936,742.9457683103893,8959164
2021-09-14,736.5484008789062,744.1347950278273,735.6208730090664,741.9944264898758,9758506
2021-09-15,735.7161254882812,739.521225577569,730.1035796320939,730.1035796320939,14822998
2021-09-16,741.9706420898438,744.0397115165498,730.721862464464,731.4115135658899,10260550
2021-09-17,752.5298461914062,755.7879512981008,741.6139312525427,746.2752017537572,20498102
2021-09-20,741.9231567382812,752.3158246968031,741.04323895895,743.8970640127071,8781610
2021-09-21,738.16552734375,746.1087077035227,727.2258658449457,742.9457070057563,14774996
2021-09-22,729.4851684570312,737.3094397175464,727.725333033006,736.7624450118473,10582202
2021-09-23,746.7508544921875,747.7021294660628,733.4330048579319,733.4330048579319,13664304
2021-09-24,761.75732421875,764.8013580210053,749.1291243270337,751.0316744840547,20806702
2021-09-27,772.9585571289062,777.9051991730677,764.82516678098,768.4875526262753,16415462
2021-09-28,768.1784057617188,776.2404385627441,752.4585623812875,776.2404385627441,12773790
2021-09-29,758.0948486328125,764.1592270047574,753.9568254387971,759.5931184310665,16263036
2021-09-30,758.6180419921875,764.0403213516778,752.9817489724259,754.361109397566,15975348
2021-10-01,752.7914428710938,755.7879823250635,744.4915917774107,752.9341573446038,11128596
2021-10-04,754.2421875,761.6621211029538,753.2195552330974,755.7880094198329,7051028
2021-10-05,758.8558349609375,759.8309150717456,749.7236180793985,757.2149087913734,10257178
2021-10-06,768.1070556640625,773.7909008998,754.8367570191563,759.1174947716279,18600830
2021-10-07,766.0142211914062,774.19516325999,764.3494898817696,773.6719736034911,11265724
2021-10-08,762.2803955078125,771.4839688507248,761.0913018443557,766.7275941968978,7245562
2021-10-11,777.0965576171875,782.4236743028476,760.5443496718865,760.9724350269096,13080848
2021-10-12,775.098876953125,780.7827800509983,772.9109560129631,772.9109560129631,8176946
2021-10-13,779.7601318359375,783.8506027379818,775.2891277080766,778.6185902197064,6225644
2021-10-14,802.5907592773438,803.827405211579,779.094254281992,779.094254281992,14757288
2021-10-18,794.457275390625,820.4746213174824,792.9114536403167,810.9618720848159,28856456
2021-10-19,803.208984375,804.9926249141711,794.7902242545991,796.9067878032625,8987540
2021-10-20,796.1458129882812,807.9891982795003,791.6748089028501,803.3992848197823,10908568
2021-10-21,797.3111572265625,799.998462628159,789.962523081634,795.1707884960194,9738190
2021-10-22,799.427734375,812.3888563513312,794.6713593378141,799.1185583853392,12175554
2021-10-25,788.1312866210938,803.8273231078144,767.5837711720544,803.8273231078144,16426766
2021-10-26,786.1099243164062,796.1458645438692,783.0658325252933,784.8019211145486,12090656
2021-10-27,781.3773803710938,791.9603157232438,778.7613738795511,786.109950708577,13249642
2021-10-28,757.9759521484375,784.8019203094409,754.9081133208074,784.8019203094409,17797750
2021-10-29,752.86279296875,761.9712625572553,741.9944878834696,756.2636126504593,12406874
2021-11-01,763.5409545898438,766.2520653021783,753.1958382519653,753.8854894500015,8122320
2021-11-02,764.2305908203125,771.4840630530865,761.043842637615,763.873862677717,13237722
2021-11-03,752.1968383789062,765.7287589613844,749.3906238120624,763.4456759274227,10207338
2021-11-04,758.142333984375,759.9973317587402,756.3111413083693,758.6417765602017,1096808
2021-11-08,761.1389770507812,763.2555408894857,746.9649550660273,757.2625194688669,18943580
2021-11-09,747.8211059570312,758.4515931319643,746.2990890867115,758.4515931319643,12695476
2021-11-10,739.7351684570312,746.2751836097618,737.2380717623523,745.7995461441087,13714126
2021-11-11,736.4295654296875,739.5687613215156,730.3889343351215,737.2619310557671,7999404
2021-11-12,738.6650390625,741.5426691680743,734.8837441539887,737.2381265594817,14914092
2021-11-15,740.6864624023438,747.6307579669023,739.330907202677,742.9932925577368,9533594
2021-11-16,736.2868041992188,740.6626457025319,733.2427127763331,739.6162664921093,8245406
2021-11-17,728.1058959960938,734.3842876661621,727.0119065399798,731.007273085122,7598878
2021-11-18,732.1963500976562,734.1464521581363,725.4660681271121,725.84660133652,9152874
2021-11-22,720.7572021484375,738.5222493898997,713.0043465081801,735.3355016821271,15261272
2021-11-23,720.8524169921875,726.6789762107248,711.7201424006887,714.4075058157676,11235214
2021-11-24,722.04150390625,730.7456350037625,720.1389539752681,724.8715237040991,30802286
2021-11-25,725.7990112304688,729.294993262682,716.7857039376246,720.4956996177941,10251652
2021-11-26,708.6524047851562,716.6430808721778,706.3217691534823,713.4563324782649,18624936
2021-11-29,714.05078125,717.0948727956322,695.3820097835137,710.9829426666183,12990996
2021-11-30,710.388427734375,727.2497542737889,707.058965157582,711.0780789007943,25221542
2021-12-01,715.6680297851562,716.8095714832115,708.2718428796858,711.0781159528814,8677634
2021-12-02,725.7039184570312,727.15463606218,713.4562527842353,715.596621542588,11203110
2021-12-03,719.901123046875,730.5553560310378,716.809479461367,725.7276821118706,8124694
2021-12-06,715.2637329101562,722.3982957810733,712.1958360389292,719.6395749131635,7029532
2021-12-07,725.6801147460938,728.6766542380091,718.165077039117,720.0913740885894,12427534
2021-12-08,739.045654296875,739.6402012391072,729.6280075074261,730.5792826149977,15295534
2021-12-09,726.2271118164062,739.4736046987022,723.9202815328325,734.9550484079257,11747744
2021-12-10,724.1819458007812,726.7741471193556,717.4754101669981,725.2996823860045,7779384
2021-12-13,718.7596435546875,731.3640377223576,716.8808405306988,725.8228490514963,10322142
2021-12-14,714.6215209960938,721.0664321863622,712.0531250085195,714.6453260949929,9191100
2021-12-15,713.456298828125,724.5624236009718,711.387287173768,714.8832114257813,10115148
2021-12-16,713.5038452148438,721.5421310623909,710.6024679019197,719.5444766662719,13210432
2021-12-17,700.637939453125,716.3101740201104,698.0932320273793,712.0294359283567,14994768
2021-12-20,678.0926513671875,693.4795137394923,672.599014710812,690.6256885800706,21156668
2021-12-21,685.774169921875,690.0311023174055,680.1616242039565,684.6801804486681,9118750
2021-12-22,687.3912963867188,692.5282046456658,682.872740106407,690.7683691083477,8577484
2021-12-23,686.8681030273438,693.3843716225142,683.4197311478777,691.220197770224,9779166
2021-12-24,684.3948364257812,690.6256763008242,679.2103758660999,687.5340324330864,5561024
2021-12-27,690.054931640625,691.5769484677854,676.4279051909655,679.6384584249116,4705098
2021-12-28,694.8112182617188,697.7125951282051,691.2914894785592,694.7636080671955,5450678
2021-12-29,691.505615234375,694.9064352050838,688.4377763732563,692.5520526429435,7668702
2021-12-30,695.1442260742188,697.6888751595437,687.2962071004079,693.7173135335258,7215918
2021-12-31,703.6581420898438,706.2265962494574,695.1442190705774,695.1442190705774,6325736
2022-01-03,722.8026123046875,724.3959864801699,704.18139066572,706.3217596343088,9069184
2022-01-04,727.0357666015625,729.1047782359835,717.166287896205,722.9690425129386,8857352
2022-01-05,744.3013305664062,747.7021503050373,726.8216524342752,730.9597335226943,14332638
2022-01-06,732.3628540039062,739.4974166342414,727.7491933941105,733.9086759071455,9628930
2022-01-07,737.4998168945312,745.20512188097,730.5317152643793,734.3843677575986,11179384
2022-01-10,741.5902709960938,747.7022016813078,735.0978070600898,741.0432762210418,8856496
2022-01-11,744.8008422851562,746.1325925725578,736.191814344952,742.7318305795472,8389198
2022-01-12,740.4011840820312,749.9139348284391,738.1894579212469,745.7996585183731,21085530
2022-01-13,726.7741088867188,739.6163215437484,723.1592754547615,739.6163215437484,41963896
2022-01-14,734.9312744140625,736.6197526556398,722.4933425207672,727.7253548760855,11208968
2022-01-17,723.6824951171875,740.0919897485006,722.5647585444003,727.7254140843227,22989372
2022-01-18,727.36865234375,737.6662159084163,724.3959179463994,729.1522929821604,12341152
2022-01-19,722.2317504882812,732.3628526288228,719.8060108107658,729.6279369589961,14317626
2022-01-20,717.7369995117188,727.0119309169397,713.5038140786304,726.9881258170541,15197846
2022-01-21,723.7300415039062,727.6303040191038,706.6070907204011,713.4562826460474,11537694
2022-01-24,707.1065673828125,723.5636148158452,698.0219018920284,718.1888873366842,11868508
2022-01-25,707.7724609375,711.0781185988046,686.8206041850661,693.7887057220415,13594248
2022-01-27,701.5415649414062,706.3217454329671,682.5398684823622,689.6744315675436,28617838
2022-01-28,695.9765625,707.1302385002696,694.4307406458227,702.7543967837006,24925208
2022-01-31,706.6546630859375,709.4371891168743,697.6651601162798,700.4951802272873,12842546
2022-02-01,712.029296875,721.5420463322478,700.8280111646047,717.4991278129174,14739484
2022-02-02,728.296142578125,730.1035883666477,716.1198337589774,719.1401203787386,13969290
2022-02-03,720.7572021484375,732.4578718695587,717.736915936824,727.1307556251952,10564762
2022-02-04,724.87158203125,729.0809624800141,720.1627589609288,726.9643987359728,11579958
2022-02-07,698.3072509765625,722.4934077542481,694.4307934965123,719.211497186438,12268042
2022-02-08,695.3106689453125,703.2062398464973,687.0821750180488,702.23121780657,13981130
2022-02-09,712.314697265625,713.3135243877856,697.7602016051236,701.0896640531371,11308342
2022-02-10,725.3946533203125,730.3412943439366,714.2409784970176,720.1150893107914,14314530
2022-02-11,722.4219970703125,725.3471792743838,713.2184231619269,713.5751512828815,10711104
2022-02-14,700.947021484375,713.1946881745109,698.8542627513499,708.6999366331057,14656620
2022-02-15,721.9226684570312,725.2996833180713,700.6378889247106,702.0409964179948,13135066
2022-02-16,720.947509765625,729.9846218788012,716.7856818187674,729.7943552747017,10032264
2022-02-17,716.5479125976562,723.9202940415751,714.4075437913573,719.6871085679842,7351208
2022-02-18,719.330322265625,721.5420481321954,708.9138499717109,712.6476505919669,7796128
2022-02-21,723.9677734375,728.058244021846,711.3396335859223,715.3587469383176,7468066
2022-02-22,718.5455932617188,723.9678727153232,707.7248394554956,708.6048153348694,9536196
2022-02-23,713.88427734375,725.6800515483579,711.3871806716929,725.3946806837941,9029562
2022-02-24,675.119873046875,701.5415010977686,669.2933137242217,689.6268166665427,23630766
2022-02-25,692.5757446289062,697.2370153028564,681.5171728738023,684.8941874749454,18318654
2022-02-28,678.3779907226562,684.2283552518861,672.5752363928466,678.2590813465437,24880832
2022-03-02,653.6448974609375,665.1315558068055,644.2035037869538,659.4714573982826,38505560
2022-03-03,652.0990600585938,662.0874482870623,648.2464076398575,656.8554354054835,17527922
2022-03-04,649.9586791992188,659.2336109550803,635.8798200435912,646.8670352805982,21219364
2022-03-07,630.1245727539062,633.7156009825043,616.9256323482289,627.1280333292115,27054458
2022-03-08,631.551513671875,634.5004430311901,614.5236674634915,619.3751468768733,39212492
2022-03-09,652.1703491210938,653.8588273559873,627.2944854329724,632.5978550025679,23134694
2022-03-10,662.4202880859375,678.734676699917,656.4986247477649,678.734676699917,22273206
2022-03-11,664.3704833984375,670.149432575976,652.9075731964616,660.1848501728542,15150780
2022-03-14,686.130859375,689.6743353216494,673.0270237794027,673.0270237794027,25018126
2022-03-15,677.3078002929688,689.436556548215,671.4812409154484,686.5827315469807,18867928
2022-03-16,688.79443359375,692.0525387446689,683.1105308271242,688.2474388752825,13364108
2022-03-17,703.9673461914062,708.6048120871039,699.4487896776494,700.1384408684183,14823954
2022-03-21,707.03515625,710.4359760473683,700.5189456092843,707.2729750042046,12257876
2022-03-22,710.6737670898438,712.5049598135698,693.0989270027054,704.561836957358,10461814
2022-03-23,703.5867309570312,722.398216212513,700.8993676260746,716.7856708144304,31188256
2022-03-24,686.1784057617188,699.0206174152978,682.3257538778879,697.2845290424785,20160044
2022-03-25,680.5896606445312,690.6255995491529,674.929563195763,690.1499620838986,16366462
2022-03-28,681.493408203125,683.9666998878296,666.6534839112492,680.589685374062,15754886
2022-03-29,690.5305786132812,694.5496924552175,680.16165739494,685.3936701441318,12377448
2022-03-30,702.4927978515625,705.2515186367268,691.6007453109708,700.1384153992661,20109742
2022-03-31,699.3536376953125,706.1790247075883,697.2370738898979,699.6628137051833,14295714
2022-04-01,716.3101196289062,718.2126697474425,699.3298830454588,702.2312603639822,14568556
2022-04-04,788.0361938476562,819.0952862089551,743.2073617126769,751.5072124484601,97450970
2022-04-05,764.9440307617188,792.7450201895066,761.9712963036054,792.7450201895066,30922582
2022-04-06,737.6424560546875,756.1685727920734,735.9777246900588,755.1696875243184,27027860
2022-04-07,721.4232177734375,733.1238893042467,719.9725000942207,733.1001422646726,40781732
2022-04-08,720.4243774414062,725.7039422730295,712.1720781256234,719.211478547381,41256322
2022-04-11,711.625,718.2125672329068,710.2456397487008,716.3100173859323,20799066
2022-04-12,710.3646240234375,716.7143731950656,704.0148748518094,705.8460676603825,27435402
2022-04-13,696.78515625,714.5502639320367,695.691224799288,708.6998992573039,28892520
2022-04-18,663.728271484375,680.946382402984,661.1598756448884,674.858199679933,45620376
2022-04-19,638.400634765625,660.9221170332797,631.1709679279387,656.8078410106541,74096022
2022-04-20,644.1558837890625,646.8194421533099,635.142518406885,644.2271829644586,49325736
2022-04-21,653.6924438476562,656.2847032867525,643.68030843123,649.2452444448392,52446270
2022-04-22,644.7742309570312,654.1680722750773,641.7063920801837,646.8670477236759,20659148
2022-04-25,649.6018676757812,651.9325028659932,628.9116379529942,642.1105776037376,20935488
2022-04-26,652.5985107421875,657.3072759446977,645.5114997756818,652.5747056406705,17016842
2022-04-27,652.8363037109375,655.9041425017765,645.0120316413157,646.8670295884091,18054334
2022-04-28,652.2655029296875,655.9041415782432,647.8658558596376,652.5746789306378,20773722
2022-04-29,658.5676879882812,668.1517954743881,652.3606532888389,656.5462285607915,28401476
2022-05-02,667.65234375,668.9603468911126,647.8420880799416,647.8420880799416,19494316
2022-05-04,644.9644165039062,667.6047487158417,642.1105916521191,665.8924654170124,29055916
2022-05-05,643.5137939453125,654.001625047842,640.4459550013958,654.001625047842,17862912
2022-05-06,626.7000122070312,634.976117030004,624.5120911313822,632.5979293257718,26731268
2022-05-09,627.7700805664062,630.9330812402754,616.1883202011134,618.3286887390562,32762434
2022-05-10,637.8536987304688,643.537543685614,625.4871236116026,625.4871236116026,20113812
2022-05-11,641.4447631835938,644.4888549965599,631.9558176573953,643.5375799338344,17102924
2022-05-12,626.985595703125,638.4133285913138,622.1498368180273,635.6706374563736,22382290
2022-05-13,621.35595703125,634.1790892090257,619.262889083472,630.353829122959,16768238
2022-05-16,627.9719848632812,631.292053906236,618.4448991695826,625.0368734940553,9804356
2022-05-17,632.2544555664062,633.6979588896172,624.6519812363082,631.580808934981,16641444
2022-05-18,632.2063598632812,641.5410265716883,630.3297937681616,637.0902245927911,15732384
2022-05-19,619.2869262695312,623.7858326225379,615.076708796021,618.8778867259274,20537506
2022-05-20,635.5985107421875,637.1623059170763,621.837124950426,626.9615731938593,13919350
2022-05-23,627.4427490234375,639.9290287015857,625.0850152898169,632.2544265466233,19486320
2022-05-24,634.63623046875,637.5473190805823,624.0265159854545,625.5181243809486,12870796
2022-05-25,639.375732421875,642.8160348600121,636.6811460213428,639.9531102298189,12887112
2022-05-26,657.6119384765625,659.6809832899339,644.7647830842534,645.7993054909392,26992428
2022-05-27,669.8095703125,671.0846178237094,659.5606740424182,660.0659236596756,24031718
2022-05-30,674.3806762695312,683.4987815396562,672.8890092715018,678.5668121550864,12624674
2022-05-31,668.3179321289062,675.944488061126,664.0115042012508,671.662083279525,13485388
2022-06-01,671.1569213867188,673.8514494290768,663.6026101139161,664.0115910132935,12091896
2022-06-02,666.4654541015625,667.860852355906,663.3378636546508,667.4999765351084,11475020
2022-06-03,664.1558837890625,673.995741003826,662.231212745682,672.8169034842749,6957244
2022-06-06,663.2655639648438,667.3795711169295,654.7008145160033,662.2311004434918,6173266
2022-06-07,655.63916015625,661.2688580365657,651.5492343077399,655.3504712553794,10253966
2022-06-08,657.9487915039062,664.4926611407994,652.9446351687653,660.7876929692908,5986588
2022-06-09,662.90478515625,664.9979118561328,653.016823143348,655.4707669191479,7311816
2022-06-10,650.1057739257812,658.2134392480132,646.4970155862447,654.4362839332251,9155430
2022-06-13,638.3170776367188,639.9530596115558,629.5117437124109,636.8735744947378,10892572
2022-06-14,631.2921142578125,638.0284630380025,627.9239398677174,630.9312384303023,11870356
2022-06-15,629.1027221679688,633.1205196838177,624.7481894734992,626.3119845887259,11810470
2022-06-16,616.520263671875,635.4060979237764,614.9323865969412,630.3297546494468,12169192
2022-06-17,620.5860595703125,625.0368609279597,611.8528538077786,613.4888357837941,14723922
2022-06-20,636.1759643554688,637.547280721459,622.703267102487,627.7795517185277,15936840
2022-06-21,643.104736328125,651.5010895040998,637.0901398592911,643.2731332819936,13220684
2022-06-22,640.0734252929688,643.2972258536737,636.6811690239211,641.0357608318419,8159698
2022-06-23,642.43115234375,648.6141463686242,634.419697319756,640.193710492177,15372244
2022-06-24,651.4049682617188,655.1821236118307,644.0671595693715,644.0671595693715,8013432
2022-06-27,652.5838012695312,662.0868649193548,650.5388382056451,659.1998582409274,9804164
2022-06-28,647.6036987304688,650.0576425546589,643.9949405371601,646.6894682409041,9770574
2022-06-29,646.6654052734375,649.9373696255954,640.5545980485462,640.5545980485462,9994046
2022-06-30,648.6141967773438,651.5012035879254,642.8401831561805,642.8401831561805,12475822
2022-07-01,651.380859375,654.3881578947369,639.9772068826776,646.6653918015329,11472452
2022-07-04,652.295166015625,654.4844443517716,645.8475054894046,651.356853526157,8487480
2022-07-05,650.8274536132812,663.6986902674247,648.7584676358872,656.3127774299695,14325718
2022-07-06,659.80126953125,660.835791929005,648.18105675633,648.6141194735643,15049078
2022-07-07,671.614013671875,672.6725592978516,661.3410345361891,664.0115392210553,17743142
2022-07-08,672.2394409179688,678.4465165399553,671.1087084709948,678.4465165399553,12474030
2022-07-11,676.5940551757812,678.3984342696596,670.3869793455802,670.7478551643559,7462880
2022-07-12,669.6892700195312,676.1609524926532,668.5344557204256,676.1609524926532,9876974
2022-07-13,653.3535766601562,670.8440115296884,651.6213846159309,668.8231306008078,15945610
2022-07-14,650.0817260742188,660.4749379498609,649.215600611124,655.350489555198,10372410
2022-07-15,655.37451171875,656.745827963444,648.0367040425124,651.0199203901375,13595646
2022-07-18,648.3976440429688,657.3232708257327,645.7512213402739,648.6141460423058,20332220
2022-07-19,648.6382446289062,653.6905062823398,643.3213172038678,643.3213172038678,15792538
2022-07-20,656.8179931640625,659.7290225107647,652.1025262039135,654.3399677588443,20347862
2022-07-21,654.7490234375,658.9592412990309,653.473917137891,654.6528133808986,12640278
2022-07-22,670.026123046875,672.19137802261,655.5429848453301,657.275177078658,12729592
2022-07-25,671.998779296875,675.8481207893232,665.5992843074539,671.2289227456433,10143126
2022-07-26,670.6275634765625,674.5971974845852,667.0428871698978,671.710190933296,8527964
2022-07-27,675.7520141601562,676.5218708292028,666.0564720450384,668.2939138771885,9212778
2022-07-28,681.7425537109375,685.182915066855,678.9277339602053,680.8764869533358,17420406
2022-07-29,690.0907592773438,692.2079091114783,680.9967358477592,691.9192202105274,20019736
2022-08-01,695.8406982421875,696.9473487376716,688.0939098286271,692.4003373551864,13193036
2022-08-02,688.190185546875,695.094931123578,684.7258011854689,693.8439067006424,15036510
2022-08-03,689.8020629882812,690.8365853805471,681.8146902206062,685.6399502739025,10975498
2022-08-04,688.984130859375,696.1053785024752,679.8659665183745,692.8815779882993,12012206
2022-08-05,686.6504516601562,691.4139653304088,683.8115502270574,689.5133762386452,9268982
2022-08-08,703.4912719726562,704.6701093644095,686.6744253124539,687.1074879975259,15357736
2022-08-10,705.5363159179688,708.0383647964982,697.2361719881424,703.154500244152,17353102
2022-08-11,714.8709106445312,717.421123242461,709.5059371613006,715.2558683433389,18301766
2022-08-12,714.6063232421875,716.6031812290219,710.1795445295438,714.5341363296417,8850370
2022-08-16,722.7861328125,725.8415362160341,716.0016794217771,719.2495616686834,12563756
2022-08-17,726.5151977539062,727.8865140946783,714.8949848396419,721.7516252798,12384350
2022-08-18,727.3812255859375,728.4398298215469,721.5831897478574,721.7515867041628,8342138
2022-08-19,718.4075317382812,727.5256370949188,716.939946608088,726.563301596116,8063702
2022-08-22,707.4849853515625,716.1460048012029,706.2098790742172,714.4378945404134,8234066
2022-08-23,705.2957763671875,710.1795824902051,697.8857805878358,699.2811789385421,14966884
2022-08-24,708.6879272460938,709.9630335639699,702.1199755407531,703.4191637412739,13455520
2022-08-25,704.838623046875,715.400291243383,701.0614676554292,712.0802217563679,11823040
2022-08-26,704.9588623046875,712.9943990116683,703.0822963230394,708.303013425697,7706176
2022-08-29,692.5928955078125,695.7685910224809,687.3962601301372,691.4380811198513,8653178
2022-08-30,715.0633544921875,716.9158385123882,694.3731420244557,695.9850421787525,10135400
2022-09-01,708.3511352539062,716.6753023262013,702.023767412422,704.7904820543832,22403136
2022-09-02,714.7747192382812,717.1805580778581,705.0069900550793,708.351141283871,12038086
2022-09-05,719.3699340820312,721.2705233742533,714.1011114947204,715.0634470829449,12131932
2022-09-06,716.6272583007812,724.9514848179847,715.2318599196605,721.2224343309452,12238696
2022-09-07,713.2350463867188,716.9400149155867,707.9422006390198,707.9422006390198,9776206
2022-09-08,720.5968017578125,721.7516160908172,713.1627836065959,716.9880436773584,11164690
2022-09-09,721.0779418945312,726.0820979884301,718.888663984653,719.92312760574,15128888
2022-09-12,718.6480712890625,723.676250465666,716.9399023895229,721.751579586768,11080492
2022-09-13,728.0549926757812,729.4022860218557,721.0540363675306,721.2224333517138,13001966
2022-09-14,735.5371704101562,740.469140368155,718.0707557473077,718.8887762504166,20219760
2022-09-15,731.7117919921875,741.4554391702014,727.5256559583752,736.1866756721654,13539372
2022-09-16,718.26318359375,728.8247925761237,713.5717978693896,723.2432582308112,20560046
2022-09-19,723.002685546875,728.4880099183553,712.1283056005058,716.4588155669953,12076038
2022-09-20,731.7117919921875,733.299669100902,726.5152154056927,728.4879914821296,10781668
2022-09-21,730.5810546875,732.0967448746909,724.1574768560039,725.6009801321287,9072304
2022-09-22,715.0152587890625,726.6354714109892,713.4514636402978,722.7139425983661,12048144
2022-09-23,695.8406982421875,709.7223749818623,691.4380019314822,708.4472687981956,15806252
2022-09-26,686.4580078125,691.1734166960763,682.2958948729614,685.8324662197185,8923486
2022-09-27,680.299072265625,692.881621797613,677.0030846314178,689.2247583187195,12639700
2022-09-28,668.6065673828125,678.7351117163325,666.8502936189362,676.5217521549752,11816132
2022-09-29,665.1422119140625,674.6933797809945,663.434101683277,671.8545371114053,14410388
2022-09-30,683.9078369140625,688.7676199193113,656.7940432846984,663.4341823816585,15781756
2022-10-03,679.9862670898438,682.22370896109,674.1641488370536,678.4224718418965,11541112
2022-10-04,699.1367797851562,701.5426186694823,686.2174367235855,687.8293370288237,11538526
2022-10-06,691.4381103515625,703.7559939592081,690.0908170525987,702.4808875755999,12549198
2022-10-07,688.454833984375,690.4516331398249,683.4265958004532,688.1901682297433,13297994
2022-10-10,680.8523559570312,686.1452011270152,672.7687143847188,677.4841817579505,13109302
2022-10-11,673.9476318359375,681.8147129301799,673.3701952846903,674.1641338324686,14521620
2022-10-12,678.350341796875,680.7802037798269,672.3357447059547,675.1745875438293,9225050
2022-10-13,670.5553588867188,676.6421426191388,665.9361602736982,674.6212615810351,14714234
2022-10-14,692.4003295898438,696.2496712414899,680.9725965615194,681.814640047817,12849920
2022-10-17,696.0332641601562,701.3501327995798,686.626410721968,690.4757528984051,18410500
2022-10-18,694.7340087890625,703.9002774553204,692.8815247929514,701.5666257336586,10561108
2022-10-19,701.8554077148438,710.8773037655702,699.3292768206403,704.4296436407238,12967040
2022-10-20,697.1158447265625,699.0886207119449,694.084464472131,694.8062160816341,7898078
2022-10-21,692.2078857421875,701.3741545079234,689.9945259278926,698.6555450817992,10492606
2022-10-24,703.0101928710938,703.9484465267632,699.7623104281301,699.7623104281301,2167794
2022-10-25,698.1262817382812,706.2580282452401,695.287380341186,703.0341691638182,13773394
2022-10-27,699.8103637695312,706.0414624275766,698.2946736608377,704.6701461335379,15937276
2022-10-28,701.8793334960938,705.8730490883848,696.442173472227,697.6931978037887,10474278
2022-10-31,720.1637573242188,720.7892989018973,705.9933903964011,708.2789372387135,12830528
2022-11-01,728.1271362304688,735.7055286941263,721.2223903997298,723.4357504196331,19073756
2022-11-02,728.5841674804688,735.34459771333,727.33314310533,729.931460645262,12720406
2022-11-03,725.3844604492188,731.4952673413037,720.3081172240958,720.6449111524606,10332352
2022-11-04,720.3803100585938,729.4984154442802,716.7474700445205,723.2913397099678,10818060
2022-11-07,725.9859619140625,727.5256752984809,717.9504248353214,726.5633397491442,9835834
2022-11-09,725.7694091796875,730.3886081201978,723.6763410840517,728.9932685473082,9269790
2022-11-10,733.6605224609375,734.7431498920162,719.3698638652188,720.3562225050898,12774182
2022-11-11,775.2333984375,787.6715724866862,740.0359673088109,743.404141412297,56722338
2022-11-14,777.1100463867188,783.3411456416203,768.906112245276,775.6424611635699,19195390
2022-11-15,779.0106201171875,781.0074781111963,772.3945632755499,781.0074781111963,11030202
2022-11-16,785.6988525390625,790.0774674383857,775.6424345375626,778.8422119111716,13578150
2022-11-17,778.6016235351562,785.0492832742325,776.5566605526772,778.5775416526076,12100930
2022-11-18,776.5567016601562,780.9353167659891,772.3945885635269,779.9729811938807,10459232
2022-11-21,768.5933227539062,775.6424423049926,765.1529614641645,773.5493742606727,8344816
2022-11-22,767.4625244140625,771.9614309133688,765.537853506441,769.8683630485893,8546314
2022-11-23,769.4594116210938,772.2742311837565,766.9813859856123,772.2742311837565,10185738
2022-11-24,781.9697875976562,785.2657749671398,769.4594259866601,772.731331473911,17197960
2022-11-25,778.361083984375,785.1214561638104,776.6529148425003,784.1591205878366,8410496
2022-11-28,769.9887084960938,773.4530928760762,767.0054918764588,771.2638148082744,16105980
2022-11-29,768.8338623046875,775.8107945409757,766.4280236025191,768.5451734076865,12638236
2022-11-30,773.9342651367188,776.0754969244954,768.4730227722782,768.4730227722782,15184806
2022-12-01,779.2511596679688,787.6715951691663,777.0859048248036,780.4540790252827,20446366
2022-12-02,773.2847290039062,778.8181584847341,772.3464753255907,774.680127315897,7811078
2022-12-05,776.0995483398438,776.8934869252123,768.0399880135933,774.6560449978288,11592622
2022-12-06,775.2333984375,776.46034090485,769.8683665111166,770.349534240186,12353092
2022-12-07,774.8966064453125,778.8181354914701,772.0095998448971,776.6769624240152,11674720
2022-12-08,779.2511596679688,782.378749996985,772.2742273955479,774.6800661101757,14803634
2022-12-09,784.8087158203125,786.637118107019,779.4917884600618,782.3787950839879,11963384
2022-12-12,790.9194946289062,795.6589852525027,780.1654070879796,781.897599252911,14434808
2022-12-13,793.1087646484375,797.2949002560491,791.5208877013886,793.9267262658304,17031702
2022-12-14,799.8211059570312,801.3849011709643,793.9268009198986,795.3703041942985,14227640
2022-12-15,785.1695556640625,803.2614512642567,782.8840088582007,797.3190413162754,18182648
2022-12-16,788.9467163085938,791.5690570624564,774.1989129626363,779.5158401167187,14647958
2022-12-19,791.4006958007812,792.3149263180803,782.4750101040391,791.0398199705028,9604542
2022-12-20,785.9395141601562,787.3830175930194,779.5880638137753,779.5880638137753,7174698
2022-12-21,778.3369140625,791.4247116571615,773.0200458484181,789.5962507751079,9269198
2022-12-22,775.66650390625,783.1005222357195,774.1989187571569,780.5503096365309,9747096
2022-12-23,768.7376708984375,771.8652612871225,762.867389080973,763.6132225912555,10693152
2022-12-26,784.038818359375,788.6339941689127,765.0567728667305,769.6278667926638,9907322
2022-12-27,784.832763671875,787.1664156857469,776.3642223890472,785.7469942121562,7926772
2022-12-28,784.207275390625,785.7469888000604,780.9834160061862,780.9834160061862,8691870
2022-12-29,789.74072265625,790.7992683070136,775.1613150243984,779.5399301962701,11012896
2022-12-30,783.413330078125,791.520995396169,779.4918009372607,791.520995396169,7122640
2023-01-02,783.6778564453125,788.994783343364,778.7940509867589,782.8598948008254,4381378
2023-01-03,788.8023681640625,790.5586422632767,780.5503292014555,780.5503292014555,8378030
2023-01-04,774.7041625976562,791.8818278494382,773.2365774595456,786.709274515468,10351600
2023-01-05,769.7240600585938,778.5535356487463,764.7680672572426,777.085950452134,10941436
2023-01-06,767.1738891601562,774.2470317456477,759.3789361975485,770.8307523930382,9092462
2023-01-09,768.6654663085938,775.4258965646997,765.0567082508069,767.9437146970364,10729340
2023-01-10,754.6154174804688,769.8684118966518,753.0275403864125,769.8684118966518,16371766
2023-01-11,765.4898071289062,768.9060865044132,750.6217114811543,754.4469717086059,15195798
2023-01-12,769.5797729492188,771.7450279982426,762.2419641719711,763.9982383478842,9250070
2023-01-13,770.1812133789062,774.6320153125537,763.1320937043018,769.2669828560861,9244546
2023-01-16,762.7952270507812,780.1172653577423,760.3893883970367,777.0858851595061,14748094
2023-01-17,774.1508178710938,775.1612584159965,759.0421385172157,764.9605254372576,10786354
2023-01-18,787.81591796875,789.8849038875674,769.7239650173195,772.2741773841957,19090642
2023-01-19,791.087890625,793.9267921137573,785.7469403162216,787.6716113274065,11172162
2023-01-20,799.1954956054688,803.0689192196495,790.751037418662,791.0878313258544,18843404
2023-01-23,805.041748046875,809.6128416563689,799.4121088854909,801.7457607178152,15444400
2023-01-24,815.8198852539062,819.139954334254,805.9559468005266,805.9800286815163,24983940
2023-01-25,793.2772216796875,814.5929177332151,791.6653214666925,813.8471429635326,14704142
2023-01-27,777.4708862304688,787.6716191971464,765.032652707376,785.2657804091282,35179948
2023-01-30,776.6769409179688,782.0419731157772,761.2073858984988,767.4625666928607,18512822
2023-01-31,771.5524291992188,780.7908258111092,767.4625036312777,779.3473226694831,18596244
2023-02-01,783.1245727539062,801.1442809848427,772.7553845415359,781.4164037954262,17302790
2023-02-02,771.4802856445312,781.6569951120864,764.4552483744704,773.7658324138648,17497106
2023-02-03,798.1610107421875,798.9789723443195,773.2365001850776,775.1611710007219,14411100
2023-02-06,794.7688598632812,803.2614827057959,792.0983552594887,798.7384939446326,11167672
2023-02-07,795.9476928710938,801.0962231951561,785.5544809008483,798.4498004893098,10264588
2023-02-08,795.8514404296875,802.6839988300309,793.9267694733884,795.9717323644562,8444826
2023-02-09,794.19140625,799.5323562116175,786.9738904271942,798.73841772385,11777336
2023-02-10,797.3430786132812,798.0167252205403,790.173667284601,793.3494214707791,8172116
2023-02-13,797.9445190429688,799.5805011250109,791.3044393965116,796.3326188427218,5736944
2023-02-14,805.3304443359375,807.1589052910266,797.7520522296284,801.1443083812574,10908592
2023-02-15,803.6945190429688,807.3994872360046,797.1746725138561,807.3994872360046,11438712
2023-02-16,800.7833862304688,809.2760083229089,799.2195911244155,805.089813874159,8062500
2023-02-17,796.7656860351562,802.6599909509282,790.5345284538475,799.2196298038508,8956270
2023-02-20,789.2835083007812,803.2854781022144,786.6130625255412,798.7384663515395,8086706
2023-02-21,792.2427368164062,799.8692342574486,786.2281396647481,789.115146297544,12389296
2023-02-22,776.700927734375,790.0533322670238,774.222960909244,788.6339109553685,10359102
2023-02-23,771.4321899414062,778.9383950431011,766.0671578181314,776.1235754720026,27882010
2023-02-24,764.551513671875,778.4813560195853,762.7471345130758,778.4813560195853,17061740
2023-02-27,766.4521484375,769.3872600713753,758.9459430133319,763.0839740657053,14312972
2023-02-28,769.6759643554688,772.4186559261975,764.4312238388164,766.0191009974646,18993992
2023-03-01,768.93017578125,776.1236104242643,767.8234664194171,775.6424426558673,14137256
2023-03-02,762.38623046875,772.7313372630384,761.2073929564784,766.981406050965,17391814
2023-03-03,777.5189819335938,779.4917579688479,764.094389910204,767.943731924865,14986234
2023-03-06,783.0043334960938,788.8504748967295,778.5535316356411,779.4917852900815,27004710
2023-03-08,784.568115234375,788.8745431955432,779.4917718675084,779.4917718675084,20099774
2023-03-09,784.6402587890625,791.9780672791738,782.859961535162,784.27938296168,20700166
2023-03-10,764.4071655273438,776.4844644274136,762.6508914747951,774.8965873418113,27387000
2023-03-13,754.7357177734375,771.6968814107662,753.0034668384583,764.0463022356049,26443550
2023-03-14,752.7147827148438,761.9772622068983,750.2849207392273,755.5536842804477,33185612
2023-03-15,741.91259765625,761.6404762620406,739.3623849761033,759.2827424375032,37264754
2023-03-16,746.7241821289062,750.188566152108,737.1730148168983,740.5171069124015,21753342
2023-03-17,756.7084350585938,759.8600484180247,740.9982970778341,749.4187322719004,22950876
2023-03-20,751.4637451171875,754.5191486294086,743.596664030981,754.4469617185391,26503114
2023-03-21,759.9803466796875,761.4479317488242,748.7931969715295,756.371588709314,33050494
2023-03-22,758.2241821289062,763.156151684689,753.1719206327385,762.1697342790129,14177324
2023-03-23,752.1373901367188,765.225129615806,749.9240302046185,754.350750068819,28364178
2023-03-24,750.9345092773438,757.3099823765483,748.1918176834523,750.6217384723866,31477748
2023-03-27,754.2063598632812,759.9803728144399,750.092410877359,751.6802291971494,31872006
2023-03-28,760.3412475585938,761.6404357125624,752.5944586072359,753.3643152523856,39276302
2023-03-29,763.9981689453125,770.8307274292553,761.1592675027767,762.1697080199377,39763612
2023-03-31,774.4635620117188,776.0994853441741,766.2115234957539,767.7512367744048,34711228
2023-04-03,774.9447021484375,777.4226689404504,771.1915704030113,773.5011989750112,40025398
2023-04-05,795.7311401367188,796.8137675382653,777.5670581774376,778.8180825386323,43365392
2023-04-06,801.7938842773438,803.1652006446278,792.5314049071793,793.2291334002176,44637344
2023-04-10,797.9926147460938,804.0312933763835,795.8514417980481,800.3022433921424,31813286
2023-04-11,800.3263549804688,803.2614665555587,794.4560730939902,798.2573101275717,42361542
2023-04-12,810.7195434570312,812.307361770148,802.4915867834721,802.5877968377349,26955504
2023-04-13,814.3523559570312,816.5657746530499,807.4716921966794,812.3555567321653,35330086
2023-04-17,801.938232421875,827.6085198214015,795.5146547856368,827.6085198214015,32405148
2023-04-18,798.5460205078125,807.0386434079419,797.00630713609,803.550177070361,29637226
2023-04-19,801.4810791015625,803.6944976892919,797.3671301762054,801.1442851788886,24741168
2023-04-20,804.46435546875,807.134801181368,801.8179329013308,804.368086679066,32922716
2023-04-21,805.7635498046875,806.8942823364474,800.3023072681698,803.0690219934318,20128618
2023-04-24,812.2832641601562,813.8710823277127,805.5228344834869,811.729909558131,35675852
2023-04-25,800.7352905273438,812.066755339811,799.6526631336261,812.066755339811,50353068
2023-04-26,804.416259765625,805.955973055451,796.3326181532963,798.738456878835,27392750
2023-04-27,808.843017578125,810.8879805910382,801.5533141495392,803.7907560168101,47790392
2023-04-28,812.0186157226562,813.6545976840637,803.5500757731439,810.6232176162707,27916272
2023-05-02,811.850341796875,817.5040632466385,809.3242109363424,812.5480115876443,32221184
2023-05-03,814.689208984375,816.0605253605099,808.1934441893474,810.7435980893194,29407270
2023-05-04,831.3616943359375,834.5614130090665,811.7781309061464,811.7781309061464,56854638
2023-05-05,782.2103881835938,799.1955750303342,780.5022191249311,788.6339660930405,62770416
2023-05-08,791.2562866210938,794.0951881063704,784.3034360962322,786.7092748572636,37244524
2023-05-09,791.2803955078125,796.813824847028,789.0910586660377,793.8787132056606,43688938
2023-05-10,794.937255859375,796.1642571593527,785.7950682892969,791.2803925786036,46340550
2023-05-11,795.466552734375,812.2112150220032,793.5659634923215,801.216542964019,35734618
2023-05-12,802.4916381835938,804.8974770572269,791.1601135942614,792.4833249747595,22478760
2023-05-15,806.3409423828125,808.7226992609494,801.1924121940802,804.5124814304968,18512260
2023-05-16,801.7174682617188,813.6412692634764,800.1113815056924,813.6412692634764,32722086
2023-05-17,797.4102172851562,803.0314612780545,791.0346460503185,803.0314612780545,30466868
2023-05-18,800.5980224609375,804.953835962047,798.1645938212387,802.0580796447568,49646942
2023-05-19,801.5227661132812,803.0314800422937,794.0521518021368,802.0581085513332,30460332
2023-05-22,798.6755981445312,804.4428118537385,794.6117249890884,800.597982910975,28334032
2023-05-23,796.8018798828125,802.8367950174272,794.9768083346355,802.5447954516952,22470074
2023-05-24,786.3868408203125,795.6095118101778,785.3160965486113,792.1053982534182,33588112
2023-05-25,783.3693237304688,788.455225154943,777.407423655138,786.3380947431477,29776930
2023-05-26,786.3868408203125,787.944211421121,779.7922252930767,787.944211421121,26635066
2023-05-29,795.9744873046875,798.6512587386072,790.7912725552128,792.5676872978805,21816292
2023-05-30,796.5828857421875,799.4543434930372,792.5920864341458,795.0498137776772,37125928
2023-05-31,783.9777221679688,795.706836766176,780.9602943063138,793.249109394473,43334270
2023-06-01,780.6439208984375,788.3822359863269,778.6971779535536,788.3822359863269,50366938
2023-06-02,781.8606567382812,785.9001722239442,779.1838851154611,784.7564131844704,17859710
2023-06-05,780.838623046875,786.7275086936293,779.889550195903,785.7541372012771,18697242
2023-06-06,778.4052124023438,783.4910548041016,774.9253973543547,782.4203699015892,32182852
2023-06-07,782.4446411132812,784.8051144822347,776.7504417142903,780.3762267164857,24949026
2023-06-08,782.9312744140625,791.350960923385,780.278861070367,780.278861070367,37395522
2023-06-09,783.8560791015625,787.7009085166137,782.1040222342899,786.4355374130215,18212578
2023-06-12,779.0865478515625,786.3868338718737,778.4294745818307,784.8051052341397,13408292
2023-06-13,780.4005126953125,783.0772840204289,773.8789124939628,773.8789124939628,27926108
2023-06-14,779.548828125,784.537356602154,778.7944415181629,783.7829699953168,20113968
2023-06-15,769.961181640625,781.5929230405386,768.4767664026215,780.6439096325554,35377476
2023-06-16,780.0355224609375,783.1746215295391,770.9101653895649,772.4432372595309,15779272
2023-06-19,780.7169799804688,785.6324943134937,777.8941787861185,784.0507655809437,24829146
2023-06-20,782.3473510742188,784.0507512165266,774.1467079853705,780.7169656771292,20005626
2023-06-21,796.023193359375,796.8262367213268,784.0507359035319,786.4841646307309,24308946
2023-06-22,799.9166870117188,806.7059888717916,797.7023024946114,798.1646301932708,56596140
2023-06-23,799.8680419921875,807.8497002925832,795.2688853504051,796.9722855006775,21339218
2023-06-26,795.9988403320312,803.3964393933287,792.6649956756461,800.5979965482512,16130314
2023-06-27,807.2169799804688,814.1766100290189,797.4589662553369,799.6003360457688,33831864
2023-06-28,815.7583618164062,817.5834334461853,808.1417176661517,812.7652324615918,59562950
2023-06-30,828.047119140625,831.6486054517263,819.2137611926184,829.3124901661796,40699016
2023-07-03,837.002197265625,855.3502267293802,832.2326530339916,833.449367439012,44104116
2023-07-04,841.0902709960938,850.2399866599931,834.0820438772298,838.778513734139,38795188
2023-07-05,814.3712158203125,837.0994145323269,812.0594587162262,835.274343134364,37165754
2023-07-06,815.1986694335938,821.4525697320477,808.0930690327465,814.2252978880014,52156544
2023-07-07,808.093017578125,815.1986175265295,806.0976179186929,810.3317601084606,19926336
2023-07-10,806.1705932617188,816.0503378295722,802.8854644229833,808.3850372058562,38398442
2023-07-11,802.2527465820312,815.6852604691176,800.8413461228718,809.3583461576029,50670426
2023-07-12,794.7334594726562,810.9644765133695,791.9107178120092,805.6352319869237,70958358
2023-07-13,798.699951171875,806.6572510904781,797.2155953198356,806.2922367876993,41913546
2023-07-14,800.354736328125,804.7835648843277,795.7312215849707,804.7835648843277,24727214
2023-07-17,817.0966796875,818.6053935606003,794.7577929158504,803.0314502823962,49252928
2023-07-18,816.4153442382812,829.3125165913748,812.7652011194812,826.3924020963348,81076818
2023-07-19,820.1141357421875,821.8905505906512,815.1986216073076,818.1673927652148,32935134
2023-07-20,821.8905639648438,823.4722926593728,817.6320636334198,818.1917641303833,56210948
2023-07-21,815.5636596679688,822.4016183376864,814.3469452719253,817.6320741412428,42154248
2023-07-24,816.8533325195312,819.8951183000274,812.813817239081,816.9019892100436,32179444
2023-07-25,825.7109985351562,826.879056170404,816.8533420034627,819.8951278192749,55992596
2023-07-26,822.8395385742188,827.1710534459679,821.5255108693627,827.1710534459679,24794358
2023-07-27,814.2982177734375,828.8257745170246,811.5240735457453,827.3170606790924,59741302
2023-07-28,799.8680419921875,812.2298721075693,798.6999842928814,808.6283856221597,41015684
2023-07-31,803.615478515625,806.3409662159895,797.5319067020986,803.0558374366854,34565006
2023-08-01,808.993408203125,811.5241504025686,803.0315076162769,805.1972354940766,35394188
2023-08-02,798.407958984375,803.7615021412346,794.830830666086,799.1379875966741,28116322
2023-08-03,792.6407470703125,803.6884896703888,789.8909607409018,798.1646183703506,57673946
2023-08-04,804.1021728515625,806.1949453417267,792.9327586465489,795.8042164551875,37388304
2023-08-07,803.6398315429688,809.4070457041624,801.8391180613743,809.4070457041624,28300918
2023-08-08,802.9828491210938,805.7569341954113,799.1623777784342,803.8588478451442,43773828
2023-08-09,803.2747802734375,805.221523152016,793.8330654303563,804.4914945725491,33361236
2023-08-10,796.1448364257812,805.099865704745,793.7844225264857,801.5957522263969,50781118
2023-08-11,787.846923828125,797.3859527425766,786.5814933374278,797.3859527425766,28225822
2023-08-14,784.0021362304688,785.9975360499187,778.8189207825898,784.0507929265752,31304410
2023-08-16,781.714599609375,783.3937010320665,769.5961724006356,770.4721710730195,34137542
2023-08-17,777.3831787109375,783.5154073300141,775.7770919586137,777.5291487912239,52884040
2023-08-18,774.1953125,776.8964420218484,771.6402124587459,772.6379419530916,25633366
2023-08-21,773.5869750976562,778.9405181779168,772.3702607612333,778.9405181779168,21837270
2023-08-22,770.2774658203125,777.7237811054864,768.963438139342,776.9207377849476,32273570
2023-08-23,772.1755981445312,774.0980425006611,765.6783552717781,768.9634840803492,36498588
2023-08-24,768.622802734375,776.8477441031978,767.0897307917666,775.4364030038525,43145792
2023-08-25,759.9597778320312,767.746749618975,758.4510639302869,766.3110504597091,30069756
2023-08-28,767.868408203125,770.2531801549441,759.9597651143588,759.9597651143588,28867238
2023-08-29,773.976318359375,775.1200179106506,769.669102242421,773.6842594017068,35538932
2023-08-30,768.3307495117188,780.6195643753474,765.8973208258516,780.6195643753474,28084204
2023-08-31,764.80224609375,770.4965046276685,760.7384322394234,768.4767470204652,100075772
2023-09-01,766.384033203125,768.4768057096691,758.9134187598048,764.5833196769412,43226776
2023-09-04,771.1779174804688,774.5360015777221,766.4813881806992,773.8303310146484,25073638
2023-09-05,766.4813842773438,773.0516417713671,764.38861183011,773.0516417713671,38712082
2023-09-06,776.507080078125,778.6971658570981,766.4813659496907,767.4060807161218,56320910
2023-09-07,783.9777221679688,785.510794150052,772.4432937501639,776.5071078478363,34208342
2023-09-08,790.0856323242188,794.7091467964383,782.3959739643648,782.7366896240351,34502210
2023-09-11,794.173828125,796.4612273788786,790.3776555229446,792.762427572447,31573022
2023-09-12,796.6558837890625,799.5759981707856,790.8886697671352,798.164597670977,39033340
2023-09-13,800.062744140625,803.8102007820438,792.61642814262,793.9305153592652,46420094
2023-09-14,799.5760498046875,803.0315068308923,795.7798770993519,800.2330637010272,23538848
2023-09-15,808.7500610351562,812.7652185519548,803.0315033597159,803.0315033597159,173411202
2023-09-18,792.8353881835938,805.464858730247,791.399629677695,804.8565015861909,37056288
2023-09-20,761.0304565429688,778.2104866731253,759.4244292708094,778.2104866731253,115474648
2023-09-21,755.9933471679688,763.5856334809762,748.0604045717047,755.8230190263404,72841442
2023-09-22,744.4588623046875,761.3711919566923,741.5874045249608,758.7430770496563,61704250
2023-09-25,745.1158447265625,749.8366724935371,742.195730377536,742.195730377536,40208754
2023-09-26,748.352294921875,749.4959944600172,742.1957087996923,742.1957087996923,27575308
2023-09-27,743.0960693359375,745.8458554975613,737.3288555163493,741.2223412220462,39338538
2023-09-28,741.5630493164062,748.3279930851168,738.9592924506106,746.5759362770035,55354188
2023-09-29,742.8284301757812,747.2815569377753,740.8816873168103,741.5629997895483,32053782
2023-10-03,733.9464111328125,743.1690816035621,732.9486816600946,743.1690816035621,38971694
2023-10-04,744.41015625,747.0625696224938,724.7966982477518,727.5951410981291,54649430
2023-10-05,747.4276123046875,755.1172706279191,745.8945403681716,747.0869560565192,48512674
2023-10-06,746.600341796875,751.9295273041055,744.5562258825445,751.4428415259151,17759356
2023-10-09,737.937255859375,744.6291848078113,735.8688414571311,743.6558133244023,16454972
2023-10-10,742.1227416992188,744.1424994102023,737.426212407623,740.0300286548502,33266292
2023-10-11,749.3013305664062,750.5424029295025,743.8991308991633,744.6778161774354,31333360
2023-10-12,754.2898559570312,755.3362421435227,745.4078415117224,747.5979272653602,22025336
2023-10-13,747.4276123046875,753.7788848660191,744.6048112974557,749.4960266639874,39745300
2023-10-16,744.4345092773438,746.794923276397,740.0056808464606,745.3592240817852,17856084
2023-10-17,750.080078125,757.1613797779257,747.0626501424497,757.1613797779257,32902558
2023-10-18,739.640625,750.0800099587005,738.8375816778204,750.0800099587005,31216200
2023-10-19,737.3045654296875,742.8041382598725,731.5860077723223,732.6567520860139,30252364
2023-10-20,741.1250610351562,743.1691173582408,732.46203118805,732.46203118805,21094010
2023-10-23,732.9730834960938,744.0208260452915,730.0772676931944,741.4657259067877,22376136
2023-10-25,728.3252563476562,741.1251158897211,725.8674694399969,740.2490577379119,28311996
2023-10-26,712.2159423828125,726.1351430280494,710.6828703798318,725.7701287135245,55561798
2023-10-27,715.0143432617188,719.3215000369331,713.9193003827721,715.1846713831347,31940532
2023-10-30,722.7769775390625,725.1373914861161,711.4858921827074,712.1429060469561,23310982
2023-10-31,718.591552734375,731.9754116576363,717.3748382868058,731.9754116576363,32634824
2023-11-01,717.6181640625,719.0538633124389,711.6562634115908,711.6562634115908,33877466
2023-11-02,718.7131958007812,725.4051249981815,714.041024388573,722.7283533192214,45225154
2023-11-03,722.1199951171875,725.84315305655,721.0979669049797,724.188409593513,18095340
2023-11-06,727.351806640625,729.0552066561768,721.7549208752405,729.0552066561768,25593730
2023-11-07,723.8233032226562,727.1084316790375,718.9320882014275,727.1084316790375,41952848
2023-11-08,725.9161376953125,726.8407930714139,720.7815793854345,722.2172785513859,31399546
2023-11-09,723.044677734375,726.4271198457463,721.9982915168673,723.2150058605088,22116740
2023-11-10,725.8917846679688,728.0818705084018,720.3192566823748,720.3435553235623,14015186
2023-11-13,724.5776977539062,728.0574529993991,723.1662973344708,726.1837249264701,20605914
2023-11-15,732.1700439453125,735.3577999173147,730.2963157159859,732.0240144584016,41245460
2023-11-16,734.0924682617188,739.275683586882,731.8537256048544,734.7494821683149,29713838
2023-11-17,732.5107421875,733.6787999200959,724.6751131549073,725.1617989259986,23701874
2023-11-20,732.5593872070312,736.355559924993,730.7830316987671,736.355559924993,19331452
2023-11-21,738.7645874023438,740.7356883923068,735.9174877356371,739.2756311878541,24959972
2023-11-22,736.136474609375,739.7622592873266,731.756303337279,739.7622592873266,29123650
2023-11-23,740.3950805664062,741.6360936254299,734.1654789893513,734.1654789893513,13046220
2023-11-24,745.6511840820312,746.1622278549652,739.6892839772345,740.3462978210936,16469192
2023-11-28,743.9722290039062,748.1577148272565,742.5851864137691,747.1599852149395,28489338
2023-11-29,758.8160400390625,760.6897681490088,746.0891967833849,746.5272258063289,34042488
2023-11-30,758.6456909179688,765.2889031775027,750.5423621524202,763.6828760176745,69491440
2023-12-01,756.9910278320312,762.028213465217,755.3849410922298,758.2077422076743,22153536
2023-12-04,783.2720336914062,784.5374047202694,765.873018667368,772.8569470817542,50662456
2023-12-05,790.2316284179688,797.6779441560443,786.7275147823341,796.4612297811876,52230820
2023-12-06,792.22705078125,797.4102062498663,786.8004930390686,797.4102062498663,38613060
2023-12-07,793.5167236328125,795.2444817359088,786.5814519897668,790.86431017188,20450386
2023-12-08,804.5888671875,805.4649253113081,793.5167662504412,793.5167662504412,33728038
2023-12-11,803.5181274414062,809.6990123500813,801.5713845523902,803.0557997692163,23187620
2023-12-12,795.5364379882812,806.0731953368484,794.1980523054578,805.0754658820659,36581476
2023-12-13,793.7357788085938,796.2178641804811,786.0461204150259,794.4901060535459,29346914
2023-12-14,803.1044921875,807.3872910879392,800.5980487244109,801.0847344683164,35172366
2023-12-15,806.2192993164062,811.7918273650013,801.3767404796611,803.0314839042278,138837130
2023-12-18,805.8056030273438,810.1857749432232,803.4938456272962,808.2390318694991,18014754
2023-12-19,804.44287109375,807.2413140972394,800.135714179051,803.0314705665357,24008446
2023-12-20,806.4382934570312,812.2541644467366,800.3303634873538,806.9249792104754,34232520
2023-12-21,820.8927612304688,822.3771764061897,803.1530909094922,806.438219443738,36589240
2023-12-22,813.1788940429688,820.5035385294108,811.3538224343752,819.3841375121868,48578850
2023-12-26,818.824462890625,820.5278631124984,812.0595781088068,814.3469774999401,18045856
2023-12-27,828.9718627929688,830.5292334309963,816.9506891067552,818.3620896655261,27009078
2023-12-28,829.9208374023438,837.7808237889657,828.3391087868577,831.8919383640549,44076470
2023-12-29,831.8676147460938,834.6174011041943,825.4190285852712,825.9057143332578,25011426
2024-01-01,826.4409790039062,831.8188797770368,823.472208102533,830.2858079331686,14239686
2024-01-02,826.9276733398438,828.7284461026671,821.8661301022644,826.7817032735886,29242092
2024-01-03,814.176513671875,829.653083176837,812.2540695245034,828.3390555600513,28389762
2024-01-04,822.91259765625,824.9079973714623,813.1058678027235,816.6586975811834,26734056
2024-01-05,818.7027587890625,829.7505611476026,811.8405014795056,821.1118889384027,31889470
2024-01-08,809.5773315429688,818.7757034690097,807.8982895845903,816.901975342009,17998470
2024-01-09,803.2747802734375,816.5613241836867,801.4497088247701,811.3781093874959,25326888
2024-01-10,805.92724609375,807.8739890989318,798.8460040583302,799.6246893784266,16115824
2024-01-11,802.5447998046875,809.309743595266,799.6246853117656,807.8983430417109,18314010
2024-01-12,798.7485961914062,805.95156875827,795.0497965259408,804.0048258385641,19773552
2024-01-15,814.1278686523438,818.0700109690749,799.9166104629336,801.9120099654888,28320356
2024-01-16,817.2183837890625,819.4084696501124,806.9736250528656,814.2252545636514,25322500
2024-01-17,748.279296875,777.1397839265529,743.8504686909188,764.0965828252033,170145236
2024-01-18,723.2880249023438,737.32889662945,720.3192537681881,727.1084960821111,161070930
2024-01-19,715.744384765625,735.0171279009493,714.6493418669147,732.924355486129,109600538
2024-01-23,694.6708984375,717.7154569857805,693.5271987986505,712.9946289403671,115469402
2024-01-24,708.5657348632812,709.8067477739886,671.7479491345199,671.7479491345199,86004404
2024-01-25,698.3453979492188,709.27146932584,690.8017687875753,706.9110553088505,98941852
2024-01-29,707.9573974609375,711.9238979776146,703.6502407027771,704.7452835773879,65645498
2024-01-30,702.920166015625,712.1184780311422,701.2654227872154,707.9086943394356,41728768
2024-01-31,711.8021850585938,717.837040132351,699.2700284462816,700.5840560552732,65761040
2024-02-01,713.651611328125,717.1800828855794,708.6387839338071,713.0189555223712,32690740
2024-02-02,703.8206176757812,720.7085896391353,701.8252179588541,717.8614898495053,44867754
2024-02-05,703.1879272460938,706.6190857097415,697.931756543557,703.7476277670278,38605046
2024-02-06,702.8228149414062,705.5482430083341,697.2259293320517,703.5285448598157,41075740
2024-02-07,695.9362182617188,707.5437201567751,694.330191039234,707.1543478186637,54837086
2024-02-08,682.844482421875,700.3164537570308,681.6034099643059,695.8876252029665,69106124
2024-02-09,683.112060546875,688.2709172654594,675.033089526087,677.5395328507874,56642124
2024-02-12,676.4931640625,688.0032934481292,673.2566920790741,681.18969323455,34447812
2024-02-13,678.658935546875,683.4771364619307,673.7434212435891,677.4422211445823,57580994
2024-02-14,673.597412109375,677.2231970540489,663.6203545889955,669.6795681971766,91320810
2024-02-15,688.197998046875,688.903668609651,673.7433958465795,674.0597534612269,41584944
2024-02-16,691.0451049804688,694.8412181662663,685.4725175238648,692.9918479710976,32175742
2024-02-19,689.6823120117188,695.4738838784058,688.7575972750415,695.4738838784058,34451756
2024-02-20,707.787109375,709.222808572302,687.102965017942,688.6603356526384,56133508
2024-02-21,700.413818359375,712.5079475266035,698.3940605878935,712.5079475266035,45893136
2024-02-22,690.8748168945312,695.3766603212918,687.2976289140083,689.9987587340186,50560882
2024-02-23,691.3857421875,697.85868621692,690.1203711604371,692.334815015207,29833452
2024-02-26,692.213134765625,698.3210050066913,687.9546346452112,687.9546346452112,23506870
2024-02-27,691.1668090820312,694.3545652339111,687.7113519923358,687.9546948776648,32087150
2024-02-28,685.9348754882812,693.1377886016653,683.3067606806109,691.1667470533215,25321986
2024-02-29,683.0147705078125,686.4215706434694,680.0459994144303,682.3820552900959,53295700
2024-03-01,696.3256225585938,697.2989940386686,681.360036052442,681.360036052442,34738898
2024-03-04,697.274658203125,699.3674307159147,693.186545384466,696.422958130924,35616474
2024-03-05,701.2411499023438,702.2875361451739,691.8968072809968,692.0671354112525,37991672
2024-03-06,702.0928344726562,707.0813632922424,697.6883641851937,697.6883641851937,42409530
2024-03-07,703.7962646484375,706.205394802925,701.5088653436588,703.5042650748312,49348046
2024-03-11,694.889892578125,703.7231908402335,692.553777365576,695.9605773947812,50531094
2024-03-12,710.3421630859375,712.5078907659129,695.5955620745772,697.9073192338245,65418454
2024-03-13,710.755859375,716.2067158438075,705.7429725398497,713.2379447418698,63067454
2024-03-14,708.3467407226562,713.4812990740788,702.9202422173576,711.5832127948388,52432158
2024-03-15,706.9840698242188,710.2205419583659,701.9225261192986,705.6943406988961,143613804
2024-03-18,703.7719116210938,708.6144107880084,698.7833829737194,704.2342392927528,21437856
2024-03-19,705.3779296875,706.8623448833252,698.6373444116205,698.6373444116205,36183594
2024-03-20,696.4716186523438,706.4973325344582,693.3568181834665,705.2319615530049,43606094
2024-03-21,703.6259155273438,706.3026871236781,700.0001304926251,702.0928435492851,28922860
2024-03-22,702.2144775390625,706.0593065998343,699.7323922549797,701.3141208411934,45980326
2024-03-26,693.7218017578125,699.8296715860995,692.1400732485544,694.597800363169,56844290
2024-03-27,701.1681518554688,704.6966236214441,691.7021375713913,692.8215385852401,62168668
2024-03-28,704.6723022460938,710.8045307526719,701.1681292352769,701.1681292352769,55592142
2024-04-01,715.67138671875,717.2774734382766,708.4197572494843,709.5878149173326,25199570
2024-04-02,720.367919921875,727.5221766350272,712.1429189199621,713.0676337207477,41225446
2024-04-03,721.414306640625,727.9115494819865,716.109420115624,716.450076374618,45584386
2024-04-04,743.461181640625,744.6292393883092,731.9754091764817,731.9754091764817,88935066
2024-04-05,754.1439208984375,756.5529915753328,744.7022055513205,749.0093625181328,59055902
2024-04-08,752.7081909179688,757.8914061879058,750.2504634550537,756.7720051664586,20482940
2024-04-09,753.6572265625,756.7233110790663,749.6420692068525,756.7233110790663,21884494
2024-04-10,747.7196044921875,754.3142198543229,746.0648611390807,754.3142198543229,27807400
2024-04-12,739.2512817382812,744.5561681914903,736.5745101656407,740.2490112702176,41084208
2024-04-15,727.4490966796875,734.8954117012732,726.1594270943376,728.8361984614614,23415248
2024-04-16,734.530517578125,736.3069325670494,721.3900014445425,723.7017589124875,20744886
2024-04-18,727.4490966796875,739.2025682918519,725.6727413912242,734.7980983246009,34234884
2024-04-19,745.2619018554688,747.0382572891224,720.4165709168466,723.4827148610226,34576434
2024-04-22,735.9661254882812,757.9643557818745,734.0680986992392,757.9643557818745,42298438
2024-04-23,733.7274169921875,742.9257894510552,731.6103458842442,742.8284760660457,26827060
2024-04-24,735.7227783203125,740.613993564681,734.4331086916868,737.3288649584306,22441580
2024-04-25,735.260498046875,739.616311752735,733.0704121681982,733.0704121681982,35445204
2024-04-26,734.7981567382812,743.6558134751455,732.729742335618,739.6650141563123,24854694
2024-04-29,744.3858642578125,746.7949349875348,733.216449914726,737.3289207914913,36093350
2024-04-30,739.8109130859375,749.2526274508922,737.2801712358929,744.2397410284531,52307382
2024-05-02,745.7241821289062,748.0359392606487,739.9326102747762,740.7356535814621,33475006
2024-05-03,739.5675659179688,749.7879654532404,733.532651453262,746.2108374978702,31865242
2024-05-06,741.0520629882812,746.819277196089,738.3752913854279,740.7357053714223,28793396
2024-05-07,733.021728515625,741.7334150168236,732.0483570497901,740.7113274497933,28480602
2024-05-08,721.5845947265625,728.5441648774708,720.465193806477,728.0574791574124,41687862
2024-05-09,704.4776000976562,723.5800151607533,703.4069152466064,717.83709973452,46281278
2024-05-10,709.361572265625,716.2928456267198,703.8856031439476,709.9042250216206,27276608
2024-05-13,717.9208984375,720.1655815796556,705.6122976051453,706.4509373389452,27047202
2024-05-14,720.7328491210938,722.9775322143812,715.4789152317669,716.4408878596623,25665142
2024-05-15,709.6575927734375,720.116199874965,708.3256213801538,720.116199874965,38931996
2024-05-16,720.3875122070312,721.5221990437014,708.1775543730138,713.3822271543565,34945236
2024-05-17,722.286865234375,724.210870736283,713.4562165510583,713.4562165510583,20920190
2024-05-21,719.6721801757812,725.0494465734148,715.3801590157026,715.3801590157026,43769978
2024-05-22,719.8695068359375,723.0268413842214,714.4182283327197,719.203521164468,39996278
2024-05-23,736.3468017578125,737.8514873644924,718.808897899437,719.5982164877166,40861920
2024-05-24,748.4827880859375,749.814819731989,733.0908640200075,733.8308615274302,31060206
2024-05-27,753.6627807617188,762.1974428837648,749.3955099218479,751.5168000055969,29385440
2024-05-28,755.0440673828125,757.7820820455768,752.2321011517142,754.846722684579,27908904
2024-05-29,744.0921630859375,751.763434227272,740.6141508121484,748.8774560751649,35147706
2024-05-30,747.3234252929688,751.6400771573121,738.8381451452329,739.6027730570852,33755350
2024-05-31,755.5620727539062,757.7573743920395,746.9040786650703,749.370736784836,74079588
2024-06-03,775.615966796875,788.8372786068238,764.6640286682782,788.8372786068238,72637256
2024-06-04,731.6848754882812,769.1040704644005,717.3042453208712,768.1174071283333,89531240
2024-06-05,765.5520629882812,769.4000136473305,731.2901444599279,737.062160780223,81631650
2024-06-06,769.4493408203125,772.2859977724349,762.9867083301413,772.0147015010076,46422870
2024-06-07,776.1832885742188,781.6099363682906,765.675361251112,770.115345809898,36712216
2024-06-10,770.23876953125,779.784725413951,768.4134061980604,776.5040577255814,22454058
2024-06-11,771.9653930664062,775.0240252200629,765.7493660748642,767.6240504407497,29545326
2024-06-12,776.5780029296875,783.5586575880445,772.7546827700062,776.9973227739393,39280436
2024-06-13,779.8340454101562,782.2760131134276,776.5040566032491,780.3273770852536,24120192
2024-06-14,787.8013305664062,788.8373149959045,778.329326673916,781.4373401835603,25540554
2024-06-18,793.1785888671875,794.5105601294592,784.1259056214269,787.8012622589033,32415714
2024-06-19,817.869873046875,823.8145435842582,791.3039754417663,795.941305047812,90131196
2024-06-20,823.5431518554688,829.5124525875813,814.983860042712,823.7651872236406,41408742
2024-06-21,821.7672119140625,825.2698546527171,810.6179284522095,825.2698546527171,51630776
2024-06-24,825.0478515625,826.3798229097616,811.9005512360641,812.5172157896385,28544994
2024-06-25,844.2631225585938,847.025767804676,824.4065232844747,824.4065232844747,74521548
2024-06-26,839.40380859375,844.041138181783,834.2731473521208,842.5857736709851,47596666
2024-06-27,836.7644653320312,845.0770913433391,832.0531241260426,836.7397746618053,55074650
2024-06-28,830.671875,841.9198007397313,828.3038589383985,837.4798157900913,26476046
2024-07-01,841.2290649414062,842.2651095333842,828.7971320491276,828.7971320491276,21187024
2024-07-02,853.7597045898438,855.8810546817267,840.0204307746837,846.0637432263002,45921690
2024-07-03,872.531005859375,885.0369507276009,870.5576793248654,883.5569558267186,123217802
2024-07-04,852.0578002929688,868.1404005851939,850.9231133709549,868.1404005851939,45848658
2024-07-05,813.0598754882812,831.2638253093144,810.1492067263514,831.2638253093144,82242548
2024-07-08,806.7698974609375,816.4391857049037,802.7246020410699,811.678583484828,39087800
2024-07-09,807.3372192382812,812.3691778178521,799.369901303005,801.6639054458949,48550878
2024-07-10,802.20654296875,809.063864597064,799.5672308205436,804.1058576798249,45507182
2024-07-11,800.1346435546875,802.0832795528332,789.8239996598078,801.1459373403621,44177074
2024-07-12,800.5292358398438,808.2745787950348,794.8312914757237,800.1839277769812,56049960
2024-07-15,800.2332763671875,804.031966294815,796.8292758573642,800.9239527377698,33375694
2024-07-16,799.0739135742188,802.6505679180453,797.6186093434653,799.5672452078501,28950324
2024-07-18,796.6320190429688,801.1459557272271,788.9113662252444,793.2773395385489,33717064
2024-07-19,792.9319458007812,800.677228233124,791.0572615353138,797.2239068544229,26002152
2024-07-22,810.3218994140625,814.4905276323838,795.5712715150735,797.7172520784763,53744822
2024-07-23,798.407958984375,812.9119216218081,791.7973027922226,812.7885887086006,52002152
2024-07-24,791.3286743164062,799.6906218755655,783.4353677463822,793.3513220807449,61728206
2024-07-25,797.5198974609375,801.6638951787058,785.8772830890329,785.8772830890329,25535732
2024-07-26,798.2846069335938,800.0605887969758,787.5792741911353,791.7972838101718,43810540
2024-07-29,791.822021484375,805.0432741154053,788.4920327099303,796.7306475152811,51001148
2024-07-30,797.0020141601562,806.4739582617092,788.8373508245744,790.317345854264,54595834
2024-07-31,797.1006469726562,803.0946388161857,793.8693004409521,796.2373165488889,37820484
2024-08-01,808.471923828125,814.0219048337823,798.1859108540549,800.627938629233,26215174
2024-08-02,818.51123046875,824.1105327295066,804.6239322848401,804.6239322848401,44119238
2024-08-05,797.1006469726562,812.0239300120638,789.824004829474,809.1132611105608,41333634
2024-08-06,789.922607421875,805.5858871810888,786.0253355957136,804.1305829139676,45116050
2024-08-07,800.9239501953125,804.1306059860544,790.4159617464212,797.7172944045706,42346264
2024-08-08,810.3958740234375,815.6252376687839,798.8272709671206,801.1705962949537,33976950
2024-08-09,814.0958862304688,820.1885804457108,811.9252750900921,814.9839073123685,26644618
2024-08-12,818.9797973632812,826.7990913723679,812.6898193077751,814.9838233487179,39316196
2024-08-13,790.9093017578125,805.3146225179424,789.8980079765901,803.1439511462899,54055042
2024-08-14,793.1785888671875,796.0891971974215,790.9092152779186,792.5372336839343,32334428
2024-08-16,805.1665649414062,806.177918901087,794.7572792867222,803.3905830654421,27849246
2024-08-19,804.895263671875,807.9045746403995,801.0225621096914,807.9045746403995,19502164
2024-08-20,807.92919921875,812.0238759013653,802.8725499307859,802.8725499307859,31134494
2024-08-21,802.05859375,806.3752455426795,798.1119406824072,803.1932203742449,47630904
2024-08-22,804.77197265625,808.2252943260683,803.1439540663039,805.1172807347715,21300638
2024-08-23,801.6885986328125,806.1038926835937,800.6772446912317,806.1038926835937,20333422
2024-08-26,809.0392456054688,812.9858989531632,805.2159251748899,805.2159251748899,22364266
2024-08-27,807.9539184570312,812.714580974844,805.2159036816922,810.7412543536698,35773244
2024-08-28,807.6332397460938,808.9405806750858,804.2292392849356,807.9539173658313,26921188
2024-08-29,808.3485717773438,811.2345497877237,804.6979056469421,810.0505418236547,49052604
2024-08-30,807.5346069335938,819.9172195651064,799.7646332824804,816.9572296027775,445342100
2024-09-02,802.6258544921875,812.4185353190471,800.7758609185206,812.4185353190471,34049680
2024-09-03,807.7565307617188,809.0391809529892,801.4665524914798,806.1038818486695,37282860
2024-09-04,809.9519653320312,811.4319603519671,805.1172908451134,808.5706125582972,24682744
2024-09-05,811.7525024414062,813.947864316631,810.0505324148638,812.0238589250097,22876318
2024-09-06,807.5592041015625,812.8872099026286,806.1532209716318,808.2252499925564,26029602
2024-09-09,812.2705688476562,813.2572321563082,804.1799176724811,808.0772497858858,23792914
2024-09-10,814.169921875,815.9705945420105,808.0772877024264,815.9705945420105,26606646
2024-09-11,810.9879150390625,815.2305552034559,808.6692201411954,814.1945707781381,22226684
2024-09-12,822.1865234375,823.8638631072175,812.541925723635,815.970556634334,32424046
2024-09-13,821.8658447265625,825.8371886289187,817.4752411837702,825.8371886289187,23860532
2024-09-16,824.3324584960938,827.7118283198007,820.9285184448568,822.383822656841,15172820
2024-09-17,823.2718505859375,827.8104775064535,820.9778464556504,827.8104775064535,20127122
2024-09-18,836.0985107421875,838.1211584780381,824.4065144173259,824.7765131575844,40917342
2024-09-19,842.8571166992188,848.0370989791965,838.2444778560398,838.2691083056365,30651776
2024-09-20,858.989013671875,860.8390072921377,842.3884524296358,846.8037464482039,60623386
2024-09-23,868.1650390625,871.3963251528371,858.5203814686755,862.8370332933276,26965350
2024-09-24,872.2350463867188,878.9443447710721,865.4270455398441,870.7303607683197,33039036
2024-09-25,877.6863403320312,882.0770041306025,868.3377295053485,868.3377295053485,31965312
2024-09-26,879.832275390625,882.0769584056752,872.2350164313859,874.7016745924757,31899644
2024-09-27,864.6377563476562,877.2423442796407,863.3304153886946,876.6503703689774,35613502
2024-09-30,854.47509765625,864.0456833682003,850.701098537286,862.738402689165,26383534
2024-10-01,851.5890502929688,859.3837142697525,848.5797393423385,850.5037447767241,24572284
2024-10-03,829.7838134765625,851.5644172954591,825.5164827720641,846.3844351066934,48473398
2024-10-04,817.771240234375,834.0511850540141,815.4772359655595,826.083866681385,48683232
2024-10-07,798.1119384765625,818.4371776300311,795.7439225540929,815.0824984433904,94458296
2024-10-08,814.5151977539062,817.351854577489,800.1838900610866,804.1305430330278,29734406
2024-10-09,805.6846313476562,817.3272467507278,803.4892692768091,813.750592132383,41125642
2024-10-10,820.114501953125,821.6191272702827,805.363874384187,808.5705299330368,21754766
2024-10-11,814.4906005859375,821.1258875682706,810.6672800804614,821.1258875682706,23672594
2024-10-14,832.7931518554688,834.741848018609,815.9705545228965,816.9819085005773,18527508
2024-10-15,830.81982421875,837.6771462351046,826.5771840500105,835.7038196244212,19651130
2024-10-16,838.565185546875,842.585790426718,828.8465156450762,828.8465156450762,20470682
2024-10-17,825.4178466796875,837.5044718768119,821.4958240034423,836.1724403142362,14695732
2024-10-18,829.7098388671875,834.2238355924767,816.0198853262701,820.4598702584595,24809724
2024-10-21,852.8223876953125,862.4177242903107,844.1151323678729,846.063768270474,46548354
2024-10-22,845.841796875,858.3970631644344,843.9424218629189,853.4884373802005,38875280
2024-10-23,856.3251342773438,861.603759041874,841.1551854708522,841.1551854708522,38036090
2024-10-24,863.15771484375,872.5310159915173,857.4597103207274,857.4597103207274,30832258
2024-10-25,860.0744018554688,867.2030200365818,852.8223905419693,865.7970368926951,26130478
2024-10-28,855.5357055664062,863.8237012026692,852.9210840084185,859.383716444917,22012142
2024-10-29,864.2430419921875,870.2370336046123,851.0464203091243,851.5644426318723,35794926
2024-10-30,855.7330932617188,865.6737383463702,850.6024319063034,859.3837596235229,32715724
2024-10-31,856.2756958007812,857.8543931673494,848.234426273393,852.4770662952162,22895912
2024-11-01,857.0651245117188,860.419743696405,851.5397737386437,854.9437742666823,1759692
2024-11-04,845.6197509765625,860.8637106769045,844.0411138190809,860.8637106769045,28089248
2024-11-05,867.2030029296875,869.5956493162819,837.6277954866241,840.1437747820238,44232406
2024-11-06,865.92041015625,873.9370497603172,861.0364145993881,873.9370497603172,27787910
2024-11-07,861.62841796875,868.7323455565536,857.4104082699865,860.5184217555121,18895456
2024-11-08,865.5256958007812,869.1517316326272,861.2830556229201,864.3170573375987,19902986
2024-11-11,871.3717041015625,879.5116762015548,863.9223481240455,865.5750573030832,24565362
2024-11-12,847.6423950195312,875.6636561032956,842.9311140165652,874.1836611915717,31395406
2024-11-13,829.463134765625,853.1677439816382,825.3438276461692,846.9270867373347,35728500
2024-11-14,835.087158203125,841.05645917869,824.8998474928816,825.39317914741,27146470
2024-11-18,841.1797485351562,847.987749103584,836.1971111266544,838.6637692715708,27081968
2024-11-19,859.507080078125,865.1803941380466,839.9957889401087,845.5704607570133,50981272
2024-11-21,858.989013671875,867.7703408111802,855.5356922473849,863.0343691875372,35716512
2024-11-22,861.1597290039062,865.4517505554312,853.2417920363309,860.1484352390544,24773612
2024-11-25,880.8929443359375,889.7482832055338,870.6810037082952,880.6216480727867,427737274
2024-11-26,880.8683471679688,892.9302818593218,873.0983737208503,892.9302818593218,30935566
2024-11-27,894.06494140625,896.5562300169572,880.6709755435701,883.0143007972586,32714976
2024-11-28,884.6176147460938,905.8061839354122,882.07694483503,897.3702251985009,35722392
2024-11-29,886.04833984375,890.2662893460416,879.561016559754,888.6383310231244,27669536
2024-12-02,890.3156127929688,892.0176431336934,875.6636867426915,889.7236388960249,15110876
2024-12-03,900.9715576171875,906.4475265301775,895.9395389832724,899.1955156163089,43410242
2024-12-04,917.6461791992188,920.0635162996781,903.3642521901575,906.7435619082082,44669084
2024-12-05,920.4335327148438,927.4388181075851,905.3622266087298,917.596875706611,39682714
2024-12-06,915.5494995117188,919.6688066050771,909.7035317020062,916.1168429341786,17783156
2024-12-09,922.5301513671875,927.4634676846591,912.1701871004972,914.4641912323508,26947912
2024-12-10,921.5928344726562,926.3288062229569,916.881553393078,926.3288062229569,13325480
2024-12-11,919.1261596679688,923.4675021564423,915.9935158212785,918.4354833328279,14045426
2024-12-12,917.2268676757812,921.864197216933,912.0221946944998,913.1568815747593,17293790
2024-12-13,923.3934936523438,924.9968214762359,902.4268990322158,918.8301759997277,19009002
2024-12-16,920.1621704101562,922.5054957499956,915.2535445762154,920.1128492893367,13107082
2024-12-17,904.4002685546875,918.7562078618506,901.0702798391582,915.7962178924912,21079532
2024-12-18,893.2755737304688,905.7568882727958,891.5242825465077,902.7228866518356,23422312
2024-12-19,884.790283203125,888.5395915672278,877.6369745293333,887.7995941182149,25380770
2024-12-20,873.93701171875,886.7883251977108,871.7417099804251,879.2156362475025,25692348
2024-12-23,888.4902954101562,890.956953642833,878.7716860618692,879.1169941259847,11044592
2024-12-24,887.0596313476562,892.2889348142179,882.8416818560752,889.0083275055933,14485834
2024-12-26,883.4336547851562,893.916952377888,878.5003382709294,887.2816657547127,10481678
2024-12-27,887.1336669921875,890.9322967259654,882.6196702111419,885.4316968356189,7259330
2024-12-30,877.0943603515625,895.3969526845203,873.6903598921683,884.1489668763874,22222218
2024-12-31,874.60302734375,879.0183818635131,871.0263727843891,873.3450677348718,14117236
2025-01-01,879.4869384765625,885.0369191568942,868.8062969452952,874.8989303590305,7313806
2025-01-02,884.9136352539062,889.6989281059142,874.6770036544534,876.699651347947,18558576
2025-01-03,862.9356689453125,885.6536147489581,861.5050553855514,883.5569553072743,24426194
2025-01-06,843.8438110351562,866.8823756490298,841.5251763034672,858.4464162412277,18816348
2025-01-07,845.2744140625,849.0237223493897,838.6637582765616,846.063732614296,13527906
2025-01-08,835.8518676757812,844.4111600559388,830.4498497882179,842.7338203435289,19738190
2025-01-09,822.778564453125,833.237171528912,817.9932112311335,830.844525028491,40420222
2025-01-10,817.3272094726562,826.2811909461473,815.9705474379197,824.3571854708366,17453280
2025-01-13,804.5499267578125,812.3939122066796,801.3186405131205,809.0639234971638,21669066
2025-01-14,812.3198852539062,817.0558570637163,807.5839134440961,809.0145872775671,26661432
2025-01-15,810.5685424804688,820.2624606383587,807.2385540448483,817.2038286822469,14022892
2025-01-16,815.008544921875,819.201863784551,810.469857784879,815.4031740939097,21212454
2025-01-17,807.4605712890625,814.2438814190301,803.3905852110819,810.7905598983193,23112076
2025-01-20,814.6138305664062,819.3991231510713,802.1572072678132,802.1572072678132,17557618
2025-01-21,810.2478637695312,819.4485105158285,805.6352251722408,818.0671578930118,31158144
2025-01-22,821.9152221679688,824.8012002853578,801.8859089377631,810.2479165643738,30619306
2025-01-23,821.347900390625,832.2505181334424,814.6139111249832,832.2505181334424,34909158
2025-01-24,813.8986206054688,824.0119199318104,811.2839386423929,818.9305795964561,24236200
2025-01-27,804.0319213867188,810.839861804967,802.157237088582,809.6065327196525,22804166
2025-01-28,824.0611572265625,830.918478848159,812.5171851743912,812.5171851743912,30179312
2025-01-29,827.4651489257812,829.3644636153648,823.2964606110903,826.3304621132276,12619890
2025-01-30,834.470458984375,837.627793486482,825.1218486077116,829.2904768269195,25744846
2025-01-31,838.047119140625,840.9824182950722,830.7457868177106,832.3738053097981,15821686
2025-02-01,834.1990966796875,845.0770832229423,826.8485035606199,837.4304429485957,5587528
2025-02-03,827.8104858398438,832.1518283284162,820.6324864421063,823.8638327488314,20276540
2025-02-04,848.9744873046875,851.391824544325,828.8219005259823,833.0891713164636,28616502
2025-02-05,857.311767578125,860.4690419690123,847.9877873258422,854.9437515638108,23675506
2025-02-06,860.29638671875,862.8370567631686,850.5037655001158,856.1770794811201,26760716
2025-02-07,854.8203735351562,871.7169816976605,850.9970534399911,863.3303440695562,23509600
2025-02-10,846.4337768554688,850.2324064646851,842.857122399865,847.1984649999539,17195950
2025-02-11,839.3544921875,844.090464044396,833.0891440189461,840.1438107934578,22724704
2025-02-12,842.0184936523438,844.5837941723514,829.389155095277,835.2104927183359,22809570
2025-02-13,837.5291137695312,845.6937766231139,835.4818356095761,838.1704689996619,12602434
2025-02-14,836.1231079101562,839.601120018604,828.7971451888767,839.601120018604,19959892
2025-02-17,847.2230834960938,848.5304243918573,829.413823260936,831.3624591587258,12938946
2025-02-18,850.0350952148438,854.2284140997132,841.697778564227,845.1017788797033,16350910
2025-02-19,852.0823974609375,857.3610822217985,844.8057556604201,847.0504387449713,11884112
2025-02-20,832.2998046875,845.9157460199498,831.4118438608401,844.0904430253034,26390510
2025-02-21,834.9638061523438,836.1724445897772,827.4404985932164,829.2411711352042,15680940
2025-02-24,827.3665161132812,830.8691588600108,819.4732095421047,829.3398427560753,20693646
2025-02-25,829.9564819335938,832.7438177754724,824.406500920576,824.406500920576,24138708
2025-02-27,839.0090942382812,843.9671012979777,830.0551731686357,830.0551731686357,35786800
2025-02-28,854.6477661132812,857.0404125816553,831.2638337603047,831.2638337603047,54516728
2025-03-03,839.4285278320312,859.9017921530082,835.7531707549724,858.2984642242569,21205364
2025-03-04,843.5971069335938,845.7184570804238,835.3338019387764,837.6771272358142,19920958
2025-03-05,833.73046875,843.991790915382,832.8671383829512,839.6257577393887,21583872
2025-03-06,834.3224487304688,838.6144701478811,824.973838204501,832.2504799228543,32966088
2025-03-07,833.3604736328125,839.2311321984157,827.6131479773222,829.7838192395386,13372914
2025-03-10,832.4971313476562,838.6144556459366,830.3018296675241,833.2371287977431,15604050
2025-03-11,831.510498046875,835.7038170818192,823.8885481247595,829.9811819724781,19898430
2025-03-12,844.1644897460938,847.7904654359072,834.4952011662076,834.4952011662076,18784106
2025-03-13,841.9197387695312,848.9250839737969,838.688452760047,846.5817587561914,15736264
2025-03-17,843.7944946289062,850.5037932506908,841.1304915849349,841.1304915849349,18950652
2025-03-18,843.7944946289062,843.7944946289062,843.7944946289062,843.7944946289062,0
2025-03-19,860.4197387695312,863.823739278078,854.5490799535085,855.930432694155,15221406
2025-03-20,872.580322265625,875.1703133281802,862.9850461318551,865.3036807089222,17833978
2025-03-21,873.3696899414062,875.2196836615442,866.0684175252852,866.0684175252852,33508264
2025-03-24,887.9969482421875,890.1676194932312,874.997671627427,877.6369838460287,17393736
2025-03-25,898.5789184570312,909.5555477752322,888.7369760332164,890.4143157035983,39101416
2025-03-26,891.2283325195312,901.5636066855513,888.9836493829623,900.3302775382388,24478442
2025-03-27,900.5029296875,908.2235821777275,887.0596420099644,887.9969842041877,41658100
2025-03-28,901.9088745117188,905.7568853680813,890.8829244709937,902.3035639097062,28773648
2025-04-01,872.1363525390625,892.8809726796349,870.9030234039785,888.9836405685396,28511006
2025-04-02,886.4676513671875,887.602278026219,873.5423260418547,873.5423260418547,11573564
2025-04-03,885.456298828125,889.9702954640933,876.6503409310941,878.6729886492828,11250038
2025-04-04,896.5316772460938,908.6922548603657,893.4729847277881,894.4103269547068,33540454
2025-04-07,867.1289672851562,878.0562747489253,857.5090006629878,869.6450067324856,37995450
2025-04-08,872.7777099609375,879.1170096868965,863.4784203033727,870.730371547347,35563872
2025-04-09,870.7303466796875,875.6636630914704,865.0570328061372,870.7303466796875,22454608
2025-04-11,891.3269653320312,897.567622795633,875.540352413462,875.540352413462,32775766
2025-04-15,920.0142211914062,925.8848799667485,915.1302257322174,920.0635423129839,49298344
2025-04-16,926.4768676757812,929.33821542373,917.8435635307726,929.33821542373,19136820
2025-04-17,940.6354370117188,947.048748489299,925.835487448072,928.4501692927759,35703084
2025-04-21,950.6994018554688,962.3420166432835,942.2634427629204,949.170085798879,34247298
2025-04-22,967.7686767578125,972.1593405008402,954.5967457498784,954.5967457498784,45961750
2025-04-23,949.1207275390625,976.2539669757358,947.4433879660209,976.2539669757358,30570642
2025-04-24,945.6181030273438,949.1207455952106,939.8460867592294,942.2634238174406,25931754
2025-04-25,942.8554077148438,953.6100615716746,933.2848220611925,949.5647662059754,18500878
2025-04-28,947.29541015625,951.982060830828,941.4741328194633,942.8554253066497,13920492
2025-04-29,941.6714477539062,951.5380804410966,937.4287475214969,946.6047640975014,18918308
2025-04-30,949.6633911132812,955.5340495753018,942.4114402150566,943.7434115323153,31936870
2025-05-02,948.1341552734375,958.0007887427045,947.1968130496268,952.0314875380283,17840404
2025-05-05,955.4847412109375,962.9833580251333,953.2647488384409,956.5700467268101,15068024
2025-05-06,952.9686889648438,957.112686715781,949.3180830668039,952.1300492793257,17490156
2025-05-07,959.8260498046875,961.355365881208,948.3807795701131,954.1034146874002,21420778
2025-05-08,951.3900756835938,964.364722012384,946.752746184645,964.364722012384,34803430
2025-05-09,932.248779296875,946.7034204881495,930.8181657127636,942.3127568324845,17188796
2025-05-12,965.5487060546875,966.880737676539,943.3981625785179,946.0127842578852,18618972
2025-05-13,948.4793701171875,967.7686246091653,947.1967199365026,961.9966686855105,24242102
2025-05-14,942.5594482421875,952.2287366384547,938.8101397074491,948.2327622761527,15445308
2025-05-15,954.0047607421875,959.4314088460198,935.85013208818,943.9901042439285,32241458
2025-05-16,954.44873046875,958.9380967138302,951.340777169636,954.0047801554118,15868010
2025-05-19,956.4220581054688,959.5300716290252,952.6234284399217,955.5834183781088,10202964
2025-05-20,944.6807861328125,954.3993955236706,943.7434439560598,951.1927398071444,23879090
2025-05-21,950.5514526367188,960.4674068130723,947.739426083267,950.6500948788123,15132040
2025-05-22,947.1474609375,949.2687509312965,939.895449442171,944.828766015395,21306670
2025-05-23,953.9060668945312,955.583406549638,944.4834444188342,947.246089616049,9566072
2025-05-26,957.1619873046875,961.9473401627192,950.6007128758197,954.5966869630639,10802860
2025-05-27,950.3047485351562,961.0100208805311,945.3714322062008,952.9193700568147,26162148
2025-05-28,948.9234008789062,954.3500488693757,946.0620533045636,947.2953823933067,18157594
2025-05-29,950.896728515625,957.4580633637506,940.9314535555673,951.1433943336576,28917794
2025-05-30,959.480712890625,961.4047183192448,949.8607459686729,953.0674016093235,28748078
2025-06-02,953.166015625,955.09002099665,941.2767355690125,952.1793523801688,14668822
2025-06-03,949.466064453125,962.9833634640112,947.1967509482078,956.0767204883472,24377584
2025-06-04,957.6553344726562,958.6913790708478,947.6407385330224,947.690059651711,12961542
2025-06-05,961.79931640625,966.3873245707182,957.1619871239031,961.0099978567567,22255418
2025-06-06,976.1552734375,984.8379583134906,958.3953347348495,959.0366899431259,30127008
2025-06-09,976.2540283203125,984.1966559557253,974.7740333489505,984.1966559557253,13202588
2025-06-10,969.5447387695312,978.1780428487654,967.472709657825,978.1780428487654,15533126
2025-06-11,962.1940307617188,970.6793107759778,960.516691162301,970.6793107759778,11096394
2025-06-12,958.74072265625,967.4233474890254,954.7447484104943,961.9966994408974,16349130
2025-06-13,946.0127563476562,953.6100757725884,943.7434428106371,947.19676434732,12117762
2025-06-16,954.7940673828125,956.520728121515,947.2460692080249,949.1700746468088,16513746
2025-06-17,951.9327392578125,957.852719054467,946.7527569357399,955.5834055099792,16978736
2025-06-18,954.0540771484375,955.2380851367438,945.7167603313338,945.7167603313338,18433816
2025-06-19,954.7447509765625,960.4180648603083,949.9593979158449,954.0540746334422,16876220
2025-06-20,969.2486572265625,971.8140179089729,952.9193918485255,952.9193918485255,32900408
2025-06-23,961.2073974609375,965.8940481289003,957.9514206200562,961.2073974609375,11739518
2025-06-24,967.3740234375,976.3033140635843,964.7593416610487,969.3966711141703,22625322
2025-06-25,976.8953247070312,977.7833457795492,968.854054817417,969.8900392545883,18405932
2025-06-26,997.4179077148438,1000.0325292056699,976.7966216145232,977.4872979366618,50084830
2025-06-27,1004.9491577148438,1007.393088107433,994.2258430942326,1004.0015037809444,28213384
2025-06-30,998.2658081054688,1004.400566128524,995.2732550959096,1003.2533964547342,13649020
2025-07-01,1003.5526123046875,1005.4977838847651,999.5126780283082,1000.0114368496795,14389386
2025-07-02,990.5350341796875,1007.4429706558585,986.4950998423908,1007.4429706558585,18878250
2025-07-03,991.0836181640625,1001.507689459166,989.6871300276722,994.9739612315547,16860506
2025-07-04,992.1809692382812,999.2633203019867,987.5424877454124,991.0836632772651,7863944
2025-07-07,991.2332763671875,996.7196233059492,989.4377568185034,992.0312782906421,11349426
2025-07-08,998.2159423828125,1000.0114620081927,986.0462146584523,986.0462146584523,15224316
2025-07-09,1003.1036987304688,1004.4005203490875,996.5699704674603,1001.0089360727129,13861428
2025-07-10,1000.6099243164062,1005.9965439473215,997.5176439735463,1005.4977851253348,17030310
2025-07-11,989.3878784179688,999.9117385623401,987.9913902076418,996.5201541247731,12516922
2025-07-14,989.0387573242188,991.8816582943851,982.8541356715338,989.0387573242188,13088850
2025-07-15,995.2732543945312,999.3131887778599,984.0511806165923,984.0511806165923,14498168
2025-07-16,995.6722412109375,1008.8394251469304,993.826797075495,1006.4952830829005,17994612
2025-07-17,990.98388671875,999.9116815490105,988.8890631972324,999.5126501495852,22529158
2025-07-18,976.2705078125,996.0213445308241,974.0759568696542,990.9838927216935,16129446
2025-07-21,997.7670288085938,998.5151670456409,985.7968170158388,986.6446826643673,22309078
2025-07-22,1001.058837890625,1006.4953213272488,999.0139388595042,1004.051390877723,14836814
2025-07-23,1009.6375122070312,1012.3806857402005,999.0139248978445,1003.0039954915454,13634916
2025-07-24,1004.5999755859375,1016.3208076773761,1001.7072110041944,1016.3208076773761,19107176
2025-07-25,1002.2999877929688,1007.5,999.5,1007.5,9306598
2025-07-28,1004.25,1010.7000122070312,1000.25,1001.5,12059580
2025-07-29,1010.7999877929688,1013.25,998.1500244140625,999.9500122070312,19895696
2025-07-30,1012.9000244140625,1016.2999877929688,1008.5,1014.0,15154036
2025-07-31,1009.0999755859375,1015.7000122070312,1004.0,1007.2999877929688,22183032
2025-08-01,1006.0999755859375,1014.1500244140625,1004.6500244140625,1007.0,11317258
2025-08-04,996.0,1009.25,994.0499877929688,1005.0499877929688,13933946
2025-08-05,988.7999877929688,997.2000122070312,982.75,993.25,23978058
2025-08-06,992.6500244140625,994.0,985.0,985.5499877929688,14080204
2025-08-07,997.7000122070312,1000.7999877929688,988.4000244140625,990.0499877929688,13081186
2025-08-08,986.9500122070312,996.4000244140625,985.0,993.5499877929688,13895264
2025-08-11,997.7999877929688,998.7999877929688,986.5499877929688,987.9500122070312,9105854
2025-08-12,984.9500122070312,998.0,983.75,995.9500122070312,12937802
2025-08-13,990.1500244140625,997.0,984.5499877929688,997.0,13577396
2025-08-14,995.5499877929688,998.0,985.5999755859375,989.0,17511716
2025-08-18,1001.7999877929688,1013.2999877929688,997.7999877929688,1005.0,19284796
2025-08-19,995.5499877929688,1003.0499877929688,993.3499755859375,999.1500244140625,12352438
2025-08-20,994.0999755859375,996.0,989.5,993.5,9950228
2025-08-21,995.5999755859375,998.75,991.5999755859375,998.75,12439850
2025-08-22,982.2999877929688,998.0,978.5499877929688,994.9500122070312,19833502
2025-08-25,982.0499877929688,988.7000122070312,978.5,980.0999755859375,17518044
2025-08-26,973.4000244140625,985.7000122070312,968.0,979.5,16917731
2025-08-28,957.7999877929688,972.2000122070312,955.0,967.0,25438255
2025-08-29,951.5999755859375,963.2999877929688,950.0999755859375,954.0,14823813
2025-09-01,950.5999755859375,957.4500122070312,946.3499755859375,949.5999755859375,20178344
2025-09-02,944.5,954.7999877929688,944.0,951.0,14196320
2025-09-03,954.4500122070312,956.2999877929688,940.0,945.0,16083481
2025-09-04,961.25,965.7000122070312,956.25,960.2000122070312,17597657
2025-09-05,963.4000244140625,967.5,954.0499877929688,967.5,11602111
2025-09-08,966.0,973.1500244140625,960.4500122070312,969.0,11711307
2025-09-09,965.1500244140625,974.4000244140625,962.7000122070312,974.0,13985539
2025-09-10,965.9000244140625,973.9000244140625,961.7000122070312,973.9000244140625,18091100
2025-09-11,967.7999877929688,969.25,959.9000244140625,960.2999877929688,15113633
2025-09-12,967.2999877929688,970.75,962.25,969.9000244140625,14363519
2025-09-15,967.0499877929688,972.3499755859375,965.0,969.5999755859375,14486377
2025-09-16,966.8499755859375,969.3499755859375,961.2000122070312,961.2000122070312,18661794
2025-09-17,966.5,974.4000244140625,964.3499755859375,965.1500244140625,17361476
2025-09-18,976.9000244140625,979.6500244140625,969.25,973.2999877929688,17791598
2025-09-19,966.9000244140625,976.7000122070312,962.0999755859375,974.9000244140625,31243267
2025-09-22,964.2000122070312,971.2000122070312,961.9500122070312,964.0,10854415
2025-09-23,957.2000122070312,968.2000122070312,955.5,967.0,21022298
2025-09-24,951.0499877929688,956.4500122070312,943.0,952.2000122070312,15117220
2025-09-25,949.8499755859375,958.0,947.4000244140625,952.5,31413279
2025-09-26,945.0499877929688,951.4500122070312,941.2999877929688,945.0999755859375,14874656
2025-09-29,950.2999877929688,956.7999877929688,939.0999755859375,946.0499877929688,32398179
2025-09-30,951.0,960.0,946.2999877929688,958.0499877929688,28296687
2025-10-01,965.25,969.5999755859375,946.0,952.7000122070312,25350832
2025-10-03,965.1500244140625,966.75,952.0,952.0,26658296
2025-10-06,973.4500122070312,977.4000244140625,962.0,971.9000244140625,18542683
2025-10-07,982.5,989.8499755859375,971.0,974.0,25535736
2025-10-08,978.7000122070312,985.9000244140625,974.5499877929688,976.0,15939710
2025-10-09,977.0999755859375,979.0,970.1500244140625,974.5,15370950
2025-10-10,980.9000244140625,986.2000122070312,978.0999755859375,979.0,13757080
2025-10-13,977.0,981.0,972.0,974.2999877929688,18634254
2025-10-14,977.1500244140625,980.4500122070312,967.0,970.0,22934382
2025-10-15,978.25,984.9000244140625,973.3499755859375,975.0,23310447
2025-10-16,994.3499755859375,996.5999755859375,981.5,982.6500244140625,22936566
2025-10-17,1002.5499877929688,1009.0,986.0,993.9500122070312,25210511
2025-10-20,1002.9500122070312,1020.0,997.0,997.0,22195202
2025-10-21,1007.7000122070312,1010.0,1004.0,1006.0,3471600
2025-10-23,1008.7999877929688,1020.5,1006.0,1016.0,43526526
2025-10-24,994.75,1011.9500122070312,991.2999877929688,1011.0,17707768
2025-10-27,1002.9500122070312,1009.0499877929688,996.2000122070312,996.5,15700796
2025-10-28,1003.5499877929688,1008.0,995.0,997.6500244140625,33904289
2025-10-29,1007.8499755859375,1012.5,1000.0,1004.9000244140625,17769445
2025-10-30,998.1500244140625,1009.5,997.0999755859375,1000.0,19962917
2025-10-31,987.2999877929688,1004.4500122070312,981.1500244140625,994.0,23221330
2025-11-03,992.6500244140625,994.5499877929688,983.2999877929688,985.0,16607180
2025-11-04,985.25,997.0,983.7000122070312,987.0,20024544
2025-11-06,984.6500244140625,991.0499877929688,974.0,981.0,22279516
2025-11-07,982.2999877929688,984.9000244140625,974.75,980.0,15004568
2025-11-10,984.5,990.9500122070312,980.2000122070312,982.2999877929688,15988262
2025-11-11,991.7000122070312,993.5,978.0,983.5,10200530
2025-11-12,989.5,999.0,987.7000122070312,998.7999877929688,13137263
2025-11-13,986.6500244140625,990.0999755859375,982.5999755859375,984.0,14124839
2025-11-14,989.5999755859375,991.6500244140625,976.0499877929688,976.0499877929688,21386965
2025-11-17,996.5499877929688,997.9500122070312,985.5999755859375,991.25,18396408
2025-11-18,992.4500122070312,999.0,990.0,997.6500244140625,20002640
2025-11-19,994.5999755859375,996.5499877929688,984.0,990.0,19813847
2025-11-20,1008.8499755859375,1011.5999755859375,992.4500122070312,995.2999877929688,19850865
2025-11-21,998.0499877929688,1008.2999877929688,996.5499877929688,1003.0999755859375,17499897
2025-11-24,999.1500244140625,1011.4500122070312,993.5999755859375,1000.0,32204053
2025-11-25,989.7999877929688,1006.0999755859375,988.4000244140625,1004.0,24989383
2025-11-26,1003.9000244140625,1006.9500122070312,981.2999877929688,981.2999877929688,19494356
2025-11-27,1009.5,1016.7999877929688,1001.0,1002.0999755859375,25536848
2025-11-28,1007.5999755859375,1012.0499877929688,1004.2000122070312,1007.0,15988807
2025-12-01,1002.0999755859375,1017.5,999.2999877929688,1017.5,16746566
2025-12-02,989.7999877929688,994.4000244140625,985.0,988.0,27316662
2025-12-03,1000.5,1002.2999877929688,986.0,986.0,15448777
2025-12-04,997.2000122070312,1004.7000122070312,993.0,1000.0,14528169
2025-12-05,1003.2999877929688,1008.0,990.2000122070312,992.0,12843366
2025-12-08,1003.0999755859375,1006.5,997.5,1000.0,12901022
2025-12-09,997.0999755859375,1002.7999877929688,994.0,994.9000244140625,15294322
2025-12-10,989.7999877929688,998.5,985.2999877929688,997.5,15322830
2025-12-11,1000.2999877929688,1002.7000122070312,988.5,990.0,11844809
2025-12-12,1001.5,1004.7000122070312,998.2000122070312,1003.0,11988618
2025-12-15,996.0999755859375,1001.7999877929688,992.0,992.0,9790060
2025-12-16,994.2999877929688,998.7000122070312,990.0999755859375,990.0999755859375,20049088
2025-12-17,984.0,996.0,980.7999877929688,996.0,19080922
2025-12-18,979.7000122070312,987.4000244140625,973.2999877929688,973.2999877929688,14912404
2025-12-19,985.5,988.0,978.7000122070312,987.0,25952384
2025-12-22,987.7000122070312,992.9000244140625,983.9000244140625,988.0,13540411
2025-12-23,996.5999755859375,998.9000244140625,987.7000122070312,990.5,17927849
2025-12-24,997.2000122070312,999.4000244140625,993.0,993.0,13699996
2025-12-26,992.0999755859375,997.2000122070312,987.7000122070312,996.0,9360853
2025-12-29,991.7000122070312,997.4000244140625,987.2000122070312,993.0999755859375,13545749
2025-12-30,990.9000244140625,995.0,982.2000122070312,990.2000122070312,33155849
2025-12-31,991.2000122070312,997.5999755859375,987.5999755859375,991.0,10963454
2026-01-01,991.1500244140625,997.5499877929688,989.5,993.5,7132074
2026-01-02,1001.5999755859375,1003.2000122070312,988.7999877929688,991.1500244140625,11751459
2026-01-05,977.5,1006.4000244140625,976.2999877929688,1005.75,27647379
2026-01-06,962.2000122070312,966.7000122070312,956.0,962.7000122070312,31988783
2026-01-07,949.0499877929688,956.4500122070312,946.0,956.0,52884712
2026-01-08,946.7000122070312,953.0,941.4000244140625,944.7000122070312,21928849
2026-01-09,939.0,950.5999755859375,933.2999877929688,945.0,38183839
2026-01-12,936.9500122070312,942.0,929.5999755859375,937.5,21071666
2026-01-13,937.3499755859375,947.7000122070312,932.5999755859375,947.7000122070312,32042827
2026-01-14,925.4500122070312,940.0499877929688,920.2000122070312,930.0,36688248
2026-01-15,925.4500122070312,925.4500122070312,925.4500122070312,925.4500122070312,0
2026-01-16,931.0999755859375,935.9500122070312,919.2000122070312,922.0,37780235
2026-01-19,927.9000244140625,936.1500244140625,919.5,935.9000244140625,38191942
2026-01-20,931.2000122070312,934.5,919.5999755859375,929.2999877929688,36022727
2026-01-21,920.3499755859375,932.1500244140625,915.5,925.0,32766854
2026-01-22,918.7000122070312,928.2999877929688,913.2000122070312,928.0,44444755
2026-01-23,916.0999755859375,926.0999755859375,909.25,920.0,30985247
2026-01-27,926.4000244140625,931.2000122070312,905.0,906.0,44753093
2026-01-28,932.7000122070312,941.4500122070312,928.4000244140625,932.5,35347138
2026-01-29,935.5,939.2999877929688,924.3499755859375,930.0999755859375,37175628
2026-01-30,929.25,938.9000244140625,927.75,930.0,29691233
2026-02-02,928.0999755859375,929.7999877929688,909.2999877929688,915.0,28032106
2026-02-03,948.7000122070312,994.0,945.0,983.75,50336968
2026-02-04,953.0999755859375,957.2000122070312,947.9500122070312,952.5,24366770
2026-02-05,949.7000122070312,956.0499877929688,946.7000122070312,956.0,28103169
2026-02-06,941.0999755859375,948.0999755859375,937.5999755859375,945.0,18120272
2026-02-09,937.25,950.0,935.3499755859375,945.0,23947829
2026-02-10,932.4000244140625,940.9000244140625,929.9500122070312,930.0,31525385
2026-02-11,927.0999755859375,936.0,925.2999877929688,931.25,24869804
2026-02-12,920.5999755859375,928.5999755859375,918.5,927.0,33872203
2026-02-13,903.9000244140625,928.2000122070312,901.0,913.0,50188359
2026-02-16,925.7999877929688,929.5,902.0999755859375,903.9000244140625,18806989
2026-02-17,925.7000122070312,928.0999755859375,918.5999755859375,923.0,22599629
2026-02-18,924.7000122070312,925.5,919.5499877929688,923.2000122070312,12738702
2026-02-19,915.5999755859375,929.2000122070312,912.4500122070312,929.0,21209234
2026-02-20,911.8499755859375,917.8499755859375,908.4000244140625,911.0,22654907
2026-02-23,923.5999755859375,925.6500244140625,915.25,916.5,23270122
2026-02-24,910.5,927.9500122070312,909.1500244140625,927.9500122070312,31313985
2026-02-25,907.5999755859375,916.0,903.0999755859375,910.5499877929688,27884303
2026-02-26,898.5999755859375,912.0,895.0,912.0,41165937
2026-02-27,887.75,898.9500122070312,885.0,898.5999755859375,34620755
2026-03-02,879.4000244140625,887.75,871.5499877929688,876.2000122070312,38378924
2026-03-04,868.6500244140625,879.2999877929688,848.0,848.0,39862322
2026-03-05,877.75,881.4000244140625,863.5,873.8499755859375,31324582
2026-03-06,857.0499877929688,871.7000122070312,855.0999755859375,868.0499877929688,34439647
2026-03-09,840.7000122070312,842.4500122070312,821.5,825.0,35592613
2026-03-10,849.4500122070312,856.7999877929688,840.5999755859375,850.0499877929688,52866024
