Price,Close,High,Low,Open,Volume
Ticker,INFY.NS,INFY.NS,INFY.NS,INFY.NS,INFY.NS
Date,,,,,
2010-01-04,222.17855834960938,223.65826633156436,220.7073420270429,221.95744301345363,4069264
2010-01-05,222.9226531982422,223.7177755874956,221.1155285472091,222.80783932737577,6895528
2010-01-06,219.66978454589844,228.16538641743236,218.98945540264856,228.16538641743236,6817288
2010-01-07,214.73313903808594,219.96742546300044,214.150598912544,219.96742546300044,10892600
2010-01-08,209.55844116210938,214.58438247481917,209.03119007510182,214.21870130153846,12649312
2010-01-11,211.7227020263672,213.00257555417514,210.39181626305233,210.48536983781594,7849656
2010-01-12,219.99722290039062,220.5967672258605,212.60289825160032,212.60289825160032,24859680
2010-01-13,228.2079620361328,229.18593541545667,210.63421392030162,210.63421392030162,19704040
2010-01-14,228.73941040039062,229.85769310656485,225.37602910091968,227.82521812906273,8413904
2010-01-15,227.55311584472656,228.9732989130688,225.7119624696185,228.7394357479765,5049504
2010-01-18,228.47586059570312,228.76075683187577,225.86935693139853,226.46464514620266,6140088
2010-01-19,224.15992736816406,228.59057896313357,223.49662310130583,227.91024985907663,5837512
2010-01-20,226.013916015625,227.33205416613274,224.3386090993161,225.24428926566958,6091992
2010-01-21,223.25001525878906,226.60914056990515,221.10698250384388,224.763751829869,6682792
2010-01-22,219.03199768066406,221.9574049817539,217.0250182043816,221.10699346841386,13486496
2010-01-25,216.2001495361328,218.55152935226968,214.13364515448137,216.85496232880362,6498712
2010-01-27,212.79420471191406,215.4815131941123,211.33999283010456,215.32417877133236,9840856
2010-01-28,211.90130615234375,217.27164699313178,210.85955196337366,213.70843076586328,12732872
2010-01-29,210.51947021484375,212.60297941309204,204.50706210944344,208.5550103802629,15012280
2010-02-01,208.45713806152344,215.15412923841072,203.2568795667474,208.09571314086602,12308784
2010-02-02,207.49620056152344,212.6879681917764,205.93994298332905,212.6879681917764,9889384
2010-02-03,210.3238067626953,212.60291415483582,208.3508558717391,208.3508558717391,6405608
2010-02-04,206.56922912597656,210.05166039592982,205.16179380776546,209.62645460565466,6176408
2010-02-05,200.0763397216797,203.96697292278444,198.06086831416366,203.28238740931522,13544872
2010-02-08,204.40489196777344,207.67046343192877,199.3789522998186,201.96419464544184,9252480
2010-02-09,210.37486267089844,211.07219615284598,203.60983305356626,204.43898450904177,10387392
2010-02-10,209.7922821044922,212.2797359941187,208.18075630104903,211.83752612169653,7187984
2010-02-11,212.47109985351562,214.14640669349677,210.0516828011821,210.30680630256006,6453888
2010-02-15,212.48812866210938,216.2086801568375,210.4641652585822,213.19823079504852,8950128
2010-02-16,216.1278533935547,216.9400006294562,211.60366780331023,212.6029014400786,4418096
2010-02-17,214.18890380859375,218.249619093931,213.75946257126395,216.8719564898399,7991184
2010-02-18,215.4645538330078,216.59986176662173,213.62342079220798,214.55887366988088,3721696
2010-02-19,215.35824584960938,216.38725228869794,213.04087401826055,214.72043708868767,5998992
2010-02-22,218.41551208496094,220.4012110819077,217.28871650605345,217.28871650605345,5855400
2010-02-23,219.51675415039062,220.17156694099737,217.28016745239407,217.54380335762647,3786032
2010-02-24,219.09153747558594,220.9624429342321,216.93999204574263,218.38569171833282,5427016
2010-02-25,222.58253479003906,223.63278087758195,218.60685973198997,218.60685973198997,8729568
2010-02-26,221.2728729248047,223.65828194740516,219.58481812092168,222.72282905713084,10546368
2010-03-02,224.59373474121094,225.4228861663252,223.03322093375803,223.79009982003961,8534656
2010-03-03,226.74099731445312,227.61266922161607,223.88360597739128,225.45263201988644,5904976
2010-03-04,223.13099670410156,226.5496471368748,221.447177606765,226.37956481920446,6755240
2010-03-05,224.14292907714844,224.50861013241507,222.2167555563794,223.98985087238603,4984808
2010-03-08,226.1712646484375,227.85508409208023,224.3471355686603,225.61424079110537,8664992
2010-03-09,228.2462158203125,229.73869232149772,222.62500763622134,225.36332881891343,7958752
2010-03-10,226.14572143554688,228.88404283742827,225.35909064743788,227.4766073830596,7330952
2010-03-11,228.1611328125,229.18588274861793,225.35903127415122,226.6346484323068,4298424
2010-03-12,227.3362579345703,229.95127333959718,225.89481457102866,229.602596314127,3176920
2010-03-15,229.71746826171875,230.67418145670047,224.16853173082487,225.73328100714846,10582856
2010-03-16,232.3622589111328,233.43376524092244,228.10594402151037,229.61116864131347,5881344
2010-03-17,232.86817932128906,234.17780469344265,230.7166341281805,232.58753938097075,6352000
2010-03-18,237.0608367919922,237.59657969575392,233.0128677195063,233.0128677195063,8923048
2010-03-19,235.76390075683594,237.69007499177053,234.71789019212773,236.42296983776123,12582544
2010-03-22,234.49253845214844,236.15935386380397,233.25944135779295,234.04183681347203,4108528
2010-03-23,236.03176879882812,238.03023630622226,235.0665432085402,235.56829857185463,4792560
2010-03-25,239.30165100097656,244.06821382405374,233.93556440163232,235.64913606496617,15207528
2010-03-26,235.9764862060547,240.2412923477092,234.9687400908745,239.47592185881382,9105680
2010-03-29,231.02700805664062,235.56396124682516,229.63234164503237,234.54346755189306,13981704
2010-03-30,224.8573760986328,230.88678702025277,223.7093202515708,230.88678702025277,10649936
2010-03-31,222.4634552001953,227.6297065259738,221.66833267968613,225.69076360439166,13070104
2010-04-01,227.0981903076172,227.74025529926735,222.807867395101,222.82487147685237,8187000
2010-04-05,227.7359619140625,228.76071200686525,224.3385718491117,227.82525928118662,7318616
2010-04-06,225.4653778076172,228.33551698762926,224.9551308422817,228.08039350496153,5348808
2010-04-07,224.8275604248047,227.46809252091757,222.58671761704673,225.83105023697334,8380880
2010-04-08,226.52841186523438,227.73173609084782,223.65827243756598,224.5086841198381,7227984
2010-04-09,227.58714294433594,229.41552784179495,226.63468612689712,227.05989191700385,8260312
2010-04-12,228.1739501953125,229.44105520502404,225.53341796132713,228.41204883944442,8325648
2010-04-13,236.5760040283203,237.59226253999694,224.08346543649122,228.7607294209341,57635400
2010-04-15,238.2513885498047,240.21582743599652,234.6541423270278,237.0948201467249,22395128
2010-04-16,237.1457977294922,238.88062916659152,235.65332115207426,237.44344180285745,6244344
2010-04-19,234.02474975585938,235.95943606200422,232.67260367526623,235.95943606200422,8754896
2010-04-20,231.9327392578125,237.26055915466029,231.31193469245113,235.18130712940206,9542128
2010-04-21,230.66989135742188,233.84193079250633,229.63664956343956,233.26790295984904,6496288
2010-04-22,231.17587280273438,234.95596883965655,229.01583572049418,230.29145307504578,6978144
2010-04-23,231.90306091308594,234.17791266706084,231.04415738093982,232.58764662135673,5888336
2010-04-26,232.92352294921875,234.2033967899601,231.7414589172816,232.17092100497294,4454288
2010-04-27,232.79588317871094,233.21683270301358,231.85617435407653,232.08580206005865,3280256
2010-04-28,229.56871032714844,232.3282930056838,228.85437258018467,230.47015531632684,5544496
2010-04-29,230.38925170898438,232.4089792712557,227.4851043821403,229.5260922345408,11319960
2010-04-30,232.85537719726562,234.6114891050476,227.66363247716865,230.63155980556127,8067024
2010-05-03,229.17742919921875,230.88250872434404,228.08040646620722,230.29147677497733,5408952
2010-05-04,226.7323760986328,230.1212730700377,225.82669646618075,230.03623194916923,6576208
2010-05-05,229.015869140625,230.2914866813266,221.95745208207623,225.3080658508507,12122080
2010-05-06,226.05213928222656,228.78622488989748,224.98063317967816,228.78622488989748,7808360
2010-05-07,222.5399932861328,224.9636666231479,221.70658567047764,224.34711814267914,8984392
2010-05-10,227.54466247558594,228.23350428178452,222.8078732912232,222.8078732912232,5635408
2010-05-11,226.2732696533203,227.4425856197708,224.1685009137094,227.04289631454816,5802824
2010-05-12,228.05490112304688,229.5176050926349,225.55044282239112,225.86934720945266,9185176
2010-05-13,230.13412475585938,231.5670765937503,226.3157850110606,228.2504713836305,4923880
2010-05-14,225.52066040039062,231.90726028849454,223.6582671649214,230.46156046271366,6824496
2010-05-17,222.49746704101562,225.19326790015307,219.07030383609154,224.08347651114116,8170824
2010-05-18,223.5902099609375,226.20948179730664,219.580527639143,226.20948179730664,7144600
2010-05-19,221.34939575195312,225.55893325070798,220.54999637579627,223.31809033798402,11939240
2010-05-20,221.17074584960938,224.04514054693502,219.95890959915974,222.12745867891175,6508872
2010-05-21,219.55503845214844,221.78736914232715,217.56508339884795,218.38572237634054,7127200
2010-05-24,221.1410675048828,223.65829463908327,219.34245492313897,222.04251228237507,7186104
2010-05-25,215.44329833984375,219.98876562449172,213.4618556280535,219.98876562449172,8838128
2010-05-26,224.2247772216797,225.8373386480027,218.68128272834232,219.43410657804657,7868856
2010-05-27,226.1324462890625,227.89899735498554,222.00477113051218,224.8021758173092,11312696
2010-05-28,229.04965209960938,229.64420435158723,225.6149207950544,228.41660756532585,6793992
2010-05-31,227.38568115234375,233.97285099761478,224.52411609149746,233.97285099761478,7020752
2010-06-01,224.50706481933594,227.34296208810719,223.92961797301618,227.12909288576654,5782888
2010-06-02,225.86727905273438,226.86818280663695,224.48569227142573,225.41815369906453,6557144
2010-06-03,230.8076629638672,231.47493910953938,227.5568508094465,227.5568508094465,5517096
2010-06-04,233.45530700683594,234.22951758797524,229.47734040061212,230.80761082993322,4950400
2010-06-07,228.55343627929688,231.83419795143558,226.7013374801861,231.83419795143558,7781952
2010-06-08,227.08633422851562,230.03772941814978,226.5174504665191,228.55346870040083,6651144
2010-06-09,224.55844116210938,228.24127399192415,223.8355672413304,228.24127399192415,5427120
2010-06-10,226.32069396972656,227.04356776834402,224.18200173377755,224.57979013539753,5187448
2010-06-11,225.05453491210938,230.20021895543596,224.2204451219761,227.9759795150806,9912864
2010-06-14,234.94813537597656,236.0132206795561,226.7099106625652,226.7099106625652,9728848
2010-06-15,233.94725036621094,237.8225646800367,232.86936206488764,234.95671722795709,7946312
2010-06-16,236.91566467285156,237.77970433265875,234.5716673071237,235.67522368964467,5720064
2010-06-17,236.52650451660156,238.14762882827523,234.05844566618507,237.4803527665679,5639240
2010-06-18,238.35299682617188,240.8167747556907,231.65034708328957,231.65034708328957,8356232
2010-06-21,239.60195922851562,241.14181755146797,238.78497466337177,239.48217993866467,7164752
2010-06-22,236.71896362304688,239.47787595271268,236.11156681791013,238.67799689201786,4763688
2010-06-23,239.34103393554688,239.95697308585054,232.50578230895326,235.0080520766647,4948088
2010-06-24,241.4754638671875,242.41648847075413,238.0835062640527,240.76541385281752,12316104
2010-06-25,237.6257781982422,240.55578613515277,237.05261293954123,240.38897234215477,3345664
2010-06-28,240.3033905029297,240.98777182155675,236.9670315746227,236.9670315746227,3834168
2010-06-29,238.9817657470703,240.69700119605406,236.7190334084712,238.938991899892,3773072
2010-06-30,238.76361083984375,240.27351926498326,233.71629695967508,237.65149083234897,9449976
2010-07-01,236.71466064453125,238.76352295784739,235.3416165019843,238.76352295784739,5847248
2010-07-02,233.331298828125,237.39053209531647,232.34750050126033,237.39053209531647,11169440
2010-07-05,234.69581604003906,235.42725299810778,232.68972680045536,233.54520373722175,3616720
2010-07-06,238.2588348388672,239.4479391513416,234.65726941483743,234.65726941483743,5872600
2010-07-07,237.97225952148438,239.499293968123,236.55644123629708,239.499293968123,5923392
2010-07-08,241.9716033935547,243.50289845125496,239.54205773107012,240.04678066901695,6278192
2010-07-09,245.84690856933594,246.42007380532468,242.79286079894194,242.79286079894194,7859112
2010-07-12,247.73753356933594,248.94376428664046,243.8109031673283,243.81518472872744,8597240
2010-07-13,239.2554473876953,245.9538341626489,237.90807157778875,245.52181424964175,25502384
2010-07-14,234.64874267578125,240.30345314936878,234.14401967597806,238.67376553240098,14193928
2010-07-15,236.07733154296875,237.480304816584,234.40058904806924,235.16623643005425,8328136
2010-07-16,237.56590270996094,238.76357020651818,235.3416630734975,235.68385378679957,8205560
2010-07-19,237.00559997558594,238.91759925292058,234.03709922965652,235.17060615272806,7047120
2010-07-20,236.0816192626953,238.03639187730005,235.55550944623383,237.00553827622468,5054736
2010-07-21,237.10826110839844,237.73704502254887,236.1116388133267,236.73614116558247,2634480
2010-07-22,235.6410675048828,236.51793116141758,233.29278803597828,236.51793116141758,8226952
2010-07-23,238.3743133544922,245.52610729459008,236.5393199142071,238.42136875258416,5323096
2010-07-26,239.9141082763672,240.38890192170697,238.67794888311832,238.67794888311832,4470816
2010-07-27,241.997314453125,242.44215827282247,239.79017983017692,239.79017983017692,5093960
2010-07-28,242.2795867919922,242.8270835759639,240.56007011295068,242.01438063639313,3725168
2010-07-29,242.3694305419922,242.95544057511077,240.46173375586878,241.65511985902518,3613008
2010-07-30,238.54115295410156,242.20687955613099,236.11160709048,240.81672969554393,4472672
2010-08-02,239.2726287841797,240.62856814630803,237.92097098406785,239.53355343916675,3815232
2010-08-03,238.19027709960938,241.15877576714723,236.92416796279326,239.96110891339055,2434584
2010-08-04,245.9067840576172,247.40386832305757,238.67800574734807,238.67800574734807,9536024
2010-08-05,245.45762634277344,248.66994519069775,244.7989135301556,246.37726369859283,6594296
2010-08-06,244.99143981933594,247.40388011636705,243.98197306081562,244.7519021483147,3676480
2010-08-09,245.91961669921875,246.62538502116792,240.92364081083753,243.68255334209346,4201544
2010-08-10,242.0187225341797,245.52189663834923,240.81677318360735,245.52189663834923,4811984
2010-08-11,240.46600341796875,244.4867450143596,239.53354191264717,242.44216349301502,5344800
2010-08-12,237.19808959960938,239.19135506898445,235.5983518812529,239.19135506898445,6973400
2010-08-13,237.58724975585938,239.36236378320083,235.6838142325655,237.39476751193078,5561808
2010-08-16,236.27406311035156,237.651388728303,235.25605435667146,236.11153091796845,5193608
2010-08-17,235.29891967773438,237.523159601974,233.5451920451608,235.6838842800066,5140640
2010-08-18,240.15370178222656,241.20166076230754,235.95330274045358,236.54787576829446,6128144
2010-08-19,239.92703247070312,241.6721967941724,238.50265106262395,240.81671999136117,4826744
2010-08-20,236.9328155517578,239.79009913871147,235.59826365608683,239.79009913871147,4624824
2010-08-23,239.80294799804688,240.38895790449882,236.22279046243227,237.1381463741177,4511832
2010-08-24,236.56076049804688,238.59251822766575,235.70100199743257,238.59251822766575,5247552
2010-08-25,237.04403686523438,239.01591488924308,235.7651033412475,236.28267093588977,3502008
2010-08-26,236.59490966796875,238.07488856416705,235.02940398581015,237.39478875190213,7834984
2010-08-27,231.82568359375,235.94053595801708,229.38757435705548,235.94053595801708,6973800
2010-08-30,231.01724243164062,234.0584668190875,228.0957973349302,232.63410621409272,4781168
2010-08-31,232.1634521484375,233.03175226904094,228.9382896761332,229.69539458236963,7722280
2010-09-01,237.4931640625,238.20749548636852,231.6844854196292,232.16356074273008,10131800
2010-09-02,235.51280212402344,240.73121147003343,234.90540514095855,239.44799605708016,3402512
2010-09-03,237.60446166992188,239.87575734401855,236.20576926816568,236.20576926816568,7606688
2010-09-06,242.2410888671875,242.95542037643344,238.30163476292546,238.35723240275976,6391192
2010-09-07,245.08985900878906,245.76995899135406,240.40612281463933,242.95544824447893,8321272
2010-09-08,246.3260040283203,246.94196408934133,241.67221816378668,244.4097441748455,9386496
2010-09-09,247.6604461669922,248.08818441598527,244.4951831244434,245.53031804126934,7591392
2010-09-13,251.24502563476562,251.93797034209615,246.5484653738272,247.23284695709947,6650488
2010-09-14,254.55569458007812,256.64304969667853,252.3656655350672,252.41700249927248,9767144
2010-09-15,261.1642150878906,261.7758725796863,253.99103453891783,254.50432056358386,14344648
2010-09-16,253.73013305664062,259.3848429639169,253.07142010883868,259.3848429639169,7088984
2010-09-17,254.08944702148438,257.7123998180052,253.1698094121753,253.73015092335248,8616488
2010-09-20,257.3788146972656,258.1829547108849,254.50440366629647,254.50440366629647,5025976
2010-09-21,261.70318603515625,262.2036483348574,256.35219517326544,257.9262641858385,9223912
2010-09-22,257.86639404296875,262.0239990504606,256.16826412189204,261.8186929583618,10806440
2010-09-23,258.6021423339844,259.6158909660172,254.33760188255198,257.07512837103127,11181376
2010-09-24,260.8434753417969,261.66472065142534,256.0998391244055,258.6021091087895,8791520
2010-09-27,259.43194580078125,261.77594426773516,258.6406296293837,261.3482057967094,7210320
2010-09-28,258.06317138671875,259.04696982697374,256.7286190613236,258.78176363229056,6209144
2010-09-29,259.29931640625,263.40132375033437,256.86548893002254,258.8672964171847,8972920
2010-09-30,260.96307373046875,263.0589908936867,257.2802436808263,260.6593754337696,13665816
2010-10-01,265.3816833496094,266.0575224414431,258.8929054241488,261.00592859420675,8086512
2010-10-04,263.354248046875,270.501760799205,261.99404830604016,266.2243768523485,7636640
2010-10-05,263.888916015625,266.13882410596466,262.63136933632643,263.0591077228677,5189152
2010-10-06,265.5229187011719,267.1568670137084,263.1960257602389,265.7111194379999,5788528
2010-10-07,261.215576171875,264.9839558961347,260.23605934981174,264.2568005692204,6833672
2010-10-08,263.1703186035156,263.97017683891124,259.812572336495,261.77588731421906,6548160
2010-10-11,263.0120544433594,264.94115875934364,261.66039695386064,263.51251671391225,4493832
2010-10-12,263.0762023925781,263.91029221244503,260.9460736684138,262.8024540134466,4625624
2010-10-13,269.7190246582031,270.7413153079195,263.0762344443895,263.57241519020255,13024504
2010-10-14,272.49078369140625,276.2292136237822,270.00561908220783,270.76700606611666,9193376
2010-10-15,263.1703186035156,277.00337356975206,261.87425878688566,273.7525618972225,25870360
2010-10-18,265.8008728027344,266.81460008666585,260.0050185843006,263.52957815328625,12591096
2010-10-19,257.515625,265.6298308917885,256.72859051244956,264.7444040397541,14077712
2010-10-20,258.2342224121094,260.4584619819444,255.7875505310257,257.4813986882634,7093856
2010-10-21,263.0762023925781,263.41864935023244,258.36426009873287,259.9031230451014,9231920
2010-10-22,264.6974182128906,267.4500321680089,260.349597077797,260.54466420847467,11345744
2010-10-25,261.74981689453125,266.5831483831539,260.96523024050475,265.1873469668439,5224432
2010-10-26,261.2902526855469,263.84346035478706,260.32357401939527,261.82342768938645,6925872
2010-10-27,258.3729248046875,260.95648493528125,257.24587021858827,260.26291288229714,9072696
2010-10-28,257.5623474121094,262.9418491797629,255.5856626571581,258.7023981062081,18232152
2010-10-29,257.63604736328125,259.91617010005604,255.2345579634973,259.1359014106296,6886024
2010-11-01,260.2326354980469,262.85954463761897,258.61575365086486,258.61575365086486,4552944
2010-11-02,262.4346923828125,262.9158622787257,258.77176459030164,260.2629404288174,4998504
2010-11-03,262.20062255859375,263.9692230585196,261.3943407083379,262.85950339540403,3047536
2010-11-04,266.77813720703125,267.45871322577915,262.9461559865865,263.90415658323235,5514792
2010-11-08,261.4679870605469,267.37202765518623,260.6747224877533,267.37202765518623,5381520
2010-11-09,265.2740478515625,266.59183087991875,262.69048701338335,263.28002765311106,5266960
2010-11-10,267.2550048828125,269.1926804695572,262.69911992887376,264.2509790889566,9728432
2010-11-11,264.8275146484375,267.37206596053056,264.51108081892954,267.37206596053056,5586392
2010-11-12,259.90313720703125,263.44901594823733,259.1358646381839,263.3839935666787,7499456
2010-11-15,262.69476318359375,263.98653271035914,258.1475354876633,260.3496183653565,5850488
2010-11-16,257.571044921875,261.73681731407754,254.9094657528044,261.12994161974217,8375136
2010-11-18,260.4319763183594,262.85082164088647,256.5046201921282,259.13586773038656,7128224
2010-11-19,256.95111083984375,260.84377552496267,255.32121228034407,259.01015287436263,5664792
2010-11-22,263.8781433105469,265.98487257755374,257.6056639857887,257.6056639857887,8780144
2010-11-23,261.1385803222656,265.18730332441015,258.351274675745,262.5083683212346,4579872
2010-11-24,259.7340393066406,263.1152028512018,255.77635249593644,262.16154133863324,4038888
2010-11-25,265.6684265136719,269.71280974591406,260.5706681135978,260.5706681135978,18331976
2010-11-26,263.735107421875,269.10595167652104,262.42598172915797,266.1582705048066,9515792
2010-11-29,265.63372802734375,268.3820027518866,264.5240086313574,265.72476358251623,4964328
2010-11-30,264.5110168457031,267.25929161411733,261.147188471665,263.86079310714433,9072544
2010-12-01,264.6324157714844,265.8548450156087,263.1239049803921,264.4070175476266,4624096
2010-12-02,268.6291198730469,269.5741033080327,262.8638023092071,264.9445184224725,7197360
2010-12-03,270.9266052246094,272.9119469212389,269.01928192382815,269.3660679785156,6647816
2010-12-06,272.5218200683594,275.38280509783345,271.01330915563875,271.3600952198174,6023648
2010-12-07,275.57354736328125,276.9953617238266,272.24438853208017,272.7342365349697,6085496
2010-12-08,271.45977783203125,274.3164448642797,269.972941102627,273.87428418214466,6951112
2010-12-09,273.2198181152344,275.87707987646024,272.32683948285853,272.6606296422026,7931128
2010-12-10,272.5954895019531,274.1343524863404,270.3023711471785,272.66051188157513,6125120
2010-12-13,272.6865539550781,273.64887257574827,266.59178469293494,273.00732682863486,6849080
2010-12-14,273.8439636230469,275.17476371617187,271.082692068051,274.2817852969708,3933584
2010-12-15,277.7279052734375,278.2090750930679,272.80787878184145,272.80787878184145,8254392
2010-12-16,285.5176086425781,286.0984710019907,278.2957854292091,279.11072412257727,8509144
2010-12-20,290.4290466308594,291.6298020799495,281.93712545262343,281.94580357238596,11346320
2010-12-21,288.6343994140625,292.1326125861915,287.0565269275086,290.48103958857513,8059840
2010-12-22,288.9161376953125,291.27427868198293,287.2905780308603,288.2659138295316,5927280
2010-12-23,291.9852600097656,292.34072427976736,288.6344473038006,289.91322123118096,6231504
2010-12-24,292.1802062988281,293.1902332417985,289.7440473044011,290.1731907539437,3620064
2010-12-27,292.76544189453125,294.05723261855115,291.0401897781501,291.0401897781501,3691760
2010-12-28,293.263916015625,293.8968047177511,291.6036864575044,292.25391022692054,2554440
2010-12-29,295.1929626464844,296.06860593576727,292.2626373010292,293.1209243539763,3802920
2010-12-30,298.83856201171875,299.44977670405655,294.9415577148814,295.6351298670622,8991688
2010-12-31,298.474365234375,299.18961133507463,295.2145684786711,297.6290743880936,5859728
2011-01-03,299.8268737792969,300.81086643514425,297.169613137144,298.58277043602436,5048544
2011-01-04,301.82952880859375,303.35105663253324,299.7098035949321,299.7098035949321,8119288
2011-01-05,299.9352722167969,301.4437831136355,298.6781727473842,300.4034249320526,3523160
2011-01-06,301.54345703125,302.83090866796636,298.59145780609043,301.7038540408024,4691840
2011-01-07,292.232177734375,303.0042160295604,290.9837568128957,300.26028073711973,8550928
2011-01-10,294.3996887207031,298.50909503606545,290.6067162163872,292.60073604722754,10390408
2011-01-11,288.32659912109375,296.7968445038011,285.0668228181259,289.56636353352246,12319416
2011-01-12,292.8001403808594,293.90118187323293,287.67636794723245,290.43332132015644,10035400
2011-01-13,277.879638671875,286.01177522274253,276.9953385379395,285.49159618323466,22352872
2011-01-14,277.8016052246094,284.1824550636918,276.12835850499357,276.2280510157065,10321640
2011-01-17,283.3935852050781,284.5119618323978,276.67026593135563,277.42886047170794,8218616
2011-01-18,288.09246826171875,289.1935095737587,281.76362378892145,281.76362378892145,9797168
2011-01-19,281.72900390625,287.31225101165546,280.5325877647656,286.7183714168254,6935088
2011-01-20,285.7430725097656,286.7400825620204,278.9980996978615,280.20317294673794,7231848
2011-01-21,281.2304382324219,284.19111511717256,280.1163797875487,283.58423964254774,4626824
2011-01-24,284.76776123046875,285.23159615267696,279.79572771758615,280.89676946342655,7501360
2011-01-25,282.60028076171875,286.5189800909358,280.55425575005853,283.0641155737554,9925912
2011-01-27,277.16015625,283.4109851600313,276.1718241747567,283.4109851600313,12710648
2011-01-28,274.6676025390625,283.37194683446126,272.2834479685239,277.9317395871414,12684296
2011-01-31,270.2937316894531,272.09702350878405,267.56279135473056,272.09702350878405,7749368
2011-02-01,267.8228759765625,271.22137520838135,263.82617924413853,271.0393252224389,10301688
2011-02-02,267.8272399902344,274.3078052372264,265.72484925793265,269.88628246001446,9174728
2011-02-03,270.28509521484375,273.35414373802337,267.56281162604427,268.8805945748066,6049408
2011-02-04,264.2423095703125,270.81390988844765,262.378334427496,268.6725101203938,6959880
2011-02-07,267.671142578125,269.96426109446696,265.378024061783,266.58309711589476,7341128
2011-02-08,268.46435546875,270.49304483858543,266.33161337953027,268.7591150639791,6023992
2011-02-09,271.4207763671875,273.9349753122835,265.97623097009614,267.45874984900587,7504144
2011-02-10,264.70184326171875,269.97299656074523,263.6441498205608,269.2490720630469,8252152
2011-02-11,263.63116455078125,266.04565032913376,261.85388559926156,262.7078337616456,11214152
2011-02-14,269.1536865234375,270.3457636784166,263.6007701610154,263.9042079822828,6979048
2011-02-15,269.32708740234375,271.2734201078885,266.5181073611763,268.75922094421685,4599952
2011-02-16,269.0193176269531,270.8139314649064,267.12067219201515,267.22036472951214,2920384
2011-02-17,269.9165954589844,271.186690899715,268.94991664563884,270.3630740315733,3392984
2011-02-18,268.78521728515625,272.66054738196726,267.8142205229385,270.92661703295636,7102304
2011-02-21,274.41607666015625,275.5041218892242,266.6784145981014,268.7591304467212,9398952
2011-02-22,272.3874206542969,274.5678292722102,269.97291454173114,272.24435872243834,6085648
2011-02-23,266.9212341308594,269.27069698341114,266.162639625986,269.27069698341114,7076384
2011-02-24,260.8524475097656,267.02523440964393,259.6560315119752,264.4243392692902,16486520
2011-02-25,260.72247314453125,263.78718271266433,257.1419023013742,262.10093947463173,10366720
2011-02-28,259.8381042480469,271.77620878300337,257.26320111023324,261.99683876145906,14514472
2011-03-01,267.2332458496094,269.4526844064121,260.783035615987,262.6903583498805,8377632
2011-03-03,262.3523254394531,265.2046322396475,260.1762345051265,265.126613844706,12571856
2011-03-04,265.4820556640625,267.8922229386154,264.25096942294493,265.89820315622444,9770912
2011-03-07,263.7914733886719,266.5917749654394,262.3002976123372,263.210610990268,7357728
2011-03-08,270.1723327636719,271.5334637093189,261.84078985837004,262.71209399909435,8514512
2011-03-09,268.3690185546875,271.60280227171086,266.24495428248923,270.4930828268858,6676440
2011-03-10,267.913818359375,268.759109105756,265.50799085044446,268.3256266717145,3438200
2011-03-11,264.762451171875,266.9385419386424,263.99086073503287,265.98488037276877,7278272
2011-03-14,268.8285217285156,269.4527323191934,262.74674932092023,263.1238875768185,3557952
2011-03-15,262.70343017578125,265.19595492239915,260.60971785507854,262.8638271911504,9037824
2011-03-16,262.7684326171875,265.41701511928113,261.82778822301856,262.2569316962026,5594720
2011-03-17,258.2429504394531,260.00289423687303,257.57539138971316,258.711124402521,8321376
2011-03-18,254.983154296875,259.63875338590447,254.24623384549335,258.36863661413116,7468000
2011-03-21,253.35325622558594,256.3616213740548,251.7970578535849,255.87611237337526,6607096
2011-03-22,255.15211486816406,256.33985257465883,253.50054246327977,254.46719988207363,5119744
2011-03-23,259.5130615234375,259.98555336957133,253.76073840271917,254.43263649722587,7266720
2011-03-24,260.332275390625,261.1472140897745,258.2472201645453,259.47830633042327,8189232
2011-03-25,274.2254333496094,276.1284177410009,263.5617613300982,263.90420835278076,12662792
2011-03-28,272.1880187988281,273.7485559019737,269.604458694837,272.14033148744863,12056632
2011-03-29,275.11834716796875,276.44912574534925,271.2690098623185,271.53343842095603,9860592
2011-03-30,274.9059753417969,277.73229024243597,273.6705499832969,275.0013499762781,5608128
2011-03-31,281.0093688964844,283.0640717075043,274.2990471155887,275.8682622276504,18839928
2011-04-01,279.00238037109375,282.3055260482802,278.12241921316945,280.4719032284654,5588288
2011-04-04,284.63763427734375,285.7516928813986,279.2494547242066,279.59624075925683,7375992
2011-04-05,284.64630126953125,285.49159219692876,280.12508698072725,284.1001090524466,4302536
2011-04-06,283.9441223144531,286.0118429526052,281.9414452377817,284.2779124103038,6766920
2011-04-07,281.40814208984375,282.795285997204,280.69723507054886,282.795285997204,3800288
2011-04-08,279.795654296875,283.03375628435253,278.0747200863717,281.0700887758632,4832928
2011-04-11,281.03546142578125,282.7867269820942,275.7816435906987,277.0214081204842,8000064
2011-04-13,286.635986328125,287.5809909512006,277.08203551935264,278.38248312035086,11068904
2011-04-15,259.17926025390625,285.97716447031604,258.13890195885796,285.76474105216204,81019736
2011-04-18,251.94873046875,257.22853934166295,249.68594314256464,253.06710695595356,41086712
2011-04-19,250.3231964111328,253.76070483802343,249.7726650626394,251.94007798404377,19210632
2011-04-20,252.05279541015625,253.8387310124158,250.6396379088839,253.06714045521693,17949856
2011-04-21,252.28689575195312,254.9311398483224,251.5153051214376,253.0411513101476,23953696
2011-04-25,255.00042724609375,256.9640945628776,252.06140310924482,252.72030499524178,15527240
2011-04-26,255.09149169921875,256.1838550556571,253.15381618083043,254.45426386669087,18230880
2011-04-27,256.02777099609375,257.02478078693383,255.10446169972772,255.321202958606,9981328
2011-04-28,253.94708251953125,256.4482853853682,253.2405144052267,255.66801676857705,23419304
2011-04-29,251.96173095703125,253.93407654989917,250.37518059855122,252.28684286794353,16254336
2011-05-02,253.3748321533203,255.23446763845084,252.2867869659959,253.07139443703818,13468184
2011-05-03,252.3778839111328,256.3745803896321,251.4155441675001,253.15381345544796,13234040
2011-05-04,248.79734802246094,251.85340047225333,246.45654189070504,251.50661437865986,16924400
2011-05-05,246.95504760742188,249.590613459822,245.95803758548564,248.58494648520718,12661232
2011-05-06,250.8130645751953,252.28690560449996,246.9117206740948,247.7700078658788,11930664
2011-05-09,252.16114807128906,252.8937293756764,248.60225196597602,252.28685378238544,4938200
2011-05-10,249.6902313232422,253.57855621665385,248.9923203425369,252.08738081551755,4873368
2011-05-11,251.9444122314453,253.5006104460648,249.68162471825747,249.85935680764663,6410072
2011-05-12,249.7942657470703,252.2000933824651,248.99232320193875,251.23775386185295,4996480
2011-05-13,249.54293823242188,252.460267680612,248.92738447045232,249.96340365713564,8282336
2011-05-16,247.1197509765625,249.33919034455656,246.42186092676656,249.33919034455656,6469368
2011-05-17,246.57778930664062,249.45179036705326,244.82652461417186,246.9462493528884,7570472
2011-05-18,246.434814453125,249.88967862967974,243.01030251965147,247.08503823796173,10176496
2011-05-19,246.77728271484375,247.9260115005459,245.83663825793428,247.9260115005459,7455960
2011-05-20,247.07211303710938,248.2728472708763,245.53756753219824,246.65162640261883,8023672
2011-05-23,245.96246337890625,247.32793410784808,245.164859313326,246.89879039769656,6778880
2011-05-24,246.6082305908203,248.28581657948877,245.6112206938984,245.6112206938984,7625464
2011-05-25,241.76622009277344,245.15172312478876,238.9876138118286,245.15172312478876,11075416
2011-05-26,242.45606994628906,244.3073086251508,240.83622810764575,243.97984819897107,8476176
2011-05-27,243.4122772216797,245.115071627356,241.0109004957259,241.0109004957259,6264944
2011-05-30,242.80975341796875,245.0364845172653,241.09821824148165,245.0364845172653,6867352
2011-05-31,243.2506561279297,246.07555615361653,242.4560317436948,243.8924869897271,20410608
2011-06-01,245.51235961914062,246.5995239364268,243.10661283251142,243.97984060849026,8105864
2011-06-02,244.77020263671875,246.250319977027,242.49543921141984,242.75740763692733,7117288
2011-06-03,245.9184112548828,248.24120575394804,245.4555962524028,245.4643370581063,6293384
2011-06-06,247.8133544921875,248.51630726450904,244.08030495940034,246.42493056199575,3769264
2011-06-07,252.58547973632812,253.58532117757724,247.12780667379417,247.12780667379417,7978664
2011-06-08,250.76486206054688,252.55497932894164,250.3762798929231,252.27555065329318,5945968
2011-06-09,249.87413024902344,251.6205858160269,249.26724120329726,251.6205858160269,4221616
2011-06-10,249.94837951660156,251.55948061892536,248.9747176827734,250.48540611102982,7187264
2011-06-13,251.28004455566406,251.68171655911488,246.22404271572,248.73894308656403,7733184
2011-06-14,250.81723022460938,251.7952411161688,250.15793895874617,251.29750552412003,7870104
2011-06-15,247.61260986328125,249.89609319802855,246.8528842343292,249.89609319802855,7335880
2011-06-16,244.52996826171875,247.03612761136003,244.07152369828304,247.03612761136003,7628960
2011-06-17,241.85353088378906,244.7963256467316,238.50471503750424,244.51252660963772,8525168
2011-06-20,236.6054229736328,242.73547735182507,231.6236545285425,241.7356358684686,12458152
2011-06-21,238.14239501953125,240.57434382868448,235.18653066446097,237.780013882217,7542816
2011-06-22,240.57861328125,242.90575668565648,239.447787619366,240.39959733036414,5625000
2011-06-23,242.67872619628906,243.55195392349816,238.87144477804299,240.13762498249613,4158768
2011-06-24,249.73875427246094,251.28873345532034,243.71785348510437,243.71785348510437,11219288
2011-06-27,250.70816040039062,255.2445761610657,246.27215734459307,247.26762886084626,10724296
2011-06-28,250.2060089111328,251.21459145773062,248.32856881762865,250.62079218760465,4486792
2011-06-29,251.64244079589844,253.8473411620289,250.44175247770858,250.44175247770858,4800752
2011-06-30,254.1486053466797,254.89521945163588,251.62061488519657,252.01793783639923,11341840
2011-07-01,256.2181396484375,259.34429959777697,255.34056271932266,256.2923725428884,6402464
2011-07-04,256.6372985839844,259.9599348671729,256.29237784183823,259.05613550117096,4114592
2011-07-05,258.1654052734375,259.3398922942033,255.50643112718905,258.2134370618927,6423728
2011-07-06,257.9252624511719,259.56256439480387,256.47571725516445,257.34020415378785,3440224
2011-07-07,261.5928955078125,261.9683877941258,256.9909884260374,258.0563222725918,5751472
2011-07-08,259.9206237792969,264.05534460029736,259.10851766553077,261.9683386962987,5669792
2011-07-11,255.0830078125,259.8814130874058,252.23629711054642,257.9428297268621,9206520
2011-07-12,243.76593017578125,248.86994280923642,239.8582354597415,248.86994280923642,29652656
2011-07-13,242.52151489257812,245.1455681948016,241.10251998827627,241.53476340301066,13338168
2011-07-14,239.29498291015625,241.3601580795679,238.4785064092981,241.03269766249178,10891224
2011-07-15,238.50912475585938,241.268512287649,237.51800250455636,239.61374958547893,6392624
2011-07-18,236.94163513183594,239.5482287789455,236.41334934040273,238.82781580622105,9408656
2011-07-19,240.1812744140625,241.18548625036925,237.2253901769716,237.60525274701476,8324424
2011-07-20,240.35162353515625,242.12865094620736,239.70107297431665,242.12865094620736,6222712
2011-07-21,241.71823120117188,243.15031647502437,238.9850235235844,239.7185264552569,5897088
2011-07-22,246.9706573486328,248.345991160439,241.8841053144923,243.13282535663836,7749624
2011-07-25,245.18048095703125,246.6911689784932,243.72656552135206,246.07553925275187,7404256
2011-07-26,244.66094970703125,246.59951100423459,243.41222978905947,245.28966940895714,6848736
2011-07-27,244.2112579345703,247.6386772429002,243.73535302053364,244.5911205766124,8506440
2011-07-28,240.23367309570312,242.2246151303492,238.7841066342335,241.4474510307755,9481376
2011-07-29,242.39938354492188,242.97135222318224,237.98958157090865,239.3518259558459,9757592
2011-08-01,245.82241821289062,246.58212229488223,242.76612027001664,242.76612027001664,6094952
2011-08-02,240.2206268310547,244.3772001963145,239.7010604901574,244.3772001963145,4932528
2011-08-03,238.6182098388672,239.23818871446986,236.51372255417135,238.82777595926106,5646088
2011-08-04,236.5705108642578,241.00651253873212,236.12080705594954,239.26442726823288,6529888
2011-08-05,226.27078247070312,230.846508917918,220.4900187189872,230.846508917918,15758072
2011-08-08,215.73095703125,218.30697938802876,212.28170675691916,218.30697938802876,16170240
2011-08-09,207.35227966308594,213.06318007026508,205.22596176907737,205.29582424615396,16849744
2011-08-10,213.68756103515625,216.2461011653597,210.54394128513724,213.7661430012924,13955960
2011-08-11,213.12001037597656,215.59996909104385,210.88016801501584,212.36902585233645,8206232
2011-08-12,207.4090118408203,217.25902326890858,204.54047201391862,217.25902326890858,14098080
2011-08-16,209.51356506347656,212.91478332004837,207.1558498375394,212.19437033434536,10146704
2011-08-17,213.8490753173828,215.29427130297594,209.22533929909972,209.22533929909972,8531328
2011-08-18,205.56654357910156,215.5213394653721,204.5972522941398,215.25063034786794,10674664
2011-08-19,194.26693725585938,198.57195352888948,189.63011155458605,198.57195352888948,28899200
2011-08-22,191.63861083984375,196.04841190462434,189.9270755623322,193.32392369649713,15708072
2011-08-23,198.82962036132812,201.07381177720822,191.58619926987802,192.21928949080174,17143440
2011-08-24,196.5548553466797,199.52820054741062,194.72981760170575,199.09595700981575,8606144
2011-08-25,190.6605682373047,197.79485712623384,188.74820769321985,196.4937347837438,26853752
2011-08-26,192.33282470703125,196.7295146053597,190.59508831032147,190.93128959574446,21021960
2011-08-29,200.5149383544922,201.9121028677951,194.90444960576008,195.5157090803301,11222528
2011-08-30,204.59291076660156,206.08176848492968,199.0959458244236,203.54940777049623,12142920
2011-09-02,202.51893615722656,208.2647778993463,198.6854756073632,208.2647778993463,14960904
2011-09-05,197.7947998046875,200.2922180452411,195.6204502057093,200.2922180452411,10902544
2011-09-06,201.06507873535156,202.5888570384928,194.05305498008215,196.81681254094434,10816696
2011-09-07,200.0957489013672,202.09108264219728,198.01746279622344,200.6589764811158,13157432
2011-09-08,204.19996643066406,205.5578400285604,200.75508675686507,200.84240954362318,11027872
2011-09-09,198.5982208251953,203.2961910789794,197.43682348208094,203.2961910789794,12392104
2011-09-12,191.97476196289062,193.62517530091887,190.42041221074564,192.8086987780253,8198264
2011-09-13,194.03561401367188,197.32330860123398,191.73902032279344,194.1273072089791,10365216
2011-09-14,205.35264587402344,206.68431852072897,196.38896934037336,196.56361493338392,17236880
2011-09-15,210.4391326904297,212.06334472302564,203.46205196814896,207.653544884231,13703456
2011-09-16,209.1511688232422,214.63067381406378,207.26937978202486,214.63067381406378,11304104
2011-09-19,206.3131561279297,210.58762323284532,205.74120897835024,209.48734768529073,6558432
2011-09-20,212.76638793945312,213.06764735735854,207.40475484157486,207.56631056083657,9008904
2011-09-21,212.68775939941406,214.36872322122562,211.32116617059705,213.06762208936232,7402480
2011-09-22,205.43560791015625,210.60511290565537,204.042792329823,208.17753503696977,9037856
2011-09-23,204.23056030273438,208.68402291517887,202.6762102643865,203.28746983864357,10448432
2011-09-26,205.6451873779297,206.51841534981048,200.93849713710907,204.77195940604886,6544288
2011-09-27,213.42996215820312,215.5693702476422,207.58370635719655,207.58370635719655,10341024
2011-09-28,215.70909118652344,221.79985491904446,214.15911188541597,216.5604882674135,20061760
2011-09-29,222.76914978027344,224.41517137112214,215.7964173574661,216.73513723064477,23256344
2011-09-30,221.19296264648438,223.8955983076464,219.02298312903136,221.09252866237338,10730656
2011-10-03,216.2024688720703,219.8787665464715,215.48642631868938,217.43372863411994,9885128
2011-10-04,212.9365692138672,216.7132789200389,210.76224082393958,214.13288686854693,7838480
2011-10-05,213.67449951171875,218.2196550542683,212.02847769018888,214.63505021423853,10771856
2011-10-07,219.066650390625,224.84741406962587,217.22850163745014,223.5463131962161,18457728
2011-10-10,226.16163635253906,227.11781655744656,220.78691482394393,222.2364815415752,16946432
2011-10-11,218.7042694091797,226.60261046984115,217.4337187167262,226.4628854964643,22339248
2011-10-12,233.9684295654297,234.7237635059371,226.60274043820934,226.60274043820934,34633704
2011-10-13,235.4832763671875,238.3038057040022,234.46160436615827,237.4305781272195,18041536
2011-10-14,239.59194946289062,240.72277553914347,234.5752585115221,236.74086836865388,19600992
2011-10-17,239.83642578125,241.43878627079388,237.5354616158388,241.10697670653502,14145496
2011-10-18,235.90692138671875,237.95463684178708,234.69749204432748,235.76282597114988,10518136
2011-10-19,238.19468688964844,238.82777697486515,235.86754358677638,237.69258095999376,10135320
2011-10-20,241.25039672851562,242.08015576065858,235.98205819183102,236.37278901258358,5573680
2011-10-21,239.06405639648438,241.37774396488012,237.68990647978555,241.25043005337542,6858312
2011-10-24,242.98458862304688,243.6431310226846,240.6928524975368,241.46554653383046,6075592
2011-10-25,251.0098876953125,254.5484579906373,246.82156447453653,246.82156447453653,15677584
2011-10-28,251.0055389404297,260.90124993320035,249.8113953139571,256.48022818179646,24868784
2011-10-31,252.6650390625,254.43870810918813,250.77282386673843,250.77282386673843,10291624
2011-11-01,249.06944274902344,252.3621536640395,247.43624956040745,249.36797329721688,7906192
2011-11-02,248.8763427734375,250.58855306531234,247.3836466215466,247.61194990190103,5317856
2011-11-03,246.0401611328125,249.54359714855332,242.9757318243247,248.84115211787477,10779624
2011-11-04,248.1343994140625,250.325146333298,245.11389329914383,249.80710151652374,7643688
2011-11-08,249.55235290527344,250.0703974713351,245.05231502942866,247.17720667561463,6107336
2011-11-09,248.95529174804688,251.76067716699666,248.0508895271656,249.8070020193933,6679648
2011-11-11,243.72201538085938,246.53179476241493,229.23409044471353,229.23409044471353,9441224
2011-11-14,246.62844848632812,248.70064841365706,245.68014343087629,246.74697322018423,4633040
2011-11-15,245.70651245117188,247.61189044129662,244.2357680664585,245.86456688139126,5098024
2011-11-16,243.9503936767578,246.20699415030884,242.19428102233337,245.41674345581785,6552648
2011-11-17,241.77281188964844,244.88991187950955,239.96400726442494,243.07233955308766,6366984
2011-11-18,240.65768432617188,242.7342789814516,238.83132286394547,239.8015794004647,4737896
2011-11-21,234.44979858398438,240.13521257712947,230.60390807421044,238.83129052285278,9365792
2011-11-22,239.18258666992188,242.77382912114263,228.29468624882412,228.29468624882412,14859512
2011-11-23,232.91758728027344,236.15762777028888,229.81806580478099,234.8800516133815,12792816
2011-11-24,234.10733032226562,235.67027458266392,227.11801611408114,231.89463307481947,13231776
2011-11-25,228.268310546875,233.12396656728058,227.50440579127078,233.12396656728058,8022528
2011-11-28,231.46881103515625,232.67613848982936,229.3878218188496,230.05515320492867,7290208
2011-11-29,228.1146240234375,230.75758196680627,226.6482743421961,230.24391047488476,10659368
2011-11-30,228.89613342285156,230.48979715987346,224.8702363910232,226.62634913128892,11640232
2011-12-01,233.1547088623047,236.27180900360713,230.98151932717127,234.79227543219145,8125208
2011-12-02,236.56155395507812,238.43181835488633,232.5005431475858,232.77274920350607,9451408
2011-12-05,237.17617797851562,238.63376006707847,234.89762608018003,236.19715374130845,7468184
2011-12-07,242.25132751464844,243.43230889671736,235.6746947033921,237.5142182803233,8070392
2011-12-08,239.1342315673828,242.16792028032356,236.7327605210266,241.20205837927804,7295584
2011-12-09,237.97955322265625,240.56981876285124,233.58048351013457,234.27853383443085,10570752
2011-12-12,240.60939025878906,241.99232900400423,236.8820453566888,238.8225370195674,11025800
2011-12-13,241.6586456298828,242.77377282057046,237.8391008034163,239.82351657538337,9648336
2011-12-14,240.60939025878906,242.98014239344366,239.27035433088227,241.4654951963032,9857632
2011-12-15,238.51087951660156,240.09138117395534,234.00205093599146,239.38454142314254,10053168
2011-12-16,239.22647094726562,244.8723779991611,236.36839302092557,236.63620451564725,13669288
2011-12-19,235.0030059814453,237.38694196615273,233.19422266221488,236.19717125848823,12064432
2011-12-20,234.33135986328125,236.91283774470836,232.78159850771587,236.19723017600992,10484608
2011-12-21,240.85086059570312,241.8869713923948,235.31910550363997,238.74352532253621,8422920
2011-12-22,238.9059295654297,241.28984357180275,232.6848928185143,232.6848928185143,12707136
2011-12-23,236.61419677734375,240.58740112066866,235.6044321376037,240.58740112066866,7045296
2011-12-26,243.7352752685547,244.71429950306432,236.28495872362615,236.28495872362615,4236568
2011-12-27,242.2908172607422,245.76792835891558,240.2581257492257,242.78253730346609,6178200
2011-12-28,244.2752685546875,246.20699246130258,241.6015913440524,243.13379533714223,6851248
2011-12-29,240.7718505859375,243.6518583873364,239.8015939903863,242.1679516672629,8837168
2011-12-30,243.01519775390625,243.66057758823123,240.7190895344634,240.93860356832667,5308816
2012-01-02,246.64178466796875,247.3178841826985,240.76319810448237,242.27345166078493,5826176
2012-01-03,251.5017852783203,253.49057513228945,247.6119898035939,247.97200162595317,8903008
2012-01-04,250.6324005126953,252.44120520125438,249.46020812634936,249.80703610350216,7341424
2012-01-05,249.3811492919922,252.528989674772,248.61724460504732,249.29773823160485,7125272
2012-01-06,248.6786651611328,251.7913913776083,246.8303741058966,249.1923365861568,7087632
2012-01-09,249.0650634765625,251.67728096290264,247.3660159653005,250.026530835411,8265784
2012-01-10,251.440185546875,252.4762747279273,250.2635773601578,252.00213294801927,11179176
2012-01-11,248.19140625,254.18851372411586,246.9972410883838,251.8265508146053,13795800
2012-01-12,227.262939453125,241.46550120587025,226.36732624512783,241.46550120587025,48970600
2012-01-13,226.9073028564453,229.96294304221405,224.1019172888472,229.87513741295012,20898944
2012-01-16,231.82003784179688,232.15809811010746,226.45952099374713,226.64829453355327,13188736
2012-01-17,233.7429656982422,234.6868761564104,231.26685138838485,232.68490364146962,8740424
2012-01-18,229.35269165039062,232.1580771377995,226.9775451593085,232.1580771377995,9700424
2012-01-19,227.82928466796875,230.2966316709361,226.24001548206635,229.6995490450551,9652336
2012-01-20,227.31118774414062,229.14631658216925,226.21361752117653,227.94338390518428,11635712
2012-01-23,228.32098388671875,229.65562517481033,227.32877598072412,227.41658161068963,5160864
2012-01-24,230.12100219726562,231.77175234877762,227.8556126282593,229.87514214288356,5653208
2012-01-25,234.07228088378906,234.88008848952714,230.4898064616855,231.36786286725382,10545360
2012-01-27,239.27040100097656,240.14845751841133,235.8635374259443,237.25087101087658,12218872
2012-01-30,238.1552734375,239.28795776986956,236.19720311684122,236.9786648423456,9588456
2012-01-31,241.11431884765625,241.87382915782086,237.60209279015217,238.12892669877778,8658896
2012-02-01,240.82452392578125,241.28989810397792,236.69326428694376,240.56110700645377,6269336
2012-02-02,242.08010864257812,244.3630548974592,239.70935676250937,240.59620215167354,11538256
2012-02-03,244.38497924804688,245.1532783833816,240.5917809472635,240.5917809472635,11637200
2012-02-06,243.8450927734375,246.54948979454798,241.64995140115465,246.30365111039427,7937680
2012-02-07,239.4898681640625,246.2948048396683,238.27375155113685,246.2948048396683,7221640
2012-02-08,243.1469268798828,244.2752376847905,240.70594776499073,241.28984657002312,6671496
2012-02-09,246.7249755859375,247.79622118017005,239.8717648577018,241.3776224982297,10156840
2012-02-10,245.01283264160156,246.03138657119774,241.566461505656,245.76796966908725,5177616
2012-02-13,244.83714294433594,245.89959935061168,242.0888446288892,243.68250780138726,5734008
2012-02-14,245.94793701171875,246.7250038891687,242.69473449244455,243.7484019359718,5477768
2012-02-15,251.48411560058594,252.4411884009723,247.17285055608244,247.17285055608244,7178328
2012-02-16,255.42218017578125,256.19047942948197,251.1723963072223,251.47532143986865,8256552
2012-02-17,258.83343505859375,261.48516074247306,254.64948401330525,256.0631632018929,11457280
2012-02-21,257.9949035644531,259.89588696183444,255.62415145137894,257.27050708545823,6049224
2012-02-22,259.2242126464844,262.89009828557005,255.09295280654894,255.09295280654894,10413120
2012-02-23,257.547119140625,261.8891254368252,256.05881774477666,258.0607907388119,10474960
2012-02-24,258.85540771484375,261.1339596659703,256.6997750785017,257.44612297936277,8536440
2012-02-27,253.17437744140625,260.34369871489076,252.17777494406957,260.34369871489076,6910568
2012-02-28,252.212890625,255.51439098709344,250.68068662278824,253.40705580369473,7950200
2012-02-29,253.18313598632812,255.3475575976344,251.4928776325266,254.10948965722434,8868408
2012-03-01,250.8300018310547,252.44124408546637,246.2948485772985,250.38220587761538,9806632
2012-03-02,249.8684539794922,251.5631067697227,247.00600356740546,251.5631067697227,6077656
2012-03-05,246.72056579589844,251.46206804332846,245.56590933090405,250.95718585957434,5780456
2012-03-06,250.461181640625,252.88023119517172,245.9523751028231,246.30359764614974,10349688
2012-03-07,253.21826171875,254.197285868484,248.93773747485065,249.54358771614213,7908568
2012-03-09,250.71141052246094,254.89973463398871,250.07042515935237,254.1094839926846,6644808
2012-03-12,247.38357543945312,255.95341357331452,244.18745905570762,255.95341357331452,7294472
2012-03-13,251.1065673828125,251.98901833049126,249.54362274187213,249.71483944827588,7710424
2012-03-14,252.77926635742188,255.95343155650085,250.59289313651783,253.75829063406087,10602088
2012-03-15,253.04705810546875,255.08853917709357,252.04608241286073,254.19732053134706,6251360
2012-03-16,251.55874633789062,255.77781133053853,249.99580176843148,255.07536625994317,9031008
2012-03-19,249.1484832763672,254.63633533091271,246.84797998248612,254.19730716654908,6061528
2012-03-20,248.60853576660156,250.52707635744224,246.1192370136869,248.13876696420948,9225384
2012-03-21,251.76512145996094,253.75830524491502,247.69971595014025,248.7050862631202,6250664
2012-03-22,248.3406982421875,252.40170913049838,247.1114192705907,252.35341174065798,5664640
2012-03-23,252.2392578125,253.12170878213627,248.52507495205674,248.75337819089134,5497736
2012-03-26,248.5558319091797,251.91439786185163,247.7085160017724,251.91439786185163,4922664
2012-03-27,252.520263671875,254.96565963218373,248.69195014230877,251.12416239278363,7590752
2012-03-28,249.64019775390625,252.41484282783037,247.96310162916697,251.65093812648462,5919920
2012-03-29,245.15335083007812,249.22315088442306,243.02845859522517,247.6558116103995,14000208
2012-03-30,251.67726135253906,252.26555473892847,246.11916113234128,246.72501135593703,7963600
2012-04-02,250.2636260986328,253.64853774388044,249.4558185133239,251.47534819505793,4851584
2012-04-03,250.98797607421875,252.6738397302807,249.5918752583204,251.6772587821141,5451584
2012-04-04,250.34268188476562,252.43683364624482,249.71925323335822,250.1582814563423,5254144
2012-04-09,247.85333251953125,251.06702702830526,246.94453570932697,249.1484655120609,6541568
2012-04-10,243.3445587158203,250.0397392223901,240.32405306861008,249.54364589732913,7243056
2012-04-11,246.24212646484375,248.0509312105646,240.86842562299432,243.12942083668352,8179640
2012-04-12,241.52255249023438,248.65238694058374,240.4513280698613,247.8533471165861,11805608
2012-04-13,210.9574432373047,221.50728223691777,209.7764616747065,221.09460001910404,75255568
2012-04-16,207.62078857421875,213.06473715884744,204.85491147073805,210.7334935985298,33491480
2012-04-17,209.0388641357422,210.64571149119195,205.12274580468684,210.64571149119195,23687088
2012-04-18,208.20912170410156,210.9574424951609,206.78228006880727,210.73353382808384,19165328
2012-04-19,211.2076416015625,212.04618960690777,207.92371980441953,208.96859816616862,17113512
2012-04-20,211.38328552246094,213.22720393071958,207.4408209290964,210.27255277035073,11507520
2012-04-23,202.91004943847656,209.85548429255206,202.39200472566216,209.85548429255206,18136696
2012-04-24,206.30374145507812,207.6427774372055,193.02313868151995,202.88808926802218,53037912
2012-04-25,206.3388671875,207.66034640656306,202.2383479327342,206.3169157766748,24638504
2012-04-26,206.8876190185547,208.87203481118,205.67152391755178,206.34322840546494,17137064
2012-04-27,209.94326782226562,210.55790725127267,206.78226504451507,206.95787630994568,14062464
2012-04-30,216.1862335205078,216.70427812277575,209.88618005401304,210.0310507575687,10869608
2012-05-02,217.05557250976562,218.46046294672206,216.15556457359045,216.4409329435972,10124688
2012-05-03,218.0125732421875,219.27259250972324,216.00183304591818,216.00183304591818,11400728
2012-05-04,214.4169921875,219.33850291540074,212.78819317270074,217.93361258447743,10800888
2012-05-07,214.03501892089844,215.01843772010602,207.91494916998025,211.5237692500108,10710000
2012-05-08,210.19789123535156,211.41400779807714,204.51247663461413,210.29448600410956,11526640
2012-05-09,207.7700958251953,210.2769511366939,206.5715574129542,207.92375569532487,10498144
2012-05-10,205.83399963378906,209.40331215441918,203.91106448111574,207.9237783829625,9084024
2012-05-11,202.94515991210938,207.22128986905685,201.25490150957575,205.81639976824968,8901312
2012-05-14,205.3730010986328,205.9481323384016,202.31298735153845,203.7266453189078,7918416
2012-05-15,212.06813049316406,213.27985234429894,202.39195539465172,202.39195539465172,10267152
2012-05-16,207.9631805419922,209.41636758979922,206.69439383915613,208.80172835578304,8589288
2012-05-17,208.14764404296875,208.75349432555953,206.02712518005748,207.96324364204716,5807416
2012-05-18,209.22764587402344,211.17253192803105,202.14171465937594,204.17882234559858,5938160
2012-05-21,205.50469970703125,209.46034795816152,204.06030125959646,209.4076560009672,4776760
2012-05-22,205.56182861328125,207.9281867410159,204.02960277565577,206.78231864964826,5823208
2012-05-23,206.1852264404297,207.64280882922031,202.5851947311032,206.7823091576545,5402032
2012-05-24,211.935791015625,212.6568296693287,205.900316937758,209.10499113134176,7612048
2012-05-25,211.22808837890625,212.3096571845361,209.2874758450256,210.35124525243555,4313728
2012-05-28,212.38087463378906,213.4668987126489,210.31564459753173,213.1108238190498,4725784
2012-05-29,214.49061584472656,215.87040606908567,211.68652603393224,212.84376944791086,5144760
2012-05-30,216.52027893066406,218.8792754674717,212.99512824280222,214.268100531924,8051488
2012-05-31,216.25767517089844,227.17581445695131,212.85270851612634,214.3571164625152,21626352
2012-06-01,212.68357849121094,216.44907570324037,212.13166662587776,214.98026642949844,6543040
2012-06-04,212.3630828857422,213.32003419676226,208.7489138922826,211.33045696387157,4812088
2012-06-05,212.6523895263672,214.7042537474508,211.39276153003428,212.3096587424998,5992720
2012-06-06,215.02476501464844,216.61375820612997,213.32449839892,213.39571773705615,8777184
2012-06-07,218.3584747314453,219.4178105871025,216.8629558213385,217.9178363941774,6647088
2012-06-08,215.35858154296875,221.5587279409666,213.00404027346136,221.5587279409666,5564824
2012-06-11,215.9282684326172,218.34068464965443,214.97131710859975,216.04845240840336,3553784
2012-06-12,218.81253051757812,219.87630017382497,213.8408249155526,213.8408249155526,4134680
2012-06-13,219.88516235351562,221.62991633189796,217.38372747597487,218.20715068611113,6157784
2012-06-14,222.39552307128906,223.43703798539966,219.07511971397153,219.07511971397153,7883336
2012-06-15,224.55419921875,225.3954218613067,222.79162403767194,223.4414651060856,6311512
2012-06-18,223.58837890625,226.4948539890269,222.23529832017599,225.66252002469304,7117032
2012-06-19,220.4993896484375,222.9919140368736,218.79912324737626,222.54682039608144,6414080
2012-06-20,219.88516235351562,221.21153266904076,218.35847817270792,220.76643904194006,6535976
2012-06-21,221.77235412597656,222.81386886273668,217.21903329853777,218.62998878421146,6536616
2012-06-22,220.27236938476562,221.16701187561708,215.99947078543795,218.07361132714547,6414328
2012-06-25,219.71156311035156,221.47859354063715,218.8302864032441,220.31243951967602,7949448
2012-06-26,217.24130249023438,218.97716774514242,216.2754622985105,218.37185776067102,10330160
2012-06-27,219.70718383789062,220.3214045148159,217.95795237431108,218.27397328094082,8677384
2012-06-28,220.17005920410156,222.2797990454598,217.9490459351074,219.43119929798095,7612976
2012-06-29,223.36581420898438,224.23820219255643,220.4281958396496,222.01273373093917,9364968
2012-07-02,222.49342346191406,224.22040000653328,221.71896479350858,222.81389960964265,5175216
2012-07-03,221.70565795898438,223.99343554721443,220.4638507106171,223.99343554721443,6428808
2012-07-04,220.7130584716797,222.97860282409076,219.78727225545614,222.5468532355773,6390816
2012-07-05,220.7887420654297,221.47863733848968,219.20865934325997,220.78874206542966,5780464
2012-07-06,217.61959838867188,221.21151232222869,217.20567004677585,220.41034386713812,4887440
2012-07-09,217.023193359375,219.7783185145934,213.82297458512016,215.52324090307422,7314680
2012-07-10,218.9326171875,219.2798032130118,217.32584678135674,217.5617376809439,7054720
2012-07-11,219.96527099609375,222.76045028718798,217.6507841300887,218.0958777581666,16945880
2012-07-12,201.57398986816406,202.96269065535654,197.53254849308604,200.29212893620712,54271864
2012-07-13,198.49400329589844,201.0755469184337,197.44357775114497,197.44357775114497,26756504
2012-07-16,193.28639221191406,199.52659277191108,192.56978701681086,198.51178784120572,18441096
2012-07-17,193.2819061279297,195.66315701517073,192.48519288797485,194.49700302762344,13503128
2012-07-18,193.962890625,194.85307787231852,192.54750159499838,193.28190607403616,7873264
2012-07-19,199.8648223876953,200.29211658302287,195.24030430920664,195.84118065895572,10912392
2012-07-20,197.51031494140625,199.83814612905744,196.31301732252012,199.83814612905744,5153832
2012-07-23,194.8708953857422,196.7224674393186,194.29227368572788,195.84119077406996,3890800
2012-07-24,193.0504608154297,196.90943146804102,192.73446170926414,194.99552876615905,7153512
2012-07-25,193.0415802001953,194.06084035913344,191.39027833584262,193.5267279544753,7036544
2012-07-26,189.05801391601562,192.90361933180327,187.0506368809191,192.90361933180327,11975336
2012-07-27,191.2700958251953,192.63654209754264,187.76722165084465,192.45850462795156,9862488
2012-07-30,196.70469665527344,197.17650030284176,192.0623782646298,192.28046982128137,7166920
2012-07-31,198.24026489257812,199.04588878009935,194.5059333562241,197.17649537026836,6914440
2012-08-01,197.49253845214844,198.54739752658,195.90800046550467,197.17651756496323,3047984
2012-08-02,196.35305786132812,198.22690641874968,195.39610654227144,197.44353727141598,2420032
2012-08-03,196.59786987304688,197.38569434548842,194.51484023482246,195.50739040465436,3095592
2012-08-06,197.3367462158203,198.9479723621047,196.49995702404848,197.8174387162387,3250784
2012-08-07,200.5859375,202.0191262192404,197.80855707122865,198.68983393172144,5465344
2012-08-08,203.2831268310547,204.29793139179392,201.18227666468596,201.36031407766356,8039104
2012-08-09,203.14523315429688,205.76683087090495,202.5176466499281,203.87518252307598,6931096
2012-08-10,205.90476989746094,206.61246442727466,201.53839701135277,202.78465918368448,5635688
2012-08-13,206.5323486328125,207.50264402360065,204.75197416671554,204.85879228806402,4013928
2012-08-14,207.3557891845703,207.85873632011806,203.7950399542471,205.9270342092854,4044816
2012-08-16,206.118408203125,207.24894169553733,204.8365472206097,207.24894169553733,3729624
2012-08-17,209.28749084472656,209.63911048384608,206.19408995754452,206.87952983628801,8493280
2012-08-21,214.44610595703125,217.1166676750516,210.5292821039348,210.5292821039348,12206136
2012-08-22,216.635986328125,217.20569749717745,213.12418010302193,213.90309397724337,5149168
2012-08-23,220.5172119140625,221.03352493753826,215.8036741159191,216.7606255428537,14722856
2012-08-24,217.63296508789062,218.83917305772604,216.6715585914021,217.91782063753175,6724512
2012-08-27,214.7042999267578,217.78435716191245,214.14349922611902,216.3333472883212,7891360
2012-08-28,215.52769470214844,218.2249666335421,213.37790101345865,213.37790101345865,5666056
2012-08-29,212.6034698486328,215.60339716362228,212.082701504939,215.60339716362228,5616416
2012-08-30,212.99513244628906,214.1924301391513,210.97886670129262,212.20732964603926,11175392
2012-08-31,210.23109436035156,212.39870932858818,209.61687376005574,212.39870932858818,5811064
2012-09-03,210.5382537841797,213.54707014007283,209.90621196754563,210.61836196573918,4321512
2012-09-04,210.15542602539062,211.15243147325026,208.66881755345725,210.115371942766,2333328
2012-09-05,208.25482177734375,209.81710452207787,207.60943611430386,208.9269174006435,4013224
2012-09-06,215.60336303710938,216.1285648483823,209.2385238723062,209.2385238723062,7623384
2012-09-07,221.41192626953125,222.01280294148594,218.19390656407938,218.541071059081,6075696
2012-09-10,223.64625549316406,224.95037143049967,220.65521693049112,222.1907903009605,7337320
2012-09-11,225.17286682128906,225.74703325585259,220.28574747005325,222.54681441123645,5441904
2012-09-12,226.08082580566406,226.99326763306922,224.42952429823097,225.3063673329225,5083328
2012-09-13,227.447265625,228.50212432783513,224.14911798163197,226.00071154747755,5249704
2012-09-14,234.3062286376953,235.42785169498796,230.21136669573065,230.38049360444526,10627848
2012-09-17,228.28855895996094,235.81064249753814,226.7307310083917,235.81064249753814,9859272
2012-09-18,231.5199432373047,233.14007995797758,229.4903116195747,229.6683490994968,7184200
2012-09-20,232.9798126220703,235.45453762883216,227.58529069772382,227.58529069772382,11625136
2012-09-21,230.8522491455078,235.89960618403586,229.98877191477206,232.81511625301476,12293872
2012-09-24,231.46206665039062,232.3299993598883,229.23659816449916,231.44872253271154,8854032
2012-09-25,231.27508544921875,232.42787350470275,230.38489826612914,230.5584804202145,8849752
2012-09-26,230.4962615966797,231.4487579076037,228.52448317695658,229.4903453406932,8489904
2012-09-27,226.93995666503906,230.8256163692244,225.64027423520693,230.78110699468348,13822880
2012-09-28,225.6580047607422,229.65939196400785,224.87909094402414,227.97694681313146,9685224
2012-10-01,232.30764770507812,233.2467993607214,226.90867210518428,227.1134194670387,8826288
2012-10-03,229.5125732421875,233.15343112341247,227.9324905601168,231.91607929378804,7823624
2012-10-04,229.2811279296875,230.99473881625644,227.62539226875438,229.23218500511675,7164280
2012-10-05,224.93699645996094,230.1134271432751,183.42755649364898,230.1134271432751,11632000
2012-10-08,221.4964599609375,226.36578147141347,218.98613543790236,224.75455505947085,8077440
2012-10-09,225.77377319335938,226.99778083511737,221.12254415467902,222.9919376439094,9084320
2012-10-10,222.9162139892578,225.05266322128458,221.62100902880997,223.1788365938295,5932104
2012-10-11,225.50225830078125,229.67279478693948,220.8732840162144,222.1907656592091,14966400
2012-10-12,213.2310333251953,217.90451686337465,205.72229441395143,209.19402504231323,56701776
2012-10-15,210.5827178955078,214.71317830397408,209.44327379669656,212.37198134152115,14790120
2012-10-16,209.701416015625,212.66574404440195,208.92695741825509,211.85566491550154,7282048
2012-10-17,210.9877166748047,211.77554106304055,209.8393838465121,211.51294017799077,5707320
2012-10-18,212.99896240234375,214.73691617934725,210.0874272434665,211.78058817187187,10192576
2012-10-19,213.51409912109375,214.73693524780577,211.95977838811368,211.95977838811368,10937200
2012-10-22,213.711181640625,214.8265192868071,212.16134457922473,212.16134457922473,4566864
2012-10-23,210.80410766601562,213.57229689308215,210.52638326289556,211.60141160296143,4743144
2012-10-25,210.0560302734375,211.16242220740108,208.7480705526671,209.8992553281433,11256776
2012-10-29,209.22740173339844,209.5409516824744,206.70108937514536,207.92840908722664,4736664
2012-10-30,211.2744140625,211.87015013351206,208.3763083342702,208.3763083342702,5728256
2012-10-31,211.69097900390625,212.72121440743774,210.1277131354574,210.52636506947934,6517320
2012-11-01,211.83876037597656,212.31805249201753,209.7290351996823,211.60136708276178,7010976
2012-11-02,213.9395751953125,215.417738943217,212.23744724318004,212.40765128979157,7049216
2012-11-05,213.07510375976562,214.1635831375129,212.0941447192098,213.49169038761042,4959200
2012-11-06,213.36178588867188,215.58799940990676,212.43010330386096,213.57232104434559,6815768
2012-11-07,215.3997802734375,216.25981147030458,212.7704539321077,213.39306997608347,4695264
2012-11-08,212.7928924560547,213.62156008319914,211.8701554807169,212.49725530666407,5229160
2012-11-09,210.40994262695312,211.87019400432942,210.07847989012788,211.87019400432942,5938920
2012-11-12,211.3281707763672,212.22851138512223,209.0527028727194,210.9743116555352,3696192
2012-11-15,205.7156524658203,209.36178617335653,204.1479026763322,209.19604387557834,9133048
2012-11-16,209.93064880371094,213.841055673093,205.24082888439716,205.24082888439716,13693104
2012-11-19,211.2923583984375,213.32146576721397,209.33041843356204,209.988882081183,4036128
2012-11-20,208.264404296875,212.95868731519332,207.19385930830106,212.95868731519332,5440304
2012-11-21,210.51296997070312,211.77163158287317,207.96423925913368,208.7078049578364,6989808
2012-11-22,213.44691467285156,214.28901157172822,209.1826262625357,210.34724045586032,5827312
2012-11-23,212.9944610595703,214.91606973058842,211.15795441952153,213.3931130046943,3477736
2012-11-26,216.56443786621094,216.8869550982309,214.176987980626,214.176987980626,3788056
2012-11-27,221.3348388671875,222.17247367581632,216.9630754307687,216.97650453339804,5717304
2012-11-29,219.0594024658203,220.31360209142977,217.3796708243791,219.4849344816521,10365096
2012-11-30,218.30691528320312,221.85449577450106,217.24979968042692,218.73244734551278,7050712
2012-12-03,218.51292419433594,219.75369473342263,217.1870734966551,218.32032371192457,5202984
2012-12-04,218.36061096191406,219.2161585787268,216.3494168237128,217.60361634153145,4510288
2012-12-05,213.43798828125,217.6933101882214,212.99005965946353,217.6037244638641,13995024
2012-12-06,209.4782257080078,214.468144324036,207.29680538284282,214.468144324036,11011928
2012-12-07,207.9418182373047,210.39199563854268,207.041499538569,207.92838913223656,9485912
2012-12-10,207.2610321044922,209.98891270971657,205.95755559711537,207.9239576366262,6829920
2012-12-11,205.5140838623047,209.27668334291587,204.5107283751102,207.48048564513178,11384424
2012-12-12,205.8499755859375,208.1792032173687,204.8152566292126,206.94291648484685,15359688
2012-12-13,204.57339477539062,207.26991076333374,203.5745012675728,206.490519680347,9967112
2012-12-14,204.1478729248047,205.60364037431572,203.0011717287348,203.62827155313954,8507992
2012-12-17,203.02354431152344,205.31694643436646,202.1903931254865,203.0907335705344,10961640
2012-12-18,203.4490966796875,203.73576650590374,201.1198688004837,202.46365411540896,8292000
2012-12-19,205.70216369628906,206.03811001803126,203.36399041986658,203.7178495044673,9991896
2012-12-20,206.01121520996094,206.94289742813638,204.07615599190245,206.59352206419595,8441728
2012-12-21,205.76490783691406,207.95527365775348,204.86456724743206,205.95750832837476,6924016
2012-12-24,208.04486083984375,208.59132044847271,207.21170951418824,207.93736238171243,4323992
2012-12-26,207.41329956054688,208.81530706855574,206.4368241432032,208.10758876110586,3263560
2012-12-27,204.9496307373047,208.6450398807486,203.95522098283132,208.53754144360357,8110232
2012-12-28,208.12550354003906,208.33155503391876,205.01240032033203,206.23525830507967,7064256
2012-12-31,207.72238159179688,208.20615754914402,206.37859594057358,207.39091883879738,3451824
2013-01-01,206.83993530273438,208.72569663653314,206.5442981425748,208.51966704056488,2959992
2013-01-02,206.87130737304688,208.55552301568866,206.36067322450123,207.49840731338614,4349944
2013-01-03,209.44239807128906,210.4233789778282,207.03255150381608,207.39089430174565,10599288
2013-01-04,210.486083984375,210.96983801157728,208.91385058870458,210.38304730736306,8454008
2013-01-07,212.7481231689453,213.20499711267846,209.23188446981706,210.62494646886896,8761624
2013-01-08,209.98887634277344,212.13444943792973,208.15236953175517,211.87017600284096,12867424
2013-01-09,208.8242645263672,211.58350843194822,208.13445901784905,209.64844858348656,6149968
2013-01-10,208.04486083984375,209.86791658361201,206.87127950384965,208.82425200068,10901016
2013-01-11,242.96533203125,243.85222151667307,225.84549979556678,225.84549979556678,92852568
2013-01-14,251.42227172851562,254.1501519699748,246.56224741307932,247.23862383496723,50924760
2013-01-15,249.6798095703125,251.68652034105475,248.5555047510209,251.37745407509988,20377880
2013-01-16,247.9239044189453,249.83656757963658,246.85335983659706,249.13779484869406,11660824
2013-01-17,250.65626525878906,251.43565635110028,248.9765336497108,250.12323480247596,11767072
2013-01-18,249.76942443847656,251.73582625144124,248.81980723497406,251.2878977349796,7290592
2013-01-21,250.5084686279297,251.7895483656851,247.52974444367436,247.52974444367436,5899560
2013-01-22,249.3662567138672,250.71898753676163,248.7794660584413,250.26659729050465,5110280
2013-01-23,249.90823364257812,250.6607446420079,249.13778800908648,249.13778800908648,7458712
2013-01-24,250.6786346435547,253.34829216728423,250.01122573049804,251.73574999648824,11211296
2013-01-25,252.15228271484375,253.3482600886857,250.04701959175887,251.73571812206748,8442536
2013-01-28,251.79400634765625,253.31250126320967,250.92951320321652,251.91495577559616,6723008
2013-01-29,250.7503204345703,253.07954813421262,249.81415444497642,251.37742019985862,6197184
2013-01-30,250.0022735595703,251.37293886208326,249.09747129848978,251.26544041848513,6805528
2013-01-31,249.8992462158203,251.4759628810369,248.15232551275218,250.12321040852135,17480440
2013-02-01,248.23744201660156,251.01011450972823,246.53979771116892,250.04260663800716,7899648
2013-02-04,247.93740844726562,249.94411951122476,245.9127627449147,249.13784815796274,7500016
2013-02-05,246.8892364501953,249.25879585222873,245.96203752338707,247.5477001326544,6166112
2013-02-06,248.68992614746094,249.76943830637293,246.88478287449777,248.62273686626116,9097344
2013-02-07,249.8992462158203,250.75031014808425,249.052665941711,249.58569634603884,10704472
2013-02-08,249.89480590820312,252.33601603213376,248.35393636941805,249.33041167038752,5482696
2013-02-11,250.12777709960938,252.1792810371711,249.48722617294388,250.95196122804643,7394792
2013-02-12,246.8309326171875,248.51963135030326,245.62152599697805,248.15232133186075,4442392
2013-02-13,249.9037628173828,250.5846009300431,245.91271600303236,246.9877442697123,6322888
2013-02-14,251.982177734375,253.3483596596969,250.3338096025901,250.3382713903841,6894000
2013-02-15,249.81871032714844,251.6014571409817,248.71680176098803,249.94412156786146,5194256
2013-02-18,249.05715942382812,249.6484117929787,247.5252355367256,249.31694914900737,2754784
2013-02-19,252.67196655273438,253.07958583519516,247.88809923634636,249.05719691866528,4643344
2013-02-20,252.58238220214844,253.7380507851023,251.60142322082663,253.10198360499928,5545224
2013-02-21,251.5387420654297,252.6227159523048,250.22629838935953,250.98331507934805,5558744
2013-02-22,254.4727020263672,255.7672112079157,250.58020716179604,250.72353118002113,8703536
2013-02-25,261.3931884765625,261.7694440834891,256.895990218082,257.11098717303685,10457648
2013-02-26,265.15576171875,266.0157713239028,261.2319036476826,261.2319036476826,12173544
2013-02-27,260.74365234375,264.09863229078144,259.98665758546775,264.09863229078144,7029760
2013-02-28,260.42559814453125,263.01015402298225,258.49053851188273,261.16916373816497,11808104
2013-03-01,261.03472900390625,265.29899376293594,259.0817570282176,261.05264176356366,8414632
2013-03-04,260.10760498046875,263.60593105664384,257.30356810248867,262.1277669572608,10108320
2013-03-05,261.7066345214844,263.3281221022641,260.98546546957976,261.9977879627531,7171944
2013-03-06,266.0784912109375,266.6697436966825,262.15014959274276,264.0090528320591,12205480
2013-03-07,269.14678955078125,269.63502721065413,266.96536914490366,267.07735126283353,13715360
2013-03-08,266.0919494628906,267.7716814896322,264.9273352576831,267.6820957815393,6162896
2013-03-11,263.8970642089844,267.8612312602438,262.4860894958242,267.12663292674137,4866160
2013-03-12,261.4200744628906,263.8030412748728,260.87359287207454,263.38199280353683,5714056
2013-03-13,256.5242004394531,258.9027054468397,255.32824431747585,258.9027054468397,10730136
2013-03-14,257.47821044921875,258.8040610099014,254.68311974890543,256.7525576959636,8332320
2013-03-15,257.8500061035156,260.8421593296748,256.9362364615722,257.67980204517045,7260792
2013-03-18,256.2822265625,258.90260762584114,255.40876620805298,256.7749477880855,6446824
2013-03-19,255.85667419433594,258.5621570611662,254.52185645641848,257.55880192882205,11976144
2013-03-20,256.72125244140625,257.5320074006607,253.30805039451081,256.645117719316,8994640
2013-03-21,257.36181640625,259.3058218206884,256.39428642280535,258.27558621836056,9940080
2013-03-22,256.50177001953125,257.60367849590205,253.52752917524006,255.31475950307475,7370288
2013-03-25,255.5655975341797,256.66302232422214,253.7649162729353,254.8892211464233,5036856
2013-03-26,255.72686767578125,257.0795986406838,253.88587714224403,254.87131985521674,3415584
2013-03-28,258.84442138671875,259.525259505807,255.42671420039446,256.6630010930497,12348048
2013-04-01,263.7581787109375,264.59581364385036,260.7615418162348,260.7615418162348,7422040
2013-04-02,265.9844055175781,267.83434132484626,261.1288653432981,262.48607984028587,9720888
2013-04-03,265.93060302734375,268.7167263779062,264.0985802759177,264.179198637984,8355472
2013-04-04,258.0113220214844,264.20168130510575,257.29463635936827,263.8299093664873,7499960
2013-04-05,256.7391662597656,259.7089232251726,255.3192242813874,257.9172093705664,4372960
2013-04-08,253.69776916503906,257.4379726425258,253.28120435267817,255.3192793014883,3716360
2013-04-09,247.8253631591797,254.329270628468,246.92053901138868,253.8455166883945,10840656
2013-04-10,252.2418975830078,253.3303766593941,248.7122307293624,251.1086475405323,6551616
2013-04-11,261.2945861816406,262.9877689008377,253.9664721260295,256.79738877107957,17018672
2013-04-12,205.74696350097656,235.16691683538903,203.24304787250168,235.16691683538903,98027744
2013-04-15,209.54539489746094,211.15345352304917,197.44684410895223,205.15121279922894,66559976
2013-04-16,205.71115112304688,208.37632553607273,204.88248344840858,207.7492256741843,14301736
2013-04-17,204.60032653808594,207.11767179243049,201.56784159482183,206.04712696359564,15149144
2013-04-18,205.66188049316406,208.10757439871185,204.37185520330777,204.82872913569068,13224368
2013-04-22,201.0795440673828,205.41996592467845,199.19824477195402,205.2945547202515,15401288
2013-04-23,202.6652374267578,203.4132867245987,201.06612403098163,201.56781266889385,7869960
2013-04-25,199.57005310058594,201.5678185206702,199.16243380438695,201.3886471264296,13762344
2013-04-26,198.16355895996094,200.47487428415715,197.3124948505036,198.8892118439961,11129584
2013-04-29,199.71339416503906,201.4603152169026,195.83432919865083,197.62604309799804,8965680
2013-04-30,200.2643585205078,200.88251300375467,199.07734793724438,200.13446362343376,8840720
2013-05-02,204.8555908203125,205.28112284339136,200.31360075880363,200.31360075880363,9376184
2013-05-03,206.7593231201172,208.19717805716337,204.09414840101195,205.7559676001678,9117192
2013-05-06,209.72909545898438,210.07847094777782,207.39089989087663,207.39089989087663,6000104
2013-05-07,210.4188690185547,210.97429591162168,208.2643288409947,210.52636747019574,6983104
2013-05-08,210.58457946777344,213.21392804329588,209.45581297162363,211.8701427825188,7278352
2013-05-09,211.54762268066406,212.2195153018716,210.52635464503044,210.69655869380117,4561424
2013-05-10,212.45693969726562,213.66186280924725,211.1624308985715,211.61035933213387,4534040
2013-05-13,209.59471130371094,211.61485133027628,208.7615599240397,210.97432232743975,5014960
2013-05-14,210.53082275390625,212.38972553528401,209.3886053822163,209.3886053822163,4484448
2013-05-15,211.46253967285156,212.55996438618064,210.29344203251398,210.79513065006705,8893176
2013-05-16,208.96755981445312,211.4042858649965,207.23406820847197,210.8398917231768,6991752
2013-05-17,210.68319702148438,212.22855054486934,209.1826363538497,209.35284045709614,6431752
2013-05-20,212.50173950195312,213.48269842928877,209.9888565330478,210.1680279123422,8758288
2013-05-21,214.79066467285156,216.5331020143187,212.04485008011164,212.3360035801758,5660128
2013-05-22,213.68878173828125,217.96201539704094,213.05719815783505,215.0056871980675,6245672
2013-05-23,211.4087677001953,216.7301481423158,211.0772831995304,212.85556762886944,5100584
2013-05-24,210.3382568359375,213.66189506330352,209.09302435125804,211.56559842638032,3688648
2013-05-27,212.55996704101562,213.75146111895577,208.76154244869477,209.7380177429238,3325168
2013-05-28,211.97769165039062,213.21397875867152,210.85338667381075,212.31812170506365,4234952
2013-05-29,210.74136352539062,214.19937982788522,209.00340992825437,212.31808038146715,5166528
2013-05-30,212.19595336914062,212.84845525258365,209.93484218340728,211.47548207855854,6338632
2013-05-31,218.56240844726562,220.66492422727387,212.24578966996725,212.24578966996725,18498304
2013-06-03,227.84254455566406,237.89294627376998,224.31264866201477,228.83035784429305,33215248
2013-06-04,226.193115234375,228.32735904092874,223.26591713766172,225.6584314157418,11714560
2013-06-05,223.05291748046875,225.67653193239514,222.48650580581037,224.7521525044439,5078784
2013-06-06,220.18910217285156,222.45474857277577,218.94299665289327,222.0333471925711,7509232
2013-06-07,221.743408203125,224.1087304021861,219.3146301875267,219.76775958874057,6618168
2013-06-10,225.36386108398438,226.3834020258542,222.685862451582,222.93961928887163,4289040
2013-06-11,224.34437561035156,227.87878508270208,223.46984468083855,225.6584509269947,5957704
2013-06-12,219.4369354248047,227.14464713372615,218.66661561317716,223.14352425645427,5927288
2013-06-13,215.68048095703125,219.76771619920663,215.2364230816972,219.67709033685642,4154328
2013-06-14,217.04441833496094,218.31771620658702,215.4312734580319,216.74988426369842,5584064
2013-06-17,219.55026245117188,219.85838158837527,217.0353943188234,218.53977062902513,2720504
2013-06-18,221.7207489013672,222.93966254997346,219.74056459316867,220.2208861774128,4284904
2013-06-19,220.97763061523438,221.91559522880482,218.1636925236037,221.6709097698499,5836832
2013-06-20,214.70176696777344,221.85213957699608,212.31376633742138,220.03962209679185,6802928
2013-06-21,219.20127868652344,220.40207122093022,214.8376527795958,214.8376527795958,6161368
2013-06-24,215.72579956054688,217.79660941988087,213.14296241565285,217.72864002133102,7336552
2013-06-25,215.13674926757812,216.31037201349122,212.517670409937,215.68957593844354,5790640
2013-06-26,217.4477081298828,218.82523908276863,214.93284018531466,216.74084402961304,5567232
2013-06-27,225.00592041015625,226.56014527156668,218.64398859304066,219.40523707098512,10670944
2013-06-28,226.46047973632812,227.26704118483698,219.6771240482683,223.9546609825324,11707392
2013-07-01,222.1240234375,224.16310565999845,221.22683610978393,223.75528921549878,4209080
2013-07-02,217.8600311279297,223.26134121938506,217.50206340699648,221.86117611129333,5110832
2013-07-03,217.9098663330078,222.205522970115,216.83142751865873,217.59267584344013,5349856
2013-07-04,223.6646270751953,224.31259313732616,219.31458570582362,220.49272191002845,5210784
2013-07-05,222.5952606201172,225.07388704988892,221.00930787266537,223.57402445506455,4337360
2013-07-08,223.67825317382812,226.02094098328095,222.98497405347342,225.20530807676548,5415168
2013-07-09,226.40151977539062,227.83341279321527,224.8427594033282,224.8427594033282,8611368
2013-07-10,226.6689453125,228.37725225994683,225.93035312859024,227.0178638536376,6865416
2013-07-11,229.13385009765625,232.31480378811005,227.44820063316172,229.73650308001393,15704960
2013-07-12,254.1330108642578,263.3224855725011,249.22109408947568,252.04408054143556,52873040
2013-07-15,248.55953979492188,252.8461473634868,247.25453627161446,252.39755378519075,12874240
2013-07-16,247.2998046875,251.08796934821322,242.97242068627963,244.87556338838704,6301536
2013-07-17,249.2981719970703,249.97786599114548,247.55813767187348,247.55813767187348,6575048
2013-07-18,253.82037353515625,255.33835666707228,248.21064173664502,249.58361464458457,13078696
2013-07-19,258.0526428222656,259.6431313503936,254.02432711174635,254.02432711174635,16402840
2013-07-22,260.7079162597656,262.3527666014211,255.7461509290201,255.7642716740877,6751136
2013-07-23,262.99169921875,264.3692078091787,261.90872466124483,261.90872466124483,6168480
2013-07-24,263.5943908691406,265.26189787853,261.00248236766873,261.00248236766873,4875280
2013-07-25,264.20159912109375,266.9249108972689,262.9056447751872,263.6306517238951,7177688
2013-07-26,264.02032470703125,267.61816695588163,263.0506324215133,265.53377215737663,6899640
2013-07-29,264.736328125,266.80260270692554,263.72132264848955,263.72132264848955,4362952
2013-07-30,267.8628234863281,269.4306551343666,265.6243693907933,265.6243693907933,6336208
2013-07-31,269.1270751953125,271.1163305145192,265.3706377388059,269.0681772367356,11807328
2013-08-01,269.5802001953125,271.4380302880739,267.95800618400966,270.79006425224344,8690632
2013-08-02,272.675048828125,273.690053874357,270.16471732860595,270.5181492764754,11962296
2013-08-05,272.69775390625,274.143231977038,271.5603949154362,271.76883882269146,8502784
2013-08-06,270.7311706542969,272.9650892443119,267.4414475241701,272.6025858057405,10031832
2013-08-07,268.55615234375,272.13133811246723,267.45957058241294,269.6119347675319,6503608
2013-08-08,268.6649169921875,269.883830471678,266.4400475442355,266.4400475442355,5765368
2013-08-12,272.3669738769531,273.6901203952716,269.2494528789245,269.70258221732723,7594376
2013-08-13,279.45391845703125,280.3964185768556,272.602594401804,272.611665838236,10334312
2013-08-14,278.1896667480469,280.47796974964484,275.73371917804013,278.22139464973594,9211208
2013-08-16,269.9200439453125,275.4980698750912,268.94581598145555,273.6900884509775,12087616
2013-08-19,272.33074951171875,274.31998300735347,267.4324166303516,270.9804328485158,5259328
2013-08-20,272.4801940917969,273.7806838467109,270.2915887364499,273.69005799969113,10362056
2013-08-21,268.1392822265625,271.40634913556323,264.817853072992,271.40634913556323,7526584
2013-08-22,273.7081604003906,275.1808303157651,268.6149925643084,270.88063858796147,10965816
2013-08-23,271.9410400390625,273.68558801318017,270.27353290359486,272.3307356999307,5498864
2013-08-26,274.6597595214844,276.3952578264769,272.64787007399946,273.68553163273737,5571544
2013-08-27,276.9571533203125,279.1276381594814,274.76852560947185,274.7775970453077,8525552
2013-08-28,282.4128723144531,283.6589780486926,276.5901600653705,276.5901600653705,14329696
2013-08-29,281.3570556640625,283.3825303731648,277.4057592917893,278.2213920371752,20086288
2013-08-30,281.4704284667969,283.0155821863171,275.2761400535956,280.2152510438577,12678560
2013-09-02,279.6623229980469,283.4414389316871,277.7320099461599,278.864833157574,5125040
2013-09-03,274.9316101074219,280.4416656791567,273.40004224085334,278.4025842515332,6267312
2013-09-04,282.0911865234375,284.55620615906446,276.9164617888954,277.28801464041885,8979400
2013-09-05,272.3125915527344,280.64109932829496,271.4335251261419,280.64109932829496,9457072
2013-09-06,274.5102844238281,278.39358951502146,272.4122823461346,272.4122823461346,13465928
2013-09-10,286.2780456542969,288.91526726400963,274.7776318520945,274.7776318520945,21879136
2013-09-11,282.671142578125,287.5513321021369,281.64253016671944,285.0183436165498,9145680
2013-09-12,277.8453369140625,282.6711645701453,276.2276562580379,281.39333093215475,6957440
2013-09-13,274.41961669921875,277.8452783439595,273.08288537673616,277.3377647204971,9255384
2013-09-16,271.2795104980469,277.1294156961489,270.0742039492895,274.1432972634456,6332184
2013-09-17,273.9258117675781,274.5918987541436,271.06202492090426,273.4182979559907,8027280
2013-09-18,273.43182373046875,274.5284055631762,272.3307283048096,274.14324563129753,7439816
2013-09-19,273.5994567871094,275.04947046998245,271.17975087890557,271.7869396835181,15327808
2013-09-20,271.4380798339844,274.7776521678032,270.382297243615,271.87762417658627,7991712
2013-09-23,273.6357421875,275.8606117142589,271.9727707533808,272.3307385136902,8886376
2013-09-24,273.24615478515625,274.687097717786,271.5967457359027,274.5964718194958,11752256
2013-09-25,272.752197265625,275.0495723959536,271.2115571566526,274.7595739770039,8080776
2013-09-26,272.9922790527344,275.21714831270504,271.9682024225869,274.9588557647879,10682440
2013-09-27,272.4757385253906,276.4995181397794,271.06196616062937,274.05261974916186,5701568
2013-09-30,273.0557861328125,276.8620732279264,271.65562066220184,273.7082880668829,8679184
2013-10-01,273.2369689941406,275.348555965687,272.1494586697858,274.5963568995841,5310216
2013-10-03,275.24432373046875,276.136997307753,273.69009907102526,275.0494869803184,14686712
2013-10-04,273.36376953125,275.41192232501135,272.33064382581745,274.25644288781365,7352816
2013-10-07,273.8577880859375,275.4799822730733,272.4576007248706,273.2369920399098,9795344
2013-10-08,274.9725036621094,276.59018446270557,273.8986002644217,275.52986609677055,17982912
2013-10-09,281.8328857421875,283.78585564476765,272.7838832885616,274.3245231609555,17371792
2013-10-10,283.4414367675781,286.4637957972829,280.101865115646,283.21487212702516,17434688
2013-10-11,296.75439453125,302.5091369507749,286.0877346606232,302.2372593561517,41290600
2013-10-14,301.2720947265625,302.28709996104874,295.07780817708584,295.07780817708584,12231712
2013-10-15,304.03173828125,305.14190542675436,300.2254509252352,301.2404564617469,9221320
2013-10-17,297.98712158203125,306.13765533425055,297.2121818440942,303.612267934015,11513008
2013-10-18,302.1854248046875,303.0378450170417,297.30330083158293,299.58253496859294,10944776
2013-10-21,304.0909423828125,307.94284917312723,297.6771890466118,303.8675818253004,9383368
2013-10-22,304.7200012207031,306.7120389173592,303.174662346736,304.3234054948239,7208760
2013-10-23,303.1199951171875,304.3963665889505,298.9444325650751,302.68237758952404,6561584
2013-10-24,301.6567077636719,307.6966796229369,299.9518446867246,301.0686696720227,6480560
2013-10-25,303.73529052734375,305.4173607941182,301.433264151209,303.41163484263444,6011344
2013-10-28,302.99688720703125,304.040772210483,300.23445039828505,302.42707855251064,3412448
2013-10-29,304.1046447753906,306.780453180556,301.4743988098584,302.6368086034097,5200392
2013-10-30,303.0379333496094,304.4009335673592,301.5382013019289,301.86185709535596,5591088
2013-10-31,301.7615051269531,303.41167971616875,300.5124891422512,301.25096998231965,9687544
2013-11-01,298.7347412109375,302.22653336326573,298.0692002001662,300.85899248831885,6166704
2013-11-05,297.7455139160156,299.99739303950884,294.7505910272184,296.4828091619283,5320232
2013-11-06,301.419677734375,301.971257009942,298.6071153341522,298.6071153341522,3704664
2013-11-07,306.1103820800781,309.9713927614134,302.0989285359454,302.83282438920105,7192712
2013-11-08,306.3337097167969,308.9912885007669,305.4174529064472,305.4174529064472,8616112
2013-11-11,306.566162109375,309.7935492161958,304.5148510860188,305.41741903303586,7803200
2013-11-12,304.2185363769531,307.696639112851,303.4208043496235,306.5570219309516,6452184
2013-11-13,303.78094482421875,306.2014963765502,302.3222347070352,302.3222347070352,4687512
2013-11-14,305.80487060546875,307.69663510276723,305.42196368897044,305.62709477903894,4343528
2013-11-18,310.3497314453125,311.3434688995936,308.8682288480597,309.1554035251894,6326536
2013-11-19,313.8916320800781,314.3520419295459,309.9804743363612,310.5229277297081,8975208
2013-11-20,310.1765441894531,313.92361562553185,309.52012892730613,310.79650059298575,4306608
2013-11-21,304.9023132324219,309.9758801319097,302.05327021650356,309.6112026258722,8495496
2013-11-22,305.1986999511719,307.69673267018044,304.14112598154725,305.0528200042737,2720936
2013-11-25,303.22943115234375,308.04318003116765,301.49721251377053,305.5998356051282,5707296
2013-11-26,302.33587646484375,305.32623641193817,300.18883323522033,302.68232454094795,7321096
2013-11-27,300.24810791015625,304.12736927799773,299.5643375959004,302.6823257772776,6779624
2013-11-28,303.39349365234375,304.3234169577443,297.6680516378176,300.986608455726,7499968
2013-11-29,305.8322448730469,306.87612981129803,301.7706445856793,304.14104844043084,5411560
2013-12-02,304.38726806640625,307.8699346574534,303.1473775945861,305.5998255250427,4711376
2013-12-03,305.303466796875,306.2835376496011,302.6823470744681,302.6823470744681,7001240
2013-12-04,306.81689453125,308.6995334025803,304.2140041733459,305.41743558731366,8443120
2013-12-05,305.535888671875,309.88466280685583,304.6880091499006,308.1524449212041,6317072
2013-12-06,303.2111511230469,305.32627644553924,302.5182548799877,304.41914549835394,6544848
2013-12-09,304.39642333984375,308.5218390444956,302.77816635072617,306.7850573735579,8856632
2013-12-10,307.31829833984375,309.05051647452643,303.73533743068623,304.04986732456473,12345896
2013-12-11,307.637451171875,308.3075328577096,304.5057736088937,306.78500844129564,6256960
2013-12-12,306.68011474609375,308.672152259307,305.23507123141917,306.73024009643797,5520232
2013-12-13,307.591796875,308.1524796136415,304.961551570305,304.961551570305,8315624
2013-12-16,314.73956298828125,315.810803444538,305.76393995748873,308.152573799809,10117696
2013-12-17,315.1133117675781,317.71617989470917,314.0876561895193,314.0876561895193,10713952
2013-12-18,315.21356201171875,316.6996273270928,314.30643115081756,314.5343545961771,9183344
2013-12-19,320.2096862792969,323.19092084576977,314.99023876289294,315.6740091798891,7331456
2013-12-20,323.77435302734375,325.7481609966225,319.85861075544545,321.37203120993405,8685456
2013-12-23,316.2164611816406,322.7305095401985,315.4962319155452,319.09285984126865,8845904
2013-12-24,317.8529357910156,319.3572306474451,316.0022150772018,317.8164769401807,7109912
2013-12-26,320.9754638671875,322.22904282294667,317.6113227000824,317.9076231805346,6869928
2013-12-27,324.6814880371094,325.6569958631214,321.8233193297326,321.8278822499492,7382064
2013-12-30,319.3070983886719,325.9305451797642,316.8136068530575,325.26500423028455,11863432
2013-12-31,317.7845458984375,321.071206554965,317.2922401413244,319.0928354269479,3590808
2014-01-01,316.17535400390625,319.00160428479467,315.63290074033256,318.3634187374973,1478688
2014-01-02,317.3195495605469,319.82214427090054,315.74231503597383,315.74231503597383,4404744
2014-01-03,325.03253173828125,325.93055910509,314.9218556052468,316.81362038886374,10046344
2014-01-06,320.7247619628906,326.43197421366506,316.23012920978664,325.93966845116506,11098328
2014-01-07,315.18621826171875,321.4541132380988,314.23350267693894,320.82961632988753,7713688
2014-01-08,312.53778076171875,316.8136160579163,311.89046921845517,315.53724465509305,8990392
2014-01-09,314.6072692871094,317.45174920515274,311.603242970126,313.6226356305932,12590808
2014-01-10,323.76531982421875,325.9305929944617,314.35207962095217,318.1811942799081,30258176
2014-01-13,334.13580322265625,335.04749709229515,326.5687441046534,326.5687441046534,17119912
2014-01-14,336.1187744140625,336.8709219393669,331.89762688102644,332.31245208903715,7425832
2014-01-15,338.42529296875,339.54668076617537,335.59447933931915,336.89820589215844,17130144
2014-01-16,339.610595703125,340.7410874190541,336.74786303834406,337.23562825714447,17608232
2014-01-17,340.03900146484375,343.220803983562,339.1500999930877,339.97062442855486,25667896
2014-01-20,341.8213195800781,342.79226445648976,337.73236447792607,338.42069766537804,9761944
2014-01-21,342.6463928222656,343.708507024268,338.9996182119286,341.88511971909946,12102464
2014-01-22,343.33477783203125,344.4379362930326,340.978062586293,341.08289847571064,6769760
2014-01-23,345.7598876953125,346.35248868938487,342.8743856043586,344.9940737754637,7907344
2014-01-24,342.62823486328125,346.16561165453135,342.3137049187341,343.2527540893873,6876584
2014-01-27,340.2623596191406,343.15242454778064,338.3478026164382,339.1500976215815,8099048
2014-01-28,335.05657958984375,338.11985724066056,334.3044322446928,337.9648737545015,14108544
2014-01-29,338.9494934082031,341.3107712239649,333.1009648785974,334.22691551853217,8102080
2014-01-30,337.7141418457031,338.84919606073464,333.6798971870887,337.6639942401248,7183632
2014-01-31,337.427001953125,340.950689594508,336.10048301961797,337.3267067316477,5369928
2014-02-03,330.8673400878906,336.5973444126935,330.4707666474942,335.95915876510713,4384112
2014-02-04,324.66326904296875,327.47583089666995,323.33675018988095,326.4775306956558,4535112
2014-02-05,326.5003967285156,327.2069595416803,322.990375011504,326.3864349844568,4326992
2014-02-06,324.9003601074219,326.65993383704705,322.8308193460741,325.65707051798273,5749904
2014-02-07,325.1601257324219,328.3784089916419,323.54643231169007,327.0245349242833,7551456
2014-02-10,325.82110595703125,326.93336784329585,324.3350407424777,326.37722577108985,6049424
2014-02-11,327.86785888671875,330.215470250315,325.79375564315313,326.75103406326036,5833592
2014-02-12,328.2189025878906,330.7123718424489,327.5898204942367,328.2553614376024,4208712
2014-02-13,326.9151306152344,329.84621695046076,326.39090673898903,328.64734864108874,3588320
2014-02-14,332.2486267089844,334.04465931754913,328.50611863699754,329.6275066338262,5962168
2014-02-17,333.51129150390625,335.9591985020871,332.66343399263394,335.9591985020871,13569920
2014-02-18,335.6856689453125,336.83441207690254,332.4947405332848,332.4947405332848,4978240
2014-02-19,342.1950988769531,342.97916434943164,336.87994249910787,336.93006784527324,7064304
2014-02-20,338.3523864746094,341.4202274345677,337.87374719431523,341.4202274345677,8816848
2014-02-21,341.9489440917969,342.37743566974984,339.81102686391483,340.6087588338817,5517984
2014-02-24,341.8760681152344,342.2225162300743,340.06180625589616,341.52051641677934,4357608
2014-02-25,344.8846740722656,345.7234502608153,342.34105701263616,342.34105701263616,8099512
2014-02-26,347.12744140625,348.06649054507244,343.90005400595663,344.6202832608339,7352168
2014-02-28,348.709228515625,349.83059413622783,342.89718026529147,342.89718026529147,9839496
2014-03-03,346.28411865234375,350.9975714334724,345.70974707177004,348.7228997157151,7204176
2014-03-04,346.4026794433594,348.6727884770365,342.97013836454266,343.7086193677718,6937912
2014-03-05,348.4220275878906,350.4915681364692,347.3462244136852,348.987273312529,4943504
2014-03-06,349.3518981933594,350.9975097649799,348.0254016732358,349.90804025074254,6226312
2014-03-07,341.0007629394531,349.5433275518857,338.0833434085036,348.90514202949043,15072744
2014-03-10,334.7375183105469,340.03444615201886,332.3397590660713,340.03444615201886,7432472
2014-03-11,335.079345703125,338.13806019411294,331.04053824763645,333.04170142433014,4124272
2014-03-12,334.7102355957031,337.63221943015975,332.95066165613036,334.90167798820266,3940104
2014-03-13,306.1103820800781,313.61360578905766,304.50579175916346,311.7993436575865,40790880
2014-03-14,309.4425964355469,310.33149804627516,304.05449848848593,304.5057825469173,11167544
2014-03-18,305.46759033203125,311.06081880124805,304.5057488593036,309.97591201246473,11804312
2014-03-19,298.283447265625,306.13314053033446,295.27485744067945,305.4174519262914,15777848
2014-03-20,301.1370544433594,305.37186810593136,298.1239016887283,298.1239016887283,8023032
2014-03-21,301.37408447265625,304.32342313578596,298.1694893246219,303.5940680174258,12380320
2014-03-24,298.65264892578125,302.5410139424261,298.12386208879525,298.32443026609377,8160344
2014-03-25,296.7015686035156,299.00815795894306,295.9357548509672,296.1180935785402,7548064
2014-03-26,296.2002868652344,298.02823798501754,294.531904470903,297.2122762181971,8458568
2014-03-27,294.5729064941406,297.4766386492377,293.1962395939915,296.11822343636624,13599368
2014-03-28,297.44921875,298.9443876317851,294.2309352854389,295.3979077644205,7146824
2014-03-31,299.29083251953125,301.3102252982823,294.4816479269329,299.51875595993874,9176928
2014-04-01,302.1307373046875,303.13816332164157,298.5796947002635,299.31361259993486,8628352
2014-04-02,302.86920166015625,305.417381029354,301.8161910142318,305.3079822400175,5644400
2014-04-03,304.3370666503906,305.23509397529244,302.5957447917419,304.4601542205762,4700216
2014-04-04,302.322265625,305.9644783696953,301.4151346297358,305.5086314114568,3925584
2014-04-07,300.2572326660156,302.176352601654,296.84750669507537,300.67662072492584,7097544
2014-04-09,296.7153625488281,301.7524716836917,294.5227341208451,299.13135154564054,10664680
2014-04-10,291.8514404296875,297.00707377299545,290.4793366885833,296.71077326197945,21263240
2014-04-11,294.9466247558594,296.81105647157375,288.5511013495861,292.653723643656,18678336
2014-04-15,297.1939697265625,308.8818805912849,296.0725818241434,303.79462438729536,20782384
2014-04-16,287.8490905761719,295.56656976097537,286.95562619231487,295.56656976097537,13198304
2014-04-17,291.0172424316406,292.65829137624996,287.9448385814189,289.9186468809803,8391912
2014-04-21,290.18756103515625,293.5653908693038,289.00692206698545,292.65369710884016,6119624
2014-04-22,287.2428283691406,291.74204664805177,286.4906809051261,289.1938666609905,6626896
2014-04-23,289.24853515625,290.9990051229336,288.45992889360315,289.3761856478187,12016720
2014-04-24,289.24853515625,289.24853515625,289.24853515625,289.24853515625,0
2014-04-25,289.5174865722656,291.7420104990614,288.4006616883239,290.6479779596899,5962904
2014-04-28,289.7408752441406,291.10385313021686,288.55111029036533,288.91578783891555,6042480
2014-04-29,289.7135009765625,291.28617280154737,289.0981076537423,290.19214022764487,4835464
2014-04-30,289.9916076660156,290.8303616240847,289.0981431692704,289.7044107251944,7741936
2014-05-02,293.5380554199219,296.0269840056306,290.374482309188,290.374482309188,4764392
2014-05-05,289.6359558105469,294.750566250034,289.4217211509938,291.0126221682983,4196688
2014-05-06,288.5648498535156,290.3289868445289,287.63948924304873,289.6360904235967,4566024
2014-05-07,279.6484375,289.00696648627104,278.0666396792198,287.2747480751546,15596072
2014-05-08,279.4615173339844,281.56751675030165,277.7429655416653,279.8900089873186,9161992
2014-05-09,283.66900634765625,284.90435608728126,278.32649321719924,279.4341924504055,6179400
2014-05-12,289.471923828125,290.5112459160598,283.08550394375675,284.2843724557785,7044200
2014-05-13,297.6908264160156,298.5797278960114,290.19214470015396,290.19214470015396,7299968
2014-05-14,296.67425537109375,297.66799259933043,293.30552934817644,296.3232443938664,5184688
2014-05-15,298.34722900390625,300.3894364425568,292.22065120425276,296.67428425892894,8409192
2014-05-16,289.6953430175781,304.50580818878166,278.8917686851318,300.7678626391589,14188792
2014-05-19,274.88031005859375,291.5597477093471,273.5173319497948,291.5597477093471,17246512
2014-05-20,284.64898681640625,286.16697009782393,277.35543761986446,277.9753937531996,8787344
2014-05-21,287.830810546875,288.4872255218823,282.5384244679892,284.26607947952135,6788304
2014-05-22,283.892333984375,289.91863912864244,280.90653667888347,288.0952514611667,9832744
2014-05-23,279.8490295410156,289.09816049858756,274.6158927510496,284.9043681987027,9081776
2014-05-26,282.15557861328125,283.62339234931017,278.08028931830813,279.98117988900094,5750544
2014-05-27,285.72943115234375,287.6394254210209,282.5795242765307,282.6251089715261,4984128
2014-05-28,289.30780029296875,290.64798573793473,284.2661290874782,284.76756068144266,5389320
2014-05-29,270.2874755859375,279.5758637878136,269.40946874098404,279.5758637878136,41341328
2014-05-30,271.6644592285156,273.51751966716324,266.17461678292847,271.71992129923945,28035616
2014-06-02,276.63214111328125,277.05266457203237,273.6145801199549,273.6145801199549,6229856
2014-06-03,278.8549499511719,280.68027984334447,274.93165046786606,278.00467421038445,6824936
2014-06-04,275.8327331542969,279.79301445851934,272.96765869365584,278.6515967365405,5508008
2014-06-05,281.06842041015625,283.5869133164987,273.7532472875716,277.2652740927464,12153720
2014-06-06,277.5471496582031,278.1894763283065,272.644171152327,277.2791130363547,16882424
2014-06-09,276.01287841796875,278.65152339272623,275.05632702525884,277.81972780050916,10858344
2014-06-10,284.2108154296875,285.5093458952186,276.92799753230133,277.26532798912405,10479176
2014-06-11,295.1350402832031,301.04078180091426,285.6155988754223,286.9695686520343,20375704
2014-06-12,293.4436340332031,304.7190856958515,288.4205037136682,303.1432906023489,21128856
2014-06-13,294.5481262207031,296.39656127699874,289.3771336634971,294.6867588499253,10151744
2014-06-16,299.8299560546875,301.2671185154655,293.90111090892424,294.45564130686563,9375328
2014-06-17,300.0794982910156,301.94178709526017,297.463958860943,300.27819598178763,10079392
2014-06-18,299.4926452636719,302.6811952595357,296.92794200612923,299.90854308921934,9791280
2014-06-19,306.0915832519531,307.11747369732814,299.91782843428837,299.98714474643793,11313704
2014-06-20,306.5260314941406,308.6332296621198,304.3310145992396,306.84025646616357,8853000
2014-06-23,298.7579040527344,305.81891605541847,297.73201369977164,304.9917459843926,6328112
2014-06-24,296.100830078125,298.975133187226,295.02410306895445,298.52227560274076,10638024
2014-06-25,296.789306640625,299.90854030325517,296.304092515327,299.90854030325517,6433520
2014-06-26,294.13226318359375,298.98440578128066,292.8614639318186,297.5980793247987,7376552
2014-06-27,297.9122619628906,299.039825371729,293.1617930059473,295.74960202365423,6890744
2014-06-30,300.88360595703125,301.5721434204944,296.8031725192066,297.59800852405516,7290576
2014-07-01,297.6950988769531,300.8143331126188,296.30414694945307,299.90859539955557,4662512
2014-07-02,297.16363525390625,299.7791750977519,295.58321442052863,296.85863898874015,6119632
2014-07-03,296.7384033203125,298.37426320428347,294.8714891430152,296.6921924616472,7504912
2014-07-04,299.9964599609375,301.1471065619119,295.7543094586766,295.7543094586766,5752968
2014-07-07,309.1923522949219,311.2764673596506,301.2949179312533,301.7570267010865,11638312
2014-07-08,308.88739013671875,314.8208854483561,305.27371269553043,309.5204882469313,11460480
2014-07-09,305.9482727050781,312.7551238665071,304.0674815368819,307.7643506133182,8270752
2014-07-10,304.31707763671875,312.5426130062652,300.4261356800278,306.3780870791722,11345616
2014-07-11,307.4548034667969,317.19144378692494,305.02412950987895,314.3633292310954,15826360
2014-07-14,298.083251953125,306.3781040925849,294.43721839457777,306.3781040925849,8231600
2014-07-15,298.1202392578125,301.1054665999624,297.3254256651168,299.3540787716744,4139800
2014-07-16,298.4853210449219,299.9086071039205,296.0499986766204,299.44649831023185,4589488
2014-07-17,299.38177490234375,309.2339197696842,298.67473498685837,301.30415178696495,4946672
2014-07-18,300.5138854980469,302.65343955618846,299.7791372455816,300.6478924959092,4098368
2014-07-21,295.8143005371094,302.528754435959,294.64979998677507,300.8328062415699,7435968
2014-07-22,298.8641662597656,300.06564884010487,295.5693403630878,296.2116669221044,8733360
2014-07-23,309.5619812011719,310.0749263521799,300.2782222707101,300.2782222707101,11827336
2014-07-24,312.5934753417969,313.77185269728744,306.97422822401006,309.0583432753252,5571560
2014-07-25,309.816162109375,314.14150419089145,305.4261293205938,314.14150419089145,5337672
2014-07-28,311.56298828125,313.0324851647875,306.91879507796375,309.1507714426378,4601448
2014-07-30,311.66461181640625,313.67941042087074,309.20620687590457,313.67941042087074,9934720
2014-07-31,311.2440185546875,313.7625106045032,308.9843118521279,312.3854359037412,8457168
2014-08-01,308.80877685546875,313.4945547500669,307.7644066384796,309.61284151318523,7607008
2014-08-04,320.2922058105469,321.89570966266655,309.54817718569217,310.07497665709775,13086960
2014-08-05,324.6776123046875,325.32456456376315,320.7081025992826,321.2580075067161,10985624
2014-08-06,330.486328125,333.49003503964457,325.7866730499099,325.7866730499099,18004184
2014-08-07,324.1554260253906,327.57963372871046,321.84488233143486,323.3836954060481,7754224
2014-08-08,321.8726501464844,325.32461208723436,321.16563267134643,323.47617679128416,3811352
2014-08-11,330.2691345214844,331.21183188980575,324.40035320285716,325.6942577455466,5628672
2014-08-12,330.5741271972656,332.6258855796971,327.26542396157475,332.6258855796971,5916936
2014-08-13,333.4946594238281,335.02886961784725,328.1665541505024,329.0260810046479,8941360
2014-08-14,333.8781433105469,335.2783235703355,331.479803799908,333.4576199034872,6762480
2014-08-18,329.0029602050781,333.8273711895549,328.09722251465115,333.8273711895549,6777888
2014-08-19,327.89385986328125,331.7016311102508,326.24874834750216,329.11382234148874,6424824
2014-08-20,328.5177307128906,331.1009140712309,327.81994199878744,329.2986899751,3938224
2014-08-21,328.0002136230469,329.3357035951307,326.24882571449973,328.67489701053535,4298880
2014-08-22,332.81072998046875,333.457682246468,327.9123771093316,328.000173261222,4855040
2014-08-25,335.28759765625,336.0177203870798,329.2108681647722,332.6258469935904,4198352
2014-08-26,334.9502258300781,336.41511937268695,332.718249929031,334.75152812304174,5842128
2014-08-27,335.5417785644531,337.3393770333984,332.81996262418346,335.4909420907496,5569872
2014-08-28,332.60736083984375,335.8282449251548,330.9807291980344,335.3984928617632,7599304
2014-09-01,332.6859130859375,334.4650316115293,331.3319435972167,333.6471127368061,3643152
2014-09-02,333.9891357421875,335.0288805438754,328.6101938142367,332.71833654012454,3583832
2014-09-03,345.12591552734375,346.2488307499332,333.6425132365832,333.6425132365832,11857560
2014-09-04,342.7691955566406,344.27104912665624,341.7618074183156,344.27104912665624,6238464
2014-09-05,344.8023681640625,350.7404642987649,342.45486525465793,344.91789532621624,6468352
2014-09-08,349.5066833496094,350.324624819347,344.9826434395151,344.9826434395151,6517296
2014-09-09,345.29229736328125,347.0852703591858,343.8089237038747,346.39673280702215,4316800
2014-09-10,338.9383544921875,342.69991593914784,338.26367107262166,342.69991593914784,5080752
2014-09-11,340.49554443359375,341.9327070035351,335.5463783071603,339.5574727980492,5013032
2014-09-12,339.1785583496094,342.6998359157286,337.33937462039086,340.85140098630177,3907552
2014-09-15,336.5353088378906,339.00296494782185,335.2414043915249,338.7256997093149,4958800
2014-09-16,337.4549560546875,341.0825101868741,334.89950337948676,336.9697418077071,5034904
2014-09-17,345.7544250488281,346.4060029607296,339.2895275377132,340.1028209635046,7926120
2014-09-18,341.6831970214844,344.7053836211199,337.75064719270046,339.5528712505633,9104776
2014-09-19,342.1500244140625,350.0844199756819,340.23227265140355,341.86813349761275,14755016
2014-09-22,337.3948059082031,340.3661557605743,335.67575255513026,340.11199598096897,8612040
2014-09-23,333.3744812011719,340.4308678043868,332.3070055471344,336.8772562668354,12962304
2014-09-24,336.8587646484375,339.39573691510293,332.5565281107684,335.4909183747903,5564560
2014-09-25,341.128662109375,343.6979911430552,336.9696835683504,337.3393705497748,24975512
2014-09-26,340.1258544921875,343.8319752596774,338.3097763424633,340.5741089528691,8864840
2014-09-29,346.4937744140625,347.59358423909634,340.2137208681906,342.0529047104315,4996144
2014-09-30,346.37359619140625,347.16380662705694,342.06213079569346,346.04549448258024,6927368
2014-10-01,355.57421875,356.7433449127782,343.99376845864094,343.99376845864094,9470864
2014-10-07,354.0954895019531,359.7932819144359,348.3653404482824,348.3653404482824,20063456
2014-10-08,337.3532409667969,350.46327519992957,336.50759098178895,349.8163229514065,20327680
2014-10-09,337.0436096191406,343.25434610206815,335.1119816937417,341.96044172796235,12432832
2014-10-10,359.3958435058594,361.1842134655457,330.1951949366446,338.2636185475684,45893056
2014-10-13,364.37738037109375,368.3006792039104,359.4559221107153,359.4559221107153,17726984
2014-10-14,362.1361999511719,366.452291788076,360.44487716859936,366.452291788076,6860512
2014-10-15,362.1361999511719,362.1361999511719,362.1361999511719,362.1361999511719,0
2014-10-16,359.9940490722656,366.7928914002352,358.97422727066913,363.2351455789514,10017392
2014-10-17,358.7227783203125,365.349335476829,357.3676846607507,359.9568148847084,8190016
2014-10-20,355.0626220703125,359.73798656578356,354.1079899449843,358.8485442819025,7702720
2014-10-21,351.39306640625,358.55978731483185,345.53023317000776,358.55978731483185,26081384
2014-10-22,353.5444641113281,355.0206374745204,351.6957287026359,354.7785005674389,5353320
2014-10-27,354.19635009765625,358.56902495831594,352.2544801789843,358.56902495831594,4767752
2014-10-28,352.81805419921875,355.062612916592,350.6526691902748,350.6526691902748,6666368
2014-10-29,361.4981689453125,362.5459357468416,355.1184333093351,355.1184333093351,8229336
2014-10-30,367.561279296875,370.79305345062244,362.8533089465934,362.8533089465934,15245208
2014-10-31,377.3125,378.6862388151805,371.3332481452544,371.3332481452544,8670800
2014-11-03,380.5395812988281,382.7841397291777,375.5615293334041,379.7013678541657,8578408
2014-11-05,384.1625671386719,386.8821226379358,377.8480432214987,380.4558187231506,10241080
2014-11-07,388.05548095703125,389.5828826376562,383.5570426670459,383.5570426670459,9970400
2014-11-10,387.95318603515625,389.40609867186294,385.5782475538463,388.8426055897185,5594168
2014-11-11,384.1998291015625,387.90657724352866,382.20670730587983,387.90657724352866,6255088
2014-11-12,382.41162109375,386.5747662843638,381.58273018219387,383.8086435770443,5392896
2014-11-13,389.1731872558594,391.2640367830042,383.00764367556405,383.90174708712186,4956680
2014-11-14,390.3885803222656,392.232677143833,388.74475975534506,390.607456256329,5233176
2014-11-17,392.8846740722656,393.76477100245495,386.33262914843544,389.7692955624972,5458184
2014-11-18,389.5224304199219,393.7553807782878,388.5677984980171,393.4946214680648,5267120
2014-11-19,388.6842346191406,390.2302818236984,385.5548953748768,389.3035721159454,5201120
2014-11-20,393.550537109375,394.1931583254459,389.6621580520596,390.2349281473404,5347928
2014-11-21,386.1509704589844,389.21045875256067,382.0018319282931,388.372245273553,10463272
2014-11-24,398.1606750488281,398.7706899247939,390.41652391992665,391.16624102482984,11047440
2014-11-25,400.77783203125,402.3378404858499,395.4505013869356,400.0141082093473,14886576
2014-11-26,400.5216979980469,402.12827381608497,397.83474905644863,400.47976913413635,7930800
2014-11-27,406.6173400878906,407.5952557905917,401.5973819092235,402.51940761942916,17389032
2014-11-28,406.05389404296875,409.6069786805269,404.5218079127601,407.00852604193994,14347264
2014-12-01,405.12261962890625,409.99823792015644,399.7906496867118,408.5825700682484,18341864
2014-12-02,396.1210632324219,403.26447715691074,393.9603170619228,403.26447715691074,10654992
2014-12-03,395.5435791015625,397.3038180979639,388.28838574514407,391.44564703646506,12775044
2014-12-04,391.50152587890625,399.529719819587,390.23488327237175,393.0289277826751,9399228
2014-12-05,385.634033203125,394.2583263712568,383.67820204187626,393.9602767658154,7358760
2014-12-08,366.9791564941406,376.07842437381305,364.66940828025383,374.2157278687422,166320408
2014-12-09,365.982666015625,369.9315740248199,363.68221734224295,369.3261975819293,10050460
2014-12-10,365.7870178222656,369.74524780506545,364.92085941960715,366.2061245263268,7804712
2014-12-11,357.8332824707031,363.96153511868135,356.7063421119152,363.4120488043585,8285932
2014-12-12,361.1116943359375,365.16305959160326,357.2838435853858,361.1862067503077,14572500
2014-12-15,358.5318908691406,364.5763329187691,354.82511967186235,354.8344195131079,12966284
2014-12-16,360.9906005859375,363.5238634108713,358.69947467587497,358.69947467587497,17792756
2014-12-17,361.08367919921875,364.2502629218841,353.2231098769758,360.61800512235624,17851776
2014-12-18,366.1875,369.14919190590444,362.24789245691915,363.97088667480136,19949980
2014-12-19,372.287841796875,374.0294584827491,369.93152616869503,372.0922495685065,14294632
2014-12-22,372.46478271484375,374.4206140142315,367.947743761496,373.6569130068313,10465104
2014-12-23,367.25860595703125,376.6186570415665,365.7591259915735,372.69767132289564,8196952
2014-12-24,359.6029052734375,370.11781860410827,356.7157255107985,368.0688523209451,27339488
2014-12-26,363.6449279785156,365.21889744211836,359.6773752972287,362.3130954196239,2268748
2014-12-29,364.67877197265625,367.4728170452693,363.6915336184675,364.35280004751803,2792676
2014-12-30,366.2712707519531,367.8825075477987,364.49240948483316,365.50756984084455,4640552
2014-12-31,367.42626953125,368.6183773030783,363.22587911601676,364.15722752400654,6968808
2015-01-01,367.77081298828125,369.1864578248745,364.5110940115228,366.7556297212937,2002764
2015-01-02,374.9980773925781,376.0877731142453,367.32377635301776,367.32377635301776,6778320
2015-01-05,371.77557373046875,378.1273638164369,368.348207855667,374.3833486533407,9937024
2015-01-06,364.00811767578125,369.7452316243947,360.2641024976114,368.81388343390506,9667316
2015-01-07,365.749755859375,367.83596670446906,363.2257931757006,366.0198377385906,7249916
2015-01-08,367.5937805175781,371.98043925952567,363.2257669284302,369.8569609975766,13564920
2015-01-09,386.40704345703125,392.84266857849065,356.3431419183748,368.8325075682237,44863328
2015-01-12,394.1372375488281,394.742613881725,386.5095048495252,389.67608874467794,12758888
2015-01-13,389.0986633300781,392.61918708785214,386.50953332135754,392.61918708785214,8801236
2015-01-14,396.5028381347656,397.3131292328778,389.78785421135973,390.8868268613193,9921260
2015-01-15,397.5460510253906,401.00136256712625,393.44811820470017,397.72299812017604,8342452
2015-01-16,394.5750732421875,402.34250982273267,393.4015651600053,400.1072736570508,6690960
2015-01-19,391.6319885253906,397.1921564696448,390.1604762951698,394.89170781157105,4087744
2015-01-20,395.6740417480469,397.31322401310786,391.4364065645972,392.4702123748796,6804504
2015-01-21,404.18658447265625,405.3135251988581,394.5192056962773,397.03384652578615,8494908
2015-01-22,409.1320495605469,410.3521251194471,402.5846881785683,405.0993289816153,9958396
2015-01-23,412.5965270996094,414.4499007064487,403.29236876096866,409.7931602490729,9486328
2015-01-27,397.965087890625,413.7048725509376,396.7729803789368,413.7048725509376,13739968
2015-01-28,399.4646301269531,401.373894245568,396.8102873279032,400.4797907338472,13134356
2015-01-29,399.6416015625,400.46116997050507,396.30739245484745,399.5484667217723,15369424
2015-01-30,398.9709167480469,402.8174120323677,396.18619477394583,402.6218198185912,10833744
2015-02-02,398.0303955078125,400.8523630517229,396.0186738099371,398.8965313546768,8702540
2015-02-03,395.059326171875,398.6077724918846,391.53884758805077,398.0303637986403,5265956
2015-02-04,399.14794921875,400.479759064312,396.0837770069775,398.59841735459065,5160016
2015-02-05,408.6383972167969,413.51865330930286,400.10723752629843,400.6288016797248,11875936
2015-02-06,415.4744567871094,418.6969308464036,407.6511314407482,410.7245806839615,7453728
2015-02-09,418.9018859863281,419.85187959195326,409.79331637191535,409.79331637191535,6536868
2015-02-10,424.378173828125,428.04767702070217,417.4303064418597,417.8028457604156,8516920
2015-02-11,425.5982666015625,427.1535910345624,420.27093593789164,424.78797536016043,5796972
2015-02-12,430.50640869140625,432.5088074414954,423.39091711186876,425.25361362357955,6287536
2015-02-13,427.6937561035156,433.3935800352658,425.81241447210186,428.3456998702052,5657516
2015-02-16,424.4620666503906,429.7055403639769,421.9474257728129,424.7507937722754,6244276
2015-02-18,427.76824951171875,429.342218952717,420.624790272434,426.6599541938554,8613764
2015-02-19,433.02105712890625,434.7533740125863,426.9393710941476,427.30258782556683,9673624
2015-02-20,425.27239990234375,435.1260495287533,424.1174913010446,433.7290266813793,6971628
2015-02-23,422.01251220703125,430.13384117988124,418.75279352531726,428.42016959669166,5090488
2015-02-24,423.3536071777344,427.6657307488739,420.5223180104992,424.508469742214,6437676
2015-02-25,431.6984558105469,434.9022839293083,424.6947004547614,426.3524817529875,6044972
2015-02-26,420.6155700683594,430.09667830752096,418.249908822035,429.81727379584436,6445776
2015-02-27,422.0404968261719,424.8158966663209,419.3861540788375,423.74484608406317,7801076
2015-03-02,426.87420654296875,430.003546188729,424.33164366103574,428.9790629727715,7040992
2015-03-03,428.0196228027344,428.9695704865861,424.37804299136025,426.55738823781655,4905552
2015-03-04,423.6982421875,431.0093259673485,419.4606076399445,428.42019601660024,4375228
2015-03-05,418.6596374511719,428.1873108096255,416.00529523081855,422.28257264972046,5684916
2015-03-09,407.9398193359375,420.7831014514888,405.88153079362286,420.7831014514888,7984720
2015-03-10,409.4206237792969,411.0877277791073,402.3796230649662,409.4392689316448,6329916
2015-03-11,406.4776916503906,417.2440883833386,404.03758609767533,408.69432815552506,6780912
2015-03-12,413.2020263671875,414.7201060178241,405.50907974625574,405.8816190937489,5688564
2015-03-13,413.5931091308594,415.3813159459548,408.37755897548413,414.4499677039235,6179684
2015-03-16,422.20806884765625,425.06732606305894,411.7583691428289,411.7583691428289,6818632
2015-03-17,417.33709716796875,424.60161258397,413.0063283622757,422.2080296988175,5539312
2015-03-18,415.2882080078125,421.5003193747332,413.9936429627756,419.9449495194498,4905564
2015-03-19,415.4652099609375,418.9205217141169,414.03094248112643,416.23825643956104,6891740
2015-03-20,420.49432373046875,422.6271016785535,415.93071826668046,417.4301977285496,6430896
2015-03-23,416.02386474609375,423.76337638583107,414.54303039413935,419.6654448339681,5078700
2015-03-24,411.926025390625,419.7400284352809,410.910864851444,416.2940397681224,6736532
2015-03-25,413.3509216308594,415.2228948844209,409.93285599865186,414.0587097884347,6170968
2015-03-26,399.79986572265625,412.56861334649614,397.12687816003046,411.2833710025081,15740840
2015-03-27,410.1937561035156,414.3941464671696,402.90131634890264,403.08758602821325,10074220
2015-03-30,415.0087890625,417.2440249102334,408.8432453254395,410.8363670037936,4623088
2015-03-31,413.21136474609375,423.51204171735117,410.6035892139281,418.1754335508535,8016412
2015-04-01,404.9409484863281,409.7001477497499,401.9140662854036,409.58836775501015,6738488
2015-04-06,405.7325744628906,406.9433272831677,402.41696533677947,405.8815992898155,7741752
2015-04-07,402.2492370605469,406.5893282226616,398.244440303519,405.1364161179391,8542268
2015-04-08,409.8956604003906,410.70590603892157,404.7732453628351,406.5334843441797,10185576
2015-04-09,412.5873107910156,413.3137442990768,406.88744081271557,411.91672180204176,10581548
2015-04-10,416.11700439453125,416.87140544327764,411.69310096321857,411.69310096321857,7123776
2015-04-13,417.0205078125,417.9891009119287,412.79219578884727,416.87148299505185,4872336
2015-04-15,412.34515380859375,418.1754034959633,408.87124270046104,416.59211132237056,6237784
2015-04-16,408.796630859375,415.5675501925292,402.4355410985923,413.8911234996862,9007812
2015-04-17,405.9281311035156,408.8525554869575,401.1223650816364,406.0771559173701,6450316
2015-04-20,397.1548767089844,406.06789901304046,393.98829217539645,405.32282029925506,12825384
2015-04-21,399.1014099121094,401.4297807683221,394.91034237092646,400.10724793159596,8881648
2015-04-22,398.1886901855469,401.4111647799074,390.7844703247574,400.6754086310786,12350984
2015-04-23,395.26416015625,400.47970986613456,393.4014638312912,400.23755024869297,11891800
2015-04-24,371.64520263671875,400.51699885687066,368.8139130058114,397.8533337232974,43565452
2015-04-27,369.6800231933594,372.9117967041108,362.8718591683249,372.5392574466642,19822640
2015-04-28,365.2562561035156,369.18654219176125,363.5984512403219,369.18654219176125,10393500
2015-04-29,365.3027038574219,367.32372487518626,360.98123462785924,365.2561364480817,8289056
2015-04-30,361.78228759765625,366.0199228366042,359.9289133685684,365.0885744324398,13134260
2015-05-04,371.2540283203125,372.53929343024566,363.2071886774168,364.9953727382832,13361592
2015-05-05,365.60076904296875,373.22850239704314,363.60769280954133,372.53931376178195,9408516
2015-05-06,358.01959228515625,367.8825612237808,356.76227213920157,367.8825612237808,10508408
2015-05-07,362.108154296875,366.4109781259525,355.7749869892136,358.01022250956464,6779984
2015-05-08,364.7066345214844,366.49484126558065,362.3410191758472,364.7159570987322,5777676
2015-05-11,371.3565673828125,372.53937535195513,363.6356751858438,366.0199362832959,4785512
2015-05-12,362.68560791015625,371.5334157226689,361.7356373031482,371.35646866161585,8284892
2015-05-13,364.47381591796875,366.00124069436174,359.2210208707986,363.5517902434956,7099084
2015-05-14,360.3945617675781,365.23757312248915,355.4025255834712,365.0885482932933,6233844
2015-05-15,365.4145202636719,366.3179236035602,359.9288876503117,360.4318066574258,5189344
2015-05-18,371.2447814941406,372.3344545354295,365.38658662560954,366.95125642904856,6469976
2015-05-19,376.70245361328125,379.1891491010111,369.93155581749386,370.17371547793044,10272076
2015-05-20,381.349853515625,382.22531175241403,378.79794573491057,379.9900760111718,5882188
2015-05-21,381.56414794921875,384.0694662538808,379.47793645865994,381.64796021683946,10059312
2015-05-22,381.1915588378906,382.14155234967825,378.1460542669159,380.7352072394805,6888824
2015-05-25,375.6686096191406,383.07282762331886,373.8524806747195,381.94588723440415,4675808
2015-05-26,373.8990478515625,378.39744135148186,372.9397546826342,376.26466312352824,3965040
2015-05-27,366.6717834472656,374.2157038077504,364.15714332710405,373.8431645306894,8454708
2015-05-28,375.63134765625,378.4999046306756,367.9197800910776,367.9197800910776,10980540
2015-05-29,376.8514709472656,383.05423704453136,372.7255933893842,373.44272703996046,18993044
2015-06-01,381.4430236816406,384.46058311671885,376.87009437543674,378.64897874619936,5724892
2015-06-02,374.1505432128906,382.8027822413957,373.4706544315385,381.49889466981426,4673140
2015-06-03,376.4323425292969,379.88763091508173,374.02945948203745,375.92940082843165,5495796
2015-06-04,377.7641296386719,382.78408703771674,374.8862502320166,378.1273463194964,7489464
2015-06-05,374.7093200683594,380.7351382817265,374.0573763384249,378.1273633619886,6125788
2015-06-08,372.5486145019531,377.1308432450252,370.11778652694846,376.264684843702,6141048
2015-06-09,371.0677795410156,373.96428180552147,369.3727302081838,373.2378255948806,7561740
2015-06-10,377.4754943847656,379.86905514821683,369.7453029132789,370.67665128333755,6385840
2015-06-11,372.1015625,380.8748582700535,371.6172659684927,379.2356762917277,9229464
2015-06-12,367.891845703125,377.2984621172413,364.25026530305735,373.4706120852109,9852924
2015-06-15,374.5764465332031,377.73430825774386,366.08611820416576,369.4709066615541,5236426
2015-06-16,377.9422607421875,379.3226565119539,372.51527085171944,376.0513202810113,5223444
2015-06-17,376.5618591308594,386.1300125129118,375.2382009097083,382.34813188105176,6412068
2015-06-18,378.92559814453125,381.19472690461697,376.59973193233486,380.3059709572539,3474426
2015-06-19,376.429443359375,382.12119163069787,375.5785202988103,382.0833589783469,6670458
2015-06-22,387.207763671875,389.0608940528382,377.05342539069716,380.04111973973664,5710868
2015-06-23,378.33929443359375,388.55037070349897,377.48837141110164,387.6427102464017,6952116
2015-06-24,376.33489990234375,383.860850942098,374.8599804331123,383.860850942098,7073694
2015-06-25,374.5764465332031,379.5117971259094,373.5175243615637,377.885592746309,7117466
2015-06-26,380.17352294921875,382.5750077431978,377.4694692604179,377.8098477257096,5320284
2015-06-29,374.4628601074219,377.99890869956994,371.5697126536543,373.2715586658084,5690668
2015-06-30,372.2693176269531,375.7108419905803,370.62420919678635,374.4060888824678,6212530
2015-07-01,377.204833984375,380.079054416506,372.89348025340786,374.0280445949497,6880852
2015-07-02,373.6497497558594,378.7174782670303,372.53409052212055,377.80981781994285,4007568
2015-07-03,374.5195617675781,375.540673956823,371.38060606807676,373.6497340073929,2695306
2015-07-06,371.872314453125,373.6498029501091,368.7333581744498,372.51523877111083,4305602
2015-07-07,370.8133239746094,374.406109877474,370.24604198994655,372.51516992859786,3497418
2015-07-08,362.1150817871094,370.2461253990393,361.0939693681273,370.2461253990393,7024178
2015-07-09,354.7403869628906,365.32965224536497,353.24653956541687,362.1150538560424,8587772
2015-07-10,354.55133056640625,360.07286738798615,352.7171275827169,358.56011504423617,7411522
2015-07-13,359.33538818359375,361.1695910095407,353.2465466739822,355.87495826175683,6531768
2015-07-14,367.31512451171875,368.16604758008566,357.5767827292974,361.1695690179577,5367074
2015-07-15,372.1369934082031,372.87446462754656,366.08598538530555,366.8423613881677,4129566
2015-07-16,374.046875,374.9734403112204,370.43518384754447,373.53633038094284,3472938
2015-07-17,378.8877868652344,379.8899946906084,374.065887977922,374.7844546922776,3447978
2015-07-20,378.6607666015625,382.2724576864275,373.4228715975335,378.717504039403,4377180
2015-07-21,420.7910461425781,434.5381758944682,391.4247276333983,391.4247276333983,38310112
2015-07-22,417.19818115234375,420.5451363587826,407.17619723731883,417.89781985292694,12665660
2015-07-23,415.2505187988281,422.43609243924504,412.2250141081263,417.5007194463225,7710748
2015-07-24,411.3172607421875,418.4460953294519,409.61541473732467,414.323883050095,4480302
2015-07-27,402.8836669921875,411.4495876671214,401.0494183866705,411.05251799390965,6752244
2015-07-28,401.9570617675781,406.9302426464077,398.7046545631741,404.09383296253407,8476602
2015-07-29,410.4853210449219,412.98135295605505,402.77027554780096,406.17396801721895,7071334
2015-07-30,404.6612243652344,412.22498556832284,400.1229676433813,412.22498556832284,11956598
2015-07-31,407.3274841308594,408.953665151985,400.8793589940332,407.89476624264336,7931012
2015-08-03,408.0460205078125,412.9813935396806,404.264139614592,407.6867602891719,7961012
2015-08-04,399.83935546875,408.04601850045094,397.47567992211515,407.68675828357766,9099054
2015-08-05,410.8446044921875,412.22500019383375,401.6168062639155,401.6357341338087,4753476
2015-08-06,411.0714111328125,418.0868167088823,407.30845915465056,413.7376548887537,7238252
2015-08-07,414.3427734375,416.38499791925597,407.87576771654636,408.2539557255557,4988058
2015-08-10,410.71221923828125,418.40833676530264,403.5266463418472,415.2504758044501,3992754
2015-08-11,419.4673156738281,422.39827327642075,414.38065832871627,415.5530783021828,7574406
2015-08-12,432.7984619140625,434.53811790494325,420.16697040242985,421.6797227711155,10168440
2015-08-13,437.9418640136719,441.28881980346546,399.19650772323956,433.78179449368014,9787960
2015-08-14,434.6325988769531,441.9883376856213,432.3067332304526,440.5890604234504,5109066
2015-08-17,431.947509765625,436.2210072215088,424.5161050192631,434.9162768571515,3107436
2015-08-18,440.3432922363281,445.39209399185535,434.91630239176465,434.91630239176465,4150446
2015-08-19,444.5790100097656,448.6066760758807,439.7571120537618,442.48004772740813,6869518
2015-08-20,429.0733337402344,441.91280146109943,426.59618318195993,438.3200144573507,8369114
2015-08-21,434.8784484863281,439.0573987448722,422.6251464174928,431.47475603195903,10822142
2015-08-24,413.0002136230469,424.7051134665329,407.91355744988886,419.7697417227282,14122684
2015-08-25,410.579833984375,423.19239524401974,395.01738769649563,416.00682284934913,13735078
2015-08-26,402.61907958984375,414.87238440614215,400.50123526536424,412.14944829831757,11498212
2015-08-27,409.5020446777344,416.04467033402835,407.70565141535474,411.46860409875745,15343392
2015-08-28,420.1858215332031,425.4237164200537,416.6119170155752,416.6119170155752,7208820
2015-08-31,413.8889465332031,429.1866323010834,409.38850020774487,429.1866323010834,9917064
2015-09-01,411.8467712402344,421.5283757295798,409.19945498800143,412.2249592762676,9071550
2015-09-02,415.798828125,421.6796706982607,412.2249695615284,415.2504739252827,11171830
2015-09-03,415.7609558105469,420.5450430968673,413.1703773231363,419.845404551439,8590536
2015-09-04,406.1550598144531,420.1669462915607,403.52667119090484,417.1414417278051,7318888
2015-09-07,400.40655517578125,410.3339904280734,398.98835013973957,410.3150625613814,5180988
2015-09-08,400.42547607421875,406.1739152540614,397.9672540545247,401.63565921770316,5459496
2015-09-09,411.73333740234375,415.8555966390951,405.41761503728713,411.12824571748496,9148664
2015-09-10,408.61334228515625,412.7923395438234,401.25760170040917,410.29630714524234,8363004
2015-09-11,412.5086975097656,418.42735090150614,410.52320985271655,412.81126647610444,9883810
2015-09-14,415.9123229980469,417.5196222685554,409.44531634275506,415.6286819503101,6557076
2015-09-15,415.7042236328125,417.2169756055164,411.525274007534,415.7798889307636,5291886
2015-09-16,416.63092041015625,419.6942347194932,415.36399953620355,419.0324055590885,7478240
2015-09-18,417.689697265625,422.7763533108074,415.647519100076,420.4694158591696,11576876
2015-09-21,417.7654113769531,419.35378261698656,413.1704176364938,416.00682782621806,4351234
2015-09-22,418.82440185546875,429.6027629364819,416.4229166021055,421.6797405378832,9626986
2015-09-23,422.1524658203125,425.97215638992367,415.04251108764936,418.8243920804405,4758254
2015-09-24,431.34246826171875,435.9374168757464,419.7888030099581,421.1124613978273,13399262
2015-09-28,418.1059265136719,432.2123167693624,416.3851519698308,431.11556190436187,9788464
2015-09-29,424.2703857421875,428.6384775354687,415.06151311261624,416.7633598634197,8699370
2015-09-30,439.4356689453125,442.0829857936113,425.82089658263334,429.0166139059764,9495692
2015-10-01,443.6336364746094,452.9748654955458,438.6982625546509,442.44233454576977,10864394
2015-10-05,446.9237060546875,449.79792585988514,439.45449243541094,443.61456078032444,6881760
2015-10-06,436.6558837890625,451.0081470160018,434.1976616301814,448.92811288156395,8711880
2015-10-07,428.56268310546875,442.00728685307416,426.7662898540873,437.18538917831336,9182488
2015-10-08,428.1656188964844,434.76498203926764,425.858680976876,429.77291814222866,9080874
2015-10-09,441.49676513671875,443.57679953578497,429.6216504253064,429.6216504253064,11782138
2015-10-12,424.6673889160156,461.31382177658185,419.4105655609098,453.447491530686,30404970
2015-10-13,415.7799987792969,420.1669714260653,410.40970015805635,418.8243852293705,15326862
2015-10-14,415.0992126464844,421.8877161409393,411.1660475209322,412.77334680390254,8865510
2015-10-15,415.0046691894531,417.6519856782287,411.88461761339613,415.96906723372143,8255666
2015-10-16,417.88623046875,420.3670601677908,416.01605722376064,419.4510521916632,6418992
2015-10-19,424.39361572265625,425.9393821163773,420.023557364761,420.59605653427224,7347494
2015-10-20,429.7368469238281,431.2826129780604,423.87828269387006,424.79429048193026,8788310
2015-10-21,434.48876953125,437.7138299744425,429.3744336260383,429.3744336260383,7278098
2015-10-23,438.87786865234375,440.06102427382814,429.412530500266,435.78638248327115,6033362
2015-10-26,439.7364807128906,442.1600504369749,436.30148679495124,440.4425534780052,3195942
2015-10-27,438.6869812011719,440.82430183142634,436.6641324355176,438.9159715204678,5263748
2015-10-28,440.1372985839844,441.969314378067,434.7176589608103,436.8168223710688,5255472
2015-10-29,437.02679443359375,441.16786237630754,433.5917994707729,440.09917864072287,5887324
2015-10-30,433.3628234863281,437.0077539566823,431.28276154676945,437.0077539566823,4044676
2015-11-02,431.74072265625,433.4964241874791,425.2142409239721,431.2827419203414,3544988
2015-11-03,437.1985168457031,439.08774540161966,432.58036636116265,432.58036636116265,3614682
2015-11-04,433.87799072265625,441.81661672655304,432.16049347213743,438.9541213090217,3205572
2015-11-05,428.5729064941406,437.00771864516634,427.2370750397668,436.2252844429916,2345306
2015-11-06,434.45062255859375,436.5879438054198,428.57295418724044,428.61111148644807,3026172
2015-11-09,433.038330078125,435.0993362520755,425.6339987221314,427.4660145634426,6125676
2015-11-10,421.30218505859375,430.32859913904406,419.87093694615794,430.32859913904406,4680052
2015-11-13,420.13812255859375,422.12276793090604,416.0161094436597,419.8136690543733,3520868
2015-11-16,412.2757263183594,417.54273743761723,407.31406673272045,413.59250239322523,6808334
2015-11-17,405.1385498046875,413.3062133533433,401.5127219920219,412.1993723872468,7184106
2015-11-18,389.2994384765625,398.89835061584324,385.95985996021943,397.3144269157859,10125252
2015-11-19,399.9097900390625,401.5127691505803,390.7497796151,393.2115308150051,8539622
2015-11-20,401.6654052734375,405.7873711205168,397.71517053203263,399.9860651475463,6082978
2015-11-23,402.1615905761719,405.48211392754536,396.16945085154964,400.7494445030126,5616350
2015-11-24,397.3717346191406,401.0548224072729,395.7878107258901,400.74947084106515,4325802
2015-11-26,401.6654052734375,404.37522521357374,396.9518383466366,397.29530055798546,9853968
2015-11-27,406.98968505859375,408.38277580810984,398.84112216773343,403.80278206072916,5142478
2015-11-30,415.2145690917969,419.18390594143517,403.1157254884773,408.3827364260879,18105534
2015-12-01,411.8177795410156,417.924437995748,409.50868067677726,415.2527749218026,5898550
2015-12-02,404.8332214355469,412.18029400213317,404.18440768908357,412.18029400213317,6397616
2015-12-03,403.707275390625,406.3980397524999,400.38679930116234,404.94769008693277,5504726
2015-12-04,400.3868713378906,406.436270165644,396.9709315286437,400.3677693953956,8375530
2015-12-07,399.3182067871094,404.1844501673107,396.932793365442,402.772304057726,4513870
2015-12-08,398.612060546875,405.6156237490102,396.66557287019214,398.8601528151997,5724372
2015-12-09,392.4290466308594,399.5852856638825,390.2726472459378,398.0777232769648,6818254
2015-12-10,399.7380065917969,401.36008762260485,393.2306271163821,395.635095749165,5587746
2015-12-11,401.8180847167969,405.291236874209,399.1845793349878,402.27606539619865,5390198
2015-12-14,408.1919860839844,409.5850769814422,400.0052650271801,400.5586623610487,4816672
2015-12-15,411.2642822265625,411.85583666642236,404.10804359046915,409.6230995299803,5431808
2015-12-16,418.2488708496094,419.0694624483817,413.4971455808423,413.4971455808423,5495852
2015-12-17,422.54254150390625,423.5730679560424,415.25272811331956,419.8327214380988,4958782
2015-12-18,413.401611328125,421.1303492136484,411.98941892090994,421.1303492136484,7219820
2015-12-21,421.1493835449219,422.6569923940027,406.83690669342343,411.0543351750359,4331012
2015-12-22,413.6305847167969,418.85939100405335,412.2374943060755,418.85939100405335,4109254
2015-12-23,420.1570739746094,420.78683229333956,414.8901102863554,417.9434387746517,2870928
2015-12-24,418.43963623046875,421.531122446669,416.05422300961953,420.6151610419444,1230054
2015-12-28,421.6456298828125,423.64937693588763,416.01605482893467,416.01605482893467,5526952
2015-12-29,421.62652587890625,423.6493748633933,418.8022339852307,420.3097964579386,3345062
2015-12-30,414.6039123535156,422.35170640301266,413.34439555926133,420.2525428059896,5153970
2015-12-31,421.8938293457031,423.6303826121222,414.871161905273,416.07341976055557,7943938
2016-01-01,421.8364562988281,423.2486022303571,417.2373611657052,419.83270927727744,1806550
2016-01-04,411.7795715332031,420.76778038530404,410.69183244792987,419.8136151192572,3975362
2016-01-05,409.9285583496094,414.29861725159566,405.4248790193528,414.29861725159566,4949786
2016-01-06,408.13470458984375,410.1575539021966,404.14631179806895,410.1575539021966,5588328
2016-01-07,401.0546875,407.5811673688618,399.94784668245217,404.5850983174644,5294088
2016-01-08,405.8255615234375,407.3903831335082,402.8485474632268,405.1385439433588,3156716
2016-01-11,402.9248352050781,408.36357648312674,401.5508467265374,403.1538721099137,5360622
2016-01-12,400.730224609375,405.69188293804814,393.4404128444965,405.3293188500661,6565212
2016-01-13,413.4970703125,416.3977234123846,400.0242380775071,403.4210757533369,8751294
2016-01-14,432.427734375,440.82438941140776,402.4096833018213,406.85610312775816,30227006
2016-01-15,435.0612487792969,444.2593935721773,434.16434265496866,438.1527352412883,13036614
2016-01-18,432.00787353515625,443.53417126925245,430.6529402264675,435.0612023749275,10066612
2016-01-19,434.9658203125,442.331948768031,430.72933552966646,433.1910634657428,7500436
2016-01-20,427.943115234375,442.7326766304348,426.32103430706525,432.8093580163044,7507998
2016-01-21,433.9734191894531,436.05348061411223,428.2293262573601,433.1909851177395,6743000
2016-01-22,433.66815185546875,439.8702266344799,431.6644046191729,438.1908862993728,6436018
2016-01-25,434.2024230957031,437.7137323784043,429.2026067902992,435.1947455808059,4579262
2016-01-27,434.52685546875,438.7633398667626,433.1910241168478,437.5610823320306,6971962
2016-01-28,431.130126953125,436.0917875157356,429.8324525648814,433.5727999327403,7788598
2016-01-29,444.602783203125,446.5492707061331,431.8932853239132,434.3359573192987,10232108
2016-02-01,447.827880859375,450.32781229267124,443.3433044673484,446.54930882307195,4251126
2016-02-02,448.66766357421875,454.1827208340178,444.25940088302247,449.1638016177046,7632702
2016-02-03,441.8548889160156,448.80124088964214,439.9656600851993,445.70975435280326,5245966
2016-02-04,450.27056884765625,456.07187476892494,442.75176552455287,442.75176552455287,5549346
2016-02-05,448.3432312011719,452.90416988610855,447.2554919348435,448.64858277317325,3984224
2016-02-08,439.22137451171875,447.3889919283237,436.5497117630832,444.16393196065405,4221044
2016-02-09,422.75250244140625,430.63391742276656,417.35191732986226,430.63391742276656,7579572
2016-02-10,423.0959777832031,430.3285318104065,421.74104447937844,422.8860427901822,5866054
2016-02-11,411.68408203125,424.79430114478896,408.8215867405169,424.0309690672602,5214378
2016-02-12,413.9741516113281,421.51205721248317,407.23773551556684,417.80986802646294,7408096
2016-02-15,416.6839599609375,419.90901983341143,414.71837025015475,418.40145739150694,5093478
2016-02-16,411.875,417.0656498797509,409.7948917056553,414.8710697042225,5125448
2016-02-17,419.0121154785156,420.9777051970476,411.05438667019064,412.867300631828,4164598
2016-02-18,428.763671875,430.1376604074393,419.8326765290002,419.8326765290002,4189072
2016-02-19,430.23321533203125,432.88577673285306,425.1188790364537,427.16078384752996,3974018
2016-02-22,430.004150390625,432.79028515775417,425.19516651864444,431.66438872153327,3857010
2016-02-23,428.95452880859375,432.23684787176353,425.95845931355103,431.3780991673825,2501960
2016-02-24,429.5078430175781,436.53050705010713,426.8361808979272,427.27510613560213,4950714
2016-02-25,423.763916015625,431.51171037697844,420.252559721572,429.5270651686768,4484528
2016-02-26,427.90496826171875,432.04603623446167,425.93937847849753,427.523302151971,4235636
2016-02-29,413.74517822265625,431.4353936607259,407.7339368006838,431.09188483287835,8166076
2016-03-01,429.5460510253906,431.3971686989579,417.84802349216886,417.84802349216886,6386154
2016-03-02,441.2060546875,444.06855071704695,429.37440443203934,433.9735000222199,7214898
2016-03-03,446.28216552734375,455.2703737481678,440.4426558732281,445.785980987808,5814304
2016-03-04,446.79742431640625,452.2743234725049,442.38916227436863,448.6866528543655,4281680
2016-03-08,444.04937744140625,454.3734634322046,437.923664876282,443.8776463432624,7617746
2016-03-09,449.7935791015625,451.7973264840684,436.22532818969347,437.00776247033434,6305782
2016-03-10,436.0534362792969,443.8394325558251,434.8511789750381,443.8394325558251,24381016
2016-03-11,436.2443542480469,441.18691162907777,434.41233832382596,437.46566713746057,4058548
2016-03-14,435.5573425292969,440.53810386005125,434.5268626767757,437.3893584783355,4174262
2016-03-15,432.9620666503906,440.6335465358084,430.881958290421,436.62605217580324,6720258
2016-03-16,439.85107421875,440.82434140073957,431.8742900750068,435.82452485525323,5588850
2016-03-17,443.4006042480469,446.45393313462694,440.4617938307541,441.549532928578,6474622
2016-03-18,455.48046875,457.61779022870843,443.4961403217341,443.8014919287413,8477422
2016-03-21,456.05279541015625,457.61761697587434,450.3850636004927,453.4192902146278,5138392
2016-03-22,454.1635437011719,455.70930999674806,447.3126560437092,454.6597282526182,7097950
2016-03-23,460.9763488769531,462.08314333007354,451.167501840932,454.18267344484667,6333176
2016-03-28,459.8694763183594,472.12094836037863,456.3772223135996,470.3652936828787,10787510
2016-03-29,456.94976806640625,465.2128489890522,454.77428979037524,457.6176837850249,6995356
2016-03-30,460.2701721191406,461.8159383173154,456.3008823180767,457.08326979670557,5756818
2016-03-31,464.98388671875,469.4112047172842,458.1138960551296,461.9114555914774,17996320
2016-04-01,460.07940673828125,466.4723142624589,456.1291717055413,464.1060029492521,5511428
2016-04-04,474.6781921386719,476.31937528893184,463.1709945029369,463.1709945029369,4577054
2016-04-05,465.556396484375,474.14388500838504,463.3427141399207,474.02936652535544,4790716
2016-04-06,458.2665100097656,468.68601413929497,456.47269780993224,468.68601413929497,4931354
2016-04-07,450.9383850097656,461.2052098646117,448.45755597670296,461.2052098646117,5657890
2016-04-08,444.9272766113281,449.41185349332096,443.51513061218833,448.7820950812334,4195578
2016-04-11,451.8544921875,452.94223122337667,439.33582582942404,444.9463452930545,5768678
2016-04-12,451.2055969238281,456.052783833739,449.83160842758946,450.55678325868894,5842138
2016-04-13,447.5798645019531,456.07193613137275,445.15629382685887,456.07193613137275,12511386
2016-04-18,472.76983642578125,483.91451584331867,470.78519110257474,477.08268251172956,25015990
2016-04-20,474.64007568359375,475.72781503254987,467.84644529653144,474.7927514811921,8072848
2016-04-21,468.0370788574219,477.4642113161156,464.9073894063304,477.4642113161156,5441100
2016-04-22,462.29302978515625,468.8767695282266,460.67094897889257,468.03712280572876,5143938
2016-04-25,464.04876708984375,467.4647069975609,458.4191915237657,462.598463711629,5364134
2016-04-26,470.2698974609375,473.09423593714257,461.281642112025,463.89604559583825,5846744
2016-04-27,473.3232727050781,474.1629195767985,468.89595480035194,469.1440005191978,4486208
2016-04-28,461.4915771484375,473.11329133333453,460.6709857100557,469.8309721699076,12165168
2016-04-29,461.0907897949219,466.9875587855632,459.90763424476006,462.3693618667113,5036410
2016-05-02,458.40008544921875,462.2549037194034,456.5299122517728,461.81597838886506,3615250
2016-05-03,449.5262756347656,462.6555499951899,447.23627941979504,459.04882459264815,6824810
2016-05-04,453.74371337890625,455.3276369411049,446.79740930553385,450.74764394588846,5812842
2016-05-05,455.11767578125,457.61760711671644,450.78577530713005,456.148202099957,6302668
2016-05-06,450.9383850097656,454.10623148801943,449.2399899231658,454.10623148801943,2596720
2016-05-09,457.63677978515625,458.59094508507934,450.59501191766225,451.1293538036397,5123678
2016-05-10,462.8846740722656,464.3540792689465,456.7016551732291,458.9534945267652,3395704
2016-05-11,458.7053527832031,463.609752420545,455.13678437883897,457.4267807782294,3709888
2016-05-12,461.8160400390625,462.9610384854403,456.7780655110424,459.48788584944873,3406932
2016-05-13,460.7663879394531,461.8159696887457,455.0032392886299,460.2893053261383,5652064
2016-05-16,463.724365234375,467.0257866999495,459.9077037921168,461.89234910604887,4533878
2016-05-17,463.4380798339844,467.82724015359804,461.1099258520358,465.6326599937912,3796294
2016-05-18,461.75872802734375,463.3426516818381,457.19783670654886,457.61766010422065,4256596
2016-05-19,460.1939697265625,464.16330708535213,458.3810554771732,462.17861511090376,3954400
2016-05-20,458.6100158691406,465.44184896450014,457.9993593746619,459.907690038723,3994548
2016-05-23,453.4192199707031,459.96480136153036,452.2742219404741,459.29688584389675,4585946
2016-05-24,453.3240051269531,454.85066984638723,449.45008408336724,454.5835221565302,3485060
2016-05-25,461.3007507324219,462.9991462769085,455.74749022521974,455.74749022521974,3857396
2016-05-26,471.03326416015625,473.1896871149781,461.8541750878198,461.8541750878198,6136436
2016-05-27,476.12847900390625,480.70847238911415,470.05997845048535,470.05997845048535,6180764
2016-05-30,483.79986572265625,485.47920562617423,473.8383913403265,473.8383913403265,5285700
2016-05-31,476.5672912597656,483.4754369917179,472.88420480184607,482.80752144821247,13782038
2016-06-01,480.2122497558594,484.1434290694035,475.5559421525241,475.57504409282313,4840534
2016-06-02,481.490966796875,486.58620075731807,478.60936862881624,478.99103479199715,5053552
2016-06-03,483.53277587890625,488.2654446849321,480.9183724958903,480.9183724958903,3998380
2016-06-06,483.4754638671875,487.38754083946986,481.31904138883755,482.76939099996497,4225768
2016-06-07,479.9068908691406,485.67003878940886,479.0290403358809,483.57087555692027,5692420
2016-06-08,472.54083251953125,482.406892793224,471.4912506480723,482.406892793224,8741370
2016-06-09,457.73358154296875,473.4675701114006,455.62930008439713,473.4675701114006,12740804
2016-06-10,455.8415222167969,459.4709661659674,451.7873666329795,453.8337687806983,6383956
2016-06-13,455.9573059082031,457.501745899673,450.2042575134643,454.37426434346014,5286722
2016-06-14,453.67938232421875,456.5366065840962,450.68702895144196,456.5366065840962,2940728
2016-06-15,459.4516296386719,460.49415504072357,455.2430678501644,457.0384418550901,6711572
2016-06-16,457.9265441894531,459.2779294379043,451.7873846342595,459.2779294379043,5302564
2016-06-17,455.4167785644531,460.53273644150187,453.7178850127301,459.08482383479,8515082
2016-06-20,466.71063232421875,467.88828710576496,455.4941138897835,455.9960759254621,6229566
2016-06-21,465.6873474121094,469.0465333108381,461.65251602140944,467.656499348563,4761724
2016-06-22,463.13897705078125,467.94602803041806,458.7566376740222,464.87647217102176,3031258
2016-06-23,467.8109130859375,469.0657707107027,460.76440488533314,462.2895678165146,3828626
2016-06-24,461.2278137207031,462.9459847192153,447.88769163827334,458.6987738502317,7808348
2016-06-27,450.28155517578125,456.84542651730914,447.88769153954934,452.54033684348707,5583778
2016-06-28,447.5595703125,452.7141311640557,445.9958054200509,448.9688817251566,7655974
2016-06-29,454.39361572265625,455.57127026137715,447.96487378245314,451.36266117124643,5459150
2016-06-30,452.05767822265625,457.3473672047505,450.95722684286534,455.8029269609185,9346224
2016-07-01,452.6755065917969,455.60993402851494,451.78743447752197,455.60993402851494,3991912
2016-07-04,457.135009765625,461.24709153876734,454.1426566495352,454.1426566495352,5381322
2016-07-05,453.85321044921875,458.5058571580489,452.1543632950859,457.54058166929514,3596416
2016-07-07,446.8258056640625,452.13481826106477,445.9570581481894,451.24674639181126,5954876
2016-07-08,447.1927185058594,450.59050638734885,445.3780198096032,449.0460659198686,5551648
2016-07-11,453.6986389160156,455.1079029105044,447.8876637360651,450.74488756917225,6668882
2016-07-12,454.27777099609375,455.74496081875094,450.9765114131146,455.6098317358521,6197368
2016-07-13,460.9382019042969,461.71042201327873,453.7565171847057,455.6098642992921,5275420
2016-07-14,454.1619873046875,461.8069858377469,449.4321387652763,461.401551395623,7413328
2016-07-15,414.1223449707031,459.4323490353161,406.18776474364154,459.27789559178865,61484126
2016-07-18,417.7518005371094,418.89085360264664,407.40407821851915,415.9371019344978,14332824
2016-07-19,419.68231201171875,420.85996655096966,414.72080715366513,420.3194030389762,10404644
2016-07-20,418.19580078125,420.82136806878583,413.1377683707033,413.1377683707033,9822896
2016-07-21,416.9603271484375,419.77890273903313,415.3000347828529,416.6128186146427,8668002
2016-07-22,414.0837097167969,416.96025790668295,411.8635769000907,413.1377589348826,9386538
2016-07-25,417.3269958496094,418.25366930227193,410.4349415816432,410.4349415816432,8469552
2016-07-26,420.3580322265625,420.8213926098074,413.27292156737,413.27292156737,7189610
2016-07-27,419.0645751953125,423.3697121093055,416.43905487263174,418.8135942112307,7431820
2016-07-28,416.0335693359375,419.68229037174774,414.70150854700955,419.08384808751384,11258562
2016-07-29,414.62432861328125,415.7440573491195,411.7864287558263,414.1416909799528,8156784
2016-08-01,419.0259704589844,420.02984725517615,412.5007005848696,413.7169567812041,9096662
2016-08-02,418.4661560058594,418.9294692847545,415.06836818535584,416.9603171505775,6822502
2016-08-03,418.89080810546875,419.5085747669677,413.25361072885653,419.1803906467253,7213460
2016-08-04,413.8328552246094,419.66310874753344,413.15716249868075,419.47005368298244,4237278
2016-08-05,412.3656311035156,414.46991252156204,409.27674997165406,413.9100716694464,5609968
2016-08-08,416.4969482421875,417.38502032996445,410.2613077999368,412.75169910521,4643064
2016-08-09,418.3116455078125,418.73635714432993,413.7169263994002,415.84053171456276,7192664
2016-08-10,417.90625,420.0491798705559,415.14555340676384,415.4544603343938,5576454
2016-08-11,415.9756774902344,422.79052970143505,415.1648557638978,417.65524688034105,5038552
2016-08-12,410.26129150390625,416.5355804132063,409.276691929723,415.08766758798316,7449928
2016-08-16,406.1105651855469,408.5237529727481,396.9211272388551,402.3266678821858,16429408
2016-08-17,398.9675598144531,406.4387803478752,397.886432750165,405.3962548646164,6599316
2016-08-18,395.14501953125,401.2069282321044,394.411401037705,400.203051566893,8434000
2016-08-19,394.33416748046875,401.16831969967814,393.23376332551624,397.6933294424143,5686016
2016-08-22,392.0754699707031,397.6933666996591,389.6236569197236,393.0600459225757,10253518
2016-08-23,401.4193420410156,402.3266912752458,393.8708713507191,393.8708713507191,7406138
2016-08-24,408.2728271484375,410.0682485310789,404.25727270177015,404.25727270177015,6129966
2016-08-25,400.0679626464844,408.3500048816823,398.50419799357803,407.3461281156852,4796562
2016-08-26,393.9288024902344,403.8711368829063,392.6932455417708,400.01003614788806,6881054
2016-08-29,394.9133605957031,397.693357712387,390.3572666477896,392.90558359108206,5220282
2016-08-30,401.7088928222656,403.48498956993444,395.76278881261516,398.6392897416874,4375438
2016-08-31,399.9521179199219,403.77461714778883,396.84396004786504,400.4347555211026,11139814
2016-09-01,400.6085510253906,401.7282326035053,398.46562112849887,400.78228171645526,2877826
2016-09-02,398.40765380859375,401.5544602069227,396.22612255499297,401.1876745049562,3332592
2016-09-06,403.48504638671875,404.9908851729554,399.8556020931835,400.8788032641251,8215044
2016-09-07,407.0951843261719,408.89060576098717,403.0989541213131,404.6433945585595,7425470
2016-09-08,400.647216796875,403.48511704526913,395.3768036883786,403.48511704526913,9092774
2016-09-09,399.8170166015625,401.9406221943279,396.3613499900041,400.3961817632258,5053438
2016-09-12,406.96002197265625,408.50446228374796,395.85935723668484,395.85935723668484,6203096
2016-09-14,403.7166748046875,408.427245880351,401.80544883470304,406.9406844230561,5152418
2016-09-15,402.4039001464844,404.18004419240214,399.75905556691015,403.7166838241976,4701722
2016-09-16,409.33453369140625,411.0141027967532,400.820789176877,405.0293976832261,9949384
2016-09-19,409.7399597167969,412.71303533424884,402.0756847722119,403.8711059027878,5809154
2016-09-20,405.4734802246094,408.17625058654494,403.7745865705921,406.6897363139953,4214004
2016-09-21,407.6357421875,409.7593477589243,405.82104355222435,406.9600495056832,4231532
2016-09-22,408.8133850097656,409.66280836068614,406.1878175263354,408.8905881752749,3629514
2016-09-23,402.5390930175781,408.813381977507,401.55449343544984,408.1183649627601,5205294
2016-09-26,399.9714050292969,403.09888696718264,398.07945638234224,402.616249410948,6371798
2016-09-27,401.4580078125,405.3770350599323,398.9868935530906,399.6433090538783,6525660
2016-09-28,401.14910888671875,402.4426155546505,398.9482999538954,401.5545433845161,5434708
2016-09-29,397.38446044921875,403.465693979155,395.3767069622068,403.465693979155,8902638
2016-09-30,400.0293273925781,403.0602817921678,398.11805440740136,398.11805440740136,6502354
2016-10-03,400.82086181640625,401.5544803897877,396.18754088883173,399.8169850419473,3656160
2016-10-04,405.106689453125,405.9561599346109,400.89812715867674,401.554495461688,5066586
2016-10-05,402.1336975097656,405.3577076456171,400.3962019372318,405.106726636401,2307574
2016-10-06,396.68951416015625,403.48504228796406,396.1296262525537,403.48504228796406,3721882
2016-10-07,390.95574951171875,399.1606121252453,390.0097751200736,397.67405063886036,6288558
2016-10-10,397.6740417480469,398.3690587165994,389.97116482070794,392.67393526996034,5413170
2016-10-13,406.3229064941406,408.50443772894346,394.37281915840805,394.37281915840805,9778690
2016-10-14,396.5929870605469,418.04137420968107,384.6621758924241,406.53532184521936,33461690
2016-10-17,394.75897216796875,402.24951746809995,392.8090973272173,399.60462560047586,8014858
2016-10-18,401.1877136230469,401.7475544085467,396.65092000046116,397.69339840538504,6388134
2016-10-19,402.24951171875,403.7553033678182,400.01005433757354,402.3267148839301,3509836
2016-10-20,400.26104736328125,405.68586602629915,399.16064299717715,403.3885297684226,3535490
2016-10-21,405.1976623535156,406.2513210762973,399.0316770418002,403.9098149029469,3863620
2016-10-24,400.82696533203125,406.9148740283565,400.2025729905254,404.88558700894214,2902974
2016-10-25,396.9634094238281,405.4318627534262,396.1829072518658,404.495250619457,5636014
2016-10-26,395.7926940917969,397.9975986474486,393.88045405963896,396.88539247344215,2775216
2016-10-27,391.6169738769531,397.25610696415055,390.68036172123215,397.2365991732056,7227790
2016-10-28,389.2754211425781,394.15355925213424,387.5778386080661,392.2803589818714,5840706
2016-11-01,386.1339416503906,392.90478846213875,384.94368060237906,392.90478846213875,6332798
2016-11-02,382.8558044433594,385.3729285888352,382.4460455868947,384.3192459443296,5377194
2016-11-03,377.31427001953125,383.2265837671795,376.63133058817425,382.8558404549211,5225108
2016-11-04,378.933837890625,382.13390184156253,375.03132668680803,377.37283340909823,6005548
2016-11-07,381.6460266113281,384.78754286175774,380.49478122739737,384.3972918040886,4537672
2016-11-08,383.460693359375,385.470495905377,378.7776805009953,385.13879202218914,5261108
2016-11-09,373.9775695800781,380.3386568143987,351.616189589732,362.93346983179885,12764158
2016-11-10,366.60186767578125,375.6166579386959,364.8847534261617,375.6166579386959,7287330
2016-11-11,359.6358642578125,368.7872564976728,358.52365824995724,366.83600117228826,7096782
2016-11-15,360.4164123535156,366.81654016462824,354.5626456308045,360.5920301190045,9235850
2016-11-16,367.1872253417969,373.41171058270766,362.36761054521634,362.9334793359448,12222616
2016-11-17,362.8554382324219,370.34826350120585,361.52859889275317,364.59206024868445,5706730
2016-11-18,359.03106689453125,364.20189476013184,358.0554389953613,362.93357849121094,6040228
2016-11-21,355.5577392578125,361.7237252001108,353.9382116137055,361.7237252001108,7940568
2016-11-22,356.767578125,362.4067115642279,355.77244253432167,357.8212609112045,5483126
2016-11-23,359.12860107421875,360.1627760925668,356.08464703511544,359.85055613447327,8251786
2016-11-24,363.0505065917969,366.79693054570487,360.31874954623174,362.2309890057398,16780644
2016-11-25,381.4704284667969,384.39731154966233,363.10912002409475,363.10912002409475,12631380
2016-11-28,382.3485107421875,383.79244455906564,378.7777036914384,382.17289298543915,7365712
2016-11-29,379.5581970214844,384.28024945730664,377.41181604675677,381.977758520439,6125506
2016-11-30,380.70941162109375,381.27528041417446,375.05077132835527,379.71427619548797,8500918
2016-12-01,380.72900390625,383.8315052432428,377.37285361884807,380.8851138903782,4611590
2016-12-02,376.39715576171875,378.38742668447776,375.07029260052275,376.51422631852193,4453228
2016-12-05,375.2849426269531,377.99716844776196,373.8605167255936,376.943509637479,3659576
2016-12-06,377.17767333984375,382.2509374406383,375.28496510677707,375.34348847805694,3562110
2016-12-07,377.13861083984375,379.7142581506626,374.7190496520555,377.76300297003223,3385980
2016-12-08,384.2607116699219,384.8265566456765,378.5630319630972,378.5630319630972,5941662
2016-12-09,386.0948791503906,393.43161818049725,383.03141783743,384.39729655615747,8648384
2016-12-12,381.41192626953125,383.5387996577769,376.6703894073907,383.5387996577769,5345020
2016-12-13,386.4266052246094,387.4607562444603,378.9727956708161,382.6411651704876,4854282
2016-12-14,390.15350341796875,392.1828137259352,384.0460647045672,386.73880658885423,5382614
2016-12-15,387.2656555175781,397.64634869266183,385.95832390758846,389.2364425563593,7966416
2016-12-16,392.2609558105469,394.03659379218715,389.3730877518721,391.73410246278104,6436742
2016-12-19,392.065673828125,393.4705678903021,387.94850675282345,392.6315187187879,4124134
2016-12-20,394.9926452636719,397.66585566866826,390.75840669942886,391.03158722277294,7636498
2016-12-21,390.85595703125,398.8365962303912,389.5681332553699,396.49508979459637,7343976
2016-12-22,384.2802429199219,392.98283723287045,378.3484217450525,391.2267073743323,7060054
2016-12-23,385.7436828613281,392.82672563649595,379.94844006087936,384.35829629806136,7306036
2016-12-26,383.51922607421875,387.90955046326474,380.5337959620538,385.5680441224402,3213828
2016-12-27,389.8412780761719,390.9925233988368,382.4460161630892,383.51920651456726,4912816
2016-12-28,389.6656799316406,394.07551210646926,388.29980123383314,391.4023018969455,5476816
2016-12-29,387.2656555175781,393.37309453877566,385.62662001222867,391.7145274239048,6240124
2016-12-30,394.3876953125,394.9340563013999,387.4217237087102,389.47054168853464,7267768
2017-01-02,390.68035888671875,395.3048486208634,389.9974194753462,394.58286980884776,2335222
2017-01-03,387.85107421875,392.16336824042185,383.22660787737675,391.85114828264324,6778482
2017-01-04,389.3729553222656,391.89007916583006,387.2265747116192,388.31927280414186,7073586
2017-01-05,388.7486572265625,393.95850007738534,385.8607894517234,390.8755067453013,8207074
2017-01-06,379.4216003417969,389.8022692087232,377.78254109464143,388.26079654746866,14393448
2017-01-09,378.6801452636719,381.2558168144566,376.5923114068033,379.4216318811031,10545692
2017-01-10,378.7582092285156,382.83633808301374,377.7435658723224,381.2753336463858,11939854
2017-01-11,378.19232177734375,381.84118376013,376.1825429553401,380.1826166276916,12241574
2017-01-12,390.27056884765625,391.96817525468106,381.489919973842,381.489919973842,11855740
2017-01-13,380.80694580078125,405.8610663939037,375.6946668959325,401.9585561401162,31276246
2017-01-16,372.9434814453125,376.76793754562203,371.6946731340382,376.592319782952,12351372
2017-01-17,372.8458557128906,376.2020051524046,371.675102584823,373.1775595715631,5560094
2017-01-18,371.05072021484375,375.03128597442515,370.66046913682663,373.8995483205614,5952962
2017-01-19,373.8995056152344,374.48488216540056,369.99699528079276,371.12873280539395,8876480
2017-01-20,370.2312316894531,371.9678538874538,369.17754893186543,370.73855336709534,9124742
2017-01-23,371.792236328125,373.86056244212887,366.8360424797507,368.7872980248557,7948580
2017-01-24,369.00189208984375,370.738514103927,366.87501900828266,370.738514103927,6826010
2017-01-25,365.5091247558594,369.48969023896086,364.8066776280259,369.2165097395162,9978090
2017-01-27,367.6750793457031,369.782420971086,351.6747844218146,364.4359761961257,10635138
2017-01-30,370.48486328125,371.3239126535362,362.48471592507815,365.86039738590665,11369208
2017-01-31,362.3871765136719,367.42142543384847,352.92358695788766,367.42142543384847,24068534
2017-02-01,357.7626953125,360.279819666998,353.2357920878649,359.4602780669789,11531782
2017-02-02,365.2359619140625,368.7872368898327,355.1674659151768,357.8602076486525,11828268
2017-02-03,365.3139953613281,367.18721944108967,359.44072187112505,364.4164227175453,8423958
2017-02-06,364.9823303222656,368.29946457272194,363.1481454435002,365.7628324988436,6727934
2017-02-07,367.7140808105469,370.66047170619277,362.36763624084483,364.104258313866,9268002
2017-02-08,365.47015380859375,368.43605263009306,363.8896416232021,365.2750282593099,6319962
2017-02-09,369.1775207519531,370.73852506802905,365.48964329141666,365.6652610407823,11907266
2017-02-10,377.8801574707031,379.324091388975,368.123879399999,369.27512497614975,12252452
2017-02-13,384.1436462402344,384.82658563942545,375.7532479073154,379.65575875983586,13724268
2017-02-14,385.450927734375,385.9582492840867,379.46056043333965,382.4459901905005,9338818
2017-02-15,383.14849853515625,389.78276677317047,378.0752345884395,386.0363660016707,7259486
2017-02-16,394.9730529785156,395.6755238789258,386.3680226388144,386.7387658764681,12815858
2017-02-17,390.29010009765625,395.6170369289252,387.40225636365335,395.6170369289252,4851208
2017-02-20,394.25115966796875,402.3488697032178,387.7144539768641,388.8852072349724,4650662
2017-02-21,395.5584411621094,399.8121869885761,390.2705443800934,398.87557497314197,7613996
2017-02-22,386.4070739746094,396.104802720498,384.9436325852479,396.104802720498,6607838
2017-02-23,393.704833984375,398.05614351214757,387.65594160747474,389.82185438475665,9542656
2017-02-27,395.0902099609375,399.22686195504696,392.96333677322514,393.09991512604495,5328696
2017-02-28,395.0902099609375,399.10979139276765,393.86090950941457,394.87555280788337,5940132
2017-03-01,400.06591796875,400.7878729640014,394.19261995723235,394.934106562385,4282448
2017-03-02,399.34393310546875,401.1781179806662,396.69023047407313,399.7732235931732,2948498
2017-03-03,402.4268798828125,403.63669629690264,390.40717564244665,394.25113911186503,5401612
2017-03-06,403.48065185546875,404.28063808718093,397.939081059109,398.07565942666207,5286386
2017-03-07,397.9780578613281,400.3195882265017,395.98778682472596,398.8366150253857,4644496
2017-03-08,393.2950744628906,396.8463739507443,391.98774273687474,396.8463739507443,6179176
2017-03-09,394.75848388671875,395.32435272896333,389.86083748887893,393.2950423045533,3480630
2017-03-10,398.7781066894531,401.04158229315885,395.4805037042336,396.10489598309397,4550324
2017-03-14,403.83184814453125,406.6026213638572,399.1488112320743,399.1488112320743,7878396
2017-03-15,394.91461181640625,403.8708794705316,393.1779896294217,403.8708794705316,6373978
2017-03-16,401.509765625,402.62197154102296,395.44136682791515,395.44136682791515,6702956
2017-03-17,405.9782409667969,406.9928843056341,397.7634362043304,404.06600103702243,9507846
2017-03-20,398.6414489746094,400.6122358392558,396.14383271822686,400.6122358392558,4427388
2017-03-21,403.07086181640625,403.89037964496316,397.5878383163,398.4073799638951,4869584
2017-03-22,401.06103515625,405.84161111624866,398.2122307180337,399.01224070671594,3990852
2017-03-23,406.0366516113281,407.0318107599744,400.6316845531061,401.27560825881466,4501662
2017-03-24,402.5049743652344,407.42212845692785,401.061016783071,405.0806219715432,4883896
2017-03-27,401.509765625,406.58302905211184,399.81218315969494,400.8658418931766,7684824
2017-03-28,403.9683837890625,405.4708408034058,401.9781129623956,402.54395792946394,4796796
2017-03-29,402.6805419921875,406.4464742044608,400.33903565975663,403.6366856607711,6981186
2017-03-30,400.2025146484375,404.2611357336769,398.15369631405986,403.5196490945728,12157180
2017-03-31,398.9341735839844,401.6854628018614,393.37309559565296,399.3244246708848,14153854
2017-04-03,393.6853332519531,402.9147581398249,392.63165044230624,402.7977113842446,4315600
2017-04-05,388.6705322265625,392.3584093579811,386.73878479400673,392.202299412691,7398338
2017-04-06,390.0950012207031,392.51456287390596,387.1291023032529,389.52915616470364,5379008
2017-04-07,383.0509338378906,390.6023063504342,382.05579837100703,390.6023063504342,6404508
2017-04-10,372.0654296875,386.1534856809376,370.7775819281288,384.3583400452054,9528472
2017-04-11,377.4313049316406,379.2069424095631,373.09950407248584,373.09950407248584,8655466
2017-04-12,378.0947570800781,381.23629739369784,374.77762283208784,378.5435553588913,6696752
2017-04-13,363.4798889160156,386.3485941534429,361.6261961662895,378.54357204933297,30973188
2017-04-17,360.9432373046875,363.7530260557026,360.39687625919237,362.93350830649587,7213434
2017-04-18,360.0650939941406,364.49443330812056,358.6796838915458,360.8846115649727,4647518
2017-04-19,358.7188415527344,362.9335489705198,356.1627014286314,360.20179107504276,10071702
2017-04-20,361.8797302246094,362.81634210741606,358.4650341379614,359.61627929669436,4549000
2017-04-21,360.47491455078125,364.8066918572427,359.4602474874148,364.8066918572427,3577466
2017-04-24,361.5870666503906,362.3480608796954,356.2991702565018,358.0552997922677,5556666
2017-04-25,362.67987060546875,364.10429672800063,359.24566549660074,361.3335232901617,4737060
2017-04-26,356.7870178222656,365.0993603153517,355.2065058541279,362.9139639913877,9084496
2017-04-27,361.0798034667969,362.54324498314435,357.46998105980646,357.46998105980646,7797208
2017-04-28,358.62127685546875,361.91890363263354,357.313921292478,361.7042464581902,5029702
2017-05-02,360.0456237792969,361.528596884564,357.11874078579825,360.59198479903057,3231126
2017-05-03,364.6116027832031,366.48480332414323,358.1139361737823,361.56764892679575,4659448
2017-05-04,365.9189147949219,366.69941691248664,362.50421803057594,365.6652420790996,5279806
2017-05-05,363.5188903808594,365.80184973003287,359.0310028452932,365.2750202860809,4432788
2017-05-08,368.9823913574219,370.17265237218714,363.7140018457083,366.0555082953588,4707098
2017-05-09,369.43121337890625,371.4995394453021,367.6555518185024,370.9726861688282,5649372
2017-05-10,368.2604675292969,370.73855253706125,365.7238353277275,369.626346407065,3364302
2017-05-11,368.4360656738281,370.6800095700344,365.87992565152246,369.5092562328833,3229482
2017-05-12,376.29962158203125,376.9825610041402,371.3044122869846,371.90929672561657,10979996
2017-05-15,371.34344482421875,376.0069504262134,370.3873248258038,376.0069504262134,7297164
2017-05-16,372.6898193359375,374.6996221301287,369.548302585971,371.9483326808476,6130168
2017-05-17,371.8311767578125,374.03610460574157,368.33842527421325,371.36287075783264,2915508
2017-05-18,375.3239440917969,380.0655038359066,367.94818978296695,368.00673696757417,8057848
2017-05-19,373.8410339355469,375.6947266006815,369.8994836614178,375.2264205319982,4257396
2017-05-22,375.20684814453125,377.33372096848115,373.2946086178904,374.01658729669776,5503052
2017-05-23,373.5873718261719,377.37281224538793,372.3385635471781,376.45573169153766,4039982
2017-05-24,372.6117248535156,376.7874161557657,370.5824144822409,374.64103522479036,5636286
2017-05-25,383.73388671875,385.0217105341073,375.03129229608203,375.03129229608203,10438514
2017-05-26,388.5730285644531,390.25110354589305,382.6802226094879,385.17783919979644,4988004
2017-05-29,384.45587158203125,388.9632669164106,380.7679940106168,386.69981535385574,6308434
2017-05-30,388.7681579589844,390.2511074033095,381.91925578786373,383.22658747004994,3716910
2017-05-31,381.2947998046875,387.73394240269187,380.43624269448,387.73394240269187,7763900
2017-06-01,384.9005126953125,388.18923976612507,379.8089072193955,384.06840938892697,5508606
2017-06-02,384.1278991699219,386.50529600936545,382.0476769354088,385.6930235927152,3917966
2017-06-05,379.88818359375,385.1382680084746,379.2145830206952,384.3458024364407,5462698
2017-06-06,388.05059814453125,391.2799052641616,382.12693690074883,382.36466691637054,7008686
2017-06-07,380.8985900878906,391.83463000138835,374.4400002120643,390.2893123903528,12455046
2017-06-08,378.9768371582031,381.5523501594985,375.68811000875945,381.5523501594985,6195352
2017-06-09,375.86639404296875,376.79755555822584,365.72284485604104,371.8842595614812,14757662
2017-06-12,381.908935546875,382.44386428264403,372.49840750933026,373.78616397762585,8591676
2017-06-13,379.5117492675781,381.55235774435965,377.0551012114504,377.807953161985,4937794
2017-06-14,379.82879638671875,381.136384125429,376.89668783768843,380.3835320446039,7438110
2017-06-15,377.2532958984375,383.5336012326947,376.26271374957685,380.24487333530425,5528062
2017-06-16,372.5578918457031,377.9466482758546,370.87390243826445,376.0645424675408,10948450
2017-06-19,368.4370422363281,372.55787283794024,367.704021264141,372.4390078403058,6855860
2017-06-20,373.86541748046875,375.192811742695,370.1012062441651,370.47763220462116,5184396
2017-06-21,373.78619384765625,376.02491879124574,370.8936993091651,374.4399876266883,3735864
2017-06-22,372.51824951171875,383.8306902924825,370.51725466988563,375.5098020974078,9465242
2017-06-23,373.74664306640625,376.0844266007457,371.6664205632537,374.4400505674571,6403018
2017-06-27,367.32757568359375,375.6286568506096,366.02001241112936,374.4399585694368,6904660
2017-06-28,366.396484375,369.6852118623511,364.93041814064884,369.60596046349644,5905224
2017-06-29,368.5757141113281,375.60884552352167,367.1492616806317,368.5757141113281,15914040
2017-06-30,370.6955871582031,371.6663623444363,368.100267183349,368.81348137874033,4216700
2017-07-03,377.1740417480469,378.40235385129324,370.31919441997906,372.8947078231554,5088924
2017-07-04,381.23541259765625,384.34583052152306,376.18344420678056,377.9466608860945,5167726
2017-07-05,376.77777099609375,379.9872469326128,374.5984906435084,379.9872469326128,4226228
2017-07-06,375.2324523925781,379.1947802953509,374.12300541662785,374.4399868120236,3829720
2017-07-07,370.63616943359375,374.618304222155,369.70500784653217,373.98431723400296,5776886
2017-07-10,379.2145690917969,380.30420921332,372.4588051751793,373.7267548806866,1464376
2017-07-11,386.465576171875,392.0722788682498,379.0560436092858,379.0560436092858,11539708
2017-07-12,385.2769775390625,388.9025175598089,383.85054904336715,386.3071973940712,6275976
2017-07-13,387.1392517089844,389.67515129808953,382.0080321213591,387.21850310566845,5170392
2017-07-14,385.1580505371094,398.9469457846548,382.7806539708385,396.0148378633978,22478180
2017-07-17,389.9128723144531,393.06292783300535,385.9307376102291,386.3269704003833,7698250
2017-07-18,390.52703857421875,398.13471318210736,388.74399097162603,390.7053481713042,8260180
2017-07-19,388.2486877441406,391.7355556267068,383.98918527208747,388.88267471557543,5890278
2017-07-20,384.1278991699219,388.248705847812,383.13731715348706,388.0307826410226,6809740
2017-07-21,388.3477783203125,389.31855356891856,384.90057212374774,385.5345349639101,5980754
2017-07-24,392.4884033203125,393.85541134541006,389.33834765833933,389.69496685936696,6129176
2017-07-25,393.7960205078125,395.8366294222316,390.76485362181677,392.270533661671,7145614
2017-07-26,393.8752136230469,395.8365708378987,392.42897840023386,395.47995164096886,6870024
2017-07-27,384.7618713378906,397.8177474686328,383.0778818690244,394.6478849390022,12676852
2017-07-28,395.1827697753906,397.4214947484735,381.29481509981997,386.7232092467698,11098428
2017-07-31,400.6706237792969,404.8310682995658,390.9827267024158,393.02333535505744,19158248
2017-08-01,398.431884765625,402.96875513469524,395.5790037862523,400.5913583492398,7689398
2017-08-02,393.59783935546875,401.28476529344374,391.16102216359747,398.610193912816,4257584
2017-08-03,389.8930358886719,395.73746909940144,388.4071630384864,392.6666652090181,4640348
2017-08-04,389.79400634765625,391.87422849080764,386.7430090342081,391.47799570163596,5349018
2017-08-07,383.6523742675781,389.7939821179757,382.6419855548223,389.69492392684026,6073744
2017-08-08,381.908935546875,384.44483488117,378.42209210031564,383.75142755208776,6004648
2017-08-09,384.08831787109375,385.89119675348036,382.1864049566288,383.4147413481524,3922410
2017-08-10,388.8034362792969,391.27989128744525,384.08825627013,384.3062036581518,9140684
2017-08-11,391.3591003417969,395.0440601584047,384.18727290366985,386.72317223129687,6544156
2017-08-14,388.8826599121094,391.95346390297334,387.178863824972,391.4779797385299,3816470
2017-08-16,386.4062194824219,390.72514235877424,383.9495713613437,389.10059760251755,6178080
2017-08-17,404.4942932128906,407.8226588097914,395.46018911518905,398.21401224565494,25784260
2017-08-18,365.8219299316406,403.32537385173725,350.3490440413283,403.32537385173725,164404960
2017-08-21,346.0697021484375,366.11907012445886,344.72250109121126,366.11907012445886,90407176
2017-08-22,346.86224365234375,355.4406702723623,340.7602481399059,354.70764917966835,49242598
2017-08-23,353.7566223144531,358.07556930435607,346.2678372582204,348.68484755054385,61284190
2017-08-24,361.42376708984375,363.84077755568444,357.54066620695926,360.57185687522224,42380524
2017-08-28,372.8550720214844,377.9862917176924,371.6663735984616,374.0239636409497,40712108
2017-08-29,367.4861145019531,373.2512968942257,366.73326250972434,373.0333736914639,13369392
2017-08-30,367.1691589355469,372.0626246769744,366.15874587905415,371.34941042496325,16149664
2017-08-31,362.533203125,368.0804622932982,361.72093072646817,368.0210176999856,15022452
2017-09-01,364.51434326171875,366.87193309080294,360.571822345402,362.92941217448623,8433922
2017-09-04,356.6888122558594,364.9700642140059,354.0340473549274,364.9304506031205,10177108
2017-09-05,357.3623962402344,358.5907083299214,355.5199039215713,357.4020098492698,9783392
2017-09-06,354.8661193847656,356.72841855675813,352.64722516971057,356.60955354240394,7735910
2017-09-07,354.925537109375,356.8076429438931,353.57833589101483,356.6095265402596,6241192
2017-09-08,350.388671875,356.2132990658508,349.51695484913597,356.2132990658508,8604542
2017-09-11,348.1697692871094,353.3604093395281,346.1687984661753,352.80569792508305,13787642
2017-09-12,350.28961181640625,351.7556780543037,348.2093895581296,349.6952625997558,17241354
2017-09-13,350.1707763671875,351.69626314503466,349.081136044687,350.8641838451423,11478228
2017-09-14,353.59820556640625,355.26236419170056,349.31887143240954,350.4679563728594,13698006
2017-09-15,359.87841796875,361.85958184416285,353.5188867655005,353.55850036935703,13459460
2017-09-18,360.2152099609375,363.64263317527707,359.1057630158067,360.57182913593255,8475860
2017-09-19,361.46343994140625,362.94931322151615,357.9964022878164,359.77945022394834,6033330
2017-09-20,361.6416931152344,363.34548937361694,359.56147084782816,363.34548937361694,5767830
2017-09-21,360.3935241699219,362.65205587755037,359.8388127823079,362.55299768146256,8204152
2017-09-22,355.9360046386719,360.670992569379,351.8548106581802,359.83891316377446,17604088
2017-09-25,354.76702880859375,357.3821798064603,352.29057380159753,357.00575380857066,9088700
2017-09-26,358.94732666015625,359.93790872491644,354.3510113691895,355.420844835957,7366478
2017-09-27,356.5303039550781,359.73980446379596,354.66800477359493,359.02656600576984,6000138
2017-09-28,355.0246887207031,358.15493839535543,354.3510879342939,355.0643023381999,17537266
2017-09-29,356.5699462890625,357.56052839989536,354.62839567817656,355.8170942111761,5705832
2017-10-03,358.01611328125,361.36428501320916,357.2434545455473,360.6114330791134,4947522
2017-10-04,356.4510192871094,358.7491888878295,355.48026826874735,357.79822048862593,4991492
2017-10-05,357.81805419921875,358.570906253879,356.2133160660038,356.6095488981128,8611300
2017-10-06,364.5936584472656,365.32667952971855,358.17468158399487,358.1944883892251,8574308
2017-10-09,366.0794982910156,368.10027592329294,362.1567838470288,364.5341806775345,3504832
2017-10-10,370.65606689453125,372.43911492409956,368.31828313766476,372.43911492409956,7143220
2017-10-11,368.7738342285156,371.6663285370207,367.70400094067725,370.6559398367788,5982504
2017-10-12,367.4266052246094,370.22004113072927,364.3558015710171,368.4964384310733,10280972
2017-10-13,368.5361022949219,369.8833034326026,367.5257135337263,369.6059356473001,7180728
2017-10-16,372.0627136230469,373.25141238861573,369.6853160919092,370.85420804821285,5758750
2017-10-17,368.694580078125,371.19084160829794,368.29834732145855,371.19084160829794,5625102
2017-10-18,366.2578125,368.49653769837994,365.7031010397511,368.0606912521749,7231852
2017-10-19,367.2880554199219,369.28902653157616,366.59464791302247,368.49656080940537,1091434
2017-10-23,372.26068115234375,373.25126306067887,367.74361797668405,368.4964699006702,9154096
2017-10-24,367.1096496582031,375.09374939187904,365.1680994736774,374.8361884259689,14529328
2017-10-25,370.5964660644531,374.3210633853528,362.65200469624193,364.13787742785723,13984134
2017-10-26,375.37109375,377.13433436054737,372.49840625348713,373.25125816760385,33659258
2017-10-27,374.9749450683594,379.47220239209247,374.04380755160366,378.4023688684126,8524956
2017-10-30,374.0833435058594,378.26361852104054,372.87483841026534,378.26361852104054,12968326
2017-10-31,370.3670654296875,373.64146007671025,369.6238099683585,371.6326350225344,9954988
2017-11-01,372.4562072753906,373.40036965970245,370.9495886510726,371.63259399845424,5633134
2017-11-02,370.7889099121094,372.03437154160025,369.6237816612011,370.8491599460463,4686138
2017-11-03,372.2955627441406,373.60129904915345,368.3984371755904,368.41852052207867,3699086
2017-11-06,373.1191101074219,375.6502243618665,370.6884370894376,370.8893195623584,5066534
2017-11-07,383.8864440917969,385.69438652864994,371.97410244914965,372.13481825225205,13442820
2017-11-08,382.6007995605469,386.4376503556953,380.6723324902838,385.7948361728707,5369994
2017-11-09,383.4846496582031,386.8996517766889,380.9736186887282,382.88200222552916,4723232
2017-11-10,386.51800537109375,387.44205994767094,381.67674212533547,385.2122691480334,6589428
2017-11-13,382.4601745605469,389.4709783099074,381.4155709078174,386.5179910174207,5021216
2017-11-14,381.3151550292969,383.6253037995198,378.96483956743816,382.4602000023943,5733710
2017-11-15,382.39990234375,383.08290771282896,379.4670228995983,379.7281799448247,7023516
2017-11-16,397.1045837402344,400.1178216039397,381.07414849660483,382.39996825227666,15687502
2017-11-17,390.0937194824219,395.9393951456637,387.76348745948906,395.9393951456637,8057670
2017-11-20,385.9154052734375,390.1138548567381,384.58958554234044,389.3103247746439,5661190
2017-11-21,388.2054443359375,390.31471065703835,385.71449634761274,386.21670261454153,5364656
2017-11-22,388.2254943847656,390.1338780354159,387.0201994475128,388.34601897413324,6084920
2017-11-23,398.2495422363281,399.5351950954463,389.31027130088466,390.31468376554125,11894618
2017-11-24,405.60186767578125,409.51907658832283,397.8277244119149,398.1089648279427,18619912
2017-11-27,401.2628173828125,404.4568542252867,399.07319309949423,404.4568542252867,6017730
2017-11-28,395.61798095703125,401.72481356119664,394.2519702154642,399.5151061698188,4616868
2017-11-29,394.8144226074219,398.53074840751685,393.85017691543936,396.8031640210192,3838070
2017-11-30,392.1627502441406,397.52632693519155,389.0490719423174,397.52632693519155,17266944
2017-12-01,385.21234130859375,395.01541875143306,384.5092524413924,393.48871640129744,4085000
2017-12-04,395.8791198730469,400.4793338755486,389.12947300021517,393.7296870027169,17811606
2017-12-05,395.4773864746094,402.97031388446754,393.32795343259596,395.87915149343735,9976738
2017-12-06,397.8678283691406,399.39453028740195,395.3367140675775,395.7384790208982,7490094
2017-12-07,401.6845703125,402.9300563029989,395.9795034276675,397.34551399227007,7549544
2017-12-08,402.50830078125,404.5774005730366,399.7562200299617,402.16681030149914,5983244
2017-12-11,403.89434814453125,404.5371868552954,399.3343252196303,399.73609021818686,5139098
2017-12-12,405.9835205078125,407.38969796627595,402.56851810868693,402.56851810868693,9320434
2017-12-13,403.2716369628906,409.3985534895995,400.8208801609233,406.14426665134255,5362398
2017-12-14,407.02813720703125,407.7915005636007,401.48378476382527,403.87429156803904,6023572
2017-12-15,410.9654235839844,412.371601067818,406.5259007675924,406.9879403209963,10384134
2017-12-18,408.4342346191406,414.0991105535234,404.0951781032531,406.5459589888705,4035448
2017-12-19,403.35198974609375,408.9766999286569,401.5842138800006,408.7758174221368,7118898
2017-12-20,408.1329345703125,409.23778823674195,402.16673458030874,403.8139611469975,4186326
2017-12-21,410.6238708496094,413.3960343496406,401.12214429602994,407.7110749010587,11059162
2017-12-22,417.5744934082031,419.7641423489856,408.1932893331321,408.1932893331321,12906940
2017-12-26,416.0678405761719,418.43826397823574,411.00561118553543,413.8179662962869,10808906
2017-12-27,415.5254211425781,417.4739714426776,412.7733409006994,413.0143900745181,6970172
2017-12-28,415.12371826171875,417.83563222084445,411.3270338145845,413.8179819110286,8433472
2017-12-29,418.6592102050781,421.371123775892,413.81792265752813,413.85808934615835,6601768
2018-01-01,415.24420166015625,419.64350843561266,413.8179164085027,416.91148703995174,5431340
2018-01-02,413.6973571777344,418.63908577309974,411.00555157954034,416.7307022247099,6112248
2018-01-03,410.3225402832031,414.4607143815207,409.23777000921257,413.2152528399157,6846552
2018-01-04,407.95220947265625,410.2020837668729,405.62195274861466,410.2020837668729,8947614
2018-01-05,406.5862121582031,412.3716384245068,404.1756219675418,407.91203185870853,11025976
2018-01-08,416.2486267089844,417.4338137813082,409.8203625139517,411.7689373779769,5594690
2018-01-09,418.37799072265625,419.8042761507061,413.3760358775011,417.83561775832084,9948236
2018-01-10,422.7572937011719,424.2639127093728,415.0434239966183,420.5676936933549,9468634
2018-01-11,432.2188415527344,435.2722459908186,423.9625505179648,423.9625505179648,16775298
2018-01-12,433.2834167480469,436.27659523156444,430.10951268717093,436.23642854286527,18016528
2018-01-15,434.36822509765625,439.10902251367736,427.91987744490405,433.9061855543227,10649250
2018-01-16,451.1217956542969,455.92291656664565,434.4083823813349,434.4083823813349,22646966
2018-01-17,462.8734436035156,466.77059350366574,451.18209199022294,451.92534742654897,26154088
2018-01-18,463.114501953125,468.0160644435227,454.8381526533535,460.0209310300058,13204970
2018-01-19,459.398193359375,461.18607712786235,456.40506357221875,460.02094875897046,5988278
2018-01-22,462.02972412109375,464.8219710972646,454.7979545261549,454.8582290814947,9650214
2018-01-23,472.9175720214844,477.29682033325787,464.0385753240007,464.0385753240007,15403796
2018-01-24,476.4129943847656,490.5752117574663,469.06067468448356,471.9935790344193,20604718
2018-01-25,472.234619140625,475.44873933345747,466.9513992649403,474.8862584909954,13548914
2018-01-29,475.2477722167969,480.61132452503875,468.1365031299689,468.6789250508119,10823002
2018-01-30,470.3262023925781,475.3281569755218,467.1321412481192,473.64076360969415,8628312
2018-01-31,462.1302185058594,468.699066834566,458.8759316226415,465.7059370254666,9213698
2018-02-01,459.8602600097656,465.203754717699,449.39431002933634,458.8960140944924,13005454
2018-02-02,459.31781005859375,467.21250166713526,454.0345908011398,456.1036902418706,10244486
2018-02-05,457.2889099121094,463.9783070663418,456.34477195734405,458.01210653986743,9860220
2018-02-06,445.05523681640625,453.3315870875068,439.9930069646524,441.9214497901091,10552078
2018-02-07,445.5775146484375,451.905313707757,443.36780704042116,448.36976191749824,8342056
2018-02-08,455.70196533203125,460.583420041593,448.59074422971304,451.10177555730854,8807244
2018-02-09,445.61761474609375,450.09730385431885,444.35204531464734,449.1732248298153,4382690
2018-02-12,443.0664367675781,450.2178239403375,441.0576118802452,447.8876164971771,6291972
2018-02-14,441.0375671386719,448.89209318977504,438.0042215072126,444.35212867717706,8345712
2018-02-15,447.74700927734375,453.8739258645799,443.14681939157293,443.14681939157293,7986736
2018-02-16,453.2110900878906,458.67508502931594,449.2134983629217,451.98568705222584,9889222
2018-02-19,454.6974792480469,456.4049802746024,450.0972902174617,453.3515764828882,6461840
2018-02-20,456.7867126464844,461.828883185164,443.4481338108958,443.4481338108958,7188594
2018-02-21,460.98529052734375,462.7932334968695,458.01221894651644,461.02545722905927,13771358
2018-02-22,466.3487854003906,467.6545218230064,458.19293520477163,460.2419762105141,17859974
2018-02-23,464.2996520996094,468.4579093247816,460.7239344066838,467.4534969977559,9459828
2018-02-26,457.4496765136719,464.0587410179921,455.7421750497072,462.43157294666224,5083608
2018-02-27,462.1101379394531,463.49625677924627,452.2468354511356,460.0008714404324,6616026
2018-02-28,471.1095886230469,477.8994263470755,459.0365808388264,461.0654644879675,17268416
2018-03-01,466.3487854003906,469.90439631171955,464.4605092681959,469.90439631171955,6579852
2018-03-05,464.400146484375,470.3864544473141,459.31780971922143,466.34869681310846,8101456
2018-03-06,462.57220458984375,468.2170234536417,459.45852529024864,467.07200281025,6689734
2018-03-07,459.6593933105469,466.0474675450978,457.228744134416,464.0386422539551,6370416
2018-03-08,464.7015380859375,468.3776979692114,461.6280257558697,461.6280257558697,6093014
2018-03-09,467.4134521484375,468.458031432108,464.2596064282159,466.9915792436939,4220964
2018-03-12,476.39288330078125,478.84364016980857,470.7681728928446,472.4756742666825,7676970
2018-03-13,475.60943603515625,480.91271452273685,472.13415890762514,474.1630427716524,8581052
2018-03-14,474.40423583984375,478.3415042786793,469.7035548809983,474.0828041517964,4429710
2018-03-15,475.0871887207031,477.4576124097183,470.868655543902,474.08277605956,6101500
2018-03-16,470.82843017578125,475.04696282690696,469.7637430789239,474.8862470124336,17954826
2018-03-19,460.72406005859375,474.283630171502,459.07683320174243,467.6545070051913,7526620
2018-03-20,467.8753967285156,470.06499611006046,461.467216287025,461.467216287025,8553766
2018-03-21,469.0606994628906,472.2748198874757,466.93132506416873,470.06511209557345,7692994
2018-03-22,466.5696716308594,473.05813655514623,464.1590818503715,467.85529989635637,6813168
2018-03-23,469.10076904296875,471.59174128247514,458.9562035530707,460.8244204718066,12008084
2018-03-26,464.1390686035156,468.8196411901862,459.61921184368913,468.8196411901862,8930722
2018-03-27,463.63677978515625,466.56968371145285,462.0698865785536,466.04736962806,3802088
2018-03-28,454.7175598144531,462.3309854936621,452.4877448726804,462.3309854936621,12558322
2018-04-02,456.8670959472656,461.84899193469,450.4991302775524,458.41388144403544,8072702
2018-04-03,458.19281005859375,459.4383206179249,453.23102281658356,455.8826616341673,4077168
2018-04-04,451.6641845703125,459.84014139565767,449.97679122066626,459.6191510325377,4813302
2018-04-05,461.04541015625,462.5520287911858,453.6328170462207,457.8312904017203,7763544
2018-04-06,452.7891540527344,460.4226890367645,450.82049574813715,459.2173940392861,5937742
2018-04-09,446.4613037109375,452.30700339045376,444.57302805057924,451.98557181084783,7202882
2018-04-10,447.3251037597656,451.7846848823037,444.11098416967366,446.76262302278496,8926058
2018-04-11,451.68426513671875,454.5970611538334,448.57058663566505,449.1732340874819,9025574
2018-04-12,467.0919494628906,471.16987376206407,451.98559623306085,453.7734307518412,17044366
2018-04-13,470.6476135253906,476.4531474962609,462.1302147104293,471.67213394483286,21227038
2018-04-16,455.28009033203125,458.01211202116866,442.74504162046304,442.74504162046304,24745084
2018-04-17,452.06597900390625,452.94989147037404,447.9679954344052,452.78917565432704,10397940
2018-04-18,452.3672180175781,455.9027691339084,447.50587201530305,451.1217565028159,10430380
2018-04-19,455.1394348144531,457.93173077202874,451.2222263710794,451.5838246514905,8525542
2018-04-20,473.46002197265625,479.5869392234933,456.786771749067,457.61040975104055,24272692
2018-04-23,477.17633056640625,487.90348683427544,464.1390743031755,469.26157869388356,21830638
2018-04-24,463.83770751953125,480.67167137334775,462.0699316535731,476.0915404163227,8526216
2018-04-25,466.1880798339844,470.466887552552,460.1013293366068,462.8333513753543,11594178
2018-04-26,472.6563720703125,474.74557930832884,466.0473580328796,471.6720675263798,11302084
2018-04-27,476.171875,478.74318089844917,471.75245984577134,474.0827165445242,7663370
2018-04-30,481.9170837402344,485.31197813498,474.3438238294802,474.7656476237827,5511678
2018-05-02,480.9327392578125,482.7607403018786,474.48439237733874,481.67599458533704,10295042
2018-05-03,475.10723876953125,484.0062946293508,472.5158249930118,481.013164880851,5332230
2018-05-04,471.3105163574219,476.49329471744903,464.038579594143,476.0915297134714,6023368
2018-05-07,475.28814697265625,478.10050287190273,472.27490850917786,474.5850579978446,4638960
2018-05-08,468.2773132324219,473.23910221066734,466.46937035458103,473.23910221066734,5718556
2018-05-09,470.3463134765625,472.83728615476963,467.252742280958,469.06068496390236,3783504
2018-05-10,469.26153564453125,475.28801084544557,467.1924360168345,472.47565575168557,3182862
2018-05-11,474.3840637207031,475.36836843620716,468.4781373405126,470.98916880208736,3311706
2018-05-14,477.8191833496094,478.7030468232468,470.0650984332343,475.83041696854906,4432094
2018-05-15,479.9284362792969,485.3321563162123,477.33702240924026,477.33702240924026,5611974
2018-05-16,478.08013916015625,481.31436633097627,475.89053999919986,476.9953935112284,6205004
2018-05-17,475.2477722167969,481.09342285070665,471.49127971887907,480.5108832868935,9519598
2018-05-18,475.3683166503906,476.7142686020356,471.27033336896125,475.2879832698049,7139660
2018-05-21,473.8817138671875,477.45743139393255,470.06494720187317,473.9018217302218,8475320
2018-05-22,479.64715576171875,481.31449039107184,471.6319632895837,472.0738949995905,5636804
2018-05-23,476.0514831542969,485.1916393013235,474.6854719873415,480.10930090975296,9538442
2018-05-24,490.5551452636719,493.18672606167763,481.3145487517436,481.3145487517436,9740570
2018-05-25,493.4879150390625,501.66382208439825,490.474677869265,494.2110625336697,8901438
2018-05-28,487.9034118652344,495.2155150388348,484.52857615296585,494.5727008659212,5739794
2018-05-29,488.8274230957031,492.7848473151322,484.6088908786505,487.76278515197436,3388934
2018-05-30,486.8186340332031,493.6687469449679,484.3678773260579,488.9480081644158,6323066
2018-05-31,494.89422607421875,498.99221011473105,486.23616931670955,486.8187090428064,19720340
2018-06-01,490.47479248046875,500.6996933818455,489.02839906612246,494.3317271503601,4998356
2018-06-04,497.94757080078125,499.3939150501346,486.939199550091,490.5952513881618,4270156
2018-06-05,490.4948425292969,498.99218299038625,488.94805692375206,498.99218299038625,4710862
2018-06-06,497.1641845703125,498.81146065287066,490.17351132963614,492.24256228149284,4038184
2018-06-07,503.1904602050781,505.4202751540682,497.38497666195263,497.38497666195263,6676226
2018-06-08,506.2440185546875,507.0274407037946,500.6193084359449,501.402730585052,6459878
2018-06-11,507.1881103515625,510.2415143293854,504.23514761671777,508.45367982180323,5171290
2018-06-12,505.62127685546875,510.7437808522167,502.38704883224636,508.5340732457764,7839820
2018-06-13,512.170166015625,515.8663852959477,508.95604523496485,508.95604523496485,5766928
2018-06-14,510.276611328125,515.7510842762757,507.971588598382,515.7510842762757,7598848
2018-06-15,527.379150390625,531.59818359375,508.34204935213415,509.1652753429878,19957760
2018-06-18,521.67822265625,531.49518070769,519.5995573207325,528.5109870502799,8214846
2018-06-19,511.0587463378906,520.0319308121805,509.59755017639515,519.8672755451256,7545700
2018-06-20,511.69647216796875,515.4832899022039,509.5766561582343,513.898590640998,5371802
2018-06-21,513.0961303710938,517.1916590251336,508.7535937565182,512.8491224105582,5798790
2018-06-22,513.6311645507812,516.7800133911971,510.89392862425717,511.63485196754925,4343118
2018-06-25,523.7569580078125,526.3707408355199,516.1627180203974,517.4593090597858,7731178
2018-06-26,525.9796142578125,528.4698927800615,521.2049139403564,522.3368495876109,4483504
2018-06-27,522.7484741210938,532.4007782103157,520.9373669962538,528.4904549787012,6952142
2018-06-28,530.8160400390625,534.2735988015603,525.3210173116266,525.3416180570181,10996818
2018-06-29,538.0604248046875,541.2710258930641,528.2023148116156,534.2942065321225,9966600
2018-07-02,549.3799438476562,551.5615132146354,540.8595734059932,540.8595734059932,4830144
2018-07-03,557.2210693359375,558.9292732449119,548.16558381395,548.2273358098357,8127452
2018-07-04,553.7017822265625,556.7683291947839,551.0880497506091,556.5213714462822,5025722
2018-07-05,528.5111083984375,554.5456314562265,521.9664514462269,554.483879455165,17019902
2018-07-06,528.6139526367188,535.8583308035804,522.3368548927359,531.0836304376301,11215356
2018-07-09,534.6234741210938,536.3316779257191,526.4735677965934,533.8620002069514,6644998
2018-07-10,535.6732177734375,541.4563508106658,532.7507752523961,538.595660294479,5974488
2018-07-11,543.5143432617188,552.4257743921196,531.536415506497,542.3207058076921,11899832
2018-07-12,532.7713012695312,546.2516276462352,528.6963223309389,545.8400146270992,13272240
2018-07-13,542.2589111328125,548.1037949326475,534.4176643261256,541.2710300022952,19496158
2018-07-16,548.6182250976562,569.8368894708545,530.0338932442011,542.2588261067584,35344680
2018-07-17,546.5808715820312,555.4717016632505,540.3243243058224,547.321744778794,11161690
2018-07-18,544.3787841796875,552.9609050375756,540.8594729900234,551.4791083114059,6919016
2018-07-19,541.9708251953125,548.2273730373365,538.8425763971646,544.5640072328076,5118864
2018-07-20,554.8953247070312,562.7365703279821,543.8641294472454,545.7986899241056,11705738
2018-07-23,558.1266479492188,563.0866048814443,550.0178916468055,556.5625486386524,7675702
2018-07-24,566.852783203125,569.0137511870471,558.1471592758943,565.7208475924991,6172246
2018-07-25,569.5695190429688,573.7062500112748,562.0369806440542,567.614357188982,6936922
2018-07-26,565.2474975585938,572.3066698747181,563.5804449716011,567.4290663458037,7362218
2018-07-27,565.329833984375,571.7304359975406,563.2100673088264,565.2269307381551,6493232
2018-07-30,556.0890502929688,565.144534457621,554.8542115432434,563.9096957078958,6409970
2018-07-31,561.8928833007812,563.9097970034425,549.7297495785443,555.0807184552193,7943996
2018-08-01,557.3446655273438,563.2718531983975,556.0892256376405,561.3578927293919,4675706
2018-08-02,557.1799926757812,562.5721133638335,555.7393470589725,559.6290701260635,5940742
2018-08-03,561.4813232421875,562.345700554607,558.1472677538659,562.345700554607,3970390
2018-08-06,560.06103515625,565.9676695125665,554.6483161223152,562.2837545983866,6178930
2018-08-07,563.06591796875,568.0052733960715,560.0611735645624,565.5561964283133,7351528
2018-08-08,560.9256591796875,564.9388862404118,557.0359361268165,564.6507772163959,3992358
2018-08-09,568.0052490234375,571.9155719022783,565.4121176827958,565.4121176827958,6409524
2018-08-10,570.2691040039062,571.7303499786689,565.1651439558908,570.4132087235135,4779520
2018-08-13,579.8597412109375,580.3125054051523,567.4907520099773,572.1419984264086,9979746
2018-08-14,579.674560546875,586.3632712493456,577.9046046934702,582.0001336099245,6151320
2018-08-16,588.4212036132812,590.6233224381239,580.8886679273469,582.4116154615376,6626774
2018-08-17,588.7506103515625,591.7554051755665,585.7252650261871,588.9770175867212,6390408
2018-08-20,569.7753295898438,579.5305381794903,565.3504895731627,571.318878432872,16101876
2018-08-21,569.65185546875,574.6118127761787,565.4534224937503,572.142134497771,8361482
2018-08-23,575.18798828125,576.8755914500466,570.2280317741315,573.3768811201677,7717182
2018-08-24,567.3262329101562,577.0402899163395,566.420654138917,574.817569608771,7053000
2018-08-27,582.5970458984375,584.4698548870152,568.6022040029479,569.2607747488844,7012950
2018-08-28,586.4249877929688,592.0641157210664,580.9917165989413,583.3378904677884,6496890
2018-08-29,580.41552734375,590.0884336119104,578.3780629302387,590.0884336119104,5646496
2018-08-30,582.9262084960938,585.1283778573205,574.6733994376802,581.5267647375629,11507962
2018-08-31,593.1754760742188,598.6087977467596,584.9432161876965,586.589668165001,10875864
2018-09-03,590.3558349609375,604.2066198725079,588.6064800377484,596.4271255767114,10976328
2018-09-04,606.841064453125,616.184659431043,589.4298144991673,594.3691704865905,15370124
2018-09-05,600.8726196289062,612.5212362596042,597.1681029856842,610.7924819243897,8658978
2018-09-06,598.6087036132812,605.4826194392874,596.0978245461557,603.054093105513,5598659
2018-09-07,603.2600708007812,605.1946822664489,595.8510359650152,604.5360611955721,6510605
2018-09-10,601.6546630859375,614.9497822242837,600.4610256597255,607.334942216821,5629871
2018-09-11,604.4949340820312,613.0976571451655,602.6015240419754,605.812126030657,6963561
2018-09-12,611.5746459960938,614.5382396455902,606.1001727248035,612.8094850576723,4636617
2018-09-14,604.0009155273438,613.3033591130678,600.1728945970051,610.7513786566598,7896514
2018-09-17,597.6209106445312,609.187225622406,596.5095254233248,605.0710957195519,5427054
2018-09-18,591.981689453125,600.9548713287874,590.2529352640282,600.9548713287874,7729732
2018-09-19,592.5169677734375,598.4853568201307,587.1248470286749,598.4853568201307,4849498
2018-09-21,580.6212158203125,590.5822793337178,569.6723214258672,587.6597871991902,14350769
2018-09-24,591.2821044921875,600.913859229894,581.6091985015391,581.6091985015391,8637881
2018-09-25,597.8265991210938,605.894202088895,590.2529115458393,591.2819438184088,9602273
2018-09-26,590.9526977539062,602.4778604618964,586.1368462920706,601.9427937693157,6599606
2018-09-27,596.6741333007812,601.6134887920886,590.6234429222187,594.3691107873157,14592616
2018-09-28,600.99609375,604.7006105188461,588.7712085110974,593.5459089640209,7490031
2018-10-01,614.6616821289062,621.4532962878195,603.4246276949598,607.1291445089124,8252398
2018-10-03,599.7200317382812,619.0246879703525,597.9089248190975,612.3153771944166,7792464
2018-10-04,582.1854858398438,600.7492236400756,578.3163132677671,599.7201910541899,6173037
2018-10-05,596.5095825195312,602.1898624274608,583.9142338603519,586.9601803291586,8543578
2018-10-08,588.1537475585938,599.884716499051,583.8729628785459,596.8799219002245,7259306
2018-10-09,590.8704223632812,594.6984431080207,578.4397306849279,590.3353054004341,6777212
2018-10-10,576.6286010742188,592.6403551385501,572.4713202608083,592.6403551385501,8866251
2018-10-11,554.3191528320312,570.4132597558504,546.0457423896785,563.9097548931007,10985897
2018-10-12,558.8057250976562,563.1276610280049,544.5639272239371,556.8300131055008,8909221
2018-10-15,575.2703247070312,580.3743360090222,561.0285248087214,566.8734093709465,6222176
2018-10-16,572.3478393554688,587.7010233573607,567.5319876663015,584.490422067433,11588963
2018-10-17,580.662353515625,594.2044292710834,577.3694500004118,584.4903739503485,20360697
2018-10-19,562.716064453125,566.1324721005097,558.1471706715511,565.5562039105539,10421001
2018-10-22,559.7525024414062,572.1831943588867,554.6896426810639,566.9557296028627,6672840
2018-10-23,541.3533935546875,561.4401279065256,537.8135318296422,556.4596206919841,9041701
2018-10-24,534.9321899414062,548.680072781936,532.7506714123623,545.7987820771547,7058164
2018-10-25,539.8836669921875,546.2082954135933,529.4812841985037,535.098570907093,8270469
2018-10-26,527.2760009765625,539.8421108739105,524.1969360572328,537.0126422101663,5464141
2018-10-29,536.554931640625,541.3816273424828,525.5284053215272,527.3592349444077,7137446
2018-10-30,548.9129638671875,552.4081749559871,530.47997038949,533.5174359602586,8793411
2018-10-31,571.2157592773438,576.6665986091341,551.7840745115141,552.4914671348552,11947995
2018-11-01,554.8215942382812,573.9619818696494,548.9130093198185,573.9619818696494,5860244
2018-11-02,551.1181640625,562.3943352901787,549.3289341526961,554.1972791014549,6654067
2018-11-05,554.239013671875,556.4026892038885,546.7492972709038,552.1585368938274,5799426
2018-11-06,554.613525390625,561.7287460149021,549.7868292871493,555.8202121147168,6975525
2018-11-07,562.1448364257812,563.8092178807799,559.2321688795337,560.064359607033,758956
2018-11-09,548.8297119140625,565.0574289456383,545.500949446047,565.0574289456383,9694143
2018-11-12,552.7410278320312,562.8937636991542,551.159845314366,554.2389608107807,7118080
2018-11-13,553.9893798828125,555.6953607230846,546.1667666928787,552.1585501157119,4137808
2018-11-14,543.5870361328125,553.9894210450567,533.0182029033934,553.9894210450567,7323026
2018-11-15,546.25,554.2390104643116,538.1777399893142,544.2527219874771,5513390
2018-11-16,541.6312255859375,551.326266283779,536.097188634064,549.1625910653278,8583785
2018-11-19,542.3386840820312,550.9102380502167,540.2998067282525,548.4136659744604,6018930
2018-11-20,533.7671508789062,545.9171151364327,532.6852623030122,542.3387051805495,5384830
2018-11-21,515.2091674804688,532.6435702805572,509.3838334236389,532.6019709101563,14359086
2018-11-22,516.5823974609375,522.7406292017122,513.253634529252,517.8306835603195,6632975
2018-11-26,517.1650390625,522.6158792367231,499.1896853518657,516.7905430031929,15075209
2018-11-27,531.686767578125,533.4343480893389,520.3689412614881,520.5353895941988,12285851
2018-11-28,554.57177734375,556.485805362187,532.6019275165415,533.3925186612745,17719890
2018-11-29,550.11962890625,561.6455000915321,548.2471999101137,558.3999361810744,13399070
2018-11-30,555.44580078125,559.2322590432756,550.036560180385,550.0781595648887,10445773
2018-12-03,557.8590087890625,565.0574785755532,554.1974002283711,560.1891833556439,8260890
2018-12-04,570.2587280273438,572.7553003499735,558.6496565685367,559.689895036299,7827923
2018-12-05,567.0548706054688,568.9273000348035,559.6483516567183,568.3863556602805,5177288
2018-12-06,556.3194580078125,570.4250998989739,553.0322947316122,562.6440867270965,8039771
2018-12-07,568.2199096679688,570.674882866221,553.9062167018075,559.2322585287649,5553948
2018-12-10,556.9020385742188,569.0520027383362,553.5732757026369,557.4845822353237,5121196
2018-12-11,561.3126831054688,567.470915216519,549.7452109051886,556.9020821143679,7120933
2018-12-12,564.6414184570312,566.4306488695198,558.0670912779577,563.4763311010538,6926183
2018-12-13,580.6610717773438,582.5335008873387,565.889686576272,567.5540680073786,7521474
2018-12-14,587.5681762695312,593.934454820769,577.8731860358398,580.4113572647082,9560576
2018-12-17,577.8733520507812,592.3950418870146,576.500216818068,592.3950418870146,4778465
2018-12-18,563.0601806640625,571.2988885214392,561.3541999683516,571.2988885214392,8021298
2018-12-19,553.281982421875,558.8576704301208,550.1612672075088,558.8576704301208,8295459
2018-12-20,555.11279296875,558.857651096436,546.2499925422932,549.2458587272863,11705260
2018-12-21,537.7616577148438,548.8297842206083,535.4731332165774,548.8297842206083,12802132
2018-12-24,540.0917358398438,548.2471941115137,538.9266486040823,546.7492610890253,8379825
2018-12-26,535.972412109375,538.4273848418065,530.3967242406887,538.4273848418065,6178552
2018-12-27,546.5829467773438,551.950587983787,540.0918682268793,543.2125839523814,15333902
2018-12-28,546.7078247070312,552.1586649713025,543.6703075893502,552.0338160185039,4736598
2018-12-31,548.3721313476562,550.910303099126,545.7507100414315,549.2459215187662,3373319
2019-01-01,553.4484252929688,554.4886636875473,544.3775769679785,550.0364636759074,2943390
2019-01-02,556.7772216796875,560.8965761288266,550.9518863192991,554.2390500026684,7416655
2019-01-03,556.8605346679688,563.3932126062881,551.8257393271973,559.2322583034352,6827249
2019-01-04,550.11962890625,560.8133094265826,541.7561228820855,559.0240791797864,7889310
2019-01-07,558.9825439453125,560.5636759144103,550.4941880302582,553.406855691794,8046340
2019-01-08,557.6092529296875,563.7674831518508,556.3609671381311,561.6870068325901,8621545
2019-01-09,562.6442260742188,574.0452511352715,552.5747368789756,571.0493843247743,18130292
2019-01-10,565.6400756835938,567.5541042931591,559.6898913698144,567.2212076684983,9572493
2019-01-11,568.8024291992188,570.4668108501309,559.6483301192021,566.0562096337932,12281903
2019-01-14,584.1146240234375,591.0217960998827,579.1630796120432,588.3587759229839,19312937
2019-01-15,604.6697998046875,607.4992687709153,588.5253291651422,588.5253291651422,19671304
2019-01-16,613.158203125,613.9903939682188,606.2510292848639,607.4161167825295,9658944
2019-01-17,610.2870483398438,614.9889462569348,606.7502377558221,612.3259257762697,6903771
2019-01-18,608.289794921875,612.6587960437128,604.4200878968061,607.4992036079171,5902151
2019-01-21,619.9820556640625,624.9751997365247,610.8279581978817,614.3231692071829,8129422
2019-01-22,620.2733154296875,623.3108317896097,610.8279713398845,616.861353890585,6723375
2019-01-23,608.872314453125,617.9847615120964,606.8334371850922,617.7767138478662,7212099
2019-01-24,612.5123291015625,615.9430471280681,603.3079088555007,609.2489233127504,7429783
2019-01-25,611.1316528320312,617.4492731148181,606.0274037915924,609.1652743669717,5543112
2019-01-28,609.1233520507812,613.0142803188987,601.6342918886505,611.6754761760828,7944693
2019-01-29,609.0816040039062,613.2235522088587,599.542457248979,607.0733464537813,6760819
2019-01-30,607.4080200195312,614.8552013839228,603.3915052700768,609.0815508077685,5763026
2019-01-31,627.1976318359375,628.6619716045828,607.4918125923049,607.4918125923049,13825233
2019-02-01,633.4732666015625,638.0336484673246,622.9718705362927,628.7036933756472,6276585
2019-02-04,632.510986328125,638.0336175396252,626.9046479333555,633.4314078393394,3945391
2019-02-05,631.6323852539062,635.899919731023,625.0637968404512,625.0637968404512,4694366
2019-02-06,638.7030639648438,641.7572783158081,631.2140029002915,632.2181316644517,5880482
2019-02-07,639.288818359375,643.8492003801566,636.7785219522046,638.4938809493487,3961797
2019-02-08,636.69482421875,646.1920912429433,631.6742317325633,635.9417149169789,5915169
2019-02-11,638.2847290039062,643.2634940667155,635.1050302395278,641.7154982821974,5500216
2019-02-12,627.95068359375,636.2346314519882,620.0432393551623,636.2346314519882,7310690
2019-02-14,619.248291015625,630.0844143317692,616.9053578567023,628.4108833508083,4610535
2019-02-15,620.8380737304688,624.64534593265,613.0142869124298,621.1309211798269,5586389
2019-02-18,620.0850830078125,625.6077661242838,615.8594273147093,621.1728679775052,5346825
2019-02-19,606.069091796875,619.6665278146626,603.558795916668,618.4532079248091,9401334
2019-02-20,619.7921752929688,621.7167256019445,607.5335410955266,608.3284784826564,5210675
2019-02-21,613.7255249023438,617.5327968364409,608.412034557306,617.5327968364409,7202786
2019-02-22,614.980712890625,617.7002003165692,609.1651834114928,612.9306275397231,3750833
2019-02-25,631.6741943359375,634.2681465380559,615.4827538832928,615.4827538832928,6547552
2019-02-26,621.2984008789062,629.7497122330598,619.3320223285393,626.4026501407828,8319610
2019-02-27,615.2317504882812,624.5617049775716,613.1398370218132,623.390213007507,5936354
2019-02-28,614.4368896484375,621.2147207668366,612.7633586669235,618.1186782366133,8559921
2019-03-01,620.79638671875,622.0515350533434,615.4410667289715,615.4410667289715,3998826
2019-03-05,612.9307861328125,621.2984419161955,611.0480635815513,619.6249107595189,4826505
2019-03-06,612.9307861328125,615.9431217859833,608.3285754519518,615.9431217859833,6076668
2019-03-07,604.9396362304688,614.6042676655175,602.9313785757591,614.1858849101291,5951551
2019-03-08,596.0698852539062,604.93963022333,594.647424757402,604.93963022333,7193994
2019-03-11,595.1494140625,601.2159634501318,593.6014184407064,596.8647729852706,9932198
2019-03-12,591.5513916015625,598.2455157278757,590.4217275119787,593.2667506945074,11997387
2019-03-13,592.806640625,601.2997814104332,591.0075740314495,594.1036171804765,11348867
2019-03-14,592.7227783203125,598.2036328037598,590.9237632696264,597.4505234797736,6415187
2019-03-15,601.2578125,605.6090031167811,593.7687514007487,595.7770089383739,14638664
2019-03-18,594.2706909179688,605.5670217958875,590.2123488111614,603.7679560790835,8065544
2019-03-19,604.3536987304688,607.9099510248329,591.9277552601766,596.4462569438749,8917337
2019-03-20,618.3278198242188,621.1309635637127,608.4539980427062,608.5376541562013,13471173
2019-03-22,621.80029296875,624.5197802767061,612.763237667501,623.3901675160884,8883260
2019-03-25,615.2317504882812,621.2146434312226,611.2989429569,621.2146434312226,7644966
2019-03-26,608.9561157226562,615.2318572106947,601.7180734442727,615.2318572106947,9406261
2019-03-27,610.5877075195312,612.7632770769756,608.4539660166329,610.8387269189125,7387487
2019-03-28,617.3655395507812,623.3902610125731,610.8387792472192,610.8387792472192,9277241
2019-04-01,631.8416137695312,635.9417851817856,620.880006059059,620.880006059059,6584982
2019-04-02,635.4396362304688,640.7949039031533,631.4231216358245,635.1049096568802,7283600
2019-04-03,630.3353881835938,634.6865786338706,624.8964128887748,632.5946650589402,6897127
2019-04-04,625.81689453125,630.7537799960257,623.4739104358479,628.7455735783932,7688525
2019-04-05,635.35595703125,636.7366403679755,625.9005182401714,628.327158325293,6276040
2019-04-08,642.00830078125,644.3094058019713,632.0926504844406,638.4938756260898,4919911
2019-04-09,636.4437255859375,646.8196366939584,634.4355193235534,644.309340561899,6730692
2019-04-10,629.8333740234375,641.5480905018834,628.6618819467486,639.2888135380467,7031088
2019-04-11,621.465576171875,629.0382916500834,619.2481277777906,629.0382916500834,8200995
2019-04-12,625.69140625,628.8711049539993,619.7085124614923,621.800426223612,7043212
2019-04-15,608.7469482421875,611.9684752370279,596.279120900889,606.4040148757475,31574803
2019-04-16,605.9017944335938,609.0815437520951,597.5341405893397,609.0815437520951,12524411
2019-04-18,600.0025634765625,604.5629446924694,596.4044828090762,604.5629446924694,13801105
2019-04-22,603.3495483398438,607.2823550665782,598.287129001176,600.0024874782987,6455426
2019-04-23,609.3325805664062,610.8387480869937,601.1322897791119,605.7344995249729,5516668
2019-04-24,616.2359619140625,617.4492821019585,605.8182212377477,609.3326465477484,8285120
2019-04-25,609.6255493164062,617.2401466904853,608.370400954185,616.2360177862848,8005235
2019-04-26,617.5328369140625,619.0390043506515,610.001948659013,611.6754793823573,6895168
2019-04-30,628.7036743164062,630.753759798181,617.5328764517122,617.5328764517122,9920046
2019-05-02,611.5081787109375,626.235281227611,610.420393843801,625.0637891724733,6351352
2019-05-03,605.4834594726562,611.675544234379,600.9649566838215,604.8977645150719,6348116
2019-05-06,601.1322631835938,603.9772348028114,594.6473315558803,598.2872404922709,8858265
2019-05-07,606.2784423828125,609.0816374953386,601.3833845593721,602.805896146254,5747536
2019-05-08,601.9270629882812,607.4915723372898,599.5423024513335,603.3077460815233,6247642
2019-05-09,603.3495483398438,611.0896265821666,598.9565309590658,601.7597250738672,7396525
2019-05-10,599.8352661132812,607.4916900740494,598.2872705274729,603.1404997103372,8352335
2019-05-13,602.2201538085938,607.8683210578096,595.8607052254674,599.5843219967807,6808993
2019-05-14,597.324951171875,600.5883566105133,588.7481059538217,599.5423998766043,10513001
2019-05-15,599.2077026367188,606.822298675734,596.2790236383534,598.2036249806804,6668929
2019-05-16,613.4326171875,616.6960222660521,601.7179030603294,602.4710122544877,6468556
2019-05-17,605.734619140625,615.6920988229107,602.5548691033416,613.4747006962044,8155948
2019-05-20,604.4793701171875,607.8264318541109,590.7563965669585,602.2200932303425,11213708
2019-05-21,593.5177001953125,604.6885491580048,592.1788959566587,604.6885491580048,8645535
2019-05-22,593.894287109375,601.0067935418226,591.5931820871125,594.1034784750352,5795713
2019-05-23,586.614501953125,599.7099037605075,583.6021662821175,598.2873920544857,7233736
2019-05-24,593.43408203125,595.5678237670998,586.1123841626695,588.9155280606531,7016424
2019-05-27,592.5134887695312,597.2830611961118,590.3379194173862,591.9277939169467,10247544
2019-05-28,609.2488403320312,613.7255656670544,593.9360444045432,595.776938417445,23860490
2019-05-29,608.9979858398438,613.8930951818198,605.5254392865977,607.0734351983664,10293077
2019-05-30,613.8092651367188,616.9053074127575,604.6048454940733,608.3284618366561,15089296
2019-05-31,617.3236694335938,621.6748596968862,613.5163971052527,616.2777126910767,8290306
2019-06-03,623.0972900390625,628.3270730714454,610.0018928971359,610.6712949108609,7744761
2019-06-04,615.2736206054688,618.7462176260473,613.4746055445828,616.9053234352841,11733702
2019-06-06,615.5245971679688,623.0973647647118,613.8929455238676,616.2777064437894,7563925
2019-06-07,618.4533081054688,622.5116510791242,615.7338204613928,615.7338204613928,3218358
2019-06-10,630.5028076171875,631.0048464910234,619.2901294284611,619.2901294284611,4435148
2019-06-11,631.6741943359375,635.1049119028819,627.9924063018615,631.7578504435781,5733127
2019-06-12,630.7537841796875,633.3896157684432,623.3902584553085,633.3896157684432,8738342
2019-06-13,630.2022705078125,634.0633255723081,627.953497401044,627.953497401044,4808577
2019-06-14,628.3353881835938,632.6207362663894,626.4684889988758,631.2205489294588,5556353
2019-06-17,628.4202270507812,631.7721514433449,626.0866160145566,630.4992726963133,3085588
2019-06-18,636.566650390625,638.51838734678,628.1232114306342,628.1232114306342,6202838
2019-06-19,638.0516357421875,641.0216858187757,635.2512613779825,638.5607664664632,4596253
2019-06-20,640.597412109375,642.2945836324693,624.474282639979,626.0865645107799,7148684
2019-06-21,636.6090698242188,640.6822712562738,634.0208935242146,640.6822712562738,13200318
2019-06-24,632.6206665039062,638.0516359344434,630.2022178725238,638.0516359344434,4758178
2019-06-25,634.8270263671875,637.2031080798614,625.6623099400251,631.3478452492358,3677911
2019-06-26,627.2745361328125,637.6697105656219,626.2562229725195,630.4991513124417,5447130
2019-06-27,619.934326171875,631.9418355785186,617.8977513925992,629.6506436324637,11122346
2019-06-28,621.1648559570312,627.5292499729844,618.1948054162531,624.1349064978094,5919494
2019-07-01,620.5706787109375,625.8319201269878,619.3402191533322,623.7104559909642,3224968
2019-07-02,627.9534912109375,629.3536784966049,619.5524710840672,622.8619764173353,4837606
2019-07-03,620.5706787109375,630.6688687158335,619.4675277189168,628.801969917421,5958379
2019-07-04,622.692138671875,624.8984924346811,618.2794829398206,618.6189379167315,3274064
2019-07-05,609.2844848632812,624.8984812373674,605.4658495124668,623.7104406330246,4926289
2019-07-08,608.9449462890625,615.1820809152168,604.4474534076186,607.9691040206305,7177092
2019-07-09,607.1631469726562,610.8544745282286,601.6897581401851,609.2846114973686,5022638
2019-07-10,608.6481323242188,613.2729350442659,599.5258354647062,601.6472998506393,7573816
2019-07-11,612.2545776367188,613.9517490230992,602.1563871703314,610.514987324391,6252688
2019-07-12,616.709716796875,619.9767513387097,610.642307740821,613.1032272249635,7874441
2019-07-15,661.3452758789062,663.2970645161327,640.0033755899351,647.4709197446603,31064152
2019-07-16,666.012451171875,668.515789290125,658.5024886106847,659.3510742918841,9924322
2019-07-17,673.9043579101562,674.6256350415183,659.1389459352193,665.2063544394952,6754348
2019-07-18,672.6739501953125,677.5957373022892,667.1581426906602,669.5765914175817,6534471
2019-07-19,666.479248046875,674.2013574143724,662.957596576436,669.2795705761014,6812754
2019-07-22,665.6306762695312,672.079907186726,663.6364687011094,666.9459738099845,7107151
2019-07-23,670.4251098632812,682.2628905239953,666.6064742819902,667.8369338835627,10782564
2019-07-24,667.2428588867188,673.5648320787994,664.9516673669207,668.6854647912994,5745146
2019-07-25,674.201416015625,679.0383654193844,668.3886240210227,668.8977547820219,9773568
2019-07-26,667.8370971679688,674.6257843056355,663.7638952440832,672.3345920379585,4941763
2019-07-29,671.6132202148438,676.2804419650602,667.1581449078191,669.9584675992359,6244316
2019-07-30,672.6739501953125,677.0017169046137,669.1522985326085,671.9950919380683,8673253
2019-07-31,673.4801025390625,678.6988738357624,663.2546027964552,671.1040209995045,7350584
2019-08-01,652.4351806640625,669.0250747190742,648.6590152365278,667.3703220274037,10066407
2019-08-02,658.1630859375,661.812046091557,646.8344869104138,649.2105166479282,10838336
2019-08-05,659.0966186523438,666.9036185775585,652.265513140369,655.6173857041751,9976238
2019-08-06,657.1873168945312,665.0367359473511,653.2413720046048,660.8786445965376,9331718
2019-08-07,658.58740234375,664.8245388953432,655.4052056726001,660.9634839597277,5130457
2019-08-08,669.3219604492188,672.7163031963463,662.9575677983546,664.1880274029003,8009009
2019-08-09,670.2554321289062,676.1106945056844,665.970084461571,672.0799122039562,4362520
2019-08-13,648.9558715820312,666.9883165262851,645.052398335051,665.4184538015024,7517099
2019-08-14,657.4841918945312,660.4118229266736,651.7138194766275,657.7387572465522,5940968
2019-08-16,657.2720947265625,661.9393164397753,647.0466466045092,661.8968975101864,5128088
2019-08-19,659.9026489257812,664.4425614185617,656.2536892098371,658.1630069150629,3881451
2019-08-20,672.7164306640625,677.1715063638245,665.1639959032285,666.3096178735949,8435344
2019-08-21,678.40185546875,682.0507636590065,672.9284672865844,672.9284672865844,5926896
2019-08-22,675.2196044921875,679.9716633614776,672.3768115204302,678.7836745409336,5222488
2019-08-23,680.7354736328125,687.3120129501576,675.3045043178382,675.8561057522016,6895015
2019-08-26,681.0325317382812,684.639021432272,667.7521948824325,675.3894671755893,5412074
2019-08-27,665.8428344726562,674.5832574048105,662.830313602603,671.231333308338,16061642
2019-08-28,680.989990234375,683.1114543784073,667.2428922223339,668.1763675218431,5881134
2019-08-29,684.766357421875,687.0999684937179,675.0500391458512,675.0500391458512,7830413
2019-08-30,691.5125732421875,693.5915669695459,680.5657959563854,687.3544822003394,8174186
2019-09-03,690.9609985351562,697.8769936315351,689.0940993870324,691.5974378951825,5647088
2019-09-04,696.943603515625,697.9194980379439,687.5667394882306,687.9910324468781,6199015
2019-09-05,707.7630004882812,710.6906319577463,701.4834964283182,704.4110761042145,7926895
2019-09-06,712.9393310546875,718.7521226634066,708.6115126992303,715.612345062835,6106841
2019-09-09,703.5623779296875,713.0665480578456,702.2470804631638,710.0964981298937,4377870
2019-09-11,695.9252319335938,703.0957926945771,690.8761875822362,697.792131154437,7981036
2019-09-12,692.7854614257812,695.7130409738332,688.0757688445153,692.7854614257812,4400017
2019-09-13,703.7321166992188,705.2171416869812,693.7188157118758,694.2279464188271,4832021
2019-09-16,702.3743286132812,711.0723312254709,696.3069207078437,706.06565534591,4846496
2019-09-17,705.3868408203125,708.5690370946899,696.3069637587107,705.5989872386043,5540901
2019-09-18,704.1988525390625,706.8294993976851,699.2346466992177,704.2413232607271,3199389
2019-09-19,696.434326171875,701.7804059674489,691.7671046086091,699.955925911656,6601607
2019-09-20,683.1114501953125,708.5690197678086,680.5656932380629,698.3011540909916,22462366
2019-09-23,648.616455078125,684.723817825331,629.5657476654427,684.723817825331,17279260
2019-09-24,673.8195190429688,677.723044653769,649.1681128295278,649.1681128295278,13717998
2019-09-25,672.6315307617188,679.7172012180388,663.2970872992987,668.4310208449167,9313576
2019-09-26,664.0607299804688,676.3228037190304,660.2845132521836,668.4733859845247,18442824
2019-09-27,663.7637329101562,673.9891800517574,661.9816718962064,667.8793527633977,5087642
2019-09-30,683.6630249023438,685.6571803902643,665.4184340875038,666.2245489909892,8178091
2019-10-01,673.3952026367188,685.2754029794016,671.6980311591926,684.8086911817946,5881438
2019-10-03,666.6489868164062,677.0441629140253,665.4185788356234,672.5466685121362,5497672
2019-10-04,673.310302734375,676.8319021495865,667.8793337893327,670.3826718467125,8201713
2019-10-07,670.0008544921875,680.5657572166701,667.0732233574182,674.4983485140839,3679845
2019-10-09,664.9942016601562,675.3893764404133,660.8785299567345,675.0075025183448,6335025
2019-10-10,664.4850463867188,674.3710908715716,659.0116580623488,666.4792539309641,10402917
2019-10-11,691.4276733398438,699.0649452510944,659.0116866467115,663.1697776269294,20636344
2019-10-14,667.0732421875,676.322847646897,661.8968897924462,667.6248436464193,15150858
2019-10-15,651.9682006835938,658.459900191164,649.1678790151788,656.0414005461562,13762133
2019-10-16,654.6414794921875,658.4601153222486,646.2404599486277,649.3802375453906,10767032
2019-10-17,652.9867553710938,653.8777600781892,649.2529572350414,650.8652909286926,9860495
2019-10-18,651.5866088867188,656.635704934232,644.9252308382512,648.1498466337287,10037200
2019-10-22,546.1073608398438,586.4576037644675,541.6947044858973,586.4576037644675,90152532
2019-10-23,559.039306640625,564.2379159688392,528.5353162771628,541.3384205346815,60516887
2019-10-24,545.9354248046875,561.2733766422223,543.0569005033251,558.5237109606983,25666433
2019-10-25,547.739990234375,560.6719535395555,546.494042070739,555.94598304995,16549337
2019-10-27,557.53564453125,560.6719915926974,554.7000725341384,559.4689962263973,2945281
2019-10-29,559.0823364257812,561.7460443000869,555.945989540583,559.3830590276964,16709764
2019-10-30,567.6319580078125,576.9120868141313,563.8512133510844,567.4601465040402,22879467
2019-10-31,589.1137084960938,597.5775238538986,572.3579941951182,574.3343511716492,27405901
2019-11-01,591.0899658203125,596.3314750987396,586.5358074114204,592.8944060779976,9713519
2019-11-04,609.220458984375,629.41323865452,582.7120862253882,585.8483801111054,29381982
2019-11-05,598.135986328125,609.0057393741744,594.1833774634802,609.0057393741744,12897805
2019-11-06,612.0560913085938,619.9613610094597,594.6129754934803,597.8781807657579,21372589
2019-11-07,618.75830078125,622.4101864464044,611.8841630586064,616.094593391929,13733737
2019-11-08,608.4901123046875,622.3242937840934,606.213033157995,620.3909425089616,8585630
2019-11-11,605.2678833007812,607.6738211570838,599.7685518187939,600.5419133365931,6951494
2019-11-13,594.054443359375,601.487126688807,590.961101971753,598.4796910553631,9973690
2019-11-14,606.0411987304688,609.9079014690028,598.3507461280597,598.3507461280597,10539902
2019-11-15,604.8383178710938,612.6146770181326,603.4634586228076,609.2635133237978,7362623
2019-11-18,605.9552612304688,610.0797334463563,600.8855635940487,605.7833972953256,7490916
2019-11-19,612.5287475585938,613.5169260507491,605.7835194198573,609.9939506748842,6495885
2019-11-20,612.6575317382812,614.37606618916,605.7833939347662,612.4856678040915,6142171
2019-11-21,612.8723754882812,619.9183775357486,610.5093905144392,614.8057268305155,9692973
2019-11-22,595.6441650390625,611.7983814765877,588.684067715065,611.583564629159,14415826
2019-11-25,599.8544311523438,605.9123070688149,595.6440532005981,595.7729118175491,7334511
2019-11-26,593.4100341796875,607.7168570958895,589.4574251930437,605.783505482647,27253106
2019-11-27,597.835205078125,599.4678338747251,592.9803240083766,596.5463041688656,3861635
2019-11-28,603.0767211914062,604.3656221150429,596.374446877598,600.713736164739,4837683
2019-11-29,598.3508911132812,603.4635431288376,594.2264176818877,602.2606001193406,4262379
2019-12-02,595.2144775390625,604.9241876760091,593.1522150119612,604.1508261169674,9383736
2019-12-03,600.0692749023438,601.229317180045,591.6484661752517,595.2144463113347,5239013
2019-12-04,609.0916137695312,610.5094258140188,595.7729704196124,598.909317089896,7427886
2019-12-05,614.2472534179688,615.1495261054678,604.7523595466082,607.0294390366008,4814422
2019-12-06,614.4620361328125,618.6724669555772,609.736065899124,615.192444818055,5226096
2019-12-09,616.3093872070312,620.6916288635526,613.7315856571935,615.2353032279321,6435865
2019-12-10,613.9894409179688,617.3835572541892,610.0797851781132,612.6575870873165,4457939
2019-12-11,619.57470703125,620.9925191250638,612.6576154108757,615.7509568667211,6043554
2019-12-12,603.29150390625,619.2739059231227,601.1003829490404,617.3835075195558,11112042
2019-12-13,611.1968383789062,612.5716975675551,601.7878506718857,601.7878506718857,10302412
2019-12-16,613.5169677734375,618.8444365261212,610.2517619074455,612.0562025991579,5616324
2019-12-17,627.0073852539062,628.3392391349352,614.3761449319367,618.4147118982148,10525565
2019-12-18,629.370361328125,633.5377868671818,621.035457804496,628.1244132204588,12215295
2019-12-19,627.9954833984375,632.3777780829872,622.625062789073,630.2725627150136,7199210
2019-12-20,628.5969848632812,631.5614675469924,625.7614132531935,628.1243983358523,7794167
2019-12-23,632.4207153320312,633.537752302075,628.6829236584776,629.1125572966108,4975608
2019-12-24,630.1866455078125,633.2370338693783,625.8043509029251,633.2370338693783,2890759
2019-12-26,626.3628540039062,631.1747294845583,624.3005916861929,628.9836085504312,3821806
2019-12-27,633.2371826171875,633.709769244129,626.2770845317335,627.0504462452924,3399094
2019-12-30,629.7570190429688,634.0963083767983,624.9021378668292,632.5066324199013,5368416
2019-12-31,628.25341796875,633.924562168873,623.3555830074495,627.0074696753148,6927885
2020-01-01,633.1511840820312,635.8578974615967,629.4563446264264,631.561560316586,2112415
2020-01-02,631.3037109375,636.5452206149837,628.0385056083046,634.9126441731436,5658200
2020-01-03,641.0133666992188,642.7319011943908,630.6162539816314,630.6162539816314,7882938
2020-01-06,634.86962890625,647.7156856371781,632.8503717126638,641.0993168830549,6519403
2020-01-07,625.460693359375,638.091880808106,623.0547029448412,634.1392721765393,7899363
2020-01-08,617.1258544921875,626.4059318828291,608.6190862908794,622.9259094170285,8639443
2020-01-09,625.159912109375,628.5540284252443,613.7746204119936,620.1332193947744,13521186
2020-01-10,634.2681884765625,638.3497082159341,627.6947725496843,636.244492808629,9341405
2020-01-13,664.6862182617188,668.0803346309402,648.7468201239355,653.0431566810477,36952038
2020-01-14,666.4907836914062,667.607820828844,659.2299636297804,661.5929489936188,11414418
2020-01-15,659.5306396484375,664.944013428589,654.8906274563863,664.944013428589,6047430
2020-01-16,659.0579833984375,663.7839532924289,653.2579294376299,662.2372827253157,5740586
2020-01-17,659.7885131835938,664.1278559116711,654.9766362764015,662.2374569675866,3762957
2020-01-20,660.3040771484375,665.4167289240578,655.578106211322,663.0107381269263,3887680
2020-01-21,655.1912841796875,662.0654222432121,653.6875664782915,660.3039348535362,4448374
2020-01-22,661.8076782226562,668.5099526054332,658.1987451102337,660.3039604629397,9733935
2020-01-23,673.96630859375,674.95448700041,667.3929449935188,667.7366204578454,12528017
2020-01-24,672.5914916992188,675.8137441346989,664.7291747784413,666.5766204863226,7540490
2020-01-27,668.595947265625,674.3530493717882,665.4166998215759,669.4122617899837,3741610
2020-01-28,668.5099487304688,671.7751539292527,663.354345012753,671.0877505893266,5121009
2020-01-29,678.5634155273438,681.2271232506934,673.8803981274411,675.8996553584789,6832757
2020-01-30,670.8300170898438,678.5634230837039,668.5099848025825,678.5634230837039,3859680
2020-01-31,666.7484130859375,674.4818181034922,663.0105691934805,670.7010213389284,6092028
2020-02-03,659.4017333984375,679.6374674069847,656.9098373016258,671.9470147414929,6416745
2020-02-04,676.9736938476562,678.7352336975645,661.7216998917521,661.7216998917521,5771311
2020-02-05,674.13818359375,675.3841317304477,665.4166515278996,671.0877950146051,6310409
2020-02-06,662.7957153320312,676.0714036923882,661.6357256224542,673.966188621761,7341622
2020-02-07,667.9085693359375,669.2404233762667,662.4951949634727,666.7485792723816,2853344
2020-02-10,664.3854370117188,668.5099092532279,661.4209545599899,665.0728403110519,3827682
2020-02-11,664.6862182617188,669.4551413510103,660.948426435237,669.3692355980739,4312817
2020-02-12,671.1307373046875,673.021135918938,666.0180862043903,666.6195838242222,2948825
2020-02-13,680.7545166015625,682.2582343725347,672.1188907487963,674.5248286932491,4387430
2020-02-14,675.770751953125,686.7264095965432,674.1810760434396,682.6878429565338,5321680
2020-02-17,678.3485717773438,681.7856409332788,673.0640569718882,679.0789279947746,2929629
2020-02-18,685.39453125,686.597473912175,673.3647899551901,674.5247797446999,5083346
2020-02-19,687.800537109375,691.5812818518593,684.1056981207253,687.4138563260885,3985192
2020-02-20,684.836181640625,692.6554947313356,682.1294681000963,690.2066033912572,4564569
2020-02-24,683.8477783203125,697.381236684265,680.6685316451869,687.4996639105854,6627536
2020-02-25,686.0390625,692.5694732797665,683.4612604902738,686.5546019237387,6996695
2020-02-26,672.5914916992188,688.659800999916,670.6581402379306,682.2152961289557,8760569
2020-02-27,668.381103515625,670.8729998695887,663.5262743370657,668.5100145994749,5223386
2020-02-28,628.7258911132812,650.2934792695119,620.4339407268166,644.4504721445045,14123957
2020-03-02,636.7601318359375,658.1129593855362,630.4874899547933,633.280109160726,9821523
2020-03-03,641.8727416992188,652.1839504012142,636.9319541961793,648.7468808338824,7826587
2020-03-04,651.968994140625,654.331978962881,640.6266565046947,647.801569159577,11013444
2020-03-05,648.4031372070312,664.686264377304,645.9542461777803,656.2654546302358,7755293
2020-03-06,634.9556884765625,639.2949785813231,626.491872682601,636.7171762483339,9216022
2020-03-09,605.310791015625,623.6990776734783,598.9092398708025,622.5390879288327,10308654
2020-03-11,589.4574584960938,598.0071799356881,574.892865031029,593.4530730340792,16165009
2020-03-12,542.3695678710938,575.7091309346221,539.1902681514557,573.9905962154143,13965574
2020-03-13,551.9503173828125,573.1312768534269,489.7823505344128,508.6862307304778,16903113
2020-03-16,501.08172607421875,534.593149376533,498.3750132139041,534.464238308704,19140152
2020-03-17,476.8504333496094,508.68627864387685,472.59704941576393,505.3351149516307,16059887
2020-03-18,459.1064758300781,496.65646470613166,453.6931027073313,488.06379230637157,15390183
2020-03-19,468.7733459472656,479.4712361680773,437.5819480619953,437.5819480619953,16583991
2020-03-20,502.8433837890625,530.5547624440926,470.8786202467126,472.16752157950475,21354894
2020-03-23,452.36126708984375,482.0059880561759,443.2960078341693,464.00432816867755,17146150
2020-03-24,506.7958679199219,516.5485837208066,448.53755261022576,448.53755261022576,20027097
2020-03-25,520.8878173828125,545.6347036910361,486.0874937615732,512.9825481945646,18339548
2020-03-26,552.5089721679688,559.254200694454,525.9575868973951,528.4494834888037,14843813
2020-03-27,560.84375,579.9194936239911,551.8643966613668,571.4556796621503,13495283
2020-03-30,538.5029296875,570.1239618447985,533.6910004261678,537.1280702790377,14624804
2020-03-31,551.219970703125,568.8349502813231,544.5176962795475,558.5237427233535,15175521
2020-04-01,517.9663696289062,547.7829584028392,510.4048271235866,545.0762451595822,13083824
2020-04-03,503.2728576660156,520.7159730053088,500.22246930335444,518.5678047998413,10221655
2020-04-07,549.0718994140625,553.5830535172297,526.6450399936691,528.4494806567268,15145605
2020-04-08,542.7132568359375,563.3786793044334,538.2021030858991,541.3384500046095,11806896
2020-04-09,546.7088623046875,560.9297267407588,543.142881753098,555.7741225382784,11931114
2020-04-13,547.6970825195312,559.9845963166536,537.944365692171,540.479215107455,8330276
2020-04-15,549.1148071289062,561.3593672588752,546.1503241872838,559.7267907088572,11963447
2020-04-16,536.053955078125,545.5489019562737,518.5678841868994,532.7028436318851,17783287
2020-04-17,540.2643432617188,555.0867049655194,537.9013580625622,553.3681702752236,8878320
2020-04-20,561.3593139648438,567.9756826328771,549.0718021216468,549.9310694176118,13322913
2020-04-21,544.088134765625,555.5163808350769,539.4480697711608,539.4480697711608,11660575
2020-04-22,551.520751953125,554.2274652032556,539.6628724890429,544.0881205149975,8266728
2020-04-23,583.7003173828125,587.438161931594,548.2984910416214,555.9889445374286,14451289
2020-04-24,565.3978271484375,580.0053697951296,562.6481615728995,574.46308577243,7319940
2020-04-27,571.069091796875,585.1610981038692,568.0187030227356,568.0187030227356,7183306
2020-04-28,567.718017578125,581.7240665949247,561.1446005741384,578.2869967775249,7296571
2020-04-29,581.3373413085938,586.0203590658929,565.3979417380608,572.2720808473382,8639056
2020-04-30,614.8057861328125,618.6724891902516,599.8545133325081,601.4871422683001,16253821
2020-05-04,578.888427734375,602.5182800042948,576.0098506269107,592.722611176012,9122740
2020-05-05,578.888427734375,589.1136777947754,575.7091280307733,585.8055194551935,6393053
2020-05-06,572.1861572265625,585.54775421405,570.5964811398504,581.6380982067876,7934250
2020-05-07,571.3697509765625,579.446831413283,569.2215829169811,571.8852903326583,4779548
2020-05-08,579.3179931640625,585.0750942552445,574.4201593269222,577.6424115295788,8400321
2020-05-11,586.7936401367188,600.2411414558088,582.5832095321019,586.4499122502353,7370186
2020-05-12,590.8751831054688,593.7537075982532,580.4350643742691,583.0128662885886,7356039
2020-05-13,596.4602661132812,601.4010518361462,587.5238674798121,597.0187582494351,8287101
2020-05-14,565.5269165039062,577.2129333273363,560.7579400034343,566.2572728882986,16888262
2020-05-15,560.5001220703125,571.24096471479,555.6882455437949,571.24096471479,9255353
2020-05-18,570.4675903320312,576.1816864987078,561.1015556379695,566.9875157564253,10435442
2020-05-19,574.506103515625,579.8335713362592,562.8200890569237,570.5534948607593,5902208
2020-05-20,575.3223266601562,578.2868089036671,566.8156130930672,574.4201066153067,5794636
2020-05-21,577.5995483398438,583.8292368989302,571.7565405942183,572.7017137422168,7213225
2020-05-22,594.9136962890625,597.9211318497405,578.7165286047592,580.0054295593355,11867731
2020-05-26,584.7744140625,601.0145887752245,583.4425600918948,595.4723035989442,7099606
2020-05-27,606.170166015625,609.3924185965654,580.0054645692849,589.5003583520194,8774636
2020-05-28,607.845703125,610.0797771052081,592.8944312712586,607.5019752301157,9440091
2020-05-29,601.8361206054688,610.3715571254415,587.8571591161989,603.1425665981,28290128
2020-06-01,609.2827758789062,615.4666513657602,602.271527227805,608.5860154019216,12276438
2020-06-02,616.7295532226562,619.8215177801701,607.5408941598197,610.1102484504172,7059304
2020-06-03,611.0247192382812,620.0392275848711,606.1908801790817,618.9940602630236,11378568
2020-06-04,616.4246826171875,617.9053318367771,607.4973028971929,611.4166403352393,10782424
2020-06-05,612.7666015625,619.8649781519487,610.1972475918731,615.7714374549481,7718679
2020-06-08,627.8342895507812,632.1455713743576,613.1585694852488,616.3376089004659,10719105
2020-06-09,625.003662109375,635.455228720966,622.7827148362952,627.0939966954599,10078029
2020-06-10,623.4795532226562,626.6150554935999,617.6876745639556,622.7392550922599,7263049
2020-06-11,613.1149291992188,621.3455470907938,609.8923527619546,620.1261766033726,8825715
2020-06-12,602.7505493164062,605.4505692704912,588.3361075718079,588.5973861068697,9795316
2020-06-15,598.831298828125,613.5070743997325,596.8280922223429,603.5780633492647,7857344
2020-06-16,610.7199096679688,620.1263093463955,608.9344442687287,611.4166701701821,10131760
2020-06-17,612.8538818359375,618.6457609369482,607.9329136351485,609.587766612253,7291916
2020-06-18,621.7811889648438,624.1327491166638,614.900552454068,616.8166837876505,6670195
2020-06-19,614.5084838867188,620.0391357812214,610.5456093225699,617.5133195573495,22438862
2020-06-22,612.8972778320312,617.2520971243443,609.6747009238366,615.858523055155,7804096
2020-06-23,627.6600952148438,631.0132846424152,602.7940357424677,605.9295373754688,12157390
2020-06-24,621.9989013671875,633.0165629999383,617.8618227695662,624.3940521342314,10220838
2020-06-25,610.1101684570312,614.5520627666145,604.0134215916505,613.8988398881809,14945284
2020-06-26,651.6552124023438,654.6164578202712,618.3843801884879,618.5585836035233,26030458
2020-06-29,637.327880859375,648.6068748286409,635.8907690545501,640.5069205927532,8954428
2020-06-30,640.9859619140625,643.5988538956462,630.7956725540013,638.2424040696302,10411290
2020-07-01,637.45849609375,646.516488707229,635.5859024554995,642.118131668814,5477468
2020-07-02,658.9713134765625,666.6793764486785,640.5069199791261,642.205257180301,17263756
2020-07-03,664.2841796875,665.4164221299212,655.40033724184,657.5777470001185,7796572
2020-07-06,665.4163818359375,674.9969841922141,663.238972209511,666.4615490885051,8810958
2020-07-07,691.6759643554688,694.1146525092771,666.7663662916871,670.1196090176614,19362533
2020-07-08,674.7357177734375,683.6195598405134,672.5583081079491,683.6195598405134,8476642
2020-07-09,680.8324584960938,688.0614478863074,674.9969900150484,679.351809305468,6854166
2020-07-10,680.9630737304688,687.9743753418453,673.6905467519866,673.6905467519866,5206452
2020-07-13,694.2017211914062,701.4307104643391,684.6211189079156,686.3195090355082,10804688
2020-07-14,682.1824340820312,702.3452684310176,680.5275815067354,690.6307940411988,8961822
2020-07-15,723.7275390625,738.969408907299,692.2421695193315,695.9002289139679,30060599
2020-07-16,793.4481811523438,832.2060780362947,778.8595345724297,783.9546525619442,90432109
2020-07-17,786.6110229492188,801.1996674470666,777.0304205924231,793.4480679128025,31682878
2020-07-20,813.7415771484375,823.0609016936783,789.7465318632198,791.2707187182082,18421053
2020-07-21,815.87548828125,827.154482177871,809.2997210251989,823.0609409402522,12877784
2020-07-22,799.457763671875,817.8350802061377,792.577127782306,817.7915426441868,14354201
2020-07-23,790.7916870117188,797.6287323921299,784.4336611464684,797.4981197022231,13051307
2020-07-24,803.7691040039062,806.294920860975,786.6982309129633,786.6982309129633,18209580
2020-07-27,826.065673828125,829.854345310317,800.110961740573,802.6367250088961,16827870
2020-07-28,838.6074829101562,842.7010234476495,819.7511483257024,823.9317639804012,15818463
2020-07-29,831.0302124023438,836.1253298674569,821.841500885121,830.2463236418263,11152710
2020-07-30,837.3882446289062,847.1430508515814,835.0366314885284,837.867264137642,12492320
2020-07-31,841.35107421875,859.1622954797979,830.2898227560408,844.1817067148276,12704346
2020-08-03,833.4254760742188,840.8286701027367,825.1948556106287,836.1254432208498,8479792
2020-08-04,827.284912109375,845.4445385313459,819.1849597151263,836.5171599272772,11133170
2020-08-05,822.799560546875,836.9527231234798,817.225370637554,829.1575860263284,9614176
2020-08-06,845.5751953125,848.6671593715186,820.8833925149403,830.4639944434966,10976491
2020-08-07,828.1996459960938,844.356016727954,826.5447932179795,844.356016727954,8010948
2020-08-10,828.5914916992188,833.3382556244732,823.3221706935072,826.457672654504,5716319
2020-08-11,826.065673828125,837.8672233589381,824.0188768858094,827.3285820419939,6802442
2020-08-12,831.7269287109375,835.0801182274267,820.6221397633403,825.6737193978155,6908726
2020-08-13,828.4608154296875,843.5284792332567,825.891461469216,831.5962639906402,5097703
2020-08-14,830.5511474609375,838.7382293224521,829.201164058086,832.5108162210366,4663873
2020-08-17,833.9478759765625,846.9687960035885,830.9865776597209,830.9865776597209,9008210
2020-08-18,842.7012329101562,844.1383448171432,834.9932225421275,839.5222461102107,6141761
2020-08-19,835.515625,846.1849323454503,833.9043631136369,845.6188377288921,6622744
2020-08-20,831.901123046875,840.9155774188267,828.5478804075061,835.1672374076421,5656501
2020-08-21,826.3705444335938,839.130186936515,824.4108756425974,838.7817801099039,6513773
2020-08-24,825.1512451171875,829.1576579147726,818.0093302889788,824.8028382828674,5798574
2020-08-25,817.0512084960938,826.2399201143072,813.1318709692636,825.2382903714615,6233918
2020-08-26,828.112548828125,831.1173852174107,817.3126272768877,819.7948533779281,5153601
2020-08-27,824.8463134765625,836.9527324016003,823.2350515983608,836.1253061022203,6154280
2020-08-28,814.569091796875,829.5932209960155,812.6529603395925,828.6787194157788,7593610
2020-08-31,808.7770385742188,827.851168830503,796.5835442411025,814.5689696462156,12808355
2020-09-01,796.1915893554688,814.351163557122,794.4060710147924,806.7302302083255,6907773
2020-09-02,804.7706909179688,806.8610256646409,795.6255694302646,796.9320153570794,5678118
2020-09-03,814.8302001953125,826.8930811315855,804.7705785947608,806.9479881688808,8827948
2020-09-04,800.5465087890625,809.5609641024442,796.4529677308403,796.9319872552302,8650342
2020-09-07,805.6851196289062,807.8625293101688,795.2335531588458,800.3287237086498,6700385
2020-09-08,818.096435546875,829.1576884511645,806.1206811180898,809.9529437990697,12891964
2020-09-09,808.0368041992188,823.931896278589,806.5126172874983,814.3512928334891,5528947
2020-09-10,818.7495727539062,820.44796292688,805.4673737787099,814.6124943845828,5171884
2020-09-11,823.670654296875,831.0303106292663,810.8674730380734,814.2642538559227,6671903
2020-09-14,852.151123046875,863.1687847709663,825.9350770836934,833.5124738414082,21871587
2020-09-15,855.678466796875,865.738088887986,846.2720676098545,853.1091127422357,11608203
2020-09-16,872.4880981445312,875.8848786623677,855.286560896361,858.77041654156,10059251
2020-09-17,880.5444946289062,889.2541335470952,866.6090723598038,866.6090723598038,15628241
2020-09-18,872.8366088867188,887.3381278406595,870.1801261134573,880.5446191556167,12897633
2020-09-21,879.5865478515625,897.9638666323547,871.3994651461405,871.8349471377178,14140637
2020-09-22,877.4961547851562,890.5606136653323,863.2994534339156,878.8026006731739,12625762
2020-09-23,888.1654052734375,903.1895320113309,878.0186549374127,888.5138120847491,13486204
2020-09-24,849.5381469726562,878.8025106010567,844.8349209940783,873.5767275845985,14427432
2020-09-25,880.9364013671875,883.941237297441,849.1897582351297,849.8865186869268,13311078
2020-09-28,880.0220336914062,885.0300766164447,869.6575409827747,883.8542433383906,8554526
2020-09-29,878.8025512695312,895.350864920791,874.5348070114925,886.64122615697,8708463
2020-09-30,878.1494140625,891.8235588880676,875.3187811880114,878.8026370335358,8048817
2020-10-01,886.3363647460938,894.0443733942024,881.1976568744124,888.905665522521,5563358
2020-10-05,913.3798828125,918.7799232769341,886.6848687353566,886.6848687353566,14212509
2020-10-06,919.5199584960938,923.2215543508022,898.268422207652,918.8667356982041,9090819
2020-10-07,928.9266357421875,933.6733467030201,901.8831627900908,910.0702451163668,9284008
2020-10-08,952.5731811523438,978.9634300230256,947.957136243359,949.3506572287348,21482613
2020-10-09,963.98291015625,969.6441756419626,948.0006371530527,953.7925684906646,10567867
2020-10-12,986.0181274414062,992.8987629395774,968.5988508986067,978.0923778781978,14633537
2020-10-13,1008.402099609375,1015.587552166747,989.0231518031296,989.0231518031296,17523825
2020-10-14,990.285888671875,1014.5858011352408,985.1471807386598,1012.0599847288644,16649573
2020-10-15,965.2457275390625,1032.9631697372688,951.5280463220626,1027.737386416507,44288251
2020-10-16,982.0118408203125,989.3714435743123,955.3603655615958,970.1231617940635,18365685
2020-10-19,980.6181640625,992.027768583142,971.385969042699,988.5439133817964,12902123
2020-10-20,990.7214965820312,996.9923945163763,966.7699878734546,974.5215883192715,10448776
2020-10-21,1000.17138671875,1005.3971701888551,988.5440397615337,993.9004890821587,19811433
2020-10-22,983.36181640625,1008.5761783371452,978.7892560122344,994.6407561839549,11271335
2020-10-23,988.1594848632812,999.163488035478,986.0907537591019,997.4028475279266,9069862
2020-10-26,979.3123779296875,994.4098941575369,971.1254627537093,987.9395607630258,6309368
2020-10-27,960.2973022460938,976.8913171039641,948.2369580688954,973.3700361808736,10172479
2020-10-28,947.7088012695312,972.5337891556483,941.9867196859044,964.3908269020255,7608392
2020-10-29,946.2123413085938,952.5066535334748,933.2276156712381,941.9428089471517,6935616
2020-10-30,933.6676635742188,953.9150299296095,926.4050212945677,943.7033362164763,8800386
2020-11-02,943.967529296875,950.7018938272915,925.3046738944053,937.541147927628,7183119
2020-11-03,935.3844604492188,950.2178373234822,930.9387995567763,943.7034450353326,7204782
2020-11-04,963.0263061523438,982.437410884037,939.1256970445048,940.1820383728956,15702690
2020-11-05,971.87353515625,988.599619547526,967.471934000651,977.0674460120499,9568890
2020-11-06,979.5763549804688,986.9270075517098,961.0455707942493,975.3948338066585,8807127
2020-11-09,1000.5281982421875,1008.8471830763543,986.9712425271491,994.1458753126033,10160320
2020-11-10,960.4734497070312,980.544686887823,948.9852274845427,980.544686887823,15622869
2020-11-11,988.1594848632812,991.5486963481242,956.908115854242,964.8309981382238,12514800
2020-11-12,983.9779052734375,1005.3256701608282,980.45662446727,993.0891978672036,9180976
2020-11-13,989.6561889648438,997.4030517688035,983.3179248241426,985.9588861262664,6363212
2020-11-14,997.799072265625,1003.2571229917621,995.7303409051702,1000.9242525380654,1136144
2020-11-17,989.2159423828125,1007.9668089752155,979.4884669125225,1007.7467288859197,12813968
2020-11-18,977.6397094726562,997.1387172976902,969.6287091235797,993.4414151834775,9839468
2020-11-19,965.4913330078125,981.2930401282673,962.8944309889007,968.3523741131469,10092343
2020-11-20,971.3014526367188,976.2752841881243,960.5175281720618,973.6343230947389,8063554
2020-11-23,1003.4332275390625,1007.790878174103,970.0690615205804,972.7540818349283,10546363
2020-11-24,1003.6090698242188,1016.6818030783726,997.7108601085507,1007.9666117552833,8515426
2020-11-25,982.12939453125,1006.646294151534,978.255963599381,1000.9242120247434,8958701
2020-11-26,979.9724731445312,985.9146349158843,966.8557872032092,985.9146349158843,10962256
2020-11-27,968.3523559570312,986.8390827525747,960.4294730446555,984.1981217817827,25306145
2020-12-01,1001.6722412109375,1003.7850310209975,972.7978053432968,972.7978053432968,8933802
2020-12-02,1004.3574829101562,1010.1235165773928,986.8390869046665,998.2832511595824,6741637
2020-12-03,991.6367797851562,1009.7274053146347,988.3355785907971,1009.7274053146347,16212632
2020-12-04,998.8555297851562,1000.9242611634382,981.5572130142775,990.3604167184415,10564055
2020-12-07,1006.6461791992188,1015.009221352601,1000.0437774991801,1009.9914390449577,7792141
2020-12-08,1015.3174438476562,1027.3338379950642,1007.9667904921581,1007.9667904921581,12308330
2020-12-09,1034.5523681640625,1038.3377884186514,1018.5305817722591,1028.2581640207657,10039346
2020-12-10,1027.9940185546875,1031.4272891775722,1012.3683334085982,1018.8827250462048,9488782
2020-12-11,1023.9887084960938,1031.6915124639877,1016.9902038753758,1020.9075869089361,10574009
2020-12-14,1025.1771240234375,1032.2636384849482,1010.7838000872065,1029.4466563014007,6728187
2020-12-15,1016.4176635742188,1024.4285557613134,1014.1288525866146,1017.6501333247625,6905926
2020-12-16,1026.1893310546875,1029.0064204921753,1015.5374769134664,1021.171548327468,7788404
2020-12-17,1020.4672241210938,1029.0063953013716,1017.8262632848994,1026.3654344651773,6658153
2020-12-18,1047.4051513671875,1051.9827740102896,1034.9045384462956,1041.2868607153957,15995676
2020-12-21,1036.401123046875,1064.9674735459034,1014.1730356676362,1045.8205071895295,10858352
2020-12-22,1074.430908203125,1077.3799596666704,1035.3446660438115,1040.5385772192492,10901851
2020-12-23,1103.0853271484375,1108.1911200982577,1083.2781216149863,1089.8364644627864,15878346
2020-12-24,1088.1199951171875,1100.3124102877798,1079.272732749329,1100.3124102877798,7313885
2020-12-28,1091.8612060546875,1098.6396287283212,1088.0757861443951,1090.2325276875613,4607051
2020-12-29,1100.66455078125,1104.3177941793053,1087.1956067576748,1087.1956067576748,6878105
2020-12-30,1097.5833740234375,1103.305455874379,1089.968582068067,1103.041316804562,5194690
2020-12-31,1105.5062255859375,1107.7950367699373,1090.7168022322983,1094.2380832725962,7430470
2021-01-01,1109.599365234375,1114.0450244760452,1105.5059629662167,1107.354613581021,4253550
2021-01-04,1134.0728759765625,1135.6134368404935,1110.216212090175,1117.1267064733227,7208454
2021-01-05,1138.9583740234375,1143.5359963052456,1122.4523694578306,1128.5705521657621,8145280
2021-01-06,1128.6588134765625,1146.17721170683,1116.290375783817,1144.4165708286318,7161715
2021-01-07,1111.096435546875,1142.3478103430095,1105.242283283007,1140.895260163104,10954918
2021-01-08,1155.0682373046875,1159.205807166795,1125.2694168181652,1125.2694168181652,13186251
2021-01-11,1211.496826171875,1217.7911381846839,1179.6292723945633,1181.477923642687,20528626
2021-01-12,1207.5792236328125,1213.0812248339826,1197.2354613746127,1213.0812248339826,8309868
2021-01-13,1221.1363525390625,1226.1101838358318,1197.2356343753304,1209.4280493067367,14442997
2021-01-14,1206.47900390625,1218.3633282789128,1160.6582880628148,1197.2356405052901,27521697
2021-01-15,1183.9866943359375,1201.152939458616,1179.6291520199532,1197.2355572739823,15018441
2021-01-18,1155.0244140625,1179.6293260505788,1149.6984327030268,1177.8686852654287,8861765
2021-01-19,1159.07373046875,1171.70630512877,1154.980219631064,1162.0227819458878,5585744
2021-01-20,1179.144775390625,1187.0237051659822,1162.5068106167055,1162.5068106167055,8225838
2021-01-21,1179.3648681640625,1198.1597894340289,1175.227406421717,1188.4322087410621,6142421
2021-01-22,1180.37744140625,1193.7143153151292,1167.78892571395,1168.1850268607495,9646591
2021-01-25,1166.5123291015625,1186.5836735677526,1155.8604756845532,1184.0307233783124,6542611
2021-01-27,1145.296630859375,1168.6691761875868,1131.2995175680549,1161.6705658114433,8133665
2021-01-28,1123.46484375,1141.2913317270973,1120.2517602809414,1137.197927864108,4660690
2021-01-29,1090.7607421875,1136.625401239663,1083.674121882924,1132.3118109438758,12183519
2021-02-01,1109.9957275390625,1125.005122010936,1092.4773346055727,1100.8844352414333,8880279
2021-02-02,1119.107177734375,1139.4866141052723,1112.3727059690884,1126.8099803343166,6892490
2021-02-03,1130.903564453125,1147.9377418137635,1120.647810835062,1124.7413219740633,8182968
2021-02-04,1126.2376708984375,1138.6062131817557,1119.8113976609816,1131.2115017172475,5032240
2021-02-05,1119.8553466796875,1134.5127000483542,1110.9641338203862,1132.4439689934175,5477481
2021-02-08,1147.54150390625,1153.2195265295848,1122.8484779301416,1131.6516804227338,6921922
2021-02-09,1149.3023681640625,1172.5868003058606,1142.523836448464,1150.4907792397423,7965949
2021-02-10,1141.3353271484375,1148.2458203636193,1129.979173207175,1140.7191458914072,5951207
2021-02-11,1137.946044921875,1140.8950964026346,1129.494991625902,1134.7328543695958,4673317
2021-02-12,1153.043701171875,1165.3241277490283,1145.7810578827875,1148.8181202738297,5797875
2021-02-15,1152.91162109375,1169.4176284182483,1150.6667611132243,1162.022915644676,4363513
2021-02-16,1135.965576171875,1161.802960933433,1132.0921445428262,1156.7411181409593,6896421
2021-02-17,1127.95458984375,1139.5747763282875,1122.4085282491824,1135.9654841218014,4575741
2021-02-18,1137.7698974609375,1149.6982801822862,1122.4083516327833,1123.2886719085736,6437551
2021-02-19,1136.7578125,1143.9763970305332,1123.9931662845765,1140.9832860809256,5389696
2021-02-22,1113.7813720703125,1151.9433489200894,1109.2037487898617,1140.0149640340246,7371303
2021-02-23,1114.7935791015625,1136.4934957685794,1107.0468250167494,1119.0191594830774,6612942
2021-02-24,1121.7921142578125,1123.8167863141757,1102.1609301061992,1109.247550955885,4537258
2021-02-25,1122.01220703125,1144.1962341374683,1119.7673474305518,1134.2485724219769,8788221
2021-02-26,1103.305419921875,1121.792145299428,1095.7786387480553,1117.1264049578488,15132388
2021-03-01,1115.36572265625,1130.7713265603418,1108.3231608715223,1112.1085808151993,5756286
2021-03-02,1148.3779296875,1153.2196917521082,1126.1057812059096,1128.7908013352219,10461434
2021-03-03,1182.7542724609375,1185.791334230148,1151.458845711235,1161.3183891733065,9056399
2021-03-04,1171.1341552734375,1200.6248869768604,1167.2167727031958,1175.2276663901384,12041941
2021-03-05,1159.11767578125,1179.6291813973996,1148.8620304341473,1169.5054981242129,6486176
2021-03-08,1175.887939453125,1184.999233830919,1159.5579535326617,1166.2484743431805,5119392
2021-03-09,1184.514892578125,1188.8283756056833,1160.922268144435,1170.385710330257,6518173
2021-03-10,1204.4102783203125,1209.5601307472373,1192.8340445141969,1194.5066746296966,7925984
2021-03-12,1210.3082275390625,1225.14160168725,1206.0827549786186,1208.6796566315697,9462061
2021-03-15,1209.2080078125,1214.7540689860443,1195.9151920576803,1206.038876053752,6658635
2021-03-16,1218.36328125,1237.7303276282514,1215.2821602352783,1220.1679808287263,9352771
2021-03-17,1221.0042724609375,1232.4484365142844,1216.602670901958,1225.625954097866,7626744
2021-03-18,1177.076416015625,1226.9465894671514,1156.3008755265314,1226.9465894671514,10961755
2021-03-19,1183.546630859375,1193.0100744562515,1160.2622009937772,1170.826045008895,12767112
2021-03-22,1206.7430419921875,1211.320664308968,1176.1958648328152,1188.5203483359587,4862758
2021-03-23,1207.403564453125,1217.7032708042855,1196.883670526964,1208.195766894758,7165335
2021-03-24,1191.733642578125,1206.4349490534235,1185.1312401261687,1195.3429344263322,6134303
2021-03-25,1174.1712646484375,1190.6332113514952,1168.713214286175,1185.5713696026812,8749994
2021-03-26,1176.283935546875,1194.3305015997794,1172.586633291157,1183.7666580566158,4922071
2021-03-30,1219.5079345703125,1232.4486019059286,1176.240163946917,1185.7036085686948,10546381
2021-03-31,1204.322021484375,1221.8843654530099,1200.1405007812757,1216.6024445648843,8220987
2021-04-01,1219.4195556640625,1225.0536267024227,1206.919051217892,1214.841933392189,5675155
2021-04-05,1241.1636962890625,1254.4565122246502,1221.0043385653262,1224.52562000315,9479572
2021-04-06,1242.176025390625,1255.336771135885,1238.1264659665671,1252.6958101867913,5793571
2021-04-07,1259.0340576171875,1263.2155790672348,1238.2585199049374,1241.4717105113793,5879234
2021-04-08,1267.529052734375,1277.9608258941146,1250.9350380080934,1258.857920022219,5654434
2021-04-09,1268.5855712890625,1280.8659961023566,1258.9020482944743,1280.8659961023566,6052712
2021-04-12,1255.1168212890625,1300.7174613927093,1245.6533769062062,1297.5922809609524,20384532
2021-04-13,1229.939697265625,1263.4798838018905,1210.4405784550424,1261.4991628553278,14855206
2021-04-15,1197.8958740234375,1202.869705317751,1162.0228210258588,1172.850803933445,25342491
2021-04-16,1191.733642578125,1206.78709867639,1185.4393307483979,1201.6372462560596,10879878
2021-04-19,1199.4803466796875,1214.5777523320496,1172.8946118265376,1179.6290829339875,12508028
2021-04-20,1189.620849609375,1213.9617280860366,1181.7420256855933,1213.9617280860366,8560766
2021-04-22,1189.4007568359375,1201.4612096354417,1184.1628939428558,1193.3182467166828,6622446
2021-04-23,1174.1712646484375,1187.0239195967097,1171.7063248124512,1182.2701684621502,7316262
2021-04-26,1182.7542724609375,1189.5767541537984,1162.9030085508728,1172.8066110082514,7088606
2021-04-27,1187.1119384765625,1191.073379873036,1179.7612853775233,1184.911137700744,3636115
2021-04-28,1193.7144775390625,1196.7955989781383,1183.6788033595897,1195.4751183613914,4879234
2021-04-29,1194.0225830078125,1205.1586578394324,1189.665039902869,1204.2783374173437,5412357
2021-04-30,1192.2615966796875,1209.4718989288547,1184.8229342529492,1185.1750838119394,8354677
2021-05-03,1190.2371826171875,1198.11600683424,1177.8686386070633,1180.333578593025,4560337
2021-05-04,1170.2978515625,1192.7899711977664,1165.632110895416,1191.953709880542,4887060
2021-05-05,1180.94970703125,1183.0624972874223,1168.8893616546059,1180.5975574117253,3939788
2021-05-06,1198.6441650390625,1201.3731366272477,1177.3404555895117,1184.0308687459922,4810090
2021-05-07,1190.6773681640625,1208.7239358814727,1187.11202765501,1201.901452963915,4991435
2021-05-10,1179.233154296875,1190.9854093423387,1175.271712767327,1188.3003893212533,7195348
2021-05-11,1171.398193359375,1180.5094866973957,1166.5123728573353,1176.900195068442,6420988
2021-05-12,1168.18505859375,1170.826019540081,1157.1810546507043,1170.826019540081,5241898
2021-05-14,1158.853515625,1168.052818594496,1154.3639041636238,1168.052818594496,4824609
2021-05-17,1170.2978515625,1175.18356484798,1162.2869581655425,1162.2869581655425,5017129
2021-05-18,1179.629150390625,1183.6786021012647,1170.385787645027,1177.868509867654,5620150
2021-05-19,1176.98828125,1194.9907890147208,1173.6870800123877,1181.3898829001496,4435878
2021-05-20,1179.012939453125,1187.6400133214966,1175.227519439831,1187.0238321383868,4490092
2021-05-21,1192.393798828125,1195.0347596228717,1185.2191671768692,1186.2315569737161,4969733
2021-05-24,1186.7159423828125,1199.8766892029557,1184.1189327608447,1194.2866762296803,4225371
2021-05-25,1198.6441650390625,1204.2782367617228,1192.3498530550198,1195.4750332766225,4099340
2021-05-26,1230.0274658203125,1232.4483465009394,1199.040236092676,1204.1900880483613,6850024
2021-05-27,1234.42919921875,1246.753684003248,1225.1417766288973,1236.1457809007707,15365391
2021-05-28,1236.8941650390625,1244.7729892781776,1229.015233338966,1241.0316277474617,4261312
2021-05-31,1240.186279296875,1247.0823823745798,1230.6207169632848,1247.0823823745798,4429904
2021-06-01,1234.35791015625,1246.6374661187112,1226.7500164882556,1245.747646371303,4791325
2021-06-02,1226.7501220703125,1238.584660557052,1214.6040597487086,1228.6187219765782,9272276
2021-06-03,1236.5380859375,1244.8578792030544,1225.3263783707234,1235.1588218225315,5115645
2021-06-04,1232.9788818359375,1242.9893550263232,1225.8603231227744,1240.364321328493,4194328
2021-06-07,1236.5380859375,1238.6291407081142,1225.5488333169712,1237.7393209231227,5154576
2021-06-08,1257.2708740234375,1265.1013319051262,1241.7880960173904,1242.1884714890496,7360630
2021-06-09,1259.3621826171875,1267.9933924367642,1249.8410442524976,1257.671503036486,5394317
2021-06-10,1267.3704833984375,1271.5525933362621,1262.6543946425165,1267.1034939893893,3496575
2021-06-11,1287.4803466796875,1291.6624564744493,1271.952925317914,1272.531329937339,6140828
2021-06-14,1300.73876953125,1314.2639885241551,1293.3086864911218,1308.9250691394936,7132294
2021-06-15,1311.50537109375,1313.3739708729092,1301.8063139478768,1302.6961337113407,5403104
2021-06-16,1317.4671630859375,1325.3420465256531,1305.8105455279979,1310.4375650008872,7661710
2021-06-17,1330.5474853515625,1337.0876386411505,1312.5730616381588,1312.5730616381588,7677951
2021-06-18,1337.666259765625,1348.7890081884066,1323.518102047729,1342.7381895981773,13533974
2021-06-21,1334.99658203125,1339.8905905376864,1320.67039750686,1328.500854565387,5454052
2021-06-22,1345.2740478515625,1353.8162962388503,1336.5983047696675,1343.360913550413,6427862
2021-06-23,1337.532470703125,1356.9750089432146,1333.528282152145,1356.9750089432146,5529809
2021-06-24,1387.4068603515625,1395.904682103593,1344.6955139031338,1349.8565117138808,10785137
2021-06-25,1400.7542724609375,1404.135631117183,1372.9919384117954,1398.7967123676879,9780240
2021-06-28,1398.6190185546875,1406.0489932945832,1388.6529701012548,1399.5977987599592,5019178
2021-06-29,1390.8330078125,1400.2650768226906,1387.407114375736,1389.0088336090437,5913567
2021-06-30,1406.6273193359375,1415.703438725539,1398.84139533289,1398.84139533289,6058722
2021-07-01,1388.4747314453125,1403.1122225875179,1387.2734965313064,1403.1122225875179,4814317
2021-07-02,1395.0595703125,1396.527686132786,1372.6360454660967,1387.1845779352639,5166064
2021-07-05,1404.9810791015625,1410.3645329120188,1389.0533898850238,1396.2609093070173,4058338
2021-07-06,1390.0765380859375,1411.9216590381186,1385.538478536323,1400.3094664482746,4089574
2021-07-07,1392.2120361328125,1397.50652911051,1374.46017458664,1393.5023400140276,4797120
2021-07-08,1388.7862548828125,1402.356006852675,1378.3308722175086,1395.2374484422553,3326813
2021-07-09,1390.699462890625,1396.9282018298825,1380.11058496977,1384.5596842120967,3436594
2021-07-12,1377.3076171875,1404.1357070791948,1364.7611791715558,1397.5065927215103,4588982
2021-07-13,1374.727294921875,1384.9157985707798,1367.0304392138037,1384.9157985707798,4456160
2021-07-14,1403.156982421875,1408.406941407783,1368.6319278283077,1382.7800855630126,5657716
2021-07-15,1406.6273193359375,1420.9088633348867,1384.5597427133494,1386.2504222209864,10021355
2021-07-16,1384.0701904296875,1401.1547960825774,1378.8647662261394,1400.3539365234356,6265593
2021-07-19,1371.8353271484375,1381.8013754243057,1368.1426613770952,1374.5047869083064,5669162
2021-07-20,1379.2652587890625,1386.072293532128,1368.5428864837877,1368.8098758786696,5069939
2021-07-22,1414.9913330078125,1417.349377086102,1389.364589198939,1389.364589198939,7854575
2021-07-23,1415.2139892578125,1422.3770827631295,1410.409048786803,1413.5234183768378,4179719
2021-07-26,1427.1820068359375,1434.0781103240706,1418.4617292994851,1418.4617292994851,4586710
2021-07-27,1425.9808349609375,1431.9871189100877,1421.843150960739,1428.1608501312835,5892859
2021-07-28,1428.69482421875,1430.4744640368153,1410.809465771312,1428.2499142642337,4686788
2021-07-29,1438.8385009765625,1441.5079601620478,1423.800525840881,1423.800525840881,4660873
2021-07-30,1433.0546875,1444.5333838399172,1429.1839933652975,1432.6097776311703,6234257
2021-08-02,1451.7855224609375,1454.6329023419573,1440.7961611531427,1448.13717442387,5553389
2021-08-03,1472.829833984375,1475.89977776786,1455.3893859177253,1465.5333543568822,5513668
2021-08-04,1467.535400390625,1494.8084007547138,1458.4592812898322,1485.198302842802,6740391
2021-08-05,1471.361572265625,1482.439785316305,1465.5777435714137,1467.7577586309994,5420536
2021-08-06,1468.380615234375,1477.6792974732823,1462.8637758297223,1474.431433424483,3754855
2021-08-09,1480.037353515625,1483.7300188807942,1464.9993767983387,1477.990724476605,5018477
2021-08-10,1492.450439453125,1494.897444198092,1478.035400403738,1484.2196053109628,6846517
2021-08-11,1492.71728515625,1498.456579557271,1484.2194624118335,1490.2702806468778,4899639
2021-08-12,1503.4395751953125,1509.5793537960537,1489.5584074592362,1494.1410013448915,5659579
2021-08-13,1523.5494384765625,1532.714625987303,1504.9522913044452,1510.0242207840076,5612790
2021-08-16,1516.60888671875,1530.4455194170107,1503.8844201483496,1519.5452268822864,4564109
2021-08-17,1549.7547607421875,1556.205954643305,1500.7257088178133,1516.164061463956,9510390
2021-08-18,1542.458251953125,1562.0788240659326,1536.7189570845148,1538.4985968726844,6686090
2021-08-20,1542.01318359375,1552.7355556641908,1527.0197416428282,1527.0197416428282,6206972
2021-08-23,1547.174072265625,1559.987498240279,1541.1677890231847,1544.5046130467626,6189051
2021-08-24,1531.2464599609375,1563.4134691115678,1523.9944064933602,1557.1847301908044,7602939
2021-08-25,1544.3267822265625,1554.4262151336206,1528.710401441141,1528.710401441141,6153253
2021-08-26,1537.3416748046875,1553.6254211203336,1530.4901055710045,1542.9475831744894,5302248
2021-08-27,1520.524169921875,1537.3416778231317,1517.3207316353644,1534.9392077288335,6698514
2021-08-30,1510.95849609375,1529.2887615369723,1504.1513531642884,1515.4075949207736,6559667
2021-08-31,1518.4329833984375,1526.0409862826573,1500.1027168908208,1512.8271837232185,12255438
2021-09-01,1492.895263671875,1521.1470441049441,1488.802114057658,1521.1470441049441,7801974
2021-09-02,1502.9947509765625,1507.6218795661478,1479.4590583890802,1492.539367293398,6830050
2021-09-03,1513.272216796875,1517.9881970388528,1498.8126435925517,1509.179067029308,5339139
2021-09-06,1539.744384765625,1541.1680748889787,1512.1154332773742,1517.2764321726995,4876026
2021-09-07,1518.611083984375,1543.748494999435,1516.2530396340658,1539.3883559665105,3520341
2021-09-08,1506.6875,1513.450109310874,1497.522311859604,1513.450109310874,4584896
2021-09-09,1505.21923828125,1508.1556872378899,1496.8104841372344,1500.1473085786038,3331674
2021-09-13,1505.4862060546875,1514.0284547777442,1490.6261495836065,1497.5667877701696,4662374
2021-09-14,1500.3697509765625,1509.089920271295,1493.651567709299,1509.089920271295,4945167
2021-09-15,1522.882080078125,1526.1299441294327,1503.9734089951633,1506.6874028811862,4062344
2021-09-16,1514.6956787109375,1529.8226145535493,1505.0855819038713,1526.2188010957557,3246568
2021-09-17,1504.9521484375,1528.7102917114455,1498.8567964082,1510.024077435578,7454864
2021-09-20,1501.88232421875,1519.5452254836232,1493.0730864950874,1499.3463595187543,5660743
2021-09-21,1529.1109619140625,1536.4965105236413,1499.035114501679,1512.693828226547,4672222
2021-09-22,1527.7318115234375,1547.307849368149,1524.3060266247317,1527.820771789522,4553892
2021-09-23,1550.5556640625,1552.7356793044048,1531.4689626029945,1541.1680209485553,3826090
2021-09-24,1569.5087890625,1590.9979611001354,1559.3648206065352,1564.3033644373813,8280446
2021-09-27,1531.5133056640625,1574.0911595675952,1528.7993119407154,1573.868704627012,5045337
2021-09-28,1501.2149658203125,1521.5918610046667,1490.4481679431676,1521.5918610046667,6557197
2021-09-29,1505.797607421875,1513.9394805910563,1472.6518187520774,1476.4335530298395,7792548
2021-09-30,1490.626220703125,1515.3632568348667,1486.088161035665,1515.3632568348667,6914031
2021-10-01,1481.68359375,1493.963042912064,1478.2132744965895,1481.6390593077983,5733906
2021-10-04,1493.784912109375,1502.0157448343261,1481.905840116939,1488.2235386465702,2947154
2021-10-05,1506.2869873046875,1515.3185712967768,1479.7703140555798,1486.8888723913853,4373310
2021-10-06,1489.157958984375,1520.702027218349,1485.9990552689544,1514.562248918571,4271698
2021-10-07,1504.685302734375,1516.4308808095564,1491.9164101508402,1501.1260234848555,5476108
2021-10-08,1533.9161376953125,1540.7232822082826,1511.2702628460072,1517.3655079328178,4738376
2021-10-11,1504.640869140625,1539.3883785911644,1480.393277628134,1496.6770247342997,8840633
2021-10-12,1499.4798583984375,1502.9056429059303,1478.8805082946456,1492.227805300915,7439300
2021-10-13,1520.880126953125,1524.8398906735067,1494.941963810283,1509.0900132988902,7104171
2021-10-14,1526.70849609375,1587.082754690168,1511.0921133732145,1560.7441073282457,19655776
2021-10-18,1594.6905517578125,1600.7857955699135,1548.2864281776817,1548.2864281776817,13438109
2021-10-19,1621.38525390625,1632.3745072788313,1585.9259547717893,1614.1332004381575,10324260
2021-10-20,1603.7666015625,1644.3868947949425,1596.38116282424,1627.836269201316,5876115
2021-10-21,1560.4324951171875,1614.133097673442,1554.3816771021532,1614.133097673442,8779629
2021-10-22,1530.3121337890625,1568.9302261697185,1518.9223969134766,1557.0956880152075,7369809
2021-10-25,1519.411865234375,1539.1658216360158,1501.303945142191,1532.3142525237072,5905209
2021-10-26,1529.421142578125,1549.9786248274681,1522.419103935256,1535.1216613849867,5871709
2021-10-27,1552.08837890625,1556.7565147555208,1527.1322237405088,1534.2689409244713,5090259
2021-10-28,1529.6009521484375,1548.318096377301,1518.9631602125999,1543.4704630848398,5329972
2021-10-29,1497.14892578125,1537.4110110876818,1491.1343404418649,1525.202233489638,5875091
2021-11-01,1526.1446533203125,1532.5631615525838,1504.5547869181817,1505.901345498359,3636806
2021-11-02,1524.2147216796875,1531.890040630247,1513.8461757071277,1521.611352905563,3471772
2021-11-03,1528.343994140625,1541.7646508726255,1525.2020241086177,1534.179081342924,3530713
2021-11-04,1533.9097900390625,1541.3607916889025,1530.5883225565397,1539.565380166842,483407
2021-11-08,1559.763671875,1562.9056418615107,1528.792824865108,1553.0308790467627,5245903
2021-11-09,1564.252197265625,1570.9849900802546,1549.4400530734397,1557.294978023841,4016134
2021-11-10,1562.142578125,1571.83773382555,1545.8042688196354,1549.4400206968505,4780368
2021-11-11,1555.9935302734375,1561.783688936851,1534.1792351734894,1555.6792455721493,4731349
2021-11-12,1598.0958251953125,1600.474767487717,1560.2576133002974,1564.7012131877632,5069009
2021-11-15,1604.334716796875,1615.8702127881927,1593.8764237807977,1599.8012593110454,4354074
2021-11-16,1608.9581298828125,1623.904843607028,1595.2231874741956,1606.8933627342767,6034233
2021-11-17,1604.6041259765625,1617.665788691909,1598.544612062206,1609.1825130450993,4732492
2021-11-18,1597.377685546875,1606.3995628785876,1579.0644657331543,1599.3525944279756,4326924
2021-11-22,1579.423583984375,1602.7639344525808,1572.017511239656,1601.5071244338014,6621839
2021-11-23,1559.2252197265625,1568.5164528029118,1535.0769118860949,1557.6093054597075,8436160
2021-11-24,1522.5087890625,1562.4566906623122,1515.3271438310733,1562.007837835348,7333061
2021-11-25,1546.2083740234375,1549.6195900535836,1523.3616974043014,1526.0997437189671,4476260
2021-11-26,1518.60400390625,1542.5727043871634,1511.7365327759849,1528.3890188200792,4494181
2021-11-29,1522.8231201171875,1536.8722369569487,1498.4055676623748,1518.0204162933412,3942776
2021-11-30,1537.455810546875,1552.9412350958905,1526.1447397494564,1530.1844157187647,14808963
2021-12-01,1539.4755859375,1563.7136407678477,1537.769923125387,1539.5653345943017,5193264
2021-12-02,1569.4141845703125,1571.4340226456925,1536.2888182174336,1539.5654663452515,5559574
2021-12-03,1558.01318359375,1603.8859233041183,1555.3200664727906,1589.9265557271913,6754012
2021-12-06,1521.8804931640625,1556.5767302580853,1518.4691677243022,1553.0308366320087,3991449
2021-12-07,1536.5579833984375,1548.4525839240318,1520.7134558760026,1527.087144429678,4202122
2021-12-08,1573.992431640625,1579.782699760564,1555.3650364192983,1555.724140653463,3029169
2021-12-09,1583.0592041015625,1588.4006192094105,1563.8034590731309,1579.0644572385977,2082171
2021-12-10,1579.2889404296875,1583.328616559819,1567.3943384909674,1579.9622197847095,1823469
2021-12-13,1566.182373046875,1590.1510729588513,1560.930816277759,1586.2910039483113,4040584
2021-12-14,1572.9151611328125,1582.6552466615897,1535.3910167263787,1553.8389138318717,4768144
2021-12-15,1556.801513671875,1569.1449696836937,1545.1313370788828,1566.4967811362717,3053149
2021-12-16,1590.37548828125,1595.7617227930966,1578.166711971042,1582.3410656343676,4481031
2021-12-17,1634.587158203125,1653.5736528437856,1621.9295316370844,1633.8241303885395,18887243
2021-12-20,1614.883056640625,1642.4875112060606,1604.4696908187657,1617.3965672413594,5773891
2021-12-21,1626.28369140625,1649.983144782225,1616.7680325096776,1616.7680325096776,5353584
2021-12-22,1638.0435791015625,1642.0384352948865,1626.956935405642,1638.3129346501346,4156428
2021-12-23,1667.578125,1671.1689478831108,1640.1083518608461,1643.9236011741514,4112933
2021-12-24,1672.8746337890625,1683.871529020571,1664.346429323811,1681.357909134367,3780347
2021-12-27,1675.25341796875,1682.7492382175476,1656.3118507008678,1669.7325063134908,2647733
2021-12-28,1694.8685302734375,1701.9604279258667,1686.2505766124211,1688.3152341779669,3340933
2021-12-29,1692.669189453125,1700.0752621912457,1684.4551595905639,1690.828848757635,3236635
2021-12-30,1699.222412109375,1714.438591263301,1682.6148547067908,1691.726590549719,4584738
2021-12-31,1694.64404296875,1704.1597020773836,1680.191002196057,1696.6638809222288,4619420
2022-01-03,1704.24951171875,1718.2538096972232,1694.6441036073452,1694.6441036073452,3329616
2022-01-04,1704.8778076171875,1711.6106003890875,1685.891310083786,1704.249347875214,3921999
2022-01-05,1655.952880859375,1708.244239129732,1651.7785273383165,1705.6408706210877,6995719
2022-01-06,1631.8494873046875,1641.0060417349105,1615.8702817958638,1641.0060417349105,6449205
2022-01-07,1628.707763671875,1648.1879367379352,1621.9749698126514,1629.7400377303693,4834389
2022-01-10,1661.428955078125,1678.6200425032102,1627.5405622351159,1629.3359737764672,7857560
2022-01-11,1665.7825927734375,1678.7095761319513,1660.8901407832352,1665.2439912966681,5142287
2022-01-12,1685.3974609375,1695.766005226244,1669.7325408792026,1677.7221432333852,5362535
2022-01-13,1702.7681884765625,1716.8621239088293,1675.4329845969487,1710.1293312660496,14277630
2022-01-14,1731.9886474609375,1735.2652955175927,1688.5845943448485,1689.482300136632,7688506
2022-01-17,1741.1004638671875,1754.027449784704,1733.0211113666437,1740.2476871587562,5262464
2022-01-18,1724.268310546875,1746.0376748737065,1715.9196032810285,1725.48019138657,3690315
2022-01-19,1676.0614013671875,1720.0040497228024,1672.2909718339438,1720.0040497228024,5747770
2022-01-20,1637.14599609375,1658.9602905001757,1629.7848524908381,1655.3694673605648,5533463
2022-01-21,1603.0330810546875,1623.0519627022786,1594.325379291619,1611.3817881916982,8252758
2022-01-24,1559.1353759765625,1587.7272819323061,1551.2355216165236,1584.450634058544,7116712
2022-01-25,1545.98388671875,1562.0079114802231,1526.5485364782296,1549.9786332337899,9137653
2022-01-27,1506.8887939453125,1534.8074198145066,1494.6800181163808,1527.8951296300781,11231734
2022-01-28,1513.71142578125,1550.8316470432278,1507.6968409545839,1509.0433996097977,10998502
2022-01-31,1558.5965576171875,1570.5360869932047,1539.8794161078179,1542.2583580762077,8788872
2022-02-01,1590.779541015625,1597.9162579975496,1557.2501431039855,1585.4381259763172,5119935
2022-02-02,1604.2900390625,1609.4070279547248,1590.7347031811576,1605.995702026575,4253717
2022-02-03,1560.7064208984375,1597.0185757090092,1556.6218157838234,1597.0185757090092,3832922
2022-02-04,1562.9954833984375,1574.530980546349,1535.2115338427761,1554.826382864696,4700077
2022-02-07,1539.565185546875,1554.8261815552114,1521.9701767715526,1546.0286223759456,4310209
2022-02-08,1541.630126953125,1548.5424173887602,1522.5089506616448,1535.0768311505972,6053401
2022-02-09,1559.5843505859375,1564.701229879619,1548.5425252681255,1557.519583385622,3867244
2022-02-10,1588.5799560546875,1592.4401343281156,1569.8628144650563,1576.0570055996025,4334630
2022-02-11,1545.2657470703125,1567.3492862638898,1537.769926089788,1562.00798096686,7551371
2022-02-14,1510.1204833984375,1542.7521732317396,1506.5745897197955,1517.1226316856573,7459637
2022-02-15,1560.4371337890625,1568.0676332207938,1517.5267519749755,1525.2021805307736,4669915
2022-02-16,1555.9935302734375,1575.8776263746088,1550.2032620267948,1560.437130216687,5350642
2022-02-17,1548.363037109375,1570.0874740490895,1544.3233609325764,1565.5989449637575,3937950
2022-02-18,1532.338623046875,1546.2979898070087,1529.2415823722724,1535.0766691262613,5602215
2022-02-21,1553.6591796875,1559.584124854063,1518.4691607935565,1526.9973647708184,5120890
2022-02-22,1556.93603515625,1571.8828586701877,1518.0654396952104,1526.0101141230716,8878515
2022-02-23,1564.5665283203125,1578.3912195278601,1556.0832523614588,1570.9851466934483,5478811
2022-02-24,1506.4849853515625,1539.5204924970208,1499.6175141781305,1517.2125256514232,13592379
2022-02-25,1521.252197265625,1551.3702701049137,1505.4525974086314,1539.5654171471692,9737281
2022-02-28,1540.1041259765625,1551.280629498285,1494.6802321299797,1510.120728832804,15076542
2022-03-02,1528.613525390625,1539.0268910626946,1518.0205528032943,1535.0769635089493,6771489
2022-03-03,1544.81689453125,1556.5319982242845,1531.0820625145825,1544.2333638859598,7344147
2022-03-04,1547.016357421875,1558.4171765738909,1509.043360495801,1521.8356673887606,9074499
2022-03-07,1561.8734130859375,1571.8828546653579,1522.5090357009976,1523.4067415003497,9742588
2022-03-08,1596.30029296875,1615.8703218106334,1542.6623753419804,1542.6623753419804,10984500
2022-03-09,1627.8546142578125,1644.2377433339334,1607.79091371685,1607.79091371685,10193515
2022-03-10,1639.12109375,1656.0428266961933,1625.027046496264,1656.0428266961933,6547182
2022-03-11,1635.619873046875,1644.058328995704,1625.7451098177226,1628.438227062037,4758657
2022-03-14,1697.292236328125,1701.1524149287986,1644.1930282991682,1644.1930282991682,10289724
2022-03-15,1651.150146484375,1695.1825455498838,1642.801439597397,1695.1825455498838,7140443
2022-03-16,1696.125244140625,1700.2097395006322,1659.8579103906748,1674.2212022058457,5233979
2022-03-17,1664.8851318359375,1726.557585196572,1645.539637862284,1726.557585196572,17731459
2022-03-21,1663.49365234375,1693.880969488696,1652.766003084631,1670.6303690877041,8362085
2022-03-22,1694.3299560546875,1696.663969227985,1650.8809732329441,1660.755737075012,5709382
2022-03-23,1680.8642578125,1705.6409144424942,1667.0395674314273,1702.947797209164,6192824
2022-03-24,1693.7012939453125,1700.7931908651096,1666.2764506640567,1666.2764506640567,3784303
2022-03-25,1684.58984375,1700.2547659493473,1667.937357515252,1698.4593543696753,3438588
2022-03-28,1682.2108154296875,1688.4947556370578,1663.1345683715988,1675.118918136154,4008555
2022-03-29,1693.0731201171875,1696.1253417201522,1670.226551592587,1682.2109019736959,3917785
2022-03-30,1709.1866455078125,1722.6971595081618,1701.152223693573,1714.617808577691,7795839
2022-03-31,1711.7901611328125,1717.3110733270107,1700.4341616533945,1705.640898756571,5399145
2022-04-01,1708.8277587890625,1714.8872723694526,1686.1606894698257,1693.8360075883895,6171518
2022-04-04,1690.3350830078125,1699.3570700816317,1681.4029541800826,1696.43952624763,7364074
2022-04-05,1670.7200927734375,1696.3047057811573,1667.1741990144267,1691.0980783575872,5472024
2022-04-06,1641.769287109375,1667.4885810841974,1635.7547018749615,1665.2443165066952,5407453
2022-04-07,1625.7449951171875,1641.1406695276235,1622.6479543380187,1634.7669810824043,5797544
2022-04-08,1628.9766845703125,1649.9830191353592,1623.0518490733023,1636.5174341043307,5131446
2022-04-11,1585.8421630859375,1628.4382578043667,1582.2513400257294,1628.4382578043667,8248407
2022-04-12,1564.207275390625,1577.7177902011679,1551.0110452461267,1577.7177902011679,6456184
2022-04-13,1569.683349609375,1577.7177718117732,1554.8262764028398,1575.4285784375936,6257693
2022-04-18,1455.5401611328125,1481.2145243041055,1427.3521779657744,1441.26661743651,30523965
2022-04-19,1402.216552734375,1469.230317072034,1391.444082418874,1469.230317072034,17044923
2022-04-20,1425.287353515625,1433.007710513435,1403.114065665019,1413.8865344992996,10678747
2022-04-21,1453.2059326171875,1460.7465723201449,1426.6786871446875,1431.8404945702541,7766514
2022-04-22,1423.2674560546875,1445.934524945016,1420.5295194238047,1440.2341156753782,8134245
2022-04-25,1401.4085693359375,1411.9117934470682,1395.1246284360798,1411.9117934470682,7000570
2022-04-26,1419.2728271484375,1429.1475906516841,1406.3010225615533,1415.8615013776625,5345435
2022-04-27,1393.9576416015625,1411.8668288833383,1391.7581965918794,1411.8668288833383,8819356
2022-04-28,1420.708984375,1437.9449991460317,1398.1316646520672,1409.3979147465427,9245177
2022-04-29,1407.19873046875,1433.9054772566708,1401.1392164916588,1427.3521812703787,9831395
2022-05-02,1383.364501953125,1393.9125440673035,1374.387444834675,1392.2518104170338,7072627
2022-05-04,1378.47216796875,1409.3980885628416,1373.6245347920797,1388.9752818655138,6220959
2022-05-05,1422.9981689453125,1426.8134180541488,1398.1316560624994,1400.465778478004,6144870
2022-05-06,1385.0252685546875,1402.0816774855332,1378.0232295856404,1391.4438864637286,6171472
2022-05-09,1409.712158203125,1424.4794830755254,1366.4427862489936,1382.4668114652425,6832202
2022-05-10,1394.13720703125,1408.6351786539851,1387.8981951086735,1398.62573635202,6212545
2022-05-11,1370.5723876953125,1391.3991192964597,1356.9721223376418,1391.3991192964597,7846080
2022-05-12,1354.45849609375,1371.24554999195,1350.4188201690602,1359.1265222178802,7034979
2022-05-13,1350.508544921875,1372.8165107722343,1344.852954894135,1363.8843824412697,6723761
2022-05-16,1336.7735595703125,1357.196364606125,1327.3925786728635,1355.5356309484275,6145331
2022-05-17,1363.121337890625,1369.0013547558183,1329.4125506103449,1341.9804318999065,6516378
2022-05-18,1354.8175048828125,1391.1745885847754,1351.3165400447583,1366.3081825774632,6594126
2022-05-19,1281.1610107421875,1332.8239200872995,1272.6328046013875,1329.5024520552315,16561140
2022-05-20,1306.2965087890625,1316.709873291496,1298.7108296562692,1304.3664195619865,10488908
2022-05-23,1318.191162109375,1335.7861731182122,1301.718283302418,1306.2516316480803,5887569
2022-05-24,1293.593994140625,1319.2235373026542,1288.4321860446441,1318.3706510846894,5693167
2022-05-25,1266.1690673828125,1294.9405813245614,1256.114806529215,1288.2077880074494,9630092
2022-05-26,1278.2880859375,1283.7192496732532,1263.1169461079405,1272.946780445226,13040065
2022-05-27,1311.8623046875,1316.934364203155,1290.362295335605,1296.2422023774436,8284860
2022-05-30,1370.6171875,1373.4898020762826,1333.093043191686,1334.888454697668,10904213
2022-05-31,1364.0853271484375,1377.1492153718643,1350.0689318033246,1370.5265167448363,16033857
2022-06-01,1341.3594970703125,1374.2005553330084,1335.5079082065708,1372.612932971673,8738508
2022-06-02,1368.0770263671875,1373.3841995793427,1338.6833068349495,1346.3039171942348,7205840
2022-06-03,1380.5057373046875,1410.715969239275,1377.1490940869578,1383.408884845195,9395707
2022-06-06,1388.0810546875,1394.0232323627165,1354.4687745578685,1375.334669946235,6624883
2022-06-07,1366.8974609375,1378.827331227114,1363.1779106621018,1378.827331227114,4904592
2022-06-08,1360.8192138671875,1379.1448683164317,1353.5615113932292,1379.1448683164317,4697608
2022-06-09,1374.4273681640625,1376.1963887958834,1344.0357398911278,1347.2109846360613,4361061
2022-06-10,1339.7718505859375,1355.3304608518883,1336.8687033026622,1348.208862822303,6516436
2022-06-13,1292.32470703125,1309.6524503470807,1280.712338233923,1309.6524503470807,6987685
2022-06-14,1306.8856201171875,1314.4608258731198,1272.9558346588265,1279.1702210306835,6090247
2022-06-15,1290.2381591796875,1312.1927780968697,1287.1990180731677,1306.5679915960773,4651958
2022-06-16,1267.557861328125,1309.7886675114553,1262.8403983902654,1304.5721931646563,6641772
2022-06-17,1258.5765380859375,1267.3310542375973,1240.2961754557912,1261.9785865626236,9692047
2022-06-20,1282.93505859375,1290.374159577052,1253.7681436672126,1261.0712513196502,4595194
2022-06-21,1315.3680419921875,1320.9020186854545,1290.7371889318204,1291.871205087972,6270787
2022-06-22,1303.8916015625,1324.1677855678092,1301.8503727550444,1302.8029904960238,6253366
2022-06-23,1317.681396484375,1322.7164726221101,1300.0361490174787,1306.2052413354454,6254281
2022-06-24,1307.3843994140625,1331.334840499222,1296.3164470818606,1322.716318533469,6114340
2022-06-27,1337.7760009765625,1346.3038236253658,1329.202884133053,1331.8338234573516,4511097
2022-06-28,1342.8109130859375,1350.1593138785072,1318.1800658931436,1332.695469234018,4412178
2022-06-29,1327.479248046875,1339.9534251599073,1321.8091675409512,1328.7946624267454,5060038
2022-06-30,1326.25439453125,1344.489349388375,1319.994604156603,1329.1121369570396,9165177
2022-07-01,1342.130615234375,1347.2109846776757,1308.518337278756,1319.087388364539,4651635
2022-07-04,1349.9327392578125,1353.7883939230314,1326.345204835297,1342.901839574178,4800224
2022-07-05,1339.000732421875,1369.8459686483452,1335.4172860401247,1359.7306341867263,7379669
2022-07-06,1353.244140625,1360.8193461699268,1333.6029592465284,1344.6709122978723,5209162
2022-07-07,1359.639892578125,1373.4748889332016,1356.9182539508968,1363.5863571826133,3323472
2022-07-08,1373.928466796875,1376.1964989390626,1360.7738803721873,1374.427478165659,3652582
2022-07-11,1336.460693359375,1360.7286382087686,1330.3370063413038,1356.2832728913424,4702638
2022-07-12,1305.116455078125,1332.3328420632538,1302.7577236881664,1326.163860792882,4710356
2022-07-13,1310.4234619140625,1324.530665006667,1305.116289274943,1315.4585371641556,5264025
2022-07-14,1296.2711181640625,1318.134926705403,1282.799028870994,1316.3659058640824,6157606
2022-07-15,1297.6318359375,1311.8297387301836,1279.7597876672385,1311.8297387301836,5620018
2022-07-18,1351.656494140625,1355.0131375042863,1313.6896572029552,1315.4586780241734,5835171
2022-07-19,1346.43994140625,1348.8893717454062,1333.6935568698457,1335.0090819172656,3418540
2022-07-20,1374.6995849609375,1384.2253192557744,1360.819184976676,1361.9532009641566,5079392
2022-07-21,1390.6666259765625,1392.9799523411634,1363.6316382423909,1376.2419192424743,5008061
2022-07-22,1366.53466796875,1397.1076946516139,1353.6975848594027,1391.6644179192049,7020642
2022-07-25,1364.0853271484375,1376.3781065370429,1342.7658234849073,1342.7658234849073,7859626
2022-07-26,1316.5020751953125,1357.7802638137314,1310.9226934860476,1357.7802638137314,7268273
2022-07-27,1334.555419921875,1336.3244405660616,1310.9224824290286,1316.3657591726785,4517285
2022-07-28,1376.6048583984375,1383.000642812574,1351.6110990365607,1357.5533877504583,6636841
2022-07-29,1405.907470703125,1411.3507468791615,1386.220999497288,1390.5756647356122,7009465
2022-08-01,1407.1326904296875,1418.8810538349696,1395.2028179881397,1418.8810538349696,2983249
2022-08-02,1400.3736572265625,1403.4582028981656,1386.5386620137654,1403.050001435288,4374635
2022-08-03,1420.7860107421875,1424.3241629773152,1397.017078561979,1405.2726932814403,6011955
2022-08-04,1451.44970703125,1455.0331531114546,1428.814682376479,1440.2002467347775,7402209
2022-08-05,1466.645751953125,1474.8559622239864,1453.6272690310873,1459.161245553542,5361971
2022-08-08,1469.140380859375,1471.4991119109761,1447.9115799074712,1466.9630480641483,3763409
2022-08-10,1453.7633056640625,1470.7735479878663,1440.744822354331,1470.7735479878663,4423829
2022-08-11,1469.639404296875,1479.981652880995,1466.0559578558064,1478.7569376887157,3462090
2022-08-12,1446.18798828125,1464.241546222961,1442.6045418057784,1463.6065415227213,3562286
2022-08-16,1448.31982421875,1459.7053891087387,1443.4662579077537,1459.7053891087387,3004430
2022-08-17,1457.2105712890625,1462.4270449294747,1437.9322991397132,1448.319841482686,4067324
2022-08-18,1436.07275390625,1449.907751962163,1427.9532419676661,1446.1882008630982,4635706
2022-08-19,1448.90966796875,1455.985972727663,1438.023113412736,1438.2046224349253,4739884
2022-08-22,1429.4500732421875,1450.6334729783907,1427.9531497610926,1438.8397049053958,3950555
2022-08-23,1399.2850341796875,1410.262286827083,1390.757211776081,1404.3654036721289,5551574
2022-08-24,1394.8397216796875,1402.5510307101117,1388.9428383034808,1392.5716896119156,2888426
2022-08-25,1377.2852783203125,1405.0005658088057,1373.2935194346403,1404.3655610799822,4331088
2022-08-26,1380.36962890625,1401.598319043365,1376.6499679693022,1392.707700379583,3079136
2022-08-29,1326.1185302734375,1332.287622633787,1315.4587781060266,1332.287622633787,8079050
2022-08-30,1354.42333984375,1357.281082385042,1329.9739985606177,1336.4151874553734,6725875
2022-09-01,1328.341064453125,1331.8792168601256,1316.411303587629,1324.5762195682023,8140604
2022-09-02,1318.18017578125,1340.8604953920767,1313.6441118590847,1340.8604953920767,5175653
2022-09-05,1325.710205078125,1330.8812741156314,1312.1473062882924,1316.3658682629728,3669352
2022-09-06,1320.08544921875,1333.6029433786189,1311.330822713805,1325.7102355622496,3428442
2022-09-07,1322.39892578125,1329.7473282333433,1304.6175748217827,1306.3865957059622,3600574
2022-09-08,1338.9554443359375,1343.6729067769502,1327.7966821761806,1338.13893063629,4061475
2022-09-09,1371.3883056640625,1378.9635106957787,1342.674997256416,1349.9326999442885,4816910
2022-09-12,1393.660400390625,1402.4604318892673,1380.0069128123039,1384.2254749088493,5494819
2022-09-13,1401.598388671875,1408.9014961011296,1398.2871505052733,1407.903584157342,4947158
2022-09-14,1338.501953125,1359.8667507661016,1335.4174070740382,1358.0977298843989,14332197
2022-09-15,1299.854736328125,1338.3204761404947,1296.4526878251136,1338.139077851174,12784100
2022-09-16,1249.2774658203125,1292.7782765113873,1241.3846477911488,1292.7782765113873,20464045
2022-09-19,1261.298095703125,1275.541293444799,1252.498064430117,1262.840313282475,6595241
2022-09-20,1259.7105712890625,1282.3908947738407,1256.580620201903,1277.310413718237,7219797
2022-09-21,1249.458984375,1259.9373378172006,1241.4301722440514,1251.8631207430983,7917054
2022-09-22,1241.021728515625,1255.5371335852622,1233.80943091915,1239.5702101574118,9168498
2022-09-23,1238.7537841796875,1265.3805708345333,1235.623944037449,1240.6136148834153,10426200
2022-09-26,1252.180419921875,1269.5988607267132,1229.273297586771,1233.8093614155043,9414587
2022-09-27,1264.2464599609375,1275.9948215927839,1250.1392564200899,1264.1556500846286,8561254
2022-09-28,1265.289794921875,1275.405240966301,1249.232170793064,1251.0465966039471,7022098
2022-09-29,1268.873291015625,1279.0340307679621,1263.7475161988737,1274.5433714005803,6119965
2022-09-30,1282.2999267578125,1287.6072103937954,1248.3248506647649,1260.0732124836215,8120130
2022-10-03,1264.427978515625,1280.9846139293722,1257.3970785454037,1280.9846139293722,4943169
2022-10-04,1296.77001953125,1299.3555539044949,1282.7989200355776,1287.9699887820675,6631341
2022-10-06,1320.130859375,1324.3494214633474,1310.106112640393,1310.922626390357,6180672
2022-10-07,1316.54736328125,1322.5803514308293,1306.5227268238814,1312.1474027075963,3994466
2022-10-10,1326.9349365234375,1329.0668646353636,1294.003064795037,1294.003064795037,5274677
2022-10-11,1291.689697265625,1342.3575126771138,1288.3329432818086,1326.9348942612842,12824774
2022-10-12,1296.135009765625,1307.3844717340612,1282.3908230970678,1303.6649210392081,5481467
2022-10-13,1288.151611328125,1304.5267376311374,1283.7062459953604,1298.2216523105023,4821514
2022-10-14,1337.4583740234375,1355.375825532315,1331.1078848810505,1347.2109109206747,14990688
2022-10-17,1351.70166015625,1356.2831290703418,1338.5924795607286,1339.8625996229894,4286396
2022-10-18,1364.176025390625,1370.7533190697093,1358.3245463460491,1369.8915110920248,4692004
2022-10-19,1347.619384765625,1365.310036666888,1343.8545397508806,1364.448228692281,3553171
2022-10-20,1361.6357421875,1364.448079777653,1337.4130934739194,1338.138908026621,4583939
2022-10-21,1361.2728271484375,1366.26249762449,1352.9718077531638,1361.0914288831727,3594485
2022-10-24,1377.012939453125,1380.5964964935235,1370.7985538626567,1377.6026499274944,982837
2022-10-25,1384.678955078125,1390.6665374705215,1379.9160878294856,1386.3118716885508,3914341
2022-10-27,1397.65625,1407.6988621560834,1387.1551861000603,1403.9386622242373,6760137
2022-10-28,1387.8431396484375,1401.3248686337695,1382.1110929788172,1399.5365148544627,3053981
2022-10-31,1410.2208251953125,1418.2456891269871,1403.4340607365787,1403.4340607365787,4542336
2022-11-01,1442.641357421875,1444.4756121674845,1418.887736075427,1424.3447111160303,4542692
2022-11-02,1424.5740966796875,1442.412180597886,1416.9618941495685,1441.7243350182016,2938906
2022-11-03,1403.892822265625,1415.9530704364693,1395.546984991158,1411.2298417515794,3174027
2022-11-04,1388.5308837890625,1394.4463107382567,1376.7458190882635,1394.4463107382567,4509682
2022-11-07,1382.5235595703125,1401.2788807869697,1367.528549999092,1395.3175530956448,4898592
2022-11-09,1385.9627685546875,1402.2876797188958,1376.6998049643528,1402.2876797188958,3334755
2022-11-10,1377.4793701171875,1386.6965447098637,1361.9341064114733,1361.9341064114733,3435763
2022-11-11,1439.981689453125,1443.0999449630117,1418.4750969869554,1418.4750969869554,7214098
2022-11-14,1453.922119140625,1459.516573917289,1438.468432811522,1444.613253594111,4908813
2022-11-15,1461.901123046875,1465.4320412606673,1442.4121651643493,1447.089492665349,3497614
2022-11-16,1469.9718017578125,1475.6579467024642,1461.4424723868096,1464.7900096971075,4497697
2022-11-17,1455.8480224609375,1469.9718064752024,1451.7667384557692,1464.8358035943602,3469515
2022-11-18,1461.3507080078125,1465.5694713292203,1444.9341064325322,1459.7915243765399,3126064
2022-11-21,1438.2391357421875,1456.2607114407933,1434.4331466169938,1450.9872289206992,3071764
2022-11-22,1453.6927490234375,1456.3982299208378,1432.552918851605,1438.9728102933216,3399329
2022-11-23,1451.9503173828125,1460.0668727709146,1448.4193991579355,1457.2238001205214,3245067
2022-11-24,1494.7342529296875,1500.4203979201461,1453.4176195623174,1457.3154109383324,5282215
2022-11-25,1500.099609375,1507.757601566357,1480.0603960028975,1496.2018175218022,4563255
2022-11-28,1488.86474609375,1516.4702603442256,1485.74649032818,1493.0835100335044,3825766
2022-11-29,1494.0465087890625,1502.9426002223424,1481.2067245613812,1486.8469687838856,3131710
2022-11-30,1499.4573974609375,1509.3624181599896,1479.4640873185208,1485.7004864644923,11868134
2022-12-01,1519.771728515625,1533.9872026204164,1515.369584352362,1518.9462914993808,5407928
2022-12-02,1502.1629638671875,1524.0823307242517,1498.540243529846,1518.7629471181933,4283343
2022-12-05,1503.859619140625,1508.5369463809327,1488.77291854345,1502.2546462279884,3824966
2022-12-06,1479.2347412109375,1491.2490872351268,1474.328132226153,1490.3319598752034,4822398
2022-12-07,1472.4481201171875,1489.2315972240235,1464.3773537802756,1474.7409387408518,4898087
2022-12-08,1485.8839111328125,1489.3231387245678,1466.0280814456066,1472.4479729502166,4206837
2022-12-09,1439.248046875,1493.083379473675,1431.7275351622377,1493.083379473675,8880658
2022-12-12,1418.9794921875,1436.1756312245805,1403.2508465781414,1421.5474937319827,8037679
2022-12-13,1441.8619384765625,1446.7685479281745,1413.4309876139487,1418.9795414969738,6135067
2022-12-14,1448.510986328125,1456.8568229798866,1442.641348786504,1450.8954950923392,4976020
2022-12-15,1412.8348388671875,1439.8900986832095,1408.019919747387,1439.2481542488501,6443866
2022-12-16,1396.05126953125,1421.0888920823663,1386.7425160776045,1398.6192710071691,9630453
2022-12-19,1382.431884765625,1391.1904957152399,1371.1512855645854,1382.9821387832817,6222740
2022-12-20,1382.38623046875,1390.3651943884424,1359.5955240977712,1376.6082828344672,7396259
2022-12-21,1384.4495849609375,1394.9506479498932,1377.8462011118406,1389.447884052655,6236361
2022-12-22,1395.9136962890625,1403.1589126270385,1386.4672400160273,1395.4092314763589,6302640
2022-12-23,1373.0313720703125,1384.7706472634532,1369.2711722199242,1383.6700272399569,6283822
2022-12-26,1377.8922119140625,1384.7706673330085,1372.3435464278352,1376.1496474837907,4115459
2022-12-27,1389.310302734375,1395.3633206748425,1373.398166072519,1384.816356461264,4860076
2022-12-28,1384.9998779296875,1398.573295419047,1374.3153220044476,1380.36834007092,5029860
2022-12-29,1391.7867431640625,1395.2259709449818,1376.6082397759933,1379.3596220007287,4624745
2022-12-30,1383.21142578125,1403.5717201426937,1379.4054368384104,1401.370592109832,5060544
2023-01-02,1397.7021484375,1399.9949669224698,1379.4055017090532,1388.5308744976214,3801140
2023-01-03,1396.372314453125,1405.6352784494222,1389.5396484110163,1393.8960033950495,4551130
2023-01-04,1370.9222412109375,1394.9509370945927,1367.5288022651728,1394.9509370945927,7059590
2023-01-05,1352.9462890625,1381.1021672768188,1347.489425840876,1381.1021672768188,9868404
2023-01-06,1328.4591064453125,1352.7629837810398,1326.6248515520501,1348.1773465478836,6443714
2023-01-09,1361.4296875,1365.9236340298328,1328.183820144947,1328.183820144947,11498717
2023-01-10,1347.947998046875,1360.9253731659428,1333.5491426282238,1359.182808712685,7158624
2023-01-11,1349.3236083984375,1370.1882555291525,1342.674435137001,1348.177199215431,6173092
2023-01-12,1357.8988037109375,1361.9341866547945,1334.4203647021723,1359.136903308,6591385
2023-01-13,1379.03857421875,1393.4833301069489,1346.342961515927,1360.5584355646306,11610426
2023-01-16,1399.0780029296875,1401.3708216824402,1377.800689685759,1384.862526662621,6073063
2023-01-17,1411.9173583984375,1414.3935571164618,1397.7018864561342,1400.4532681223866,5922644
2023-01-18,1417.3287353515625,1423.24416242099,1412.0093515411083,1416.7325801385587,5843098
2023-01-19,1411.3673095703125,1421.1347382958118,1399.6739357893398,1412.284436925683,6165284
2023-01-20,1399.123779296875,1416.9618628206752,1397.7021870153455,1410.5419708855652,6496429
2023-01-23,1419.7132568359375,1424.574076980102,1401.4623986498889,1407.7906002862817,4855020
2023-01-24,1423.2900390625,1438.7895145635266,1421.3181927553053,1430.7187486357645,5200802
2023-01-25,1415.1275634765625,1427.0502195525155,1411.2297720671163,1418.7960730383943,4158617
2023-01-27,1393.254150390625,1422.4187353397176,1382.477903144469,1417.8789993665666,6209955
2023-01-30,1411.275634765625,1416.0446522844554,1394.0335955131943,1402.104361110933,6964719
2023-01-31,1406.64404296875,1420.5385444147953,1387.6136508633863,1420.5385444147953,9448126
2023-02-01,1422.55615234375,1426.1788724013397,1401.4164349583425,1414.3936968698845,6194199
2023-02-02,1452.50048828125,1455.4352511160564,1423.3816939621152,1423.3816939621152,6916834
2023-02-03,1466.853515625,1471.668434244157,1442.6413310350065,1465.1109512577386,7040194
2023-02-06,1439.7525634765625,1465.5697246336003,1432.1862617067081,1465.5697246336003,4570612
2023-02-07,1432.9197998046875,1445.4386105734359,1426.224725341101,1438.9728179482734,4336238
2023-02-08,1458.691162109375,1470.1552548640857,1435.7629765999538,1435.7629765999538,7983338
2023-02-09,1482.9949951171875,1485.5170954490195,1454.6099470732718,1463.9187005529932,6904911
2023-02-10,1475.245361328125,1482.3530988577234,1464.1480299444947,1479.2806324268656,4786762
2023-02-13,1437.5513916015625,1464.6525528112115,1436.2216015669112,1464.6525528112115,4001199
2023-02-14,1461.213134765625,1463.7352349511611,1447.3645343194853,1453.3716512253498,5043736
2023-02-15,1464.6983642578125,1466.48671791268,1445.3927876362625,1452.7298068628425,3465747
2023-02-16,1469.0546875,1480.6562593366962,1465.4319671631831,1467.4038134282825,4290289
2023-02-17,1452.54638671875,1462.8181685754123,1444.934184696277,1461.901041196995,2857734
2023-02-20,1460.4793701171875,1470.1551082186375,1451.3539979762904,1453.6009151504752,2417716
2023-02-21,1448.6026611328125,1468.917054491703,1445.3927153816476,1466.211461614736,2723288
2023-02-22,1432.36962890625,1444.4756658959568,1426.4083007612826,1433.47013701294,3656244
2023-02-23,1422.1893310546875,1439.7523421262586,1419.8507234941526,1439.7523421262586,4766854
2023-02-24,1422.1436767578125,1438.9729427671186,1416.9618843691512,1430.7187958678808,2790986
2023-02-27,1384.2203369140625,1412.376101427138,1377.525262560754,1412.376101427138,4920268
2023-02-28,1364.27294921875,1397.7021991611691,1358.5409027983055,1389.9983063812856,9679811
2023-03-01,1372.0684814453125,1376.4706257604705,1358.7242330919914,1368.7209440691638,5125043
2023-03-02,1350.1490478515625,1365.2357479456998,1345.701002604229,1361.9341118834534,4644499
2023-03-03,1356.70654296875,1366.336380209989,1350.9285958423973,1363.539096991639,4615015
2023-03-06,1382.5235595703125,1394.400425758518,1369.4087058218104,1370.6927064845922,6561742
2023-03-08,1368.9959716796875,1372.02253676298,1358.3573166463943,1367.0242374099919,4137080
2023-03-09,1357.7154541015625,1374.177846498556,1352.3960702873087,1371.105492034302,5104656
2023-03-10,1349.5987548828125,1352.120855017214,1336.8506627217619,1339.0058895367195,3699580
2023-03-13,1316.1693115234375,1355.789276420808,1309.6577303529612,1342.8576924612564,8798403
2023-03-14,1302.3209228515625,1328.321462547265,1294.066776157433,1321.5805984711983,7402784
2023-03-15,1302.0,1323.2773119475332,1299.4319983717653,1318.8292662290141,7556182
2023-03-16,1287.738525390625,1300.3032376058475,1282.786015172728,1300.3032376058475,7323117
2023-03-17,1302.962890625,1323.3231866747517,1294.4336727271848,1311.4922204768466,9090018
2023-03-20,1287.3258056640625,1302.0456322126888,1270.0837669911443,1302.0456322126888,8221829
2023-03-21,1275.4490966796875,1288.5640639628448,1274.8071522479388,1283.0612992768824,8536755
2023-03-22,1274.119384765625,1290.6276798354693,1267.6078018788835,1286.7298879439784,8356487
2023-03-23,1260.637451171875,1269.258358749589,1256.4644769231124,1269.258358749589,7607718
2023-03-24,1266.2318115234375,1283.0151737075835,1263.3428381778178,1272.9726746938736,7559127
2023-03-27,1273.843994140625,1280.0805049322928,1260.2246753182865,1271.3677950652989,4170193
2023-03-28,1263.4346923828125,1282.1441138599873,1261.8297194219722,1276.7330397726337,6633366
2023-03-29,1268.8916015625,1274.715337897841,1251.466181751986,1264.7186272999518,8813966
2023-03-31,1309.612060546875,1311.4463153951938,1278.3839389266645,1287.6469035198686,8711975
2023-04-03,1293.9290771484375,1316.0777246615953,1288.7014961247696,1316.0777246615953,5242764
2023-04-05,1305.576904296875,1309.1995131593774,1283.9785067762718,1283.9785067762718,7506334
2023-04-06,1304.0634765625,1310.024804681296,1293.4706102774894,1298.6524024946332,6948465
2023-04-10,1309.2911376953125,1315.160775822006,1297.7353541060936,1305.943600080133,4993788
2023-04-11,1289.61865234375,1314.5644716127188,1273.8898958181142,1310.483299665465,6942255
2023-04-12,1309.93310546875,1312.8678683565352,1283.9783553609145,1295.946912669283,5831169
2023-04-13,1274.0732421875,1294.1125639133095,1268.3870975225138,1292.920253602577,11267238
2023-04-17,1154.021484375,1156.6352751470652,1087.071182308468,1146.6844649704485,53171705
2023-04-18,1154.984375,1164.7059031013866,1149.2523287192262,1164.7059031013866,12430884
2023-04-19,1130.0843505859375,1150.3987451220048,1127.5164610086156,1150.3987451220048,11307230
2023-04-20,1122.0137939453125,1135.2662413976043,1120.1795389648407,1128.7087574516104,8621249
2023-04-21,1125.6363525390625,1131.047426880891,1118.8954881773257,1126.324198126057,8691352
2023-04-24,1124.6734619140625,1128.0667887734735,1117.0612591269032,1126.2325338323785,8313774
2023-04-25,1123.389404296875,1133.110932602619,1114.3098204064606,1124.3523209198693,6808576
2023-04-26,1125.81982421875,1130.8181239428047,1119.3999321931217,1126.2324867816417,5680192
2023-04-27,1142.9698486328125,1144.391440668484,1123.8477676382633,1128.0665306466274,8020704
2023-04-28,1148.931396484375,1154.6634429645405,1141.7777576955154,1151.6368776414001,10118277
2023-05-02,1171.58447265625,1173.6939106744755,1150.5823426028023,1150.5823426028023,8886401
2023-05-03,1163.97216796875,1167.0445221194786,1157.5063755400363,1161.0831945015796,5549783
2023-05-04,1168.0076904296875,1170.0712271598577,1157.8733874843501,1163.788814662558,4505401
2023-05-05,1154.755126953125,1173.0059852361912,1150.307081299838,1173.0059852361912,5373791
2023-05-08,1160.716552734375,1165.027119198115,1151.178404252146,1157.8275786908769,5260842
2023-05-09,1165.3936767578125,1166.5859870922673,1156.2224032743827,1161.0832230022093,4969897
2023-05-10,1158.5611572265625,1170.621404606506,1154.800957377408,1170.621404606506,6515734
2023-05-11,1152.0035400390625,1170.162704744329,1149.2063690414109,1164.980913284401,6888461
2023-05-12,1142.007080078125,1151.9121015289375,1136.366835704728,1149.4816913442992,8292212
2023-05-15,1154.0672607421875,1163.7429997559711,1142.419787348579,1146.3175788639087,5534710
2023-05-16,1159.5242919921875,1168.3744824143912,1158.1026996481462,1160.1662364323145,5236469
2023-05-17,1143.5660400390625,1156.4516112883057,1139.4847564270556,1156.1306391276796,10465667
2023-05-18,1142.74072265625,1155.2595338626716,1139.4848756551935,1154.2965053260136,6948732
2023-05-19,1163.7430419921875,1167.778425157087,1148.9773124596102,1151.9579766677468,11094136
2023-05-22,1185.662353515625,1188.2302430762331,1164.9810857591126,1167.4572849700612,7625947
2023-05-23,1192.3114013671875,1205.2428740172338,1189.5600194436024,1191.5317535922914,7436031
2023-05-24,1191.0274658203125,1196.851202152626,1184.2866021300276,1188.8722389198845,4824077
2023-05-25,1196.2552490234375,1198.685659323356,1182.4066459698827,1187.2215654124593,4334121
2023-05-26,1208.2694091796875,1213.7721734013032,1197.7683455717138,1197.7683455717138,5521606
2023-05-29,1205.472412109375,1222.255778238723,1201.2994371898862,1222.255778238723,4419365
2023-05-30,1214.13916015625,1216.4778799505127,1200.657431335536,1206.022604561982,6274719
2023-05-31,1209.049072265625,1220.7882355808035,1205.24297124017,1210.4705525350664,17800782
2023-06-01,1210.149658203125,1219.3209326116369,1208.8656573951266,1212.9469416793345,4277841
2023-06-02,1207.361328125,1220.28076764581,1204.619482886525,1216.6558726063317,10909311
2023-06-05,1212.473388671875,1217.0741430383937,1205.7813616917022,1212.0086614243962,5002553
2023-06-06,1188.772216796875,1197.6949566393228,1183.195490212996,1197.6949566393228,10008100
2023-06-07,1198.020263671875,1202.7140540111552,1192.025327874271,1199.4609634477556,5397578
2023-06-08,1192.3040771484375,1200.8550117245732,1190.72393668932,1195.464131149108,5034942
2023-06-09,1176.6427001953125,1192.0252152176977,1174.83030957908,1192.0252152176977,5339073
2023-06-12,1200.80859375,1204.2940478285252,1183.1954778567024,1183.6602050671725,4785588
2023-06-13,1212.798583984375,1214.332206477655,1205.5489075433659,1208.1978299633267,4846587
2023-06-14,1208.66259765625,1214.5180926556236,1201.970457495657,1214.19280628768,3457981
2023-06-15,1196.0218505859375,1202.6673581303833,1192.1645925106025,1202.6673581303833,6161155
2023-06-16,1200.52978515625,1209.6848882031022,1190.677591317118,1196.2077995523568,8536287
2023-06-19,1202.714111328125,1207.826111028515,1196.2544479993342,1202.714111328125,4451787
2023-06-20,1211.4510498046875,1212.938154351979,1200.0187137709518,1202.7141545834947,4009180
2023-06-21,1207.6865234375,1211.8226634951286,1203.6434195847064,1208.2441733725773,4041529
2023-06-22,1191.142333984375,1198.4385283465883,1183.6601806665321,1198.4385283465883,6676607
2023-06-23,1175.759765625,1189.0974130017955,1174.2261432389498,1186.4019726655229,7239467
2023-06-26,1180.7322998046875,1184.1248308422635,1173.2037423317481,1180.6393770623117,3403244
2023-06-27,1188.91162109375,1191.5605434478787,1184.3107537282526,1189.7016346437479,3240024
2023-06-28,1202.10986328125,1205.2235129272265,1191.0029282361302,1198.9962136352735,5662358
2023-06-30,1241.2862548828125,1244.4464222893582,1212.426652618648,1215.9121063481953,12821692
2023-07-03,1239.61328125,1251.0456156922185,1234.7336456761632,1236.1743453719541,7732412
2023-07-04,1250.2554931640625,1251.0455066392037,1237.4754963466114,1249.4654796889213,5797775
2023-07-05,1252.25390625,1262.1525044299242,1246.3982983908247,1262.0595816855596,5414936
2023-07-06,1249.0936279296875,1252.3931225440535,1242.8198115479954,1247.8388873451038,5963897
2023-07-07,1236.360107421875,1250.8596857725443,1231.8522766020494,1239.89207926807,6295647
2023-07-10,1235.38427734375,1247.2348203575655,1226.229174648363,1242.26226225529,3940315
2023-07-11,1253.462158203125,1255.5999486675075,1233.3859662223854,1239.38090160913,6126128
2023-07-12,1239.2415771484375,1256.52940602109,1233.3859691382677,1255.6928743826675,8102770
2023-07-13,1268.7982177734375,1279.6729026631901,1236.9644035943056,1240.728739413603,9977644
2023-07-14,1325.3553466796875,1329.1196820718644,1283.251133917294,1283.251133917294,12833381
2023-07-17,1322.567138671875,1356.027498224912,1314.5274486018602,1325.3555019679613,11569884
2023-07-18,1371.1309814453125,1373.686980851345,1328.1902368074773,1332.8375084548093,16743977
2023-07-19,1370.8988037109375,1393.0663832409173,1357.6540777205,1381.1693208273919,13687062
2023-07-20,1347.244140625,1367.2274100444117,1339.0648965954,1367.2274100444117,8347221
2023-07-21,1237.661376953125,1254.7633595078025,1212.9379141908757,1227.0655747810806,45548305
2023-07-24,1242.3087158203125,1254.670504599167,1240.1245206940966,1246.398337830829,8859789
2023-07-25,1240.44970703125,1248.117705135712,1230.82987755559,1242.6804200806673,6801982
2023-07-26,1253.694580078125,1254.7634753600048,1244.9112811341217,1248.2572943766568,5528885
2023-07-27,1257.6912841796875,1267.5899965472738,1252.0216348505492,1262.7567654377913,9191861
2023-07-28,1245.9337158203125,1267.6364549818945,1241.7511707093902,1258.3419102909559,6122735
2023-07-31,1260.061279296875,1261.7343425932213,1239.1950734898064,1253.6016166280715,7902180
2023-08-01,1268.8909912109375,1272.4229630074722,1261.2695111768735,1265.9167827729561,6064652
2023-08-02,1261.1302490234375,1275.1649885403967,1253.322808944047,1272.7020250125254,7419145
2023-08-03,1268.0545654296875,1270.1458376352903,1253.833869048077,1254.7633233616784,6503741
2023-08-04,1281.1134033203125,1288.13082917061,1265.9168471204257,1272.3301049407662,5712345
2023-08-07,1294.7298583984375,1296.5887670249967,1279.8585893859645,1289.9896640924674,3729093
2023-08-08,1292.1275634765625,1295.241326729345,1286.7367956063742,1294.5906405227167,4161877
2023-08-09,1296.03125,1297.5183543619519,1284.970719846274,1286.3649014591272,4090828
2023-08-10,1291.105224609375,1297.3326378411728,1287.8521338559706,1293.4288608618067,3873025
2023-08-11,1275.0718994140625,1298.3082576548654,1270.6105867070967,1293.8004268479058,5783517
2023-08-14,1295.2412109375,1296.5888744198694,1269.2628926543166,1275.0719825934739,4304135
2023-08-16,1318.43115234375,1319.7788159280838,1306.2553216018096,1311.274398380743,7735313
2023-08-17,1311.971435546875,1319.825280033983,1306.812918118155,1319.825280033983,5618346
2023-08-18,1290.8262939453125,1309.3223454207798,1288.3632171358356,1304.6750735005544,5134103
2023-08-21,1306.25537109375,1307.7424755952752,1289.2928265453395,1291.7093855426679,3032722
2023-08-22,1304.7215576171875,1306.8593480283198,1298.1224543541218,1305.6044938755163,2890714
2023-08-23,1308.6251220703125,1316.6649243696359,1306.4874452788256,1316.1072744874555,2559125
2023-08-24,1323.1712646484375,1324.5190416072762,1314.6667341741827,1321.2194330950322,5171963
2023-08-25,1319.9180908203125,1322.148803936989,1311.8318834134902,1313.3189876716804,4307172
2023-08-28,1315.7822265625,1324.2867575475643,1311.83204511479,1319.9182535183484,3133464
2023-08-29,1317.64111328125,1323.914930768979,1315.4569180328365,1323.5431263001694,3074444
2023-08-30,1333.906494140625,1335.30067572943,1323.5430549720845,1326.3314181496944,3070887
2023-08-31,1334.1851806640625,1342.9685922108208,1327.8649592572012,1333.906412438649,9792735
2023-09-01,1341.99267578125,1343.9910253779606,1327.446692130181,1330.0026916597724,3582133
2023-09-04,1361.74365234375,1366.2980017078678,1333.4882151949037,1341.2027322887438,4609014
2023-09-05,1374.5701904296875,1375.639085724664,1353.7503883361237,1361.6507510555587,5496840
2023-09-06,1373.2222900390625,1378.2878843440208,1360.070601695981,1377.3584299899496,5075786
2023-09-07,1362.76611328125,1369.4582536129653,1358.908967956038,1366.8557356852762,4411743
2023-09-08,1365.92626953125,1370.7129827544118,1357.1893748015916,1360.2566199430964,3125838
2023-09-11,1372.29296875,1373.7801866277496,1361.1860335253727,1365.9262284990148,4182226
2023-09-12,1395.2039794921875,1397.8994199484737,1372.8970738547118,1377.9161503149019,6793161
2023-09-13,1392.6480712890625,1398.8289661568638,1383.632408385723,1398.8289661568638,4804686
2023-09-14,1400.6412353515625,1405.846270656975,1393.3915592483722,1398.8288446904617,6444213
2023-09-15,1404.96337890625,1411.2837147970909,1402.546819933446,1410.9119103107828,8657816
2023-09-18,1386.5601806640625,1398.7360111511314,1383.0282084042437,1398.7360111511314,3991916
2023-09-20,1385.119384765625,1389.6272158004997,1372.0605053905272,1372.0605053905272,4169337
2023-09-21,1395.8082275390625,1398.4107453961012,1371.8747753272223,1381.680565209184,6779195
2023-09-22,1390.6031494140625,1400.641188325793,1380.4255561991947,1386.6529684238076,5455613
2023-09-25,1370.1552734375,1384.7476626343905,1367.7387146063886,1384.7476626343905,4217863
2023-09-26,1357.607421875,1375.4994168322296,1356.0737996154826,1374.8023261196104,3996528
2023-09-27,1363.509521484375,1365.926080084956,1347.7553157505324,1353.2855237091,3863586
2023-09-28,1337.9033203125,1368.7147616522336,1333.767292906175,1364.3463706060295,5814602
2023-09-29,1334.1851806640625,1344.734578140231,1316.1073392200121,1331.0715313315343,6068968
2023-10-03,1332.837646484375,1335.626009761539,1320.1041662355099,1334.7430734406207,4181867
2023-10-04,1342.4573974609375,1347.6623192444497,1318.1521429784143,1324.4724780818983,4510406
2023-10-05,1360.2100830078125,1371.5494954859564,1347.8948114227326,1349.5678748329035,7384621
2023-10-06,1374.3841552734375,1379.7750360960613,1360.0706484952473,1365.8332203052626,3598672
2023-10-09,1371.36328125,1385.8163407845495,1359.0480119573137,1361.5576066054282,3567552
2023-10-10,1389.673828125,1391.393296146582,1365.4614945887647,1379.2174656790087,5688951
2023-10-11,1388.9765625,1411.1440254040863,1376.9400609460672,1391.3931210472037,7220129
2023-10-12,1362.1153564453125,1398.2711535251433,1349.5677226602481,1386.6529740945282,11081662
2023-10-13,1330.1885986328125,1336.5553381568939,1301.2360733099106,1305.8833450003033,17973439
2023-10-16,1332.97705078125,1341.7603494799055,1329.1197923285388,1331.0716238772634,4850745
2023-10-17,1340.6915283203125,1350.8226045344618,1336.6020195003289,1338.6467739103207,3923764
2023-10-18,1338.9254150390625,1351.4265297831892,1336.8805475377155,1340.2730783681973,4264837
2023-10-19,1332.5123291015625,1338.0890555260446,1325.49490296724,1325.49490296724,6795691
2023-10-20,1326.563720703125,1337.0200821379894,1324.7048120035936,1329.119720164981,3928622
2023-10-23,1309.27587890625,1331.3039013836562,1306.1157114580749,1325.0300845878248,2636516
2023-10-25,1289.88134765625,1320.4796048766234,1281.643355327688,1317.1372877323818,6940777
2023-10-26,1279.901611328125,1293.600262701033,1273.923205151914,1275.7591696776637,6357656
2023-10-27,1299.5784912109375,1303.956418417084,1283.8557413785777,1283.8557413785777,4634358
2023-10-30,1296.4718017578125,1299.578632909673,1283.3380187073392,1299.578632909673,2667696
2023-10-31,1288.327880859375,1300.3318125956307,1283.2438397267852,1299.2019618287502,3451595
2023-11-01,1274.91162109375,1296.8481472235057,1272.5579091746342,1292.7057061877338,3090672
2023-11-02,1289.9754638671875,1295.7656185619023,1281.972842805629,1289.8342181571022,3758060
2023-11-03,1307.76953125,1310.54686548969,1297.1307068451297,1299.2961678955407,3349045
2023-11-06,1321.185791015625,1324.9046103571086,1309.4172299003549,1312.3358100714709,2736381
2023-11-07,1322.127197265625,1323.6335500133118,1313.2300966352614,1318.078766511828,2272209
2023-11-08,1309.60546875,1322.7862570767434,1305.3216665728671,1322.7862570767434,3550635
2023-11-09,1294.3533935546875,1315.725053279232,1289.8813406007866,1314.2187005328615,5498051
2023-11-10,1288.75146484375,1292.7998955154703,1281.3608320382564,1289.7870751538298,2943649
2023-11-13,1293.1766357421875,1301.5557594451382,1290.6345575452056,1299.1079216804326,3462092
2023-11-15,1327.96435546875,1331.2595523805833,1311.4883709095843,1317.1372799012984,8551860
2023-11-16,1360.3514404296875,1368.3540614057245,1328.058465108388,1333.2366316222942,6673907
2023-11-17,1353.4315185546875,1366.0944431282537,1351.0778065575678,1356.726715350655,4901251
2023-11-20,1352.537109375,1367.0359990167078,1349.7597750449072,1357.6211505386314,3584210
2023-11-21,1354.796630859375,1365.152963687348,1352.6782900536532,1357.621085267004,3793135
2023-11-22,1372.4967041015625,1373.5793197717323,1352.1605387506925,1352.1605387506925,3108786
2023-11-23,1364.4468994140625,1382.0056146017555,1362.9875519464238,1382.0056146017555,3186928
2023-11-24,1353.2904052734375,1367.6480498608116,1349.948087939533,1360.9635301203575,2973195
2023-11-28,1358.2801513671875,1360.4456124998921,1343.5460053605395,1359.504127646951,3755373
2023-11-29,1374.1912841796875,1375.226894544369,1364.964801471109,1366.1886628376049,3875778
2023-11-30,1370.001708984375,1375.179875684024,1364.729416784748,1368.21286477539,10120867
2023-12-01,1367.3184814453125,1374.4737432561005,1361.5283266839235,1374.4737432561005,3489187
2023-12-04,1378.663330078125,1385.7715867334168,1364.4940519087752,1374.9915161431222,5511948
2023-12-05,1368.8719482421875,1381.064246866101,1357.6212494620409,1380.0286364435226,5123039
2023-12-06,1388.03125,1390.5732132882843,1366.1417258233225,1371.5081438440814,5269178
2023-12-07,1380.1226806640625,1386.6659544767813,1376.2626157196041,1386.6659544767813,4424453
2023-12-08,1403.895263671875,1407.237466186765,1380.4522661411922,1384.359451550866,6323433
2023-12-11,1401.400146484375,1410.3442522227704,1395.2804951896835,1402.812373706227,3862018
2023-12-12,1389.6787109375,1402.812378171591,1381.7702154844862,1391.0438179520306,6103494
2023-12-13,1364.2115478515625,1389.6787590187653,1349.2890359623277,1389.6316388053183,8549258
2023-12-14,1413.5924072265625,1422.5836336750658,1375.8388870549381,1377.7689770027378,12489858
2023-12-15,1486.039794921875,1495.5958896794918,1431.9985384663394,1433.9286284897844,18395389
2023-12-18,1472.811767578125,1499.7853308836295,1468.9988229814394,1476.2010899731836,6467243
2023-12-19,1467.115966796875,1481.8501135515992,1452.9465730697686,1478.2254196692145,4221721
2023-12-20,1446.497314453125,1490.8412269194432,1440.4717885612556,1473.470877793026,6592367
2023-12-21,1446.120849609375,1456.1476870794431,1432.2339469194412,1432.2339469194412,5319038
2023-12-22,1471.4466552734375,1474.3652352440706,1433.8813877884545,1445.1320854708788,6741060
2023-12-26,1453.60546875,1457.4185283124546,1433.8814073771757,1445.1792254261095,6878067
2023-12-27,1475.40087890625,1478.131207944611,1453.6526019531718,1453.6526019531718,4225849
2023-12-28,1471.211181640625,1477.1424666659373,1464.0088002487887,1477.1424666659373,5702253
2023-12-29,1452.616943359375,1468.1984480838207,1449.8866144117019,1450.8752194379208,4388990
2024-01-01,1460.5726318359375,1465.8920447074709,1445.4147473584744,1448.945315866922,2808451
2024-01-02,1444.6142578125,1458.5011582059428,1433.8813084212525,1455.535458187299,5396313
2024-01-03,1402.8123779296875,1431.0098022399532,1400.9294082948825,1431.0098022399532,7550363
2024-01-04,1424.18408203125,1430.821596173285,1405.5427510177758,1416.8875744672803,7056038
2024-01-05,1442.87255859375,1449.6040828896844,1418.1114626851406,1418.582205079393,8895403
2024-01-08,1433.6932373046875,1446.120791889042,1424.7020106289667,1439.4832774397032,4440136
2024-01-09,1439.812744140625,1462.1258878294154,1436.5645526388157,1451.675429581847,4412074
2024-01-10,1430.9627685546875,1445.602788218323,1416.9346220683428,1435.7171978317997,4096845
2024-01-11,1406.7666015625,1435.7643805973064,1399.6113397659765,1435.6702550988025,11296088
2024-01-12,1518.3797607421875,1523.3225564289937,1464.3856251298819,1470.5994024363956,26754401
2024-01-15,1555.4271240234375,1567.5251815652139,1540.2692406673768,1548.6954842465418,13228305
2024-01-16,1536.07958984375,1552.0377114243083,1529.9128183588118,1548.5542635934448,6500917
2024-01-17,1544.223388671875,1551.0962739751476,1525.4408120839046,1525.4408120839046,9209876
2024-01-18,1546.4830322265625,1552.5085584102292,1532.9727472598277,1546.5301524412396,6375464
2024-01-19,1562.111572265625,1568.0429726211407,1547.9422946366542,1554.9563105966838,4522736
2024-01-23,1546.0594482421875,1576.7047127157934,1541.8697714896578,1553.5442072103745,9401255
2024-01-24,1577.36376953125,1581.6945769350064,1548.7426065821937,1562.7707540892902,8999681
2024-01-25,1571.432373046875,1582.2124437614616,1560.9819139785684,1575.0570668097866,8865304
2024-01-29,1559.6639404296875,1581.0827229768895,1551.1905759055196,1567.7136826985916,4253785
2024-01-30,1554.8150634765625,1591.1093493392334,1551.8023580167996,1565.171396519599,4995943
2024-01-31,1563.7122802734375,1569.690686352798,1542.2463787626282,1551.8024734029086,6763779
2024-02-01,1560.0875244140625,1578.8701012939357,1553.7795069313138,1562.4412365507558,5760011
2024-02-02,1594.2633056640625,1617.941672001784,1567.5722338568344,1568.5608388941694,7858483
2024-02-05,1588.4732666015625,1601.2304328815121,1583.4363454059862,1595.5815235195898,3634135
2024-02-06,1628.2508544921875,1631.5931715300217,1575.9984476716934,1588.0494991796102,7694265
2024-02-07,1594.639892578125,1627.8272320398985,1588.1436244214153,1627.8272320398985,4613877
2024-02-08,1593.0865478515625,1606.5027074369461,1584.330807394356,1598.6413316478238,5919715
2024-02-09,1571.667724609375,1593.8397389846994,1562.6766131725003,1586.1194941932167,4600004
2024-02-12,1581.7886962890625,1593.8867538003944,1572.6092188693096,1572.6092188693096,3555808
2024-02-13,1585.978271484375,1590.2619583832927,1566.1599704025425,1584.518924068217,2696481
2024-02-14,1568.7020263671875,1571.7618521594686,1539.7984871618103,1563.0531172122069,3768579
2024-02-15,1578.2581787109375,1588.9911294855572,1564.3712765276096,1578.8701668773688,4834391
2024-02-16,1602.07763671875,1608.997527029752,1589.1792259716428,1590.1678309849335,4880654
2024-02-19,1600.288818359375,1611.3512649637125,1588.943880338882,1605.2316136506747,3690993
2024-02-20,1586.6373291015625,1595.1106926748687,1571.1028292171682,1586.401957891193,3706389
2024-02-21,1558.67529296875,1576.04564252021,1549.0250732340833,1576.04564252021,4300508
2024-02-22,1582.965576171875,1586.0254020244706,1548.1777559110003,1567.5723214065963,5841277
2024-02-23,1578.7288818359375,1599.064932049705,1574.0685776987198,1597.6998249586602,5373072
2024-02-26,1563.0059814453125,1576.939887241313,1548.7424640342401,1576.939887241313,2782438
2024-02-27,1566.254150390625,1573.315286661556,1556.0861831168934,1563.8063128021718,5159088
2024-02-28,1573.45654296875,1589.0381630824766,1564.7949283890164,1572.2796869156693,3188916
2024-02-29,1575.951416015625,1583.8127910418666,1556.5568522895687,1567.5721783829442,7814722
2024-03-01,1557.875,1574.115614336737,1554.391551881323,1571.3382798848747,6387291
2024-03-04,1541.39892578125,1567.0543875331723,1538.0567235736469,1560.8406106080845,4445156
2024-03-05,1512.495361328125,1541.5401450012134,1508.2586796437324,1538.386193843857,4596579
2024-03-06,1522.8988037109375,1525.3466412368123,1483.7800637991031,1509.0119027331223,6420684
2024-03-07,1521.863037109375,1533.1608545469473,1510.3298484751865,1522.004282812813,6348359
2024-03-11,1506.940673828125,1519.3683431830998,1495.0779873422402,1514.0489306330928,6752895
2024-03-12,1518.56787109375,1529.9128089712128,1504.1632225256892,1506.375688833194,4614222
2024-03-13,1517.1085205078125,1529.4419475146146,1505.010464684069,1518.520747606164,5688997
2024-03-14,1556.5570068359375,1560.7465686045769,1513.9076955609466,1519.9332218123318,8803799
2024-03-15,1538.38623046875,1549.4957975654736,1523.6519697189988,1545.0707498555741,11809997
2024-03-18,1508.8707275390625,1537.1152732206572,1505.2930391151203,1534.6203153666463,4958904
2024-03-19,1470.0814208984375,1505.4342217324486,1466.8333442521293,1499.173324716635,6870411
2024-03-20,1463.9619140625,1482.7916122525826,1461.5140762832607,1471.540913554951,4759059
2024-03-21,1463.7264404296875,1484.6744782005846,1453.087730653012,1472.4822954464403,11062497
2024-03-22,1420.559326171875,1439.4361424981196,1410.5324900051585,1431.9983895472183,14673890
2024-03-26,1405.307373046875,1419.2412797585116,1400.8353200453062,1404.6953849138222,8351081
2024-03-27,1397.022216796875,1411.2857346994197,1394.8568706833632,1408.4612802603947,6857402
2024-03-28,1410.3914794921875,1423.3368966751368,1400.1292712489605,1400.1292712489605,12499530
2024-04-01,1407.943603515625,1440.4248338525047,1405.4487603736661,1435.7645293838095,6580002
2024-04-02,1396.080810546875,1405.7781506375063,1394.1978408148962,1397.9637802788536,7279400
2024-04-03,1394.0096435546875,1407.6140544217724,1388.6902308713024,1392.4561704804448,8736248
2024-04-04,1399.7054443359375,1408.1318024819914,1382.0997240670574,1403.3302528566012,11186915
2024-04-05,1392.55029296875,1399.7055552251502,1389.6788329794124,1393.4447725803975,5072482
2024-04-08,1390.290771484375,1403.7069319426523,1387.842933614302,1396.2221726052949,6610887
2024-04-09,1407.378662109375,1425.2198696967855,1400.2705201600338,1402.8124833871761,9423230
2024-04-10,1418.62939453125,1421.5008543199363,1397.6813569645744,1412.5567483925915,6744595
2024-04-12,1397.86962890625,1418.6294157880386,1392.926833451286,1415.993212241118,12275616
2024-04-15,1382.240966796875,1404.6482366428452,1375.5564475345761,1393.3975389714133,8531224
2024-04-16,1331.6832275390625,1370.0017306796847,1330.3652406637968,1366.094545486242,16173541
2024-04-18,1336.2025146484375,1360.163260643533,1325.1400664912283,1337.9442388196321,22107945
2024-04-19,1328.67041015625,1343.3575498977523,1298.0721544750609,1303.9564344137511,20603621
2024-04-22,1348.9124755859375,1352.7725406478596,1330.3652692316007,1336.814417739945,5859087
2024-04-23,1357.997802734375,1362.1873644449943,1349.1478219496535,1358.562670672261,4856174
2024-04-24,1347.029541015625,1359.7867075742051,1343.546092803966,1359.7867075742051,4268213
2024-04-25,1354.2786865234375,1360.3513320897941,1336.908338935666,1336.908338935666,9089398
2024-04-26,1346.55859375,1360.8221110164066,1343.498768244188,1355.455578865194,8062444
2024-04-29,1350.79541015625,1355.549954695784,1344.6757585333085,1346.2762368329832,5055957
2024-04-30,1337.42626953125,1352.4900262289832,1334.601815150425,1350.7481874189334,6936588
2024-05-02,1331.6832275390625,1340.6744540126867,1329.2353898641165,1330.3181204493865,10076354
2024-05-03,1333.425048828125,1341.4276701119534,1321.0915052605797,1338.8855920418562,8842345
2024-05-06,1342.46337890625,1361.104711483765,1334.1782655868928,1336.9085948576374,6445422
2024-05-07,1356.632568359375,1358.892155017695,1332.7659500503705,1341.568810540377,6080661
2024-05-08,1343.7813720703125,1355.5028124792066,1342.1807788692665,1351.2661306551702,6234983
2024-05-09,1355.314453125,1365.1058028380908,1341.474557983215,1344.0166358308118,6088406
2024-05-10,1341.521728515625,1351.9250667078657,1330.3180362931507,1351.0778223208927,8777481
2024-05-13,1340.1566162109375,1341.6159637564915,1328.623426347066,1341.6159637564915,3735954
2024-05-14,1341.3333740234375,1349.8538575959403,1335.0725919265954,1342.9339671701941,3463230
2024-05-15,1336.861328125,1348.0180152167325,1335.5433413149956,1342.5573572737128,4327544
2024-05-16,1368.3070068359375,1370.566593499511,1343.4989036055658,1350.0421774524657,9249145
2024-05-17,1359.7864990234375,1371.7433096292284,1355.0319549649053,1371.7433096292284,7542860
2024-05-21,1350.2305908203125,1360.1631875478636,1344.8170526513272,1346.3234055041823,6752663
2024-05-22,1369.6722412109375,1374.5207963720839,1344.4404006067602,1345.1465142625411,7173285
2024-05-23,1386.2421875,1391.6557248851932,1365.1529058313445,1369.5778382448277,8641428
2024-05-24,1379.369384765625,1389.1608498646779,1374.5678351761637,1382.3350849297278,5277938
2024-05-27,1385.253662109375,1393.0209118473929,1374.8032036291474,1385.7244045177397,5821844
2024-05-28,1381.2054443359375,1389.6316880724814,1374.8504213721912,1389.1609456307224,6186922
2024-05-29,1366.0474853515625,1379.7461367746178,1365.1531206572472,1379.6520112690093,7401634
2024-05-30,1343.922607421875,1365.011892683433,1338.3679383178287,1358.3744929324191,9663150
2024-05-31,1351.076904296875,1379.7424895610318,1344.4506597427837,1353.8618612517012,37113815
2024-06-03,1350.11669921875,1382.8636553906256,1348.2920640058599,1382.8636553906256,10589244
2024-06-04,1338.3526611328125,1358.8555105856897,1304.4532506211224,1353.09357909204,13736134
2024-06-05,1373.3563232421875,1380.9428896837226,1344.594729280313,1344.594729280313,9233424
2024-06-06,1413.8341064453125,1415.8028134944423,1380.4629159552635,1387.6172681767946,12660930
2024-06-07,1472.7496337890625,1478.6075738994743,1418.6355184856213,1422.2367255895786,24075302
2024-06-10,1440.242919921875,1469.1006429210506,1437.8901779119085,1464.7791939197848,6810606
2024-06-11,1436.4014892578125,1446.6768867495505,1434.67286293827,1440.530920339611,4853054
2024-06-12,1426.2701416015625,1448.8857708643502,1423.9173996680136,1447.205207418443,9564320
2024-06-13,1434.6729736328125,1445.2845783914581,1430.2555159747842,1435.6813586014816,7307565
2024-06-14,1429.8233642578125,1444.0360586769375,1427.0864701658527,1444.0360586769375,4237727
2024-06-18,1438.7542724609375,1447.2051523581276,1436.0654413858667,1437.6019330325926,5420939
2024-06-19,1451.382568359375,1455.5119996711499,1437.3138282236787,1445.2845473689924,5493456
2024-06-20,1455.2718505859375,1457.2885031581282,1439.618556511379,1456.1361637531038,7927010
2024-06-21,1471.885498046875,1495.94161129154,1463.2425999556383,1483.6975056622882,17301941
2024-06-24,1466.5556640625,1468.428244941943,1455.271881344855,1464.0588504809766,5564989
2024-06-25,1480.7684326171875,1482.6411308173647,1460.0255012602715,1465.4513439015984,4551525
2024-06-26,1479.56787109375,1487.394517847717,1474.0940832778324,1479.8560145479737,4851004
2024-06-27,1510.9224853515625,1515.7721579895247,1471.2612599725667,1477.4072265440695,14757754
2024-06-28,1504.5843505859375,1525.4713521019703,1502.1835458139797,1510.1542645475977,8197544
2024-07-01,1527.6802978515625,1536.4192046826302,1497.6221720979565,1497.6221720979565,6801771
2024-07-02,1556.72998046875,1568.9740856185726,1523.550809426941,1532.86588566981,10493173
2024-07-03,1562.8280029296875,1571.086748455425,1542.2770892539197,1560.5232067482063,7269965
2024-07-04,1585.155517578125,1594.13450474685,1563.4042010408868,1563.5962185483268,8008311
2024-07-05,1582.0823974609375,1599.7523453204356,1568.5418810019864,1585.9236853770542,7065022
2024-07-08,1595.718994140625,1599.8963711842514,1574.9280004454815,1577.904975049744,5880533
2024-07-09,1591.3975830078125,1600.61665051487,1585.491579421059,1594.0384684368905,5191182
2024-07-10,1582.8507080078125,1607.5789990626897,1572.575309683498,1591.2535253565572,9852770
2024-07-11,1587.1240234375,1598.9360301908912,1576.896688557358,1590.2931327303997,8857679
2024-07-12,1643.8310546875,1651.5136300854847,1600.520559326722,1613.340833576749,17078316
2024-07-15,1639.317626953125,1659.4363248574064,1635.092186939841,1657.7076984616265,6942230
2024-07-16,1657.5638427734375,1668.9436350815074,1632.5474076652558,1650.4093735037613,6886281
2024-07-18,1688.2940673828125,1695.3524103380762,1650.7934479826547,1650.7934479826547,11248896
2024-07-19,1721.8092041015625,1770.8336868455729,1715.5671113876276,1770.8336868455729,29819116
2024-07-22,1738.9989013671875,1750.6668359793866,1721.8091157912575,1728.7235038558324,8462126
2024-07-23,1764.015380859375,1766.9442924167647,1712.494085746934,1738.1826974355533,7113056
2024-07-24,1761.1824951171875,1769.2492234088459,1747.4018977834583,1764.5916851274765,6002845
2024-07-25,1752.4434814453125,1758.2534761150766,1740.1033678723722,1747.7859434479678,5815599
2024-07-26,1804.3489990234375,1808.2862957121283,1752.923709894062,1752.923709894062,11369047
2024-07-29,1796.8583984375,1827.4926924499405,1790.040135957272,1818.4656425678857,4635931
2024-07-30,1802.6683349609375,1805.3571660297775,1786.1987904104494,1796.8583403917328,2721265
2024-07-31,1794.1214599609375,1810.350924152097,1791.048476651269,1802.5242769151237,5004209
2024-08-01,1779.0924072265625,1793.785379837503,1771.889992657827,1782.4535340253058,7475014
2024-08-02,1748.9383544921875,1785.7187334567977,1744.0887987976403,1769.8734206834515,7400938
2024-08-05,1682.38818359375,1726.1788446068424,1650.361467418729,1714.1267562697674,10736703
2024-08-06,1681.6197509765625,1725.6504891423297,1675.6177387613052,1690.3586573166167,7690163
2024-08-07,1720.5609130859375,1726.5629255103806,1692.183351452448,1724.7382902879888,5094329
2024-08-08,1673.9852294921875,1709.3250068929763,1658.5720153140558,1709.3250068929763,6227910
2024-08-09,1700.4901123046875,1710.0933319139192,1686.325363381071,1700.9702732851492,4258524
2024-08-12,1726.082763671875,1731.9407043499043,1697.9452825491308,1702.698946723047,4315329
2024-08-13,1726.130615234375,1738.1827024097588,1718.0640047615366,1738.1827024097588,4176918
2024-08-14,1750.9071044921875,1752.5876680094568,1726.130749746865,1730.5002617824882,7450718
2024-08-16,1785.1904296875,1787.9753867685558,1756.9089953467567,1776.5955951852964,7335657
2024-08-19,1790.8084716796875,1793.449357119504,1775.8273550396493,1786.1988792940135,2585989
2024-08-20,1797.914794921875,1810.8791418743747,1794.0735069359491,1805.405353385153,3870333
2024-08-21,1798.394775390625,1804.444850251852,1793.0169961955314,1800.6995713961778,1966902
2024-08-22,1805.6453857421875,1818.513723597305,1795.51394205871,1809.2465931329778,4300287
2024-08-23,1788.2154541015625,1807.9020537953018,1783.3178356718943,1803.67661383031,5015935
2024-08-26,1801.7081298828125,1813.8081635443523,1790.0401942272256,1795.8021261828926,3728589
2024-08-27,1824.7076416015625,1827.2525181137994,1799.5472543971127,1801.7079786991785,3830679
2024-08-28,1862.160400390625,1873.5882558424064,1822.1150191580127,1831.2380783228014,6514531
2024-08-29,1856.638427734375,1873.1079727033768,1844.6824662886909,1856.3023384955793,7228284
2024-08-30,1866.5777587890625,1872.6278340667684,1851.5007508106305,1861.1039704725115,13466759
2024-09-02,1886.552490234375,1897.3561122833119,1865.713550595146,1866.241657337013,5573739
2024-09-03,1864.22509765625,1888.9533893572925,1859.6155051280512,1888.9533893572925,4694322
2024-09-04,1846.1708984375,1850.7324277310104,1824.6597803927025,1844.8744872415468,4778310
2024-09-05,1856.4464111328125,1863.0245930805459,1833.8307821972226,1849.8201661965988,4081810
2024-09-06,1826.3883056640625,1859.6634851962026,1821.5866958391305,1845.7388167038994,5848106
2024-09-09,1819.4739990234375,1844.634387126065,1814.0481565814205,1815.0084785277315,4772612
2024-09-10,1836.4237060546875,1858.2229673598686,1820.7704114285846,1829.317300201853,6909600
2024-09-11,1834.35888671875,1849.5799652721262,1829.4132055261682,1838.728280994298,5312946
2024-09-12,1873.0599365234375,1878.773922571952,1834.9832642548035,1848.6197893164426,8555092
2024-09-13,1866.9619140625,1880.886582594913,1858.8472403257115,1873.0599351123685,3843127
2024-09-16,1872.8680419921875,1874.5486055473657,1856.3505499405885,1868.5465928503006,1570181
2024-09-17,1875.07666015625,1880.7424658489679,1865.0892884852562,1870.467067930622,2793127
2024-09-18,1817.0732421875,1861.8242226231127,1806.6537722399733,1861.8242226231127,6385468
2024-09-19,1819.041748046875,1848.5237015550497,1804.2528841458939,1834.7910511020839,7976570
2024-09-20,1830.1336669921875,1839.0166455673825,1793.305341425795,1829.4134254860905,15242974
2024-09-23,1821.2025146484375,1842.761812755645,1803.9167195535472,1833.2546020080952,3636672
2024-09-24,1823.2672119140625,1835.0792186672709,1797.1465020357018,1813.0878227950013,7277616
2024-09-25,1820.0982666015625,1826.1482246431408,1802.3323102544668,1811.5033146813457,4268341
2024-09-26,1824.851806640625,1841.8494584619364,1817.8894724224197,1822.499064726573,8952803
2024-09-27,1831.093994140625,1896.2518191297418,1827.7809300940019,1855.438133669678,14908931
2024-09-30,1801.179931640625,1825.8122145485347,1796.282312853667,1805.40537191387,6986955
2024-10-01,1828.7891845703125,1833.2066423426222,1800.603757202924,1800.603757202924,4029072
2024-10-03,1818.2735595703125,1835.9914522282918,1806.3655442331449,1814.528280610594,7503887
2024-10-04,1842.0416259765625,1876.5651542030093,1811.1672509312862,1814.5764408447044,10001483
2024-10-07,1857.55078125,1864.9452133204372,1840.0249057901142,1846.8911139011777,6112575
2024-10-08,1871.2353515625,1880.2622839615105,1830.7096956078074,1861.007899519078,5637391
2024-10-09,1875.2686767578125,1898.5564839074102,1867.9221904384558,1875.07665925967,4857163
2024-10-10,1842.85791015625,1886.0723999723164,1838.1523089309171,1880.214459242611,4782119
2024-10-11,1858.3189697265625,1869.7468243014484,1834.3109211351211,1841.8974879353766,4709431
2024-10-14,1881.1746826171875,1891.354071794841,1854.477685639696,1855.4860705732615,3751378
2024-10-15,1881.5589599609375,1912.4332187825676,1874.308481899041,1882.2311384768134,5353705
2024-10-16,1843.914306640625,1881.7990810660253,1840.3130990275722,1877.4295689381306,3111512
2024-10-17,1890.0096435546875,1899.516854492198,1853.5654717255002,1858.415027332384,8162822
2024-10-18,1805.0211181640625,1859.9995499352583,1795.0818094027522,1818.6577602233042,10526196
2024-10-21,1779.236572265625,1823.4594469274077,1765.0718228709857,1816.064897246326,4654601
2024-10-22,1778.132080078125,1803.2925852339904,1773.666559613223,1784.4701814346959,4125240
2024-10-23,1799.0672607421875,1811.167294513619,1770.8337704576425,1772.0341729593083,4311910
2024-10-24,1789.4158935546875,1809.2465653946333,1786.198838446931,1787.5433126309072,2906475
2024-10-25,1788.1676025390625,1801.9001366151979,1773.1385399992107,1789.5119595392343,4689120
2024-10-28,1791.336669921875,1807.2300463621355,1783.3180044404317,1785.9108270230458,7018940
2024-10-29,1786.4317626953125,1798.378144066303,1776.4277753656768,1792.9391324904534,4621252
2024-10-30,1750.301025390625,1786.1404080241402,1744.7163014394891,1779.3416136488445,5919715
2024-10-31,1706.740234375,1736.5092654474463,1696.2992285309076,1736.5092654474463,7395236
2024-11-01,1710.236572265625,1715.2385657478123,1701.6895882617994,1713.7816813488193,371966
2024-11-04,1712.9561767578125,1716.2098616116575,1668.6183034798119,1674.9314693544445,7336722
2024-11-05,1703.7777099609375,1717.6181118779048,1694.842199656711,1709.4110437798347,3160880
2024-11-06,1771.2801513671875,1774.679548579323,1711.985022561022,1713.296194916247,10421494
2024-11-07,1751.2237548828125,1773.22261567757,1735.6350435250165,1760.8390975998175,4550965
2024-11-08,1777.3504638671875,1787.694367437014,1761.0334287500186,1765.7439982122546,4210960
2024-11-11,1806.6337890625,1814.306737413767,1770.163186757311,1776.427742360696,3804234
2024-11-12,1815.083740234375,1826.9330191433785,1807.5078940062876,1817.3175584882076,5012450
2024-11-13,1814.6953125,1819.3572716489662,1802.943134866599,1807.605094015565,4257495
2024-11-14,1810.9559326171875,1822.0767695268303,1802.6516440521305,1811.975680567675,4311431
2024-11-18,1759.3822021484375,1796.047127993138,1743.4050832115965,1796.047127993138,4839244
2024-11-19,1772.2999267578125,1806.24528689049,1768.2206977377823,1773.0283689800722,4669769
2024-11-21,1781.3326416015625,1813.3354888516371,1768.26917339711,1789.0540816629436,5436504
2024-11-22,1847.572265625,1859.0331371970146,1781.2840242640295,1800.80625185363,6301486
2024-11-25,1835.383056640625,1864.1323391283017,1827.904430253904,1860.927145784527,12764638
2024-11-26,1868.8427734375,1882.8773790978912,1842.7645663309452,1850.194581938472,6850495
2024-11-27,1869.1827392578125,1885.5969943515,1856.7992214996743,1874.621750796134,4447143
2024-11-28,1803.282958984375,1859.8586361338635,1798.4266776839897,1859.8586361338635,8468790
2024-11-29,1804.448486328125,1823.0480681141644,1791.9678666332622,1797.8925063282472,5244346
2024-12-02,1825.7677001953125,1828.6814691911163,1782.4495729417774,1805.5655210664468,2868263
2024-12-03,1837.7139892578125,1845.1441235346933,1817.3662175546285,1832.760605927078,4715792
2024-12-04,1834.9459228515625,1858.935905488834,1821.1055208927776,1829.8468273930628,4705573
2024-12-05,1879.2352294921875,1893.8526842407528,1834.654541582606,1845.386971128795,9050038
2024-12-06,1867.1431884765625,1882.2461532385446,1857.4306251975142,1877.2442779990854,3573331
2024-12-09,1868.357177734375,1874.7188352688952,1842.6673778401903,1868.8912975545852,4274645
2024-12-10,1892.54150390625,1909.101352624084,1876.4671647750902,1883.2659588503623,6174921
2024-12-11,1917.4056396484375,1921.1449526741415,1895.8922889888395,1898.806057875605,5025612
2024-12-12,1929.88623046875,1941.3471020098962,1913.9091120699152,1918.4253589276038,6462130
2024-12-13,1942.22119140625,1948.7771714843159,1897.6406217246506,1913.132112410419,5362693
2024-12-16,1923.1361083984375,1942.1240981650324,1920.7564592966078,1938.0933607570853,3119221
2024-12-17,1919.7852783203125,1925.0300863243267,1901.7199339167669,1911.4324974199167,5811050
2024-12-18,1922.261962890625,1927.8951783904936,1905.216367108079,1910.2669710918078,3064095
2024-12-19,1890.259033203125,1903.4196039771014,1864.8121646312206,1878.4097533316565,5323592
2024-12-20,1866.9002685546875,1923.038809987995,1856.3135514684034,1918.3768510152895,11056720
2024-12-23,1868.988525390625,1884.2372017118134,1854.1282567360063,1874.5732490554924,2781793
2024-12-24,1854.1768798828125,1886.1797274213886,1787.111585198432,1871.6594932162752,2360544
2024-12-26,1852.5743408203125,1864.5693327398988,1847.6209572676305,1854.1769374712999,3623321
2024-12-27,1861.655517578125,1868.8428379280153,1849.1748978049127,1854.5168074679777,3937500
2024-12-30,1851.2144775390625,1860.9270403802957,1832.2749799986577,1860.6356160704356,7789055
2024-12-31,1825.9617919921875,1842.473148621904,1792.0164326986576,1837.9082915665463,3613063
2025-01-01,1828.3900146484375,1838.5395957247827,1820.134335963438,1820.134335963438,1838368
2025-01-02,1901.57421875,1906.2362966487788,1831.109641782825,1832.7607301511275,7083645
2025-01-03,1883.023193359375,1896.8149857004253,1866.7546499738073,1896.8149857004253,6218003
2025-01-06,1882.1490478515625,1916.288731426852,1872.5821967516326,1895.8923485784164,7164403
2025-01-07,1875.3502197265625,1902.2540906114118,1868.357221729347,1889.0935202054077,4294832
2025-01-08,1877.5841064453125,1882.8774057609294,1834.460303784991,1874.5246254427705,5482050
2025-01-09,1862.1898193359375,1895.74665458795,1855.6338390718154,1878.4583629543145,6833503
2025-01-10,1910.4124755859375,1920.9507009797642,1876.709930393327,1881.3233976824297,8036913
2025-01-13,1905.799072265625,1925.8070469770787,1892.9785364775742,1899.7773306055078,5804152
2025-01-14,1884.285888671875,1915.1232771204202,1875.5930733895989,1912.2579998126723,5792162
2025-01-15,1893.60986328125,1901.7684398888914,1881.420549328485,1891.036010381721,2985439
2025-01-16,1873.0191650390625,1910.41253260361,1861.7526156669912,1909.4412763032324,7533579
2025-01-17,1763.2672119140625,1804.5942151264314,1759.9164250856263,1797.7954209897873,16409953
2025-01-20,1761.17919921875,1775.4080099966866,1741.60835991682,1770.5517282126625,4333011
2025-01-21,1748.941162109375,1779.0016155615642,1741.5111463055791,1766.7638099629812,7169109
2025-01-22,1803.0887451171875,1812.1700865447272,1753.2633671133483,1755.448693830049,8373913
2025-01-23,1811.8299560546875,1825.5247642701754,1799.446438649042,1804.5941442893445,5907471
2025-01-24,1821.5426025390625,1840.4336089404926,1810.6645792715367,1811.8786496612856,4887027
2025-01-27,1769.6290283203125,1809.4505377391558,1759.9164650474238,1795.6101350752897,7652371
2025-01-28,1777.15625,1809.9361507719634,1772.4456805643415,1777.3990640797924,6999495
2025-01-29,1827.1759033203125,1834.36322360914,1787.5972093347696,1791.9678626583263,5145155
2025-01-30,1806.488037109375,1832.9547702492719,1790.9965471548646,1819.3086909049005,7336056
2025-01-31,1825.7677001953125,1842.910279604707,1817.2205970496623,1817.2205970496623,5820470
2025-02-01,1798.1353759765625,1836.2571867836969,1792.9391783431893,1826.2533177597818,1701402
2025-02-03,1809.741943359375,1822.6110895629577,1779.7300994439906,1783.2265984737837,4823228
2025-02-04,1844.2215576171875,1856.2650411997822,1821.1056096540206,1834.703198206104,7334787
2025-02-05,1842.521728515625,1864.5205878724964,1839.8507738106882,1851.2144245852517,4996744
2025-02-06,1860.587158203125,1868.6971246106148,1845.3869733680706,1861.898330498206,4765255
2025-02-07,1848.9320068359375,1868.40562375176,1835.140096778848,1864.13219104828,4126260
2025-02-10,1826.2532958984375,1850.2432794461592,1824.6020890265615,1850.2432794461592,3828734
2025-02-11,1821.7369384765625,1848.3007750893653,1816.249316561804,1828.9727506286142,4411601
2025-02-12,1809.5963134765625,1840.142278618334,1793.9104995274497,1830.8182412610952,5633947
2025-02-13,1790.268310546875,1819.6488158467762,1782.8867858202054,1814.792533979024,5237744
2025-02-14,1803.040283203125,1805.856950285683,1775.7964955938853,1800.7092442878504,5292961
2025-02-17,1789.345458984375,1799.4950394980904,1769.77462159192,1785.703248001718,4428956
2025-02-18,1798.7181396484375,1808.1393973263787,1784.780634818134,1789.3456107739096,4365260
2025-02-19,1758.7509765625,1796.0471240806544,1753.9917969230971,1794.2989338566194,4611411
2025-02-20,1772.6884765625,1778.3703022593725,1753.6518766132701,1753.6518766132701,2218020
2025-02-21,1762.8302001953125,1777.2533326664163,1754.2830972545896,1769.4347905187403,3379879
2025-02-24,1713.3931884765625,1756.0313630959042,1699.9413126430345,1748.309923055587,7594720
2025-02-25,1716.8897705078125,1727.330776075937,1694.9880113599872,1694.9880113599872,5092963
2025-02-27,1713.5875244140625,1724.8054634563641,1700.7668702151418,1704.748997302386,5757079
2025-02-28,1639.189208984375,1704.6519072727174,1634.0901134127998,1704.6034155946859,12182167
2025-03-03,1659.488525390625,1678.9136517994152,1643.6571185043986,1643.6571185043986,7504969
2025-03-04,1639.7720947265625,1650.1644899401717,1621.9980566215932,1646.2794646548505,6759673
2025-03-05,1662.30517578125,1683.1385762213686,1643.8026956375877,1643.8026956375877,8180782
2025-03-06,1666.5301513671875,1672.794825837321,1642.4915571816716,1665.7046071983816,10610547
2025-03-07,1637.5380859375,1655.9919552333556,1627.339895010843,1654.1465445914585,8019331
2025-03-10,1652.5439453125,1669.5895404009018,1628.0197243147556,1637.5380832553346,7558981
2025-03-11,1613.83935546875,1631.7104941166237,1589.9950857541564,1631.7104941166237,12671234
2025-03-12,1545.123046875,1589.84944650162,1518.850635339536,1589.84944650162,14870008
2025-03-13,1534.439208984375,1559.886194636392,1525.163782654934,1553.2816045131979,7822888
2025-03-17,1544.34619140625,1548.1826065260266,1500.736758011993,1500.736758011993,7526032
2025-03-18,1544.34619140625,1544.34619140625,1544.34619140625,1544.34619140625,0
2025-03-19,1540.94677734375,1556.9238965430377,1527.5920028100838,1556.9238965430377,7387068
2025-03-20,1569.11328125,1584.9932992405397,1546.240146235024,1546.240146235024,7186750
2025-03-21,1546.7742919921875,1557.7980274559397,1518.7049607743006,1532.59385494289,10074677
2025-03-24,1546.968505859375,1560.9060103586978,1527.4947691913153,1552.0189913058653,8857726
2025-03-25,1581.6422119140625,1589.1209562659596,1558.8663000022038,1558.8663000022038,9890140
2025-03-26,1553.4759521484375,1590.6751185099797,1549.153908730525,1579.2628561729366,6651302
2025-03-27,1557.4581298828125,1573.3866387891755,1540.4125339270274,1549.688079270318,9426573
2025-03-28,1525.5037841796875,1552.504639118573,1515.1598805138667,1544.2975705237486,6799047
2025-04-01,1482.6226806640625,1502.92196020728,1474.2212903040318,1495.0061979771754,12680733
2025-04-02,1505.593017578125,1510.9349273715397,1491.0726643663595,1491.0726643663595,6193478
2025-04-03,1453.4849853515625,1490.538435185599,1442.3641486583924,1490.538435185599,10459504
2025-04-04,1409.9241943359375,1429.6892358061361,1406.3790852223406,1418.5197886514006,9590254
2025-04-07,1356.602294921875,1365.489314158466,1269.4320382766355,1313.1385736419368,21715252
2025-04-08,1387.7310791015625,1414.6348317731379,1374.3276944448953,1389.8677955834949,12805001
2025-04-09,1363.3524169921875,1368.9371407012397,1342.1791008495861,1364.663707842691,8546854
2025-04-11,1368.937255859375,1397.4437254302495,1356.893771609889,1370.6855647660782,12567440
2025-04-15,1385.011474609375,1406.087688754894,1368.5001176189407,1404.0480742507405,10178530
2025-04-16,1372.4822998046875,1386.4684147056246,1356.6508927211694,1384.0402738742662,12022740
2025-04-17,1378.6982421875,1388.7022289531085,1338.6825322481727,1357.8162328834976,14264227
2025-04-21,1409.29296875,1429.4951483248678,1369.4714582615436,1369.4714582615436,15648970
2025-04-22,1381.903564453125,1398.6091260339042,1378.5041672717928,1398.6091260339042,9399738
2025-04-23,1432.505859375,1445.0350886470426,1398.2204665039803,1404.4365301839098,11136642
2025-04-24,1429.1065673828125,1440.2760150192205,1419.4911061400271,1427.6496829084983,7114292
2025-04-25,1437.653564453125,1458.535575435,1421.4336312546193,1433.0887071514799,8329979
2025-04-28,1439.4989013671875,1446.7833234291916,1423.1818670852326,1437.6534907325017,5886253
2025-04-29,1454.4564208984375,1466.4029217301106,1431.7289980215003,1439.4019470928108,8056743
2025-04-30,1456.9815673828125,1465.431568419441,1439.984581952398,1453.7764926957282,7704183
2025-05-02,1463.586181640625,1479.4175886205041,1453.1936678135066,1456.5930649551544,7402310
2025-05-05,1465.2373046875,1479.2234198282615,1459.6040889990923,1471.453369034679,4282493
2025-05-06,1468.0538330078125,1472.0359599506996,1456.0102317041706,1462.7119235923028,4270530
2025-05-07,1464.9459228515625,1475.1441139885928,1453.5821530190785,1456.8844481471906,5691799
2025-05-08,1467.9569091796875,1472.9102929808603,1458.0500230157727,1464.654613791716,8424409
2025-05-09,1464.2659912109375,1467.9568126185206,1451.1540310083215,1457.5642989506216,4478653
2025-05-12,1580.136962890625,1585.0903465111594,1487.96471253376,1492.8209942326298,11372857
2025-05-13,1523.5125732421875,1565.859323230766,1519.627548132014,1562.7513505672503,12846210
2025-05-14,1546.6285400390625,1549.1537826809642,1524.3867472838704,1528.75740058924,4870057
2025-05-15,1566.6363525390625,1572.0753639006625,1525.8435894847285,1544.103254657481,11151167
2025-05-16,1544.200439453125,1566.2479103864578,1536.0418626920532,1566.2479103864578,4576751
2025-05-19,1514.965576171875,1539.4411867318856,1510.9833306187809,1531.185508443418,8855798
2025-05-20,1515.7425537109375,1537.9843466293191,1513.2173110505078,1524.8723866170074,7143998
2025-05-21,1523.41552734375,1525.8436681268927,1507.4869000940212,1522.832797268108,4157309
2025-05-22,1503.01904296875,1515.936798484799,1495.7346211126817,1510.7890929485561,6158990
2025-05-23,1519.8218994140625,1541.5779455953386,1505.447258808557,1505.447258808557,5038421
2025-05-26,1535.070556640625,1538.275749801986,1517.782147363295,1521.5700705826603,3170102
2025-05-27,1524.9696044921875,1537.401733466409,1511.6634396332652,1534.487964353223,7775714
2025-05-28,1526.6207275390625,1542.063608140773,1524.8724187426308,1535.556238237006,3623370
2025-05-29,1540.0240478515625,1562.6543682753302,1531.2827406845122,1543.3263431603168,8609500
2025-05-30,1539.1375732421875,1548.297396005105,1531.652190030095,1547.3124739974683,13148092
2025-06-02,1530.371826171875,1536.4782943781508,1515.7949327230604,1536.4782943781508,4374509
2025-06-03,1519.734619140625,1543.6682714095227,1512.4461724234918,1535.4933708621093,6853403
2025-06-04,1527.8109130859375,1533.8190332918903,1518.158749909477,1519.7346010168856,4548307
2025-06-05,1530.8642578125,1544.0621159555858,1518.3556767230737,1524.5607331925255,6948539
2025-06-06,1540.2210693359375,1545.2441474823067,1519.8331118292815,1531.2581829658582,3960020
2025-06-09,1549.183837890625,1564.0561360451065,1547.3124620446238,1554.2069160448225,2903202
2025-06-10,1571.935546875,1583.2621501262925,1553.7144894707471,1560.116482612782,8591925
2025-06-11,1606.5062255859375,1609.9534525332194,1566.1244242034918,1566.1244242034918,10597410
2025-06-12,1584.345458984375,1603.452969273507,1574.0037782857437,1592.6188275892266,10483574
2025-06-13,1577.844970703125,1584.7394243828517,1546.5244044661895,1552.2369998927122,6968315
2025-06-16,1599.31640625,1610.1505483486199,1573.01891647278,1575.875214344727,5591842
2025-06-17,1615.173583984375,1622.5604988569514,1591.2399317053334,1596.2630097727385,7622083
2025-06-18,1608.2791748046875,1619.9011823893957,1596.5585788351507,1596.5585788351507,5629707
2025-06-19,1593.997802734375,1605.4228739879738,1587.2018168292147,1599.4148737815738,5147760
2025-06-20,1598.429931640625,1606.1122510729595,1584.6410236941556,1594.58871180959,9202821
2025-06-23,1560.116455078125,1576.8601291540897,1551.6461498856431,1576.8601291540897,7943676
2025-06-24,1557.7525634765625,1584.739449496533,1552.827953627288,1576.860073737694,8083992
2025-06-25,1590.550537109375,1595.4751470327865,1561.199813873949,1566.025955644839,7813533
2025-06-26,1591.6339111328125,1599.5132869304996,1582.3756205245834,1584.5425210067874,6519233
2025-06-27,1583.7545166015625,1605.0288069577266,1578.238977654369,1594.5886581952298,8912268
2025-06-30,1577.6480712890625,1590.648993297183,1570.064099926214,1590.648993297183,6294505
2025-07-01,1582.57275390625,1593.308307768125,1576.3676970723639,1584.7395342639384,4178937
2025-07-02,1586.2169189453125,1624.1364168524187,1579.2239966239758,1593.6038341220215,8653641
2025-07-03,1594.293212890625,1607.786716594206,1590.6490495377586,1594.0962765801005,5259695
2025-07-04,1615.96142578125,1618.6207872342948,1587.9897380569496,1600.4981989662078,4411273
2025-07-07,1602.4681396484375,1619.2118141254034,1598.5284515362102,1615.2721260131761,3294523
2025-07-08,1613.9915771484375,1621.378491891406,1597.0509674297891,1603.4529602070286,4590681
2025-07-09,1609.0670166015625,1613.3022292758048,1599.1193284889714,1613.1052929685202,4580828
2025-07-10,1591.43701171875,1614.1886858160015,1582.868118202301,1614.1886858160015,5330179
2025-07-11,1570.85205078125,1582.8680505457567,1539.433016356687,1555.2902357933656,11391755
2025-07-14,1546.623046875,1567.7988696310574,1536.2813659941348,1567.7988696310574,9173426
2025-07-15,1561.6922607421875,1579.4208563061295,1540.4179701114037,1541.5013602388092,7614807
2025-07-16,1583.6561279296875,1587.6942841349517,1554.6993967165145,1555.1918577227598,6223491
2025-07-17,1559.6240234375,1585.7244570472844,1556.2752645133157,1573.9053927711557,7374814
2025-07-18,1562.1846923828125,1575.1857343566385,1556.176692489401,1568.0942241264431,5161833
2025-07-21,1560.4119873046875,1565.041072656143,1543.1758521432762,1556.1767745731315,3682661
2025-07-22,1547.2139892578125,1561.889351060241,1541.4029254290974,1541.4029254290974,8473741
2025-07-23,1550.7596435546875,1567.897309898412,1526.629055261839,1552.5325511946266,8035026
2025-07-24,1529.0914306640625,1558.1466301517212,1524.8562179010848,1556.1767861186595,14169664
2025-07-25,1492.84619140625,1526.1366022975346,1488.512630894258,1520.12860228797,10851259
2025-07-28,1493.1417236328125,1496.392014262957,1460.14683725966,1491.0734115180542,6439855
2025-07-29,1490.8763427734375,1494.3235696797126,1473.5417400906863,1490.0884773327002,7070448
2025-07-30,1496.0965576171875,1498.7557989957106,1483.2925712781332,1496.9830114866083,5719051
2025-07-31,1486.247314453125,1504.0743788045277,1474.428250322285,1486.936711768862,6851407
2025-08-01,1447.4412841796875,1476.1024890867666,1443.4031282013243,1471.3749358302919,8702978
2025-08-04,1458.177001953125,1460.4423706154291,1429.1218033326475,1439.4634841975633,8610216
2025-08-05,1438.2816162109375,1456.4040844682859,1433.0614816224124,1456.4040844682859,10213323
2025-08-06,1415.037353515625,1434.14486387826,1408.7339490588547,1430.1067078263497,10566934
2025-08-07,1415.234375,1420.2574529025999,1392.876574581379,1408.4383894942564,9892020
2025-08-08,1401.6424560546875,1411.590144080286,1395.7329241309972,1403.5138318764698,10048009
2025-08-11,1406.66552734375,1411.7871937906966,1392.6796832838538,1398.4907470266712,6625368
2025-08-12,1402.62744140625,1419.2726477892124,1399.5742071536924,1406.6655976905836,9899184
2025-08-13,1405.0897216796875,1412.3781686321047,1400.953097311154,1403.5138705026145,10318063
2025-08-14,1425.8714599609375,1447.835267553816,1404.6956380205245,1404.6956380205245,12902347
2025-08-18,1414.1510009765625,1442.6151494914589,1408.0444126749926,1442.6151494914589,7254561
2025-08-19,1418.2877197265625,1427.5460108318366,1411.0977408332749,1411.0977408332749,3986094
2025-08-20,1473.6402587890625,1476.3980885005715,1418.9770874002822,1418.9770874002822,10413061
2025-08-21,1473.8372802734375,1485.262351237006,1461.9197483180794,1485.262351237006,6565539
2025-08-22,1465.0714111328125,1481.6181481033814,1463.6924963469764,1475.5115598317454,5543397
2025-08-25,1508.9989013671875,1515.7948868943363,1483.981859694785,1483.981859694785,10694531
2025-08-26,1506.53662109375,1515.2039825206518,1495.7024794249892,1500.03616013844,15994798
2025-08-28,1477.4814453125,1506.5366438633127,1475.413133190423,1506.5366438633127,5443364
2025-08-29,1447.4412841796875,1479.254311487481,1445.5699084151588,1479.254311487481,8169075
2025-09-01,1476.7921142578125,1480.7318023736236,1453.941851048263,1454.4343120627393,4546057
2025-09-02,1476.1025390625,1489.9900353122632,1463.8896025641538,1476.7920565936874,5218763
2025-09-03,1456.798095703125,1479.2543652339205,1450.7900955921732,1477.3829894013984,4623483
2025-09-04,1440.94091796875,1461.6242804276317,1438.0846200594328,1461.6242804276317,5787724
2025-09-05,1422.8182373046875,1450.4945202945664,1411.3931666312185,1447.835279098319,5466487
2025-09-08,1411.2947998046875,1436.0163186937275,1406.7641825159365,1429.1218644887508,3811567
2025-09-09,1481.6181640625,1484.474341584966,1450.297597398603,1458.6694341238242,13072640
2025-09-10,1509.491455078125,1511.756823802922,1486.5428442826578,1487.330709756259,7281071
2025-09-11,1486.9366455078125,1504.4683046125388,1483.7849433052634,1500.922609577238,8003662
2025-09-12,1502.596923828125,1519.6361218926327,1498.1647749913177,1513.8250582606502,12856963
2025-09-15,1485.6563720703125,1504.4683582651935,1478.5648615170796,1502.5969824151846,6167414
2025-09-16,1488.5126953125,1491.1719366717366,1480.8302554728903,1485.656397411633,8923112
2025-09-17,1499.4453125,1503.680405062861,1491.1719434573272,1494.028241371192,4795698
2025-09-18,1517.370849609375,1531.5537508334592,1515.302537400178,1526.6291407021617,9331945
2025-09-19,1516.976806640625,1527.9095369547413,1497.179898612735,1521.3104874589542,12988129
2025-09-22,1476.8905029296875,1491.8612688721596,1459.6543683506482,1460.3437656419162,15655204
2025-09-23,1474.920654296875,1490.186944875574,1470.4885054191882,1470.4885054191882,9832164
2025-09-24,1472.0643310546875,1474.1326431158677,1460.3437357350242,1464.7758845360097,4937004
2025-09-25,1462.4122314453125,1480.04223903444,1454.2373307659764,1466.5488557470633,9491867
2025-09-26,1427.053466796875,1456.404069373631,1419.4694954878144,1452.7599061754568,8597058
2025-09-29,1420.060546875,1442.9106885263222,1414.8404123331482,1437.9860786678707,10513117
2025-09-30,1420.060546875,1430.303639196793,1416.416263441906,1421.2424051491353,7556305
2025-10-01,1424.000244140625,1427.6444073679875,1405.877655696216,1424.197180444367,6250692
2025-10-03,1424.7880859375,1426.4625254104503,1411.5901076030302,1417.3027030735375,6877533
2025-10-06,1453.744873046875,1456.5027027407555,1420.5530497148675,1424.7881421800753,4630590
2025-10-07,1436.5086669921875,1460.5407866669368,1432.0765182081868,1455.4191203786977,5570320
2025-10-08,1472.4583740234375,1475.4131399913774,1433.061494450904,1435.0313384295307,4657192
2025-10-09,1486.5428466796875,1491.171932062491,1464.5790376333712,1479.352867871771,7028753
2025-10-10,1492.058349609375,1498.755747016607,1476.2011295853695,1487.2322078030077,3738353
2025-10-13,1470.6854248046875,1482.0120273618204,1461.0332617199265,1474.4281763502415,5859355
2025-10-14,1467.435302734375,1491.5658915845438,1464.0865439092208,1476.3980688327763,5600789
2025-10-15,1452.1690673828125,1466.1549121391147,1445.373081319078,1461.5258266826634,6986098
2025-10-16,1449.312744140625,1452.267510183725,1438.478601982591,1451.6765810210527,8005748
2025-10-17,1419.37109375,1436.410292725158,1412.3781714796953,1432.9630656678505,16959378
2025-10-20,1438.87255859375,1444.8805586841174,1428.136884861602,1431.781048131079,6994246
2025-10-21,1450.19921875,1463.5941342911037,1447.8353818357486,1455.7147580634262,1698704
2025-10-23,1505.4532470703125,1522.6893817276436,1483.292502510887,1487.2321904325627,20358624
2025-10-24,1502.4000244140625,1519.7346273554492,1495.111577657532,1516.2874003977408,8652257
2025-10-27,1504.5,1515.300048828125,1498.0999755859375,1510.0,7273211
2025-10-28,1500.199951171875,1506.5,1490.5,1499.699951171875,8211019
2025-10-29,1510.4000244140625,1520.199951171875,1496.9000244140625,1500.199951171875,4884976
2025-10-30,1493.800048828125,1508.199951171875,1489.0999755859375,1507.0,5608867
2025-10-31,1482.300048828125,1497.0999755859375,1480.699951171875,1490.0,4819814
2025-11-03,1485.5,1491.4000244140625,1474.199951171875,1482.300048828125,5470600
2025-11-04,1467.9000244140625,1481.9000244140625,1462.9000244140625,1479.699951171875,8691330
2025-11-06,1466.699951171875,1483.0,1461.9000244140625,1478.5999755859375,7944752
2025-11-07,1476.800048828125,1480.9000244140625,1449.0999755859375,1470.0,8765759
2025-11-10,1513.5,1520.0,1490.0,1490.0999755859375,9787975
2025-11-11,1530.300048828125,1533.4000244140625,1511.0999755859375,1525.0,13692989
2025-11-12,1551.699951171875,1559.199951171875,1538.0999755859375,1540.0,14635417
2025-11-13,1541.800048828125,1557.5,1530.300048828125,1557.0999755859375,19655689
2025-11-14,1502.800048828125,1530.0,1488.800048828125,1520.0,9739549
2025-11-17,1507.5999755859375,1510.199951171875,1492.5,1496.0,7910354
2025-11-18,1486.4000244140625,1506.0,1483.199951171875,1506.0,7525119
2025-11-19,1541.0999755859375,1543.0,1490.5,1490.5,10981126
2025-11-20,1536.5,1555.0,1534.0,1555.0,7387584
2025-11-21,1545.0,1551.5,1526.300048828125,1531.0,9186302
2025-11-24,1548.0,1585.0,1541.0,1563.5999755859375,19270381
2025-11-25,1530.5999755859375,1550.5999755859375,1525.9000244140625,1549.0,8107952
2025-11-26,1557.9000244140625,1560.300048828125,1532.0999755859375,1532.0999755859375,7575038
2025-11-27,1566.4000244140625,1574.300048828125,1552.199951171875,1564.0,7552252
2025-11-28,1560.0999755859375,1568.4000244140625,1557.0,1565.0,4453221
2025-12-01,1564.0,1574.0,1556.0,1562.5,5341800
2025-12-02,1561.0,1579.9000244140625,1556.0999755859375,1567.0,6335969
2025-12-03,1578.699951171875,1586.0,1554.0999755859375,1555.0999755859375,12895312
2025-12-04,1597.5999755859375,1599.0,1568.0,1568.0,12609619
2025-12-05,1616.199951171875,1631.800048828125,1600.0,1610.0,10344725
2025-12-08,1610.800048828125,1630.0,1600.199951171875,1617.0999755859375,7550413
2025-12-09,1599.0,1606.9000244140625,1582.4000244140625,1601.199951171875,6957599
2025-12-10,1584.800048828125,1608.0,1582.800048828125,1608.0,5116140
2025-12-11,1598.0,1607.4000244140625,1580.5,1598.0,5159319
2025-12-12,1598.199951171875,1601.800048828125,1582.5999755859375,1601.4000244140625,4633912
2025-12-15,1606.800048828125,1610.800048828125,1585.0,1585.0,4190558
2025-12-16,1592.9000244140625,1603.0,1585.5999755859375,1600.0,5499258
2025-12-17,1602.0,1606.9000244140625,1586.0,1587.199951171875,4817628
2025-12-18,1626.800048828125,1630.0,1606.699951171875,1610.5,6577293
2025-12-19,1638.699951171875,1654.9000244140625,1629.800048828125,1650.0,13149023
2025-12-22,1689.5999755859375,1693.199951171875,1664.0,1664.0,23098923
2025-12-23,1668.300048828125,1679.0,1656.4000244140625,1679.0,6593060
2025-12-24,1663.4000244140625,1667.5999755859375,1652.5,1661.0,4271167
2025-12-26,1656.0999755859375,1668.800048828125,1651.699951171875,1663.4000244140625,2006491
2025-12-29,1644.699951171875,1673.0999755859375,1637.0999755859375,1658.0,4062817
2025-12-30,1621.5999755859375,1647.9000244140625,1616.800048828125,1647.0,9395937
2025-12-31,1615.4000244140625,1628.5999755859375,1609.199951171875,1621.0,6538656
2026-01-01,1629.800048828125,1639.5999755859375,1614.0999755859375,1615.4000244140625,3658165
2026-01-02,1640.4000244140625,1643.5,1627.5,1635.9000244140625,2524526
2026-01-05,1606.4000244140625,1637.0,1583.0999755859375,1637.0,5917885
2026-01-06,1612.199951171875,1619.9000244140625,1599.0,1600.0999755859375,4466729
2026-01-07,1639.0,1642.0,1615.0,1615.0,4508079
2026-01-08,1613.300048828125,1644.300048828125,1608.5999755859375,1638.9000244140625,3942131
2026-01-09,1614.0999755859375,1631.300048828125,1607.0,1610.0,6816681
2026-01-12,1595.9000244140625,1613.300048828125,1592.5999755859375,1610.0999755859375,6985362
2026-01-13,1599.0,1618.0,1586.4000244140625,1618.0,8080618
2026-01-14,1599.800048828125,1617.0,1583.0999755859375,1588.0,7557157
2026-01-15,1599.800048828125,1599.800048828125,1599.800048828125,1599.800048828125,0
2026-01-16,1689.800048828125,1694.0,1653.4000244140625,1663.699951171875,19335957
2026-01-19,1681.199951171875,1685.0,1666.5,1685.0,5104958
2026-01-20,1658.9000244140625,1680.199951171875,1652.9000244140625,1673.0,6406503
2026-01-21,1654.4000244140625,1657.0,1631.199951171875,1651.0,6224582
2026-01-22,1663.5,1671.199951171875,1653.800048828125,1666.0,6228892
2026-01-23,1670.800048828125,1675.699951171875,1662.199951171875,1667.199951171875,5869137
2026-01-27,1682.699951171875,1689.4000244140625,1661.0999755859375,1685.800048828125,10673087
2026-01-28,1666.5,1688.800048828125,1650.0,1680.0,8588664
2026-01-29,1659.5,1666.5,1642.0999755859375,1658.0,4749582
2026-01-30,1641.0,1655.0,1618.0999755859375,1655.0,9207926
2026-02-02,1629.4000244140625,1662.0,1618.0,1662.0,6784887
2026-02-03,1656.0,1728.0,1653.0,1727.199951171875,8805868
2026-02-04,1535.800048828125,1584.9000244140625,1510.0999755859375,1574.0,28828622
2026-02-05,1520.199951171875,1551.0,1515.699951171875,1534.0,10628127
2026-02-06,1507.0999755859375,1525.0,1480.0,1522.0999755859375,13900866
2026-02-09,1497.199951171875,1528.0,1493.0,1522.0999755859375,8294615
2026-02-10,1497.800048828125,1515.9000244140625,1491.0,1500.0,8657000
2026-02-11,1471.9000244140625,1505.9000244140625,1469.0,1501.199951171875,7934411
2026-02-12,1386.0,1435.699951171875,1380.5,1428.9000244140625,26048896
2026-02-13,1369.0999755859375,1377.300048828125,1281.5,1293.9000244140625,45785709
2026-02-16,1365.5999755859375,1376.0,1338.300048828125,1373.699951171875,14621891
2026-02-17,1391.199951171875,1431.0,1367.0,1370.0,25347684
2026-02-18,1373.699951171875,1401.0,1345.300048828125,1390.9000244140625,20241373
2026-02-19,1370.5,1402.0,1363.199951171875,1385.0,14574228
2026-02-20,1353.199951171875,1365.0,1338.199951171875,1359.199951171875,12633552
2026-02-23,1327.5,1352.0,1318.0,1352.0,12887826
2026-02-24,1275.5,1303.5999755859375,1264.0999755859375,1301.0,27839061
2026-02-25,1290.0999755859375,1323.5999755859375,1286.199951171875,1286.199951171875,16669618
2026-02-26,1289.0999755859375,1314.0,1286.300048828125,1305.5,11493914
2026-02-27,1300.0999755859375,1335.0,1294.199951171875,1326.300048828125,23141724
2026-03-02,1288.9000244140625,1298.800048828125,1273.0,1291.0,9700361
2026-03-04,1307.4000244140625,1317.0,1292.0,1292.0,15154950
2026-03-05,1305.800048828125,1320.0,1290.0999755859375,1320.0,10362147
2026-03-06,1308.4000244140625,1327.199951171875,1303.0,1303.0,8724291
2026-03-09,1315.0,1318.0,1282.5,1290.0,10068514
2026-03-10,1295.5999755859375,1321.0,1284.0999755859375,1320.0,9600171
