Price,Close,High,Low,Open,Volume
Ticker,MARUTI.NS,MARUTI.NS,MARUTI.NS,MARUTI.NS,MARUTI.NS
Date,,,,,
2010-01-04,1369.4390869140625,1400.5536760616262,1364.7609296493386,1381.3994898138224,534231
2010-01-05,1338.015380859375,1383.6501694622932,1332.851705404876,1380.0752592056447,1407407
2010-01-06,1290.1741943359375,1344.1503050083008,1288.7177451972998,1339.9133816503431,1571353
2010-01-07,1282.8037109375,1310.7847290573363,1279.890812884268,1295.7791126304173,901165
2010-01-08,1265.0177001953125,1292.0719671839063,1254.3813224287712,1287.8350438849218,1294429
2010-01-11,1284.08349609375,1290.7036206654655,1269.2985512169187,1272.8292843218337,478942
2010-01-12,1271.9461669921875,1290.482509467438,1266.6500691421159,1284.0830578986015,767986
2010-01-13,1261.1336669921875,1279.4493440456174,1245.2895460866985,1268.4158036519848,612474
2010-01-14,1248.864501953125,1273.9327303570844,1245.4661926442725,1270.1813261623727,480493
2010-01-15,1247.628662109375,1273.6237498361886,1242.9505052884383,1244.5834478367788,723389
2010-01-18,1261.6630859375,1277.242464430853,1241.9351399130685,1243.7005061389577,916180
2010-01-19,1252.79248046875,1279.890815320946,1247.3197792294445,1266.6505655072813,1009858
2010-01-20,1287.2607421875,1293.130605736112,1254.2925534136623,1261.17752397058,1376326
2010-01-21,1282.31787109375,1306.3709855231457,1271.0636615900878,1275.4770770817202,1220211
2010-01-22,1274.9915771484375,1286.0692932961513,1240.1697715038383,1271.0636804025105,650256
2010-01-25,1276.5361328125,1301.9574467366745,1246.3484168082605,1246.3484168082605,851324
2010-01-27,1209.0994873046875,1277.2425870671063,1191.887164949602,1263.1196559039593,1180230
2010-01-28,1216.602294921875,1234.8737940209905,1202.2586929541544,1215.4547636646919,835498
2010-01-29,1226.4444580078125,1234.87412792797,1175.734337669804,1213.1601369353082,468949
2010-02-01,1234.829833984375,1253.1455135651292,1213.9102816111904,1226.047177718919,584347
2010-02-02,1212.4095458984375,1251.865441625144,1200.4491455033992,1251.865441625144,573306
2010-02-03,1215.675537109375,1222.428085694211,1200.6257442127535,1204.8626670207275,594119
2010-02-04,1204.9951171875,1222.5163589774727,1196.035860227058,1209.2761096022653,453970
2010-02-05,1199.478271484375,1216.3816770111853,1165.3625428479006,1191.1810275123967,471270
2010-02-08,1202.2586669921875,1225.8704420291704,1189.1507355852118,1213.7776178278723,555655
2010-02-09,1194.049560546875,1212.8065763750924,1185.0020587944407,1196.0355975169216,491001
2010-02-10,1177.4114990234375,1208.040572250469,1172.4243158814306,1196.036098640571,433681
2010-02-11,1197.227294921875,1203.5385011311541,1174.0568617317813,1174.0568617317813,289022
2010-02-15,1179.2645263671875,1208.2165728088937,1174.0566749478728,1203.9796511712902,288768
2010-02-16,1198.1102294921875,1209.6733598844316,1177.4995947177417,1182.530846737827,322869
2010-02-17,1218.323486328125,1224.1933511557343,1205.1274155930016,1209.2318062718807,371999
2010-02-18,1200.140380859375,1226.929797698077,1190.7397820825222,1226.929797698077,323684
2010-02-19,1210.158447265625,1218.9852776614355,1178.381857840707,1195.1528355927471,399798
2010-02-22,1223.61962890625,1238.4045730246844,1216.6023403199542,1218.1028587128044,385247
2010-02-23,1179.0440673828125,1226.0469471044182,1163.1115927530009,1209.1435425185027,484780
2010-02-24,1205.2154541015625,1225.9143284570093,1163.0673386010917,1169.5550374476202,827260
2010-02-25,1235.6680908203125,1242.7295556064855,1198.6836474528516,1212.983070545091,794244
2010-02-26,1288.6734619140625,1315.1981386147554,1213.6895574465025,1234.6974634315295,1711733
2010-03-02,1316.169189453125,1324.9077766182832,1290.9686431617804,1299.3099581493088,1321957
2010-03-03,1303.28173828125,1324.8192298034066,1289.2912311811106,1320.4940605951574,809671
2010-03-04,1286.2017822265625,1314.3152191933416,1281.7441891893063,1303.723021322072,413804
2010-03-05,1286.1134033203125,1301.4279329524973,1277.8602304607195,1294.8960567197776,353414
2010-03-08,1304.738525390625,1317.2285173963846,1291.3658499604219,1300.8105195021878,515595
2010-03-09,1323.5836181640625,1332.101533622106,1298.427143927533,1306.371293686437,875543
2010-03-10,1306.239013671875,1341.502280306273,1297.5446036936116,1331.0865730407934,976355
2010-03-11,1292.4248046875,1310.7404825946069,1284.3041616790579,1297.5885880319336,554034
2010-03-12,1291.8948974609375,1312.9910440206272,1288.7172600135232,1297.544090561561,334671
2010-03-15,1276.4482421875,1292.954483817921,1258.8387542302457,1292.2482941093497,445078
2010-03-16,1287.6583251953125,1291.1890580773952,1267.9302690171423,1288.5410084158332,256298
2010-03-17,1265.326171875,1300.8541651906392,1261.045180565728,1293.1306883828915,648678
2010-03-18,1254.91064453125,1276.3598890866201,1243.700611150102,1274.594522711673,631915
2010-03-19,1261.6190185546875,1266.0324341268379,1254.2927056051562,1260.471487406167,286967
2010-03-22,1233.5057373046875,1256.7645285123917,1227.8124731064447,1253.4102888649543,470482
2010-03-23,1229.9307861328125,1246.5251655582033,1225.1642753273336,1240.1257123909675,313873
2010-03-25,1209.4083251953125,1233.8586050609028,1200.4490697790652,1226.9295639653683,656336
2010-03-26,1232.9761962890625,1247.23155371474,1207.5549808630064,1211.0415369402854,576501
2010-03-29,1259.986083984375,1269.121941254921,1233.2849173275426,1244.40681178744,628028
2010-03-30,1242.509033203125,1276.3599125141818,1235.7564851451277,1235.7564851451277,354798
2010-03-31,1251.600830078125,1256.499765837116,1190.7398553665398,1228.2980755203134,320921
2010-04-01,1229.7100830078125,1261.3542531840667,1223.619547569218,1257.823520494958,477130
2010-04-05,1233.4173583984375,1243.7006393152635,1223.6637736056211,1235.3151488443657,409185
2010-04-06,1215.1458740234375,1244.58333780388,1212.1447295313321,1244.58333780388,343707
2010-04-07,1238.3162841796875,1241.9352637537495,1207.5106189162254,1226.6648012773385,634823
2010-04-08,1221.721435546875,1246.3483111195817,1101.323460996495,1101.323460996495,410233
2010-04-09,1216.028564453125,1234.8738297257178,1209.4966870490814,1232.2257800551122,441989
2010-04-12,1210.6444091796875,1243.5243644394131,1203.5387650103623,1233.991341022726,401803
2010-04-13,1203.362060546875,1215.2782838546839,1194.0938868630235,1213.6894109805435,309664
2010-04-15,1195.903564453125,1217.1321429947363,1191.622571579191,1210.1589226926449,296630
2010-04-16,1192.6373291015625,1201.9495714457175,1187.20880631833,1192.284234300732,220122
2010-04-19,1175.998779296875,1193.9171822182002,1168.8489597315945,1193.9171822182002,239032
2010-04-20,1193.6966552734375,1205.7894802828177,1175.734072931315,1182.7955388348064,379984
2010-04-21,1215.8519287109375,1218.1028139669463,1191.622318011143,1191.622318011143,314739
2010-04-22,1217.529052734375,1235.5799888590757,1204.4212287388045,1213.6894023568018,483673
2010-04-23,1201.640625,1225.7819864031728,1196.079786080931,1218.1026864794762,268925
2010-04-26,1177.2347412109375,1222.8695350717117,1171.3649831309106,1209.276189927025,1940724
2010-04-27,1132.7474365234375,1178.5145406254026,1129.8345387534464,1173.086017190102,2351290
2010-04-28,1121.316650390625,1136.7195378256215,1107.7674839889314,1125.4211490724203,1214131
2010-04-29,1138.1318359375,1142.8099926437126,1122.773125407978,1123.7440554602542,815734
2010-04-30,1129.5697021484375,1147.4882150681149,1125.5093807834648,1147.4882150681149,441044
2010-05-03,1131.1143798828125,1142.412768305594,1115.1378349993706,1125.421116159654,599874
2010-05-04,1116.9029541015625,1145.237057907049,1109.9739138433536,1136.8957463461147,457051
2010-05-05,1132.085693359375,1138.661641912503,1089.0548754964025,1101.3240891593155,550720
2010-05-06,1128.5106201171875,1137.778794940207,1116.8150661738532,1133.3653783578168,394583
2010-05-07,1128.9517822265625,1136.895930811425,1103.3539701197835,1113.0634850568376,488321
2010-05-10,1143.47216796875,1147.4001737502629,1126.9218542109554,1139.7207635169832,563998
2010-05-11,1119.33056640625,1147.4881825904686,1116.5942699822635,1147.4881825904686,395084
2010-05-12,1116.81494140625,1135.8368078510507,1113.9462209481821,1121.0076866911184,589711
2010-05-13,1126.1270751953125,1134.7773044119053,1121.3163879363942,1125.4208856574946,662614
2010-05-14,1111.73974609375,1130.7174392585105,1100.6179567656852,1120.125238422365,443386
2010-05-17,1095.8511962890625,1107.5909259862062,1091.9232991363222,1103.3540035129506,322917
2010-05-18,1096.6895751953125,1105.5164062009471,1090.9963122964389,1095.674575829186,462417
2010-05-19,1082.8759765625,1106.8849205756926,1077.756370034227,1089.8490888259112,496232
2010-05-20,1066.59033203125,1093.9094445092132,1057.9841699528654,1093.4681028641678,485640
2010-05-21,1093.24755859375,1098.9408233741058,1032.739568953979,1038.0356693075892,744951
2010-05-24,1073.03369140625,1111.2979807914865,1063.6330951975704,1107.6790017684946,263273
2010-05-25,1058.11669921875,1068.9295705976276,1039.4479242269638,1060.2792303947513,457431
2010-05-26,1059.837646484375,1080.4042075880625,1045.2293045690033,1054.8063954801755,584220
2010-05-27,1092.8941650390625,1102.2505848904532,1051.2756329165404,1063.6331970314284,982229
2010-05-28,1081.463623046875,1098.764303317982,1073.5194727078938,1097.1754301504118,330714
2010-05-31,1091.7471923828125,1094.52766728104,1080.9784955303164,1090.996932870456,233634
2010-06-01,1109.5328369140625,1144.840166648798,1086.6272498484207,1090.1138055599579,1452405
2010-06-02,1128.2901611328125,1135.130958119927,1113.0638710647186,1113.0638710647186,785644
2010-06-03,1144.663818359375,1156.3151955506464,1136.0134783768565,1136.8961617322386,686347
2010-06-04,1174.0133056640625,1178.3825461624099,1138.6617861794073,1151.0193559518968,883335
2010-06-07,1161.12548828125,1164.9652461228043,1130.5406038149556,1131.6880272422402,464373
2010-06-08,1142.5009765625,1180.588778132122,1135.5719350033455,1165.0535753865838,608641
2010-06-09,1150.1361083984375,1162.9350136722499,1138.7054050640015,1143.648408999179,403149
2010-06-10,1188.2239990234375,1191.4458142202232,1143.9574154482987,1161.6110792669451,910604
2010-06-11,1197.4921875,1203.9798874845833,1182.7954906373473,1188.9742730511243,733725
2010-06-14,1196.4327392578125,1206.627771944964,1186.3260610782968,1203.9797227014856,245161
2010-06-15,1185.3553466796875,1200.3167845248527,1175.8223245707593,1196.03579235303,316340
2010-06-16,1204.3770751953125,1209.1877633890338,1176.263636216999,1190.739662560051,616333
2010-06-17,1217.8822021484375,1224.2816556476773,1197.3598167888063,1208.393357304737,428095
2010-06-18,1192.6373291015625,1220.7507651585504,1188.9741725730785,1213.4244521015823,557649
2010-06-21,1214.7928466796875,1220.7509587342472,1199.2576427243494,1202.2146101200613,312694
2010-06-22,1208.4375,1218.1028381157168,1200.4491737951994,1207.0692979153935,235521
2010-06-23,1242.244140625,1248.1140052689689,1200.4491139786405,1204.862529838856,860773
2010-06-24,1224.237548828125,1250.673978075091,1210.1587934194774,1244.583441809966,1361910
2010-06-25,1232.9320068359375,1255.0873348635005,1214.5721521341418,1219.8682516347267,1336002
2010-06-28,1231.12255859375,1239.1108857266981,1218.4118972562678,1233.991279379145,292395
2010-06-29,1226.0029296875,1244.495209521211,1218.3236280568992,1226.9297902547291,362725
2010-06-30,1256.7203369140625,1265.723663392184,1209.2761099717407,1209.2761099717407,735102
2010-07-01,1236.5509033203125,1257.2057115312186,1218.1028030860114,1257.2057115312186,637323
2010-07-02,1249.7913818359375,1258.5299685859313,1218.985711247289,1235.7566949646664,580326
2010-07-05,1232.3138427734375,1249.7910110888713,1228.8713571659248,1249.7910110888713,196977
2010-07-06,1229.00390625,1232.225721412458,1222.5162064156548,1232.225721412458,261295
2010-07-07,1218.102783203125,1244.4067849546673,1211.2619885873105,1228.694981317935,350245
2010-07-08,1238.7576904296875,1243.6124482883442,1225.0761001007456,1228.8715734133164,419025
2010-07-09,1257.1614990234375,1262.0162564358502,1231.3430164210604,1235.7564322505266,615302
2010-07-12,1244.009765625,1266.6506152452992,1240.8763043623806,1266.6506152452992,271217
2010-07-13,1243.7889404296875,1249.791229602453,1227.8565724885145,1249.0409703932123,284452
2010-07-14,1230.107177734375,1256.4552473861552,1223.928395878039,1250.7619843468647,182512
2010-07-15,1213.91015625,1248.9968159198327,1210.1587523859298,1248.9968159198327,308916
2010-07-16,1212.895263671875,1220.4863195202163,1203.9801826959354,1211.8360866695728,184121
2010-07-19,1203.362060546875,1225.076045913444,1178.3820826611095,1178.3820826611095,220018
2010-07-20,1199.125244140625,1231.3431840825704,1192.593366273743,1231.3431840825704,141510
2010-07-21,1202.567626953125,1218.0145831293996,1199.6547292601185,1208.3933145897226,293180
2010-07-22,1195.285400390625,1218.102738101559,1187.429498863132,1218.0144913370852,514174
2010-07-23,1198.8604736328125,1211.659382109195,1188.3566280482924,1204.862763466337,736077
2010-07-26,1051.6727294921875,1162.9349766166365,994.6514231563488,1149.518236684463,6485230
2010-07-27,1065.8399658203125,1094.4389230990384,1043.331544181871,1050.393009793931,4499525
2010-07-28,1061.514892578125,1080.1394882643128,1059.2199375965506,1068.046770409855,848412
2010-07-29,1057.234130859375,1071.9749017736654,1050.4815807341781,1063.6335860451236,1600687
2010-07-30,1057.984130859375,1070.6065445410327,1052.6439618013053,1058.3372257122492,553516
2010-08-02,1067.9583740234375,1075.549427629579,1061.1616490596782,1068.9293039470006,660849
2010-08-03,1070.8712158203125,1080.4042374861324,1068.090849938078,1079.9187186260583,461037
2010-08-04,1071.2242431640625,1077.75611998659,1064.86896762017,1071.5773379719249,581630
2010-08-05,1081.9488525390625,1095.3655930889788,1074.6667166765724,1075.108058243996,875377
2010-08-06,1078.1092529296875,1090.599241422442,1075.5494501688986,1085.7003066949078,358993
2010-08-09,1087.5540771484375,1089.2311969756759,1073.122226680047,1073.9607327189528,365489
2010-08-10,1083.2730712890625,1092.7177394239984,1078.6389840010058,1085.7004503447113,291160
2010-08-11,1072.63671875,1090.0256446640087,1068.9736692009606,1083.0524249421242,668240
2010-08-12,1082.169677734375,1088.0836124819311,1062.3093043664928,1067.164062300864,334170
2010-08-13,1102.6036376953125,1107.2377240618525,1079.080111065757,1085.7002344465284,683945
2010-08-16,1109.1357421875,1122.5966624939645,1098.940706986768,1102.471440181906,537805
2010-08-17,1106.4876708984375,1118.3597179377864,1099.3378501169757,1112.1809349657544,311850
2010-08-18,1107.193603515625,1115.8439416093233,1104.2366364706413,1111.1656777475337,182885
2010-08-19,1104.8104248046875,1119.1098492339668,1103.3981532652815,1113.7696806397423,202683
2010-08-20,1094.2623291015625,1109.5327916891747,1092.7618107487656,1101.588642822665,152662
2010-08-23,1099.0291748046875,1105.7817249483546,1090.9967767201488,1094.8806055658058,148100
2010-08-24,1093.6627197265625,1113.1313887552956,1086.5226702989937,1113.1313887552956,215635
2010-08-25,1082.1324462890625,1101.601118398343,1078.6288995085881,1096.63417848814,198994
2010-08-26,1088.473876953125,1095.170447394875,1075.5243229588707,1085.325243727312,962065
2010-08-27,1080.93505859375,1104.2620840799752,1073.2629628594545,1080.3142316541444,209560
2010-08-30,1095.702880859375,1106.745566242442,1083.8620203761132,1083.8620203761132,322578
2010-08-31,1115.3489990234375,1121.513310023686,1089.1837541159293,1094.8159122977177,478908
2010-09-01,1128.874755859375,1136.3252178586974,1119.3399661320223,1119.3399661320223,688890
2010-09-02,1132.3782958984375,1145.9043941775205,1129.5400759614508,1131.757469121956,480517
2010-09-03,1128.2987060546875,1138.853522819165,1076.4560792628665,1132.6448198131416,209238
2010-09-06,1155.3062744140625,1164.5749348905251,1132.9548854915515,1135.3053439907633,446653
2010-09-07,1166.7037353515625,1178.5445944772139,1156.991487277275,1157.4793571347238,441540
2010-09-08,1159.69677734375,1185.7733460372995,1155.7054691234464,1170.517614099218,372456
2010-09-09,1166.171630859375,1171.670723421623,1159.696798541841,1163.6881068351017,244342
2010-09-13,1178.012451171875,1182.3141727568552,1165.5950480071367,1175.2185138055763,235561
2010-09-14,1194.2882080078125,1213.2691191172028,1179.7864753353276,1179.7864753353276,1528650
2010-09-15,1213.934326171875,1224.0012714969816,1196.2394602190523,1196.505590760455,1032922
2010-09-16,1239.345458984375,1246.5297913464437,1205.2862775491703,1206.261908909499,1238076
2010-09-17,1231.4072265625,1254.3350526169884,1225.7750689923464,1241.7403014394247,322006
2010-09-20,1240.7646484375,1246.1750665740879,1224.0011330051539,1232.8707064327275,542217
2010-09-21,1253.359619140625,1257.617058440757,1230.2987241857977,1241.7848887510056,582679
2010-09-22,1298.3724365234375,1303.827245633892,1259.7011194636293,1259.7011194636293,1288474
2010-09-23,1293.7159423828125,1303.827277618576,1281.1654744848374,1299.3924909600094,494100
2010-09-24,1314.2491455078125,1317.1317570974197,1295.0464958797343,1299.3926088536834,609319
2010-09-27,1311.898681640625,1326.0013260941205,1305.6013056926724,1325.114368685362,371002
2010-09-28,1302.1424560546875,1316.7772567373368,1287.8624600731291,1287.8624600731291,405994
2010-09-29,1268.3934326171875,1314.426433588189,1264.0916027478197,1287.8621036161423,413917
2010-09-30,1278.016845703125,1327.9968698779967,1233.1811091087488,1277.2185624473636,457480
2010-10-01,1312.652587890625,1323.1631199143033,1286.9752139395814,1291.4100010310342,736838
2010-10-04,1312.830078125,1328.6622467947213,1308.5283561898123,1321.5665872657776,246301
2010-10-05,1333.4072265625,1351.7229163417019,1311.1002289594544,1318.0185391625782,620564
2010-10-06,1345.248046875,1356.1576645945217,1336.6446046722983,1339.3054764798742,361329
2010-10-07,1321.6552734375,1352.0779572544227,1317.1318121006818,1347.332756555298,288753
2010-10-08,1327.952392578125,1336.6446172061749,1305.8672429850708,1323.3402580435386,208208
2010-10-11,1345.7362060546875,1353.7188231939144,1326.0014025715984,1337.6205236422384,307964
2010-10-12,1348.2196044921875,1356.1578297094902,1333.3186772470838,1348.130822137538,355625
2010-10-13,1382.234375,1389.6848384972154,1346.4012759104692,1352.6099774462882,1201084
2010-10-14,1381.347412109375,1396.4256872074473,1367.1117031936128,1383.6978707641892,647855
2010-10-15,1347.199462890625,1384.1412560423184,1314.3376516594503,1379.218599725191,597943
2010-10-18,1322.9415283203125,1348.1754263806085,1315.0031935772704,1343.7406387938302,388544
2010-10-19,1325.8682861328125,1343.7404999146238,1313.6283386210448,1326.045742580652,243570
2010-10-20,1322.187255859375,1337.5316610619848,1317.1316423587848,1321.5664290333934,151275
2010-10-21,1342.5430908203125,1347.288291258398,1313.850040570524,1330.4361006501626,208642
2010-10-22,1333.3631591796875,1352.6100922660871,1326.001369139541,1343.740517890572,133665
2010-10-25,1336.644775390625,1353.4082915736456,1330.6134218813256,1334.7821865416595,151666
2010-10-26,1389.6849365234375,1405.827518346775,1340.1926689097645,1346.3569797038265,2316413
2010-10-27,1353.1424560546875,1392.5233940764372,1336.8224150049043,1389.9955866395171,794179
2010-10-28,1361.30224609375,1373.8969977289578,1343.740446455372,1356.7786767857795,665095
2010-10-29,1376.203125,1382.7666316279654,1344.671853365926,1361.3023051574746,236775
2010-11-01,1337.7979736328125,1383.6536307803322,1314.9144279691297,1383.6536307803322,875788
2010-11-02,1324.582275390625,1351.723151663492,1319.7926835139608,1339.1726821115944,345655
2010-11-03,1326.977294921875,1338.0642653497885,1318.906002104593,1328.2634484542302,235501
2010-11-04,1337.1767578125,1342.8533059913966,1326.9324663127068,1331.322861488168,352793
2010-11-08,1320.3248291015625,1347.2883570455836,1318.0187614020651,1343.7405272706114,228488
2010-11-09,1305.5567626953125,1335.7577022600528,1300.27941003535,1321.5663853701717,382790
2010-11-10,1308.3507080078125,1310.9229058643486,1295.002065437855,1308.2620339309299,209770
2010-11-11,1304.1820068359375,1319.3489546774954,1299.5697640148776,1317.1315614763566,217656
2010-11-12,1290.07958984375,1302.9404726575929,1280.8109279518974,1297.6187280449683,213197
2010-11-15,1274.46923828125,1294.2040424220747,1263.0274650127835,1287.862274718091,133347
2010-11-16,1242.3167724609375,1285.5115499601623,1228.9237387928674,1281.6089161590353,382476
2010-11-18,1268.6595458984375,1275.178661393511,1221.0742578414342,1250.4769184751988,359749
2010-11-19,1246.530029296875,1271.8083167721954,1239.168239109628,1271.8083167721954,235528
2010-11-22,1260.3221435546875,1266.575236877151,1237.3056410669647,1250.6100027988675,145576
2010-11-23,1278.549072265625,1289.5029743314615,1238.9907944935335,1255.0447015302527,331033
2010-11-24,1255.97607421875,1301.1665106072421,1244.5343020622443,1277.2186607187652,202980
2010-11-25,1224.08984375,1266.4864493121588,1216.328966768414,1256.0647002226,407030
2010-11-26,1212.470703125,1232.7820481893,1184.9750251463058,1229.3228928538772,199109
2010-11-29,1247.106201171875,1257.1731436311204,1210.962695654337,1215.1313511417682,143095
2010-11-30,1261.2532958984375,1267.2402577460566,1220.8523470849302,1247.1063701003036,215559
2010-12-01,1254.246337890625,1282.9837770183403,1243.6472411124175,1259.4794077884849,414015
2010-12-02,1249.5897216796875,1274.8237208425057,1244.755847891814,1274.8237208425057,234362
2010-12-03,1242.2724609375,1259.30210726944,1234.0238224244706,1250.6098818037574,228411
2010-12-06,1248.9246826171875,1256.8186250639892,1233.75773286098,1256.8186250639892,129508
2010-12-07,1267.1517333984375,1283.16124978665,1249.4568679952527,1250.6099559439522,376506
2010-12-08,1256.9517822265625,1281.3873952116885,1234.7778457947747,1268.3491638982669,309194
2010-12-09,1233.8907470703125,1255.0446583501086,1226.883762305857,1247.0620421485885,228112
2010-12-10,1253.4925537109375,1258.4594935290415,1211.3176857578887,1232.8707940266784,156706
2010-12-13,1261.120361328125,1271.9413066033653,1243.5142785394146,1259.4795117874241,202845
2010-12-14,1254.0247802734375,1272.7839521633905,1247.0621858827367,1259.523981475454,112041
2010-12-15,1237.3057861328125,1255.0005460023667,1230.7422785879785,1254.1579796356968,222327
2010-12-16,1222.227294921875,1240.8534002871575,1210.9185880929533,1239.9664428888107,338077
2010-12-20,1254.911865234375,1261.2536333573214,1193.8448597039062,1224.4448951123645,325141
2010-12-21,1262.406494140625,1290.3456518735086,1243.9577371545722,1256.4638146760108,610373
2010-12-22,1236.5072021484375,1269.235949545671,1227.7263028558393,1263.958596697743,297205
2010-12-23,1234.955078125,1241.6959325136604,1228.5246371630296,1233.0924892936966,346689
2010-12-24,1234.201416015625,1240.3657276056845,1213.3579138407295,1233.7579372459466,208168
2010-12-27,1236.7288818359375,1248.6585224087298,1229.9436368793079,1239.9662976148422,149330
2010-12-28,1237.4827880859375,1247.0619702842073,1229.3672153656637,1241.7402264565362,193304
2010-12-29,1257.616943359375,1263.0273619494471,1229.6333935414234,1236.5073135239434,228653
2010-12-30,1259.878662109375,1276.7752447808698,1253.2708724386032,1261.253489460505,231775
2010-12-31,1260.8983154296875,1268.7922560484958,1255.0444196495082,1260.188814642747,153415
2011-01-03,1264.8455810546875,1286.0881664261583,1258.1490097072453,1268.3490193030389,300162
2011-01-04,1267.2403564453125,1289.1038775125826,1245.332552471749,1265.6881810305938,540328
2011-01-05,1252.7830810546875,1272.7840160438484,1247.372661943859,1266.5753135265613,275096
2011-01-06,1218.5906982421875,1263.9141961844655,1211.8498441834354,1255.089014052904,353272
2011-01-07,1189.010986328125,1213.0917971808597,1186.3501136795412,1210.6970551056083,493731
2011-01-10,1176.105712890625,1197.3926941194145,1169.187400682794,1196.505736568215,254474
2011-01-11,1169.408935546875,1180.274163648796,1158.321968095935,1175.218549799634,394195
2011-01-12,1168.699462890625,1178.6777338380764,1148.5211816413344,1174.3316208378415,316610
2011-01-13,1166.836669921875,1175.2183727435481,1154.4635511480358,1170.7835864313083,263445
2011-01-14,1126.1700439453125,1169.8970978087334,1120.4936018086844,1167.2362249554915,468849
2011-01-17,1126.0811767578125,1135.3055560549942,1113.131619413295,1126.4359813983147,206244
2011-01-18,1133.1767578125,1139.7846554356788,1124.7063795661309,1131.7576476201878,210065
2011-01-19,1128.83056640625,1138.853227684209,1123.3314741916283,1138.853227684209,233334
2011-01-20,1116.901123046875,1124.662000415674,1104.3506539905263,1124.2629128880317,186731
2011-01-21,1107.4993896484375,1124.3958633156888,1098.2306197679939,1121.114164213089,361853
2011-01-24,1146.3924560546875,1153.0002454716416,1113.1315530743775,1125.5489568536932,285343
2011-01-25,1142.5343017578125,1157.4795136708985,1131.802137882992,1157.4795136708985,237024
2011-01-27,1126.1700439453125,1152.867554856462,1120.3161453224188,1152.867554856462,188751
2011-01-28,1090.3809814453125,1128.2097335523817,1082.0879519920643,1128.2097335523817,609439
2011-01-31,1111.2244873046875,1121.513170845749,1020.2670765969225,1063.4618559618027,1056178
2011-02-01,1101.9560546875,1130.87084845252,1094.150785130884,1122.8882306987375,331423
2011-02-02,1079.4715576171875,1107.3219336347329,1074.1054219858347,1107.3219336347329,446214
2011-02-03,1080.4915771484375,1090.8690448031048,1069.0499120793731,1073.2185689975865,355406
2011-02-04,1049.22607421875,1096.6340059398249,1043.0617644126974,1090.9574576765456,309323
2011-02-07,1055.257568359375,1065.2358391255384,1046.6097336953667,1065.2358391255384,155137
2011-02-08,1043.7716064453125,1059.027231802676,1037.8289263627755,1059.027231802676,214476
2011-02-09,1023.5487670898438,1054.5922738906622,1015.5661510553475,1041.2879138331684,178835
2011-02-10,1028.87060546875,1042.041901479353,1018.3157905342763,1026.6532119224812,268346
2011-02-11,1047.8070068359375,1052.6409891857493,1015.5661299540724,1015.5661299540724,306097
2011-02-14,1085.724609375,1089.183765136754,1058.1402539154296,1064.3489561596944,258845
2011-02-15,1096.9002685546875,1101.6011864915033,1074.9924621801144,1086.5229093817163,215206
2011-02-16,1089.139404296875,1099.8272853378633,1082.975093062525,1099.8272853378633,94606
2011-02-17,1089.2279052734375,1099.7826100391023,1077.653069734496,1081.1122246989848,128256
2011-02-18,1089.8045654296875,1114.018546899263,1086.5228662035008,1088.2967810870985,355711
2011-02-21,1070.8681640625,1090.9577739939425,1047.4968545421511,1090.07081645411,203836
2011-02-22,1047.5853271484375,1068.7836299273706,1037.82879608686,1068.7836299273706,189502
2011-02-23,1057.696533203125,1066.6547798804268,1044.8356529251835,1044.8356529251835,339470
2011-02-24,1041.77587890625,1063.4619444738335,1024.1696875371833,1044.835838690722,656061
2011-02-25,1036.542724609375,1049.270540877024,1015.211357118246,1049.270540877024,347521
2011-02-28,1071.621826171875,1089.1836249973983,1027.5400892178225,1038.6270560846526,376909
2011-03-01,1144.840087890625,1164.308756516466,1069.6704598071615,1072.4200056698487,759153
2011-03-03,1172.7794189453125,1183.2011683668345,1127.3672434978707,1136.3254915591585,461594
2011-03-04,1163.7322998046875,1189.9418215036833,1148.5209613569589,1175.218352850503,455165
2011-03-07,1118.3204345703125,1144.1752694846093,1107.9430742718343,1136.1926513254145,252355
2011-03-08,1114.151611328125,1130.7820633492893,1104.7054929258693,1124.4846871715094,406646
2011-03-09,1122.8880615234375,1137.9663372310981,1117.6549912412513,1119.3402319451643,181247
2011-03-10,1127.677490234375,1139.740087404032,1113.4417827991952,1121.7792027581706,220927
2011-03-11,1109.4505615234375,1133.9749535057363,1099.8270960869088,1114.4618921235492,252688
2011-03-14,1114.905517578125,1122.88813464909,1080.358568118362,1101.8228951562655,555011
2011-03-15,1076.8992919921875,1090.8688703044413,1064.348823790756,1082.0879708539353,447418
2011-03-16,1081.4229736328125,1089.9821354925498,1076.8551206771947,1081.9108435851226,233465
2011-03-17,1033.39404296875,1076.6776073085457,1024.480186079711,1068.9610129816538,1136194
2011-03-18,1025.5001220703125,1065.2358576543115,1017.428831231079,1049.8914510340874,1087299
2011-03-21,1000.6650390625,1034.1920635033987,995.1659478994968,1029.9346257654263,524674
2011-03-22,1039.4696044921875,1045.7226970066706,1004.9670508092338,1007.6279228117953,879108
2011-03-23,1043.017333984375,1047.4965114017073,1026.2982114896445,1037.7399816596082,458496
2011-03-24,1035.212158203125,1050.1573659545836,1026.9191297123582,1037.7399646679585,569659
2011-03-25,1048.649658203125,1051.0443996026186,1030.2009030704146,1040.400912011706,504995
2011-03-28,1065.8565673828125,1073.5287698496259,1046.609636860868,1055.3018618991923,604130
2011-03-29,1098.0089111328125,1108.6081174223646,1069.6706644502483,1073.2184941830849,593159
2011-03-30,1125.5489501953125,1149.3194520264228,1098.8071627031052,1105.1489298214021,934495
2011-03-31,1119.473388671875,1140.6273026064137,1109.5837912602049,1125.5490256668265,851042
2011-04-01,1127.411376953125,1146.3036103255752,1110.1601011655957,1110.1601011655957,373301
2011-04-04,1153.3551025390625,1157.3908022593282,1116.3246288703808,1140.6272847407083,406624
2011-04-05,1162.6680908203125,1172.5576875243923,1137.7890006127714,1153.355038082789,327406
2011-04-06,1150.8272705078125,1177.9681463314505,1142.4455660657616,1176.9925148083755,477877
2011-04-07,1133.7535400390625,1139.740503774845,1124.6622247365783,1134.9066282151707,378375
2011-04-08,1112.111328125,1139.2965895373616,1108.6965643609979,1130.870495648218,274026
2011-04-11,1097.6986083984375,1112.333407522443,1091.8447104030718,1108.6969033337446,161328
2011-04-13,1133.6646728515625,1137.2125026092508,1076.7663314584017,1076.7663314584017,486624
2011-04-15,1115.0828857421875,1138.853389199049,1113.1316226205658,1126.879463378031,199832
2011-04-18,1119.6507568359375,1137.0794930284007,1109.1403323182644,1114.0185984740026,472622
2011-04-19,1112.8653564453125,1123.9967146233955,1099.8271265598821,1108.6967001611713,342396
2011-04-20,1122.0010986328125,1126.5245596687196,1108.7854118642483,1115.7923969012477,370509
2011-04-21,1159.25341796875,1165.4621202838084,1123.7751190255594,1130.7821047210748,687122
2011-04-25,1176.5045166015625,1184.0880451429643,1140.8932661304825,1161.9141117133208,1325337
2011-04-26,1155.3507080078125,1175.1299016858975,1150.6055074881695,1175.1299016858975,543624
2011-04-27,1167.9451904296875,1179.564307161919,1157.6564011194282,1160.9382074584364,307291
2011-04-28,1154.1534423828125,1175.4848134832582,1150.3838730224843,1171.8482011304693,255730
2011-04-29,1168.699462890625,1178.4559944836885,1142.977697781639,1148.8315950832434,336437
2011-05-02,1145.59423828125,1183.2012563904746,1140.7159722316642,1170.7838519006195,541711
2011-05-03,1129.8062744140625,1144.1749396500422,1100.9357704190813,1144.1749396500422,660811
2011-05-04,1103.906982421875,1125.548761186387,1100.7139579450798,1125.105282557078,421192
2011-05-05,1112.111328125,1130.2496688806352,1095.6583360725722,1103.374820852065,370008
2011-05-06,1129.540283203125,1141.5142084667623,1101.9559288796463,1112.244613377871,481365
2011-05-09,1104.7054443359375,1135.216800622974,1099.8271786242976,1132.201123801545,154135
2011-05-10,1101.4237060546875,1112.6880213521788,1094.5053952559497,1104.261926331975,186668
2011-05-11,1084.61572265625,1104.9714578417227,1076.899237383528,1096.6340374905799,347243
2011-05-12,1081.3785400390625,1098.0533843374733,1077.653361849782,1082.088149347106,189669
2011-05-13,1084.260986328125,1097.1662592829662,1077.6531972747,1081.3783748950857,146615
2011-05-16,1091.4010009765625,1098.3635944037333,1067.2758047672996,1077.6531622807993,221705
2011-05-17,1073.2183837890625,1091.4010092995384,1068.7835970791903,1091.4010092995384,124996
2011-05-18,1079.072265625,1093.5297134071207,1055.4792223099505,1072.3314115737228,343937
2011-05-19,1074.7706298828125,1084.9262488084355,1069.6706248307587,1073.2184544321874,106571
2011-05-20,1084.92626953125,1100.5368066926417,1073.2184749313753,1075.25852029963,82338
2011-05-23,1067.6748046875,1082.0878602024923,1064.3487149532712,1070.5574157904985,83639
2011-05-24,1068.34033203125,1087.365527512375,1060.4907796394286,1069.670768310243,139391
2011-05-25,1065.0140380859375,1072.1983709672008,1057.4749006104178,1065.2357774234529,134930
2011-05-26,1077.9195556640625,1095.0377714455813,1060.2246875486367,1060.2246875486367,261038
2011-05-27,1083.5958251953125,1088.296742779846,1065.2358501048045,1073.2184668000111,215160
2011-05-30,1073.6175537109375,1087.4097847459955,1070.5575939546627,1086.4784361569546,122594
2011-05-31,1091.090576171875,1097.1662122004022,1075.8792363775974,1082.0879376592488,419395
2011-06-01,1108.7855224609375,1113.1316357607727,1082.0881240064882,1082.0881240064882,444037
2011-06-02,1086.8775634765625,1105.0157980612485,1082.0879721097135,1091.8445030057846,230627
2011-06-03,1094.416748046875,1104.1732793624751,1080.8019737288844,1090.9575925625654,219802
2011-06-06,1092.7314453125,1098.8514726263554,1073.2183837890625,1089.1836159446023,186588
2011-06-07,1099.8272705078125,1104.2620578888925,1074.061112515268,1074.061112515268,278512
2011-06-08,1085.547119140625,1096.323672565802,1080.3140491367158,1086.5227505685361,187917
2011-06-09,1077.69775390625,1084.4828921657092,1073.2185752218525,1077.653362722769,168516
2011-06-10,1087.9864501953125,1100.7142687967032,1056.4107845254853,1068.9168637496,577994
2011-06-13,1086.4783935546875,1096.6341204644718,1071.577574612491,1082.0879978554608,408847
2011-06-14,1084.260986328125,1089.9819262887006,1071.6218438909525,1077.6531972747,290861
2011-06-15,1073.2183837890625,1085.547112496739,1068.8722711591558,1076.9435613168912,175755
2011-06-16,1058.273193359375,1064.3488296074854,1050.0688377978172,1060.8010001754603,354302
2011-06-17,1033.305419921875,1092.7315685354076,1030.0237206949696,1085.6359089994635,1075331
2011-06-20,1029.535888671875,1043.948947634544,1002.3063375093341,1043.948947634544,523585
2011-06-21,1015.3888549804688,1037.7401377150973,1007.583586704573,1033.2609596241857,261594
2011-06-22,995.8314208984375,1019.9123359638422,990.8200899339604,1015.6992883136372,359730
2011-06-23,975.0321655273438,991.6182230880668,968.557334179042,990.731265822335,556227
2011-06-24,993.0372924804688,997.8268831739329,963.0582030864641,979.2007813546861,836966
2011-06-27,1022.440185546875,1028.161017707309,980.974925365295,984.4340810239819,434614
2011-06-28,1026.9638671875,1041.9090815543202,1013.127349854883,1041.9090815543202,267340
2011-06-29,1043.904541015625,1049.2706769662298,1024.6576074093296,1026.209782966972,235700
2011-06-30,1028.7818603515625,1052.5966437400264,1023.5931814657661,1051.044468364804,416028
2011-07-01,1013.92529296875,1024.4357156700946,1002.2617824304822,1023.5487583405101,447038
2011-07-04,1026.919189453125,1032.373890147301,1003.4591042662785,1014.679135592931,278505
2011-07-05,1034.5028076171875,1038.4941161709846,1023.1054259566902,1024.5245362326943,183263
2011-07-06,1036.764404296875,1042.0417568962957,1024.6130243866214,1024.6130243866214,179419
2011-07-07,1049.00439453125,1054.5922690381494,1027.806200887444,1031.5313783779377,229229
2011-07-08,1050.3795166015625,1066.1230136838321,1043.9934653189205,1050.867386580193,341435
2011-07-11,1032.551513671875,1044.8358524217506,1024.4358315340594,1042.3523283095633,162944
2011-07-12,1017.7393188476562,1021.7750186969874,1011.3532682892708,1021.3315399562335,174207
2011-07-13,1033.1282958984375,1035.877842910947,1023.5491101380605,1023.5491101380605,151856
2011-07-14,1041.4652099609375,1054.0600684821595,1021.1539745714995,1021.1539745714995,368747
2011-07-15,1044.4368896484375,1050.778549412817,1030.2898519889227,1037.7847081295638,171029
2011-07-18,1041.9534912109375,1054.5482464342276,1033.305654190885,1037.7404424062966,151327
2011-07-19,1031.53125,1042.0860626043582,1027.4955513282573,1037.2964719475494,245365
2011-07-20,1031.265380859375,1043.8602415760852,1028.0723557027345,1036.5871255441664,255318
2011-07-21,1025.4560546875,1037.7403958387026,1017.8725238709711,1024.4804229781294,172146
2011-07-22,1030.289794921875,1035.9663444911305,1024.4358971637462,1027.9837271106337,376871
2011-07-25,1047.71826171875,1051.044351438492,1023.1938718642886,1025.943417711712,203872
2011-07-26,1043.904541015625,1065.8567381879955,1024.2141286785748,1043.0619747356604,1430916
2011-07-27,1072.5533447265625,1078.8951124339674,1039.6915264153051,1049.182036520517,503547
2011-07-28,1051.8427734375,1086.52278517118,1045.3236583807056,1061.6879786529817,653432
2011-07-29,1070.2470703125,1081.9105807081694,1054.592251982498,1054.592251982498,333021
2011-08-01,1072.86376953125,1089.9820925767256,1056.765469264236,1073.3072482809132,381542
2011-08-02,1075.1695556640625,1078.3626884419311,1058.184410619274,1058.184410619274,271852
2011-08-03,1075.25830078125,1083.551329285703,1060.3573759042497,1060.3573759042497,428422
2011-08-04,1064.6148681640625,1078.5400541734662,1058.450450095692,1062.619214280929,476072
2011-08-05,1057.2530517578125,1064.348709823301,1036.675686676355,1037.7399920777186,363463
2011-08-08,1057.0313720703125,1071.0453408486392,1031.6200235355993,1045.234796562534,356035
2011-08-09,1074.9478759765625,1079.3383796541052,1037.7400598733277,1037.784451047597,386251
2011-08-10,1133.1767578125,1138.321154064695,1078.1853987588545,1086.522820011544,819358
2011-08-11,1106.6121826171875,1137.0791410688198,1099.161720413054,1126.9235243419903,399042
2011-08-12,1105.45947265625,1125.5490819432798,1098.0533990904496,1108.1647363744362,442137
2011-08-16,1086.6114501953125,1113.6636499270985,1082.176663354036,1105.3262290112664,340364
2011-08-17,1051.931640625,1091.6673816569137,1045.7229378557124,1082.088196932968,385046
2011-08-18,1028.3385009765625,1067.009824585786,1022.3515381204079,1061.6880798247596,286994
2011-08-19,1028.0279541015625,1034.5913518380867,1005.8983033795912,1008.4705013345006,271953
2011-08-22,1037.2080078125,1041.8201429955868,1019.2027292389289,1033.7488522896012,209465
2011-08-23,1027.2740478515625,1041.7314972089932,1022.1297597416276,1038.7158203052823,201777
2011-08-24,994.95703125,1032.7199123659814,979.6465445951048,1022.1855547611036,650647
2011-08-25,991.6539916992188,1008.9730318073376,985.0477048552287,1003.4380965735695,517715
2011-08-26,967.1928100585938,1007.9016595432695,935.3666641155542,997.233479191105,341740
2011-08-29,963.6216430664062,988.2611958004827,942.7315472134686,964.1572641955929,688962
2011-08-30,974.46875,981.0749276963664,949.5166436225016,955.3194438530546,836549
2011-09-02,963.2199096679688,972.1919728427907,952.5964114712682,957.0601028066345,425137
2011-09-05,969.0675048828125,980.3606671081853,950.0968144371562,958.3546443958537,359484
2011-09-06,984.6455688476562,998.7061957082616,972.1026623358827,972.1026623358827,643403
2011-09-07,1005.5806884765625,1017.6326584696343,976.0310653259605,985.0922741022187,720712
2011-09-08,1010.4906616210938,1019.5072980660608,1002.0096464445372,1015.8470922589189,469276
2011-09-09,985.047607421875,1025.7564581156898,981.0302844788632,1014.1508585025446,355468
2011-09-12,953.667724609375,980.226690026767,942.7316800257431,980.226690026767,261197
2011-09-13,959.6046752929688,978.441436629792,947.7758896767783,955.7212844520844,422726
2011-09-14,977.1915283203125,985.5832919127691,929.6532037783243,962.3720911974322,353955
2011-09-15,966.1661376953125,978.3073581939179,946.302708207005,968.7996723962783,781399
2011-09-16,990.4486083984375,997.7691289166556,950.7664287426003,956.2121113747683,1247652
2011-09-19,1018.3912353515625,1025.3992093462525,978.4858761632388,986.4758405114851,1402251
2011-09-20,1031.068359375,1037.272957771742,996.7426052307545,1017.5880288739269,1153749
2011-09-21,1002.2772216796875,1025.2652323510274,996.6976074390709,1020.4445328286073,448621
2011-09-22,970.4960327148438,995.2249553449486,964.1576109567063,990.9397668166148,569850
2011-09-23,973.8883056640625,987.5025657511443,936.1254291760392,955.2300520116423,659223
2011-09-26,961.3007202148438,989.868348049141,950.7663638602058,985.5831602832557,413800
2011-09-27,987.5025634765625,991.7430707070337,966.7463965063616,966.7463965063616,290896
2011-09-28,962.59521484375,991.5199618521406,952.5519074781184,990.9396600756434,282421
2011-09-29,986.565185546875,997.0995422736579,943.6244902368602,952.8643108955586,662381
2011-09-30,966.8357543945312,989.0649638948197,960.6758372110495,982.012308249293,216286
2011-10-03,962.148681640625,982.0121083782765,958.176039883831,967.639043860108,421513
2011-10-04,989.0201416015625,996.2959808195839,965.8981969538388,965.9428774612811,1755670
2011-10-05,969.1121215820312,1007.9015577837687,961.4791653969165,997.1886980021874,710373
2011-10-07,993.7963256835938,1004.330682207714,979.1555033644486,995.4032983658676,449114
2011-10-10,956.0780639648438,974.7363167214265,950.7663145307391,964.2466414202657,709266
2011-10-11,958.0868530273438,970.6745522497521,949.1594686011596,950.766441388617,704061
2011-10-12,969.3798217773438,973.0847073668144,951.3465524425658,953.3105330318367,337688
2011-10-13,944.7404174804688,967.5052468173475,937.3753256361845,959.7384662813902,816403
2011-10-14,917.0654296875,938.2679645671087,912.021436436561,937.3752262563884,879193
2011-10-17,938.8037719726562,951.5699759389094,901.6658726756465,920.011692190635,1683826
2011-10-18,939.4287109375,950.6771935691629,927.8231111318288,934.697153579828,597663
2011-10-19,951.4806518554688,958.8010633104853,939.4286831825716,950.7664175285539,585164
2011-10-20,961.8807983398438,964.0680724713458,937.3751765994786,949.6950082255215,522623
2011-10-21,977.1467895507812,997.6350907773488,971.2993098574993,990.9395532553531,1422468
2011-10-24,993.082275390625,1003.9290693733241,987.6365926310431,992.7251582145999,550386
2011-10-25,1027.76513671875,1035.5765981270358,997.3673490191904,1001.6525371539088,946337
2011-10-28,1005.2234497070312,1057.8950158994955,991.9663061132824,1041.8257245187438,1538204
2011-10-31,1004.5984497070312,1011.5617430410065,946.3025952930523,957.0154548624076,2206582
2011-11-01,1011.9189453125,1017.7217447342302,993.3053720397049,1001.6524540279004,860761
2011-11-02,1003.4381103515625,1014.1509727396575,996.2962020928326,996.2962020928326,359122
2011-11-03,1008.34814453125,1012.3654678162351,999.8671287073927,999.8671287073927,360567
2011-11-04,1001.87548828125,1029.148685061552,997.5457296193537,1013.2579008235409,738188
2011-11-08,1003.5719604492188,1012.3207319610308,998.0815971311658,1008.7944586388348,228195
2011-11-09,961.032958984375,1007.901728465731,956.6139471668783,1007.901728465731,667891
2011-11-11,946.0795288085938,974.6918384038803,925.7697300066163,967.7284352238883,739345
2011-11-14,916.8423461914062,957.7298089209672,911.5751677820824,953.7570576141602,464462
2011-11-15,895.8629150390625,930.1440887402615,884.7036859030503,920.6364037210097,598891
2011-11-16,885.0609130859375,900.773087867844,876.2227807158462,900.773087867844,606285
2011-11-17,845.55712890625,891.8009633850564,840.0667663953319,882.025467798712,1312556
2011-11-18,839.709716796875,847.2087411482474,809.7583543905314,843.6377875501516,1641351
2011-11-21,841.89697265625,863.5458797674137,831.1394853811721,838.2813928817623,1261673
2011-11-22,856.6270141601562,861.4924487320264,842.4325080606293,850.7795892659287,844169
2011-11-23,851.3153686523438,867.2954087877058,842.8343533322375,852.252787620574,574204
2011-11-24,882.8735961914062,891.8456056508697,849.6190928775975,851.4045695655873,656104
2011-11-25,848.0568237304688,885.6857132553214,844.4858702578322,885.5964612138757,916133
2011-11-28,861.8497314453125,881.2221124447929,855.2434450431349,863.2334651612138,927553
2011-11-29,856.0469360351562,875.5978757290522,850.3333880627738,862.2961052912606,423512
2011-11-30,867.8756103515625,871.446563758161,849.9761628102475,854.305976508803,473470
2011-12-01,859.0375366210938,899.8803189545987,855.2433983715332,885.5965043680177,1036648
2011-12-02,885.908935546875,890.0601909308405,859.7070851217646,860.1534543248393,846065
2011-12-05,892.336669921875,897.2021051709855,874.9282708663186,876.7137476925295,520465
2011-12-07,891.5776977539062,906.0400682461336,884.7036023575814,892.3365034681292,533511
2011-12-08,871.223388671875,897.0681206432566,862.2513245492063,895.4165764700629,537059
2011-12-09,880.0615234375,887.828358588296,853.7703660738259,860.1534675714663,634649
2011-12-12,855.421875,883.8555688920225,848.9941481541451,880.0614310059498,546170
2011-12-13,853.9042358398438,865.4205824050349,848.1014365372206,849.9761652857751,519127
2011-12-14,846.00341796875,860.1979233426614,836.4957338832477,848.1013310449149,616851
2011-12-15,831.764404296875,839.1741223518706,813.6864511291884,839.1741223518706,539248
2011-12-16,831.6304931640625,848.0122764336152,811.2314413532828,831.7644257270902,848872
2011-12-19,818.3286743164062,831.3180071095309,803.4645581944382,825.7830181442837,620878
2011-12-20,817.8823852539062,827.4793239726523,811.2314726395073,824.8903605694313,366360
2011-12-21,858.7250366210938,865.0634570809092,826.764960250688,826.764960250688,702708
2011-12-22,862.2514038085938,873.946310110817,840.0668752842904,840.0668752842904,648188
2011-12-23,870.8662719726562,882.4718706765461,864.3939188493331,870.4199027917374,372589
2011-12-26,865.5098876953125,884.7037634925783,861.5371908767974,878.4545946283522,351164
2011-12-27,859.8408813476562,874.3478781474535,849.2619002190601,866.8488549294212,230303
2011-12-28,856.4039306640625,867.9202777446899,848.3246590941843,861.4032983646721,232279
2011-12-29,822.8817138671875,856.5825923032996,817.3020982320696,851.6725305443958,544045
2011-12-30,819.8016357421875,839.0848172617935,813.2846565271959,834.7103774455853,390624
2012-01-02,838.1920166015625,843.057396774478,818.6410259210562,823.9974557526008,531425
2012-01-03,850.6012573242188,861.2248675871,840.3793902960313,845.4233847671545,363198
2012-01-04,846.5391235351562,865.0634439288863,841.9861798361632,850.7796306132391,296634
2012-01-05,833.32666015625,846.3159928192396,826.3186311091525,846.3159928192396,458779
2012-01-06,847.8782348632812,853.2792908999717,827.568437713358,829.0861037826853,349108
2012-01-09,866.8934936523438,870.4198207468999,846.3158872492934,848.0121117722708,430392
2012-01-10,880.5523681640625,886.4890994370297,872.4284717269257,875.7762402293315,356547
2012-01-11,881.9362182617188,888.2746386112133,867.9202155789123,882.5164654833353,433994
2012-01-12,887.8282470703125,900.772952532876,876.7136442409785,879.1686745873268,522575
2012-01-13,872.25,900.9515599462943,869.527158911361,890.0601411033131,516919
2012-01-16,899.9249267578125,910.459228904455,865.956241779508,865.956241779508,781570
2012-01-17,989.4664916992188,999.8669148860364,909.7895969192377,910.5930831997831,3155235
2012-01-18,983.6190795898438,1022.0513971223829,975.3165700027454,992.7249664467303,2781735
2012-01-19,1008.7495727539062,1013.257944644603,988.2612728824454,996.7422865160345,857884
2012-01-20,985.1366577148438,1013.2579125567265,968.6210001092936,1009.6869595609319,729324
2012-01-23,1036.15673828125,1046.6909849224846,955.2746694260172,967.7283252235344,2590616
2012-01-24,1033.7464599609375,1046.4234115255897,1007.0089865765345,1042.1829038250237,2008468
2012-01-25,1054.100830078125,1069.5005669562513,1019.5072182504499,1032.8982937966466,1776429
2012-01-27,1080.7935791015625,1088.2479216588213,1035.3085000907543,1042.5397670633938,951880
2012-01-30,1065.3048095703125,1094.497312570981,1057.8950370282319,1074.8570671577986,656597
2012-01-31,1059.4124755859375,1080.1240691130204,1042.4058767011097,1069.5004617625814,1045424
2012-02-01,1084.4986572265625,1095.3900221692058,1056.1095323766672,1062.3587012072983,1040215
2012-02-02,1087.04296875,1101.1481705275878,1075.0355715061753,1093.6045744010344,619866
2012-02-03,1107.75439453125,1119.493925997165,1075.7497454757447,1089.140821145567,647744
2012-02-06,1118.3780517578125,1129.314097364704,1102.9783140664756,1115.9230211113675,560045
2012-02-07,1113.2000732421875,1126.6358293782075,1106.9955851259724,1116.81570725209,443305
2012-02-08,1130.6534423828125,1142.7054135412554,1111.8612511709327,1114.1377782027241,517183
2012-02-09,1133.77783203125,1141.7232260353453,1120.5206878379106,1124.6272629144623,541872
2012-02-10,1111.10205078125,1137.3038977229246,1100.9694930139117,1126.6803992835867,631791
2012-02-13,1093.649169921875,1123.421972389305,1084.9002904158292,1108.9595455921794,639454
2012-02-14,1131.7242431640625,1137.7949068935786,1089.3191760181662,1089.3191760181662,899801
2012-02-15,1163.0596923828125,1182.7891902668266,1138.5093850894582,1139.1342584116355,1011521
2012-02-16,1213.7672119140625,1227.5154062595423,1141.9910165454044,1160.5600204635673,1510728
2012-02-17,1179.79833984375,1219.5697655840274,1176.6737558046402,1213.2313454714877,650578
2012-02-21,1169.2637939453125,1193.6355890723717,1156.2744102500553,1175.7808260420938,665602
2012-02-22,1166.228759765625,1186.7171709524982,1143.6425441600475,1166.8090615074223,510787
2012-02-23,1142.1695556640625,1167.121550897479,1135.2508329131774,1152.5252995345318,845227
2012-02-24,1147.3917236328125,1157.4797084622521,1140.7408679112968,1151.6322299057213,375094
2012-02-27,1122.1722412109375,1151.6326103119407,1102.7551797580036,1147.258170074298,345310
2012-02-28,1133.4208984375,1141.8126630260304,1109.718754125941,1127.9752148032755,741718
2012-02-29,1120.208251953125,1153.239574641528,1106.1029408359811,1138.420029172809,736509
2012-03-01,1173.9954833984375,1180.1999706671097,1113.9141553705645,1131.9028529669474,1543242
2012-03-02,1187.833251953125,1193.3235065336307,1166.4967800582733,1190.9131561800853,924123
2012-03-05,1174.1295166015625,1190.8237903024547,1168.6838340803486,1179.039577870615,547959
2012-03-06,1188.7703857421875,1205.1967934632794,1160.8723118194264,1162.3453519179184,662053
2012-03-07,1168.1927490234375,1187.252689981489,1143.5977652052186,1179.3965493307937,438170
2012-03-09,1197.4744873046875,1213.2313399686705,1178.414546547936,1178.414546547936,625544
2012-03-12,1193.814208984375,1210.553050949944,1186.1812534573414,1206.0893597591255,434638
2012-03-13,1221.4893798828125,1235.5500104204732,1200.7332109938848,1200.7332109938848,863892
2012-03-14,1224.7479248046875,1249.5659888038444,1219.9717958010954,1231.9790845927942,688965
2012-03-15,1219.837646484375,1231.6664290715598,1209.7496600079626,1218.5877910571526,575251
2012-03-16,1226.9349365234375,1275.678428916016,1195.3766574663537,1207.2054406713046,1604822
2012-03-19,1215.9989013671875,1230.9076974021598,1208.0089366161726,1229.74709394055,323100
2012-03-20,1212.517578125,1216.8027671908208,1186.0032840887786,1215.9992806188686,471359
2012-03-21,1216.981201171875,1225.6408308729945,1190.0205393695578,1218.5881742231404,841209
2012-03-22,1187.6099853515625,1212.070931323684,1179.396726351826,1210.151630867206,437399
2012-03-23,1166.407470703125,1178.8611285460931,1148.2401559821328,1178.4594398325246,806817
2012-03-26,1158.283203125,1180.4678359004322,1151.9894638254916,1173.9508030607665,696029
2012-03-27,1137.080810546875,1169.7104413392562,1123.3327269238341,1169.4872567482737,1138231
2012-03-28,1150.11474609375,1156.0513683523513,1119.4937801279052,1138.1073510882527,584546
2012-03-29,1165.7825927734375,1178.3701843068684,1128.6000110387201,1142.5268193499594,918118
2012-03-30,1205.6431884765625,1210.9996187844924,1154.3554118688749,1168.5945455133804,650438
2012-04-02,1194.9749755859375,1217.873627342619,1189.1274957361343,1215.01690818084,486296
2012-04-03,1169.0855712890625,1204.8396774766356,1164.041577723622,1200.733102786639,475271
2012-04-04,1174.57568359375,1194.3052862960667,1166.6749717981907,1169.0854304832205,543772
2012-04-09,1145.6959228515625,1179.6646660907418,1138.2415782326282,1165.0237330145721,420584
2012-04-10,1138.95556640625,1156.2746022398412,1125.4305593697347,1144.4905002739358,534399
2012-04-11,1135.9647216796875,1147.2578821293598,1126.6803312323195,1127.6623214938486,401175
2012-04-12,1171.630126953125,1174.5760988628087,1139.4022862094919,1142.4375101812489,671623
2012-04-13,1180.8697509765625,1205.1968730435526,1171.6299300786002,1174.1742127929872,943900
2012-04-16,1198.32275390625,1207.7410782942795,1169.3980090130458,1171.7637874815414,526324
2012-04-17,1198.233642578125,1245.191777660446,1184.128438822938,1245.191777660446,583176
2012-04-18,1207.4285888671875,1220.1054295366441,1200.7777319129646,1205.1967430467307,642609
2012-04-19,1242.022216796875,1251.0835327525238,1211.803045752299,1218.0522141386984,922582
2012-04-20,1241.5313720703125,1265.055118418174,1231.9791138363855,1242.915160317904,816656
2012-04-23,1229.791748046875,1256.9755870017343,1224.9262586911925,1241.8882872089716,518905
2012-04-24,1217.4718017578125,1228.943466600456,1204.9734661210687,1227.5151071801959,270412
2012-04-25,1233.8538818359375,1240.0137993950448,1215.999111506275,1215.999111506275,593484
2012-04-26,1233.7197265625,1248.9409591116776,1219.5698454258327,1231.9789303603395,762098
2012-04-27,1234.210693359375,1239.4778710974706,1226.7563503883414,1232.9162664218147,429216
2012-04-30,1224.703125,1248.9409938161778,1212.5619048254634,1248.9409938161778,956055
2012-05-02,1189.9310302734375,1235.9963097290743,1181.985636750664,1235.9963097290743,666676
2012-05-03,1151.63232421875,1187.163349595458,1146.3651468319947,1187.163349595458,662791
2012-05-04,1143.86572265625,1152.9716104839654,1125.6984095565733,1149.222152902401,644798
2012-05-07,1170.2462158203125,1186.4494410430225,1119.4940549796465,1129.2694977541532,680698
2012-05-08,1165.916259765625,1188.859591271346,1159.711771958683,1181.9855497164529,632978
2012-05-09,1161.67578125,1171.2727185398655,1147.6598327057734,1153.6411360770892,330149
2012-05-10,1126.501708984375,1165.3805023278192,1116.0567153281117,1151.7662443776737,415223
2012-05-11,1102.7550048828125,1116.9495659031454,1086.5517826513997,1114.0927379057248,486137
2012-05-14,1115.0302734375,1123.0649191227983,1099.7197879195883,1102.5319357048138,491946
2012-05-15,1086.7303466796875,1106.9062099166124,1075.8388743292483,1105.2099853972907,567302
2012-05-16,1064.2335205078125,1073.294837877699,1042.138243121684,1073.294837877699,673604
2012-05-17,1076.017578125,1087.3553115927396,1060.5731610608987,1071.286021273635,599674
2012-05-18,1041.51318359375,1065.0368165477807,1032.0054986833484,1049.1907113560596,612497
2012-05-21,1079.1422119140625,1085.525204235815,1044.9949684177298,1047.4053184855527,413870
2012-05-22,1030.1754150390625,1093.247403689319,1020.7124099602395,1088.1141579792613,950870
2012-05-23,1029.41650390625,1039.0581210617927,996.2959350299247,1018.614392355864,782054
2012-05-24,1021.6943969726562,1025.6224676460722,995.8049839128122,1007.8123805284035,955704
2012-05-25,998.9743041992188,1026.6491955577314,990.0469198900212,1011.4726422320955,921129
2012-05-28,985.1815185546875,1008.7944059709641,980.4052808670563,1003.5272275426471,874095
2012-05-29,1007.3212280273438,1014.3292018105709,986.475810744979,991.8322404865806,817104
2012-05-30,1027.586669921875,1033.2108569538839,990.9397117653908,992.7698692382262,1151146
2012-05-31,982.2353515625,1012.6777069434825,975.8969311891861,1007.9015786539991,3301123
2012-06-01,959.559814453125,998.6171181102601,956.1227935266675,988.2166943124755,879733
2012-06-04,952.9981689453125,962.3719214267418,938.2679864744949,954.9621496840159,548592
2012-06-05,963.2648315429688,972.9957028877567,944.7851883747354,961.9257238068108,605028
2012-06-06,989.1094360351562,996.1175194394488,960.8989252648166,964.0681900773382,925831
2012-06-07,1020.6232299804688,1023.4353778851247,991.4752978777602,999.8670610786137,984712
2012-06-08,1003.4825439453125,1015.0434615036264,991.9661979165251,1015.0434615036264,456053
2012-06-11,991.385986328125,1020.7571012799077,983.7977099807238,1010.579861795081,724281
2012-06-12,1021.78369140625,1029.148782572628,985.0028071044121,985.5831088098596,534252
2012-06-13,988.9310302734375,1021.2927994879824,984.2441533527103,1015.936368721437,1333440
2012-06-14,964.2468872070312,1004.5987351011722,958.0423978678976,991.0737242572034,882665
2012-06-15,988.0828857421875,990.9396049766038,961.7471034477642,976.655790850815,685861
2012-06-18,974.6918334960938,1006.5178704308627,967.2820611489726,995.4033208870368,610175
2012-06-19,973.93310546875,985.3155223077515,960.9438245797804,973.0850474126732,430252
2012-06-20,960.9436645507812,975.3614119411919,957.9083321038223,972.1921469348207,616008
2012-06-21,972.0582885742188,976.6559136192624,948.1775338307862,964.15757468812,844982
2012-06-22,983.8870239257812,993.8857599516558,959.2474645017508,962.372049076675,904652
2012-06-25,994.42138671875,1012.2761558169343,987.9043524071678,987.9043524071678,910242
2012-06-26,993.7963256835938,1000.7150481610247,986.5205950339719,995.4032983658676,302263
2012-06-27,1001.3846435546875,1003.4379855143658,990.0469091952239,1000.7597702505374,532527
2012-06-28,1000.6257934570312,1010.57984820959,991.25204044802,1006.0714757907052,516495
2012-06-29,1044.280517578125,1049.8601313715537,1017.7215559214042,1017.7215559214042,1346720
2012-07-02,1052.09228515625,1075.5713504691928,1031.1129311459217,1053.431392859037,1141219
2012-07-03,1063.8314208984375,1072.3570047058438,1058.2963790725844,1060.5729049086985,973813
2012-07-04,1090.1673583984375,1093.1580098026113,1068.8308919854442,1068.8308919854442,1044761
2012-07-05,1107.2635498046875,1115.9230692311764,1083.3381156096261,1085.1682730339103,1278118
2012-07-06,1085.1236572265625,1108.7812277049695,1081.5527031920858,1107.3081873703743,611047
2012-07-09,1060.35009765625,1082.8917435967428,1056.7791438438946,1081.999005143654,403988
2012-07-10,1089.6318359375,1096.9969273199595,1054.3239906284248,1065.036850821093,794615
2012-07-11,1074.321533203125,1087.3554935139116,1071.3308810220851,1083.7845395122238,407383
2012-07-12,1067.358154296875,1085.570041927212,1061.6000344250979,1071.1077214725483,559552
2012-07-13,1056.95751953125,1078.338668271193,1049.547856656949,1071.5091981394212,592804
2012-07-16,1074.2320556640625,1082.8468932033609,1052.002849874157,1062.3585925099778,599666
2012-07-17,1067.8935546875,1085.346632759379,1062.8942417977348,1080.6597564920653,273112
2012-07-18,1095.033203125,1097.1757976741753,1059.5022703439774,1068.9205976880842,508727
2012-07-19,997.4567260742188,1048.9676916835956,990.9396917181201,1048.9676916835956,8345304
2012-07-20,1024.4173583984375,1028.1668162501974,977.3254057574635,977.7717749768093,4553438
2012-07-23,964.11279296875,988.2614103165497,959.0689081824942,987.3686719151798,4040249
2012-07-24,988.1722412109375,998.9743549787847,968.8444314036873,969.5139852609117,2373402
2012-07-25,984.6455688476562,988.9754363639755,969.4690192203362,977.5483436420839,1202467
2012-07-26,989.6451416015625,1004.8662650847727,980.7623296318909,990.9395686184776,2109342
2012-07-27,993.5732421875,1004.286103887791,987.4134338913243,1004.107599783532,884839
2012-07-30,999.7777709960938,1003.8843459025022,966.5232650958108,968.7104306179724,1353345
2012-07-31,1013.1240234375,1015.5790537273095,993.3945290856714,995.4031902318792,708501
2012-08-01,1004.8662109375,1021.292617489696,998.5277907886582,1012.3652344696811,704104
2012-08-02,1004.6431884765625,1012.3653978303407,996.2961058012877,1008.6159399476394,429857
2012-08-03,1000.6257934570312,1004.1967469842735,990.0021849181145,999.688483542242,297511
2012-08-06,1015.6239624023438,1018.6146145409866,1004.3307987367308,1012.3654451266246,425446
2012-08-07,1023.92626953125,1025.7117463403906,1008.7943971645245,1017.6771006992574,556437
2012-08-08,1017.8110961914062,1027.7651518132436,1014.150890301711,1018.2574654212925,568514
2012-08-09,1022.007080078125,1040.9330927186256,1015.043676175881,1019.5073686832509,895054
2012-08-10,1040.7542724609375,1049.726226289235,1018.3018841738176,1021.2925354499167,638608
2012-08-13,1057.8502197265625,1066.8222833572506,1050.931497805208,1052.8063354427927,838204
2012-08-14,1064.5438232421875,1070.0241939048087,1042.1730184127439,1063.7352187936972,418219
2012-08-16,1053.492919921875,1076.3129322391073,1051.1570373286775,1070.742742234483,396861
2012-08-17,1057.9403076171875,1073.4381374755092,1052.1903661993183,1069.1256539943545,1988327
2012-08-21,1067.23876953125,1075.4144127230168,1056.6373137412743,1069.125439549198,1186236
2012-08-22,1062.9713134765625,1083.500298018079,1060.1862185584762,1064.6333774058241,700024
2012-08-23,1061.03955078125,1070.9671873982734,1057.445852048714,1065.7562803677035,304311
2012-08-24,1069.3951416015625,1071.8208448253902,1043.071249658238,1061.2193877391019,470889
2012-08-27,1049.1806640625,1076.7622652017671,1045.8115706169376,1073.5728128715639,355903
2012-08-28,1046.1707763671875,1063.1061725856252,1038.5791302265793,1046.8445950070404,432474
2012-08-29,1049.1806640625,1053.8524297719425,1037.0069625441301,1048.6864864887466,630103
2012-08-30,1027.4385986328125,1045.7664868310617,1018.0051380557283,1042.2177526728435,896906
2012-08-31,1027.169189453125,1031.8409548710356,1015.2200949101177,1022.766885691438,392594
2012-09-03,1044.4188232421875,1051.2019743066962,1015.3996585215548,1015.3996585215548,445403
2012-09-04,1055.3348388671875,1059.2429652781595,1030.942580709659,1044.418954313707,417884
2012-09-05,1055.199951171875,1059.2428628621888,1044.0146060304064,1051.1570394815612,421800
2012-09-06,1063.2408447265625,1074.516120461005,1051.1570743640266,1051.1570743640266,767955
2012-09-07,1082.6019287109375,1085.297203222251,1070.293552311006,1074.516105176997,1285056
2012-09-10,1083.5902099609375,1096.7521561943372,1075.9535985928017,1088.8909386094915,474322
2012-09-11,1090.5528564453125,1096.9316502103316,1070.6527263790504,1076.7620585227526,498747
2012-09-12,1096.2579345703125,1100.7950238338244,1089.1604661444621,1092.4845941497085,482824
2012-09-13,1087.633056640625,1104.9277342901917,1081.703474809259,1098.1446927549082,347562
2012-09-14,1133.0032958984375,1139.022806812021,1101.4686128481546,1101.4686128481546,1197005
2012-09-17,1149.35498046875,1189.963740738811,1145.5366747698902,1150.882258879892,1338378
2012-09-18,1146.344970703125,1161.3037641351204,1139.3373237319731,1158.878061274142,640871
2012-09-20,1152.5892333984375,1169.569484576284,1123.929459460411,1123.929459460411,940325
2012-09-21,1178.5087890625,1183.49509081487,1156.4075598353224,1162.5617480822375,800094
2012-09-24,1217.05126953125,1230.6624282174498,1177.0713628999663,1181.4287015761413,994282
2012-09-25,1187.4481201171875,1229.4046278189564,1183.270532161677,1222.5766206646424,693537
2012-09-26,1178.8232421875,1194.5456773083977,1165.6612959949477,1175.1846872906947,909320
2012-09-27,1195.8485107421875,1205.6862195594592,1183.6298443272817,1184.0342013361476,1272235
2012-09-28,1213.41259765625,1230.8420619272304,1204.7877409083328,1208.3814403592153,1241053
2012-10-01,1220.0609130859375,1242.341892627777,1210.7172729661017,1220.9593379114795,865209
2012-10-03,1224.9571533203125,1234.7051493702033,1216.8713307564499,1220.060782413924,639206
2012-10-04,1249.2596435546875,1266.6441409320914,1224.193570520039,1231.9649667201475,1104971
2012-10-05,1246.743896484375,1265.88038621968,1133.0931733780658,1257.3453516780996,987181
2012-10-08,1244.7225341796875,1266.6890852637973,1235.4688249966127,1241.6230126402625,1099782
2012-10-09,1251.146484375,1262.2869749852277,1246.564539353739,1257.7948505190882,755966
2012-10-10,1238.8829345703125,1252.8534852117825,1236.2326250637595,1244.3184489195544,450007
2012-10-11,1230.1234130859375,1249.7091211097666,1210.627635295047,1244.318571342219,1280918
2012-10-12,1232.683837890625,1246.5644577135213,1217.8148630131013,1217.8148630131013,792185
2012-10-15,1202.31689453125,1243.689397202682,1198.4985894299925,1234.7051499056054,710035
2012-10-16,1228.1915283203125,1233.2675401315694,1201.7328551389805,1206.1351580971445,860593
2012-10-17,1229.1798095703125,1247.911943154306,1224.5079351972363,1238.7929102604137,896249
2012-10-18,1238.703125,1247.4627663191297,1231.8301537231002,1233.7617888712603,559121
2012-10-19,1230.1680908203125,1241.6230064003446,1224.2833648304097,1233.9414309076917,243014
2012-10-22,1230.7073974609375,1237.9397621864669,1216.0631365590598,1223.6547835282558,278367
2012-10-23,1228.0570068359375,1237.9396806481543,1222.7562780388198,1226.3499776068986,351522
2012-10-25,1229.8089599609375,1237.0861800571622,1211.0768218538547,1229.9437456364444,540856
2012-10-29,1223.834228515625,1233.537260301912,1216.1077971078023,1230.8419858802765,665083
2012-10-30,1249.5294189453125,1274.8649577467163,1202.0925394398212,1213.7720633656193,1697578
2012-10-31,1291.8450927734375,1297.1458212365696,1240.9942690233058,1244.3183970459309,2341085
2012-11-01,1311.4755859375,1317.9891656587172,1292.0246673185627,1292.8332715629817,1719118
2012-11-02,1317.0009765625,1327.2878969689443,1306.399519729632,1317.0907971110498,1151250
2012-11-05,1328.0963134765625,1336.8109892027724,1310.577031817308,1313.4969120938504,741504
2012-11-06,1304.1533203125,1325.1315158910197,1296.5167100830313,1318.9324729709472,915224
2012-11-07,1318.1241455078125,1328.0966402022216,1300.9642514414313,1301.503284460127,486738
2012-11-08,1311.4755859375,1323.5145000460868,1303.704189577297,1303.7940101220115,459052
2012-11-09,1314.7550048828125,1325.1767116640708,1309.4542761019547,1311.4757321027982,578089
2012-11-12,1306.3994140625,1324.2780886177932,1297.2355254316415,1324.2780886177932,290527
2012-11-15,1317.1356201171875,1326.9733270485087,1294.4054305654292,1299.3917316884751,788772
2012-11-16,1292.02490234375,1326.9736549325753,1288.5210230945593,1312.5988556915995,376344
2012-11-19,1342.47119140625,1353.6565357479979,1299.0323763958324,1299.0323763958324,1688460
2012-11-20,1347.0081787109375,1355.8126748515594,1335.912546076329,1352.1291555646164,1032949
2012-11-21,1340.8990478515625,1351.1859682028617,1329.758558116117,1347.8618402273412,421427
2012-11-22,1341.75244140625,1360.6643268595892,1337.979101205443,1347.6371675730497,427099
2012-11-23,1341.6180419921875,1350.3327202705705,1334.1610709260128,1348.5358703433974,223808
2012-11-26,1340.3150634765625,1348.7602788302493,1334.1608753125197,1348.6254931712701,381166
2012-11-27,1345.5260009765625,1356.0824929832047,1341.393268593269,1345.8404277404322,531466
2012-11-29,1337.844482421875,1351.6352825559468,1324.413074178181,1347.637335661886,639078
2012-11-30,1324.1434326171875,1346.7388393476476,1320.8641600067906,1340.6744716587905,432369
2012-12-03,1338.563232421875,1351.4556073401461,1329.1746267510957,1329.66880429677,710972
2012-12-04,1330.1630859375,1349.434256990835,1325.760781806723,1349.434256990835,326134
2012-12-05,1327.287841796875,1338.6529373264968,1322.4812911037607,1335.9576629560408,368330
2012-12-06,1331.959716796875,1335.9126981376044,1311.2060164030706,1330.3874734137682,340106
2012-12-07,1356.57666015625,1383.4845522349174,1338.65312692257,1338.65312692257,1272135
2012-12-10,1341.7078857421875,1368.7504556792978,1338.8778251237766,1352.1295935656997,314521
2012-12-11,1327.7821044921875,1347.6372716942828,1317.6298598436897,1338.5632026657418,309880
2012-12-12,1326.074951171875,1340.4047822839602,1314.4403943507893,1334.1607740448742,652425
2012-12-13,1324.4127197265625,1344.0432763947908,1320.6842354948815,1331.4653312948396,536596
2012-12-14,1327.197998046875,1336.8560643721441,1303.6143477177293,1328.0964228213188,464608
2012-12-17,1347.3228759765625,1357.3403351945112,1330.16298292246,1338.6530540613603,879034
2012-12-18,1325.4908447265625,1352.084193621768,1322.3463583109237,1347.6370352737576,579109
2012-12-19,1356.39697265625,1362.865587971901,1334.0711361565996,1336.2722332605483,960012
2012-12-20,1365.740478515625,1374.7247264949785,1356.621444882382,1359.9455727663444,626581
2012-12-21,1352.039794921875,1367.3130198144197,1347.7273110838075,1359.3170154364718,505267
2012-12-24,1328.6806640625,1348.4010476027877,1325.491211661026,1345.166739756977,338405
2012-12-26,1329.758544921875,1342.1568512202546,1327.8718747471646,1328.321087154048,260198
2012-12-27,1331.465576171875,1348.535647661258,1325.4910292163913,1338.6529746937204,588291
2012-12-28,1347.9964599609375,1362.9102882475108,1333.3520932854015,1338.6528210209565,453955
2012-12-31,1338.6981201171875,1360.2153534718007,1335.7332739591807,1349.8834667050069,187038
2013-01-01,1360.5748291015625,1369.1996870860105,1334.1161472985025,1344.9422123148017,446063
2013-01-02,1399.2069091796875,1406.9333410982613,1364.5277312630628,1364.5277312630628,801361
2013-01-03,1386.5390625,1407.8316867723179,1383.843788051808,1407.8316867723179,584243
2013-01-04,1388.4705810546875,1400.5544605718774,1383.1249972946982,1385.3710593234327,361754
2013-01-07,1423.64404296875,1439.052051595546,1395.7030511338726,1395.7030511338726,951298
2013-01-08,1414.8841552734375,1432.0890106797283,1411.4252420187283,1431.9991901414865,640368
2013-01-09,1410.16748046875,1433.3468831304672,1402.9800823933017,1410.5268723067206,671715
2013-01-10,1412.593505859375,1427.5971577330372,1405.2713210330876,1416.0074546567612,911264
2013-01-11,1406.2596435546875,1431.145970634351,1399.4764913592815,1412.3240119265095,812488
2013-01-14,1382.7657470703125,1417.7144977513635,1375.4885272860188,1410.5270985232196,1491642
2013-01-15,1388.9649658203125,1405.9452192254105,1386.449332104367,1388.0665408747625,693345
2013-01-16,1341.528076171875,1401.5429060158299,1331.73533206537,1383.5744072207551,1202364
2013-01-17,1342.33642578125,1367.132927477964,1335.1490276273623,1335.1490276273623,986779
2013-01-18,1390.2674560546875,1405.316071921896,1349.8833039092951,1354.644999365528,1741932
2013-01-21,1414.6597900390625,1422.026939836446,1393.2323786469824,1397.0506843759842,1538191
2013-01-22,1410.616943359375,1432.8979252185318,1407.8768131590864,1420.4097969104805,930310
2013-01-23,1413.8511962890625,1425.2162930075249,1406.2145847739462,1423.1050164640176,841493
2013-01-24,1382.4962158203125,1417.714426397268,1373.4220370146809,1415.9175766806682,575646
2013-01-25,1436.9857177734375,1442.8704449634556,1385.5958553828702,1391.6602236914027,2993882
2013-01-28,1444.802001953125,1467.9364427611886,1437.929029642936,1456.3467398008117,1157319
2013-01-29,1431.235595703125,1462.6354969316335,1426.6985068350332,1444.6670018833333,703176
2013-01-30,1439.1868896484375,1457.9190271448128,1433.8861607290842,1441.0285949169436,649445
2013-01-31,1420.9486083984375,1451.8544427273268,1417.7592662358838,1432.0890975911875,933230
2013-02-01,1446.1943359375,1457.0653635982885,1419.5111636288243,1424.182928653382,895967
2013-02-04,1436.9407958984375,1452.5734109719272,1429.3940048625107,1448.2609276168241,416405
2013-02-05,1437.7939453125,1446.912977942828,1428.49527161074,1431.1905457081186,491977
2013-02-06,1462.500732421875,1472.5181904902813,1446.463872293687,1446.463872293687,1082611
2013-02-07,1457.5596923828125,1463.4444196603324,1450.4172579149651,1461.692425209209,480018
2013-02-08,1426.4290771484375,1466.1395209499954,1416.9507608721017,1459.9403676087181,659412
2013-02-11,1400.4644775390625,1432.8975875368074,1397.8140588500664,1431.8194120855094,361453
2013-02-12,1400.5992431640625,1423.1048273898555,1390.8963215071813,1402.9352352892483,442763
2013-02-13,1376.791259765625,1410.5271602371547,1374.5901625241063,1401.2733394576394,598533
2013-02-14,1334.385498046875,1364.2131589656526,1326.389495010088,1361.2034576758454,1655638
2013-02-15,1325.2215576171875,1334.160840593167,1314.8447072108418,1327.1980483274451,688998
2013-02-18,1329.4893798828125,1334.161146088248,1317.5402833255325,1326.0753209604404,457163
2013-02-19,1357.7445068359375,1369.9182069939163,1314.6650806611385,1321.8075140991716,814306
2013-02-20,1355.0943603515625,1357.7446700160262,1331.780167708978,1350.5572706048579,639004
2013-02-21,1318.4385986328125,1354.734988120518,1302.8509478676765,1342.2468595280557,957074
2013-02-22,1292.2943115234375,1317.9892400079332,1284.8373414845764,1314.754932518801,648683
2013-02-25,1297.415283203125,1311.6104394745234,1292.1595198488733,1295.5286129824963,399084
2013-02-26,1261.6580810546875,1293.731804848146,1249.7988070409772,1293.731804848146,686212
2013-02-27,1265.4764404296875,1284.6128250525237,1237.3107319962805,1257.7948636440294,504783
2013-02-28,1216.78173828125,1274.6852887413554,1204.1589342710095,1271.5408015993653,2957853
2013-03-01,1279.716552734375,1290.4976524041322,1223.8794187605545,1225.451662462394,935306
2013-03-04,1256.6717529296875,1272.8883652630611,1249.6191398251046,1265.0720033028279,277745
2013-03-05,1285.42138671875,1298.0443000496007,1253.3026975171456,1253.3026975171456,620394
2013-03-06,1279.7611083984375,1295.7081479243852,1267.9469105145988,1288.7453560186898,436690
2013-03-07,1302.1318359375,1307.0283164262614,1266.6440597716794,1275.3138801868936,425637
2013-03-08,1283.80419921875,1324.233319159211,1272.0798202386204,1311.7003358460709,756489
2013-03-11,1273.9215087890625,1300.9192201756118,1270.3727743980076,1292.7435757399246,372123
2013-03-12,1273.06787109375,1284.7473928469037,1259.3219285466423,1267.3628958639074,423192
2013-03-13,1234.660400390625,1270.1032182980348,1231.740519509221,1261.3885407665546,328461
2013-03-14,1274.6851806640625,1280.165550141234,1222.5315759054824,1232.6388551477655,627771
2013-03-15,1263.814208984375,1282.7710613015388,1246.6543160614717,1279.3570029589491,444509
2013-03-18,1222.80126953125,1252.3145059365834,1217.9497530754807,1248.8106268479162,369621
2013-03-19,1226.0352783203125,1242.3417084202717,1199.441929361585,1227.2481297207594,677734
2013-03-20,1206.2252197265625,1234.4357828406742,1196.7019379503479,1217.3657101521933,454199
2013-03-21,1174.1964111328125,1219.7914760483118,1157.1713026830157,1206.5846735273992,707612
2013-03-22,1172.9384765625,1188.6159445860362,1163.9092639540513,1180.3504807520953,719856
2013-03-25,1154.65576171875,1194.9052454333334,1146.7496875515776,1186.8194204642357,336083
2013-03-26,1161.887939453125,1166.0656369477022,1137.4956827954354,1145.6713270116493,303740
2013-03-28,1151.0618896484375,1182.1474776191483,1142.5268534570466,1156.2727977178986,840376
2013-04-01,1153.3980712890625,1157.5308043993628,1133.8123622097407,1149.9840123838892,280418
2013-04-02,1174.9599609375,1182.1922145510277,1132.0152129584567,1145.4915845412954,798827
2013-04-03,1171.0968017578125,1193.4676026438885,1163.4601904690198,1163.4601904690198,361668
2013-04-04,1177.9246826171875,1194.4557201594596,1151.7805439973126,1160.764791610396,385661
2013-04-05,1263.454833984375,1279.3569089988985,1192.2097038213049,1192.2097038213049,1681662
2013-04-08,1275.8980712890625,1279.3569850236408,1240.9493227274606,1259.7712794463107,781175
2013-04-09,1264.443115234375,1295.528592112301,1258.6931744447531,1281.1537949737458,682014
2013-04-10,1269.1148681640625,1273.6519573354462,1243.6445466646744,1269.5640805702985,479132
2013-04-11,1282.9959716796875,1286.5447068560252,1255.8186131724285,1270.373055512863,506487
2013-04-12,1265.38623046875,1284.7473267081652,1259.7262206361927,1275.763079668248,245123
2013-04-15,1278.3687744140625,1298.1341216307026,1254.51555015467,1257.7948228770863,358385
2013-04-16,1331.5108642578125,1336.7666287675722,1271.2714219162679,1271.2714219162679,620229
2013-04-17,1342.6959228515625,1351.949742568321,1318.0790603110506,1335.1491322643324,422625
2013-04-18,1369.73828125,1377.6893179431022,1334.4302561991608,1334.4302561991608,540860
2013-04-22,1383.978515625,1396.0174305432063,1370.9064998666101,1372.7931701164703,352370
2013-04-23,1380.2950439453125,1387.3476573267321,1361.2484803371335,1384.4727415760278,288841
2013-04-25,1429.3489990234375,1436.8059692917905,1385.2813250769314,1385.2813250769314,775649
2013-04-26,1503.1995849609375,1521.0332965987898,1408.2809760298896,1429.348995247868,3505606
2013-04-29,1512.498291015625,1531.2304278979818,1505.6253187242692,1505.6253187242692,897487
2013-04-30,1500.0103759765625,1524.6272432047026,1487.6570320790584,1518.3382681296096,400577
2013-05-02,1509.1741943359375,1536.0370111704958,1475.2136891699554,1475.2136891699554,877894
2013-05-03,1496.2369384765625,1526.8732074358954,1492.8228797871761,1511.8245894749944,575722
2013-05-06,1520.4942626953125,1526.4238448671288,1489.0493924361308,1499.4710989306873,414868
2013-05-07,1520.853515625,1533.7458893191726,1512.7676925828157,1527.3221301903498,462187
2013-05-08,1510.117431640625,1524.6270153294345,1503.9632431711686,1524.6270153294345,306652
2013-05-09,1491.5198974609375,1512.9473061994572,1487.7015922047929,1511.3750628586918,344448
2013-05-10,1552.43310546875,1558.6772236964146,1503.0647060627043,1504.8615556814284,1228156
2013-05-13,1531.814453125,1563.2593245967741,1526.289118060758,1563.2593245967741,347596
2013-05-14,1530.825927734375,1541.6070245532035,1519.6854390873877,1532.7125977434723,300610
2013-05-15,1562.40576171875,1579.4308685666972,1537.9236848311264,1545.0661184400326,653485
2013-05-16,1552.65771484375,1572.0637785024219,1547.3570961944806,1554.3647439192255,289810
2013-05-17,1535.1385498046875,1564.382323540275,1527.9511507589891,1554.2750436322617,288440
2013-05-20,1565.28076171875,1594.1651438132371,1540.7986835113538,1540.7986835113538,549253
2013-05-21,1524.986328125,1567.3470807867222,1519.7754202434585,1565.3704803584478,559417
2013-05-22,1516.181884765625,1540.4843229076905,1511.150727108977,1531.814500428541,419210
2013-05-23,1480.155029296875,1516.047060342226,1424.9917182586805,1509.3538386760245,1072941
2013-05-24,1504.77197265625,1596.501138236956,1450.0578711955245,1482.7605613524765,743669
2013-05-27,1481.2779541015625,1500.3694819406273,1467.7566163989068,1500.3694819406273,584287
2013-05-28,1486.98291015625,1499.4710371934993,1482.445930579684,1482.445930579684,333797
2013-05-29,1468.160888671875,1493.0023559845868,1456.0321540386046,1482.400899621923,457835
2013-05-30,1471.1707763671875,1478.807388030773,1440.4895440434045,1458.1436152940125,593474
2013-05-31,1442.5111083984375,1485.006653303674,1435.8178862473012,1460.030395295228,410598
2013-06-03,1409.2242431640625,1437.4346937319967,1391.0759966686142,1437.4346937319967,432366
2013-06-04,1389.68359375,1427.3724721194667,1382.9454074142668,1397.6346316919646,431388
2013-06-05,1408.954833984375,1416.1871982185194,1377.509962828977,1392.6484002938744,621196
2013-06-06,1425.89013671875,1436.4017738503446,1392.5585948661553,1400.4647778537988,498248
2013-06-07,1396.9609375,1422.6558684149725,1388.0665088103142,1406.0350073062407,780953
2013-06-10,1367.267822265625,1420.3647084315724,1356.7562954949099,1415.01912449632,503982
2013-06-11,1339.05712890625,1366.5040489719458,1330.567058860915,1358.418226196964,675122
2013-06-12,1329.3543701171875,1338.653045512554,1313.4073288031957,1335.0593460615135,469660
2013-06-13,1308.6456298828125,1313.0479336335059,1284.747550527481,1310.801871482234,690959
2013-06-14,1360.3499755859375,1365.605738896834,1322.1669203865195,1331.465595424413,383703
2013-06-17,1379.3067626953125,1393.816346080436,1352.2192313031971,1379.1719770324655,533292
2013-06-18,1382.271484375,1389.8631298714467,1366.5040856719265,1379.0820325485913,529919
2013-06-19,1386.943359375,1392.1093022520242,1369.1994686234818,1373.8712339656072,389004
2013-06-20,1370.2325439453125,1384.382733908054,1341.572772181816,1365.6056344994877,505078
2013-06-21,1396.7362060546875,1401.4529364870245,1358.1937583019628,1365.6057632670638,433570
2013-06-24,1387.572265625,1412.3239150012164,1376.207278600504,1388.9648680609928,707604
2013-06-25,1388.24609375,1399.0271924112872,1349.6587886598793,1383.5743281985117,484805
2013-06-26,1387.8416748046875,1399.6559825609813,1359.855721056172,1389.1443468634413,408512
2013-06-27,1366.6839599609375,1406.0350157723642,1357.6997106588776,1401.5428911213344,493875
2013-06-28,1381.552978515625,1391.8399004114874,1363.0004812074355,1383.5744346701756,444718
2013-07-01,1442.3760986328125,1457.6044652952307,1361.1136166740396,1383.574237411235,856025
2013-07-02,1418.2984619140625,1454.5498839688312,1412.77312695552,1428.9447748316404,589430
2013-07-03,1402.3961181640625,1420.4095788931863,1397.6345326269156,1402.4410832715141,173724
2013-07-04,1399.1619873046875,1416.8160584131556,1377.3303281742294,1410.5270841526026,278194
2013-07-05,1396.646484375,1415.019229872239,1391.6601822679988,1411.4255302408176,273858
2013-07-08,1393.501953125,1404.2380865659147,1374.5900655443695,1388.0664387359811,311166
2013-07-09,1387.0330810546875,1391.6599906271886,1366.5040966713711,1387.1678667065069,467745
2013-07-10,1386.71875,1392.2440847378932,1374.5900145772596,1380.9239536108691,344394
2013-07-11,1352.62353515625,1418.702615037435,1345.1665652623522,1401.542722864765,543696
2013-07-12,1300.8743896484375,1352.1745431014785,1292.3843175620568,1343.1453282970283,945429
2013-07-15,1299.661376953125,1316.1924162656796,1287.5776064878926,1301.8176185453717,522612
2013-07-16,1267.9019775390625,1284.6576217096501,1258.6931234949348,1283.8490174691376,817379
2013-07-17,1276.79638671875,1287.2630572472137,1259.1423180139666,1268.800384313396,1141103
2013-07-18,1298.7181396484375,1308.1066358519115,1264.2634574851756,1271.2712154742135,714436
2013-07-19,1304.0635986328125,1313.4970590431774,1286.634135559463,1302.9405676315787,403857
2013-07-22,1301.3233642578125,1317.5399758480366,1289.2395945052385,1291.0364441143051,324022
2013-07-23,1301.5482177734375,1315.2941637631397,1293.4623929962052,1295.798385668664,451305
2013-07-24,1272.214599609375,1297.1458901159335,1259.6815066872582,1291.0365570423203,405613
2013-07-25,1270.3726806640625,1304.647609081525,1259.8161891521793,1276.1226213792024,1896090
2013-07-26,1235.6934814453125,1300.919099441684,1215.2991728545067,1300.919099441684,1226137
2013-07-29,1211.25634765625,1238.1192727996088,1200.115967172532,1235.3341776786792,710715
2013-07-30,1206.0455322265625,1224.3734209739066,1204.3385030891773,1212.7837185549242,459744
2013-07-31,1191.5809326171875,1200.2956098683394,1160.7649161301606,1200.2956098683394,500776
2013-08-01,1204.158935546875,1221.4984702884726,1187.9423222575986,1191.311415627586,797570
2013-08-02,1201.822998046875,1225.316832155769,1192.7938932049074,1220.061068192383,360939
2013-08-05,1207.39306640625,1223.4748916710903,1196.74675485061,1208.6059179076028,178344
2013-08-06,1196.6572265625,1220.7350622756117,1176.2630213684229,1194.905341546689,301434
2013-08-07,1195.66845703125,1212.783490961852,1169.7489270864567,1208.381188119266,456603
2013-08-08,1244.3634033203125,1250.9668041448363,1195.8933160438062,1195.8933160438062,1398921
2013-08-12,1240.005859375,1265.8805373641126,1232.8184610081348,1250.8319220334886,700028
2013-08-13,1262.3714599609375,1276.7397177615528,1224.462856963596,1224.462856963596,1031827
2013-08-14,1257.1756591796875,1286.8158435197527,1251.5729938727932,1263.3206104217795,530381
2013-08-16,1197.4434814453125,1255.3682413429528,1190.2594067460727,1255.323124391935,1464791
2013-08-19,1182.3974609375,1208.0163877111668,1174.761554954453,1192.83480964606,429786
2013-08-20,1172.8638916015625,1180.8160575225365,1146.3865292113549,1174.7615612923407,916913
2013-08-21,1160.7095947265625,1197.2175925055394,1152.1700257189218,1186.509210799172,926580
2013-08-22,1161.8388671875,1173.8576229243442,1113.8544090515113,1160.4833733965943,1030562
2013-08-23,1168.435791015625,1196.449332795582,1144.082127043976,1174.6710852803367,621224
2013-08-26,1182.126220703125,1191.2984179104096,1169.745977227307,1174.7613486476057,438706
2013-08-27,1138.8409423828125,1181.0419472642325,1120.5417723108014,1174.6711912772482,929746
2013-08-28,1117.2437744140625,1128.6751339011682,1097.950590624435,1118.7348404881075,1150637
2013-08-29,1130.120361328125,1142.0487731570388,1105.4504399351429,1120.9933916484422,573972
2013-08-30,1123.749755859375,1128.6746732799577,1106.9867692297423,1125.9636852736808,758972
2013-09-02,1174.7613525390625,1181.629166076447,1114.215959754357,1120.7675134512094,537411
2013-09-03,1153.1185302734375,1192.4729643589994,1133.644560067622,1188.316139090413,627614
2013-09-04,1153.525634765625,1159.2187548780555,1122.349266258446,1146.7481633510208,656723
2013-09-05,1174.4002685546875,1187.7292961682588,1165.7251268818352,1165.7251268818352,531076
2013-09-06,1164.2791748046875,1185.5603675807947,1153.9773968117895,1184.7019320440534,473918
2013-09-10,1207.8807373046875,1219.8993847029599,1174.761478184561,1179.2797915621939,857196
2013-09-11,1229.7041015625,1255.0066541846882,1216.600993954581,1220.848164020584,1255303
2013-09-12,1193.6478271484375,1243.4396092049644,1188.8132547997207,1236.165081901967,523296
2013-09-13,1189.1298828125,1206.3898199724988,1175.665285231626,1188.3165642425736,534719
2013-09-16,1228.89111328125,1246.422194369474,1205.8928279086495,1213.9354492146826,707004
2013-09-17,1243.2591552734375,1255.0067700756913,1228.9812408511596,1230.7885662053525,478211
2013-09-18,1266.7994384765625,1269.645997829145,1244.3434441357529,1251.5727451910077,413270
2013-09-19,1337.420654296875,1358.566381298509,1302.177812730944,1302.177812730944,1132596
2013-09-20,1325.8992919921875,1339.2283187816813,1266.0316292936138,1337.3306488940716,751243
2013-09-23,1266.2574462890625,1314.287144190759,1254.283914682761,1310.311005972625,500010
2013-09-24,1274.8873291015625,1303.0815600633853,1253.3801135977221,1256.0911015867582,517200
2013-09-25,1258.9830322265625,1285.9122291466276,1243.5756468970296,1278.5925821601581,326342
2013-09-26,1253.8770751953125,1285.9118699969472,1247.1447226904104,1278.6825692520592,537625
2013-09-27,1235.2615966796875,1272.0858491122976,1230.3819066915232,1257.8080456436733,599199
2013-09-30,1227.6710205078125,1241.3163053857759,1210.9080330897648,1234.4032635825513,406918
2013-10-01,1247.2352294921875,1274.1644224018578,1232.5959376993858,1232.6411649590877,931358
2013-10-03,1276.287841796875,1283.2008826988417,1242.7167543881367,1260.564090608772,650153
2013-10-04,1290.882080078125,1296.7106599767264,1270.594897952537,1274.6161525727653,666373
2013-10-07,1274.3450927734375,1294.6775034812774,1266.980330032019,1287.7193448298606,329756
2013-10-08,1271.0919189453125,1286.6801003631836,1265.127767247509,1283.2010210653305,411447
2013-10-09,1263.772216796875,1271.4533493265665,1252.6571220709334,1271.4533493265665,481828
2013-10-10,1284.1949462890625,1287.8999410240026,1263.546277177524,1264.224024152588,617290
2013-10-11,1322.9622802734375,1328.384256831935,1276.965823740103,1297.750067214344,762748
2013-10-14,1307.5096435546875,1336.5171955128678,1303.4431612153987,1324.0918328094858,697237
2013-10-15,1301.18408203125,1331.2759869520128,1293.1414610847157,1312.1183798008437,413066
2013-10-17,1289.57177734375,1311.9374270387048,1281.393586563464,1301.3193913249384,316070
2013-10-18,1327.254638671875,1330.643373919548,1290.5207265250226,1294.0450332446808,490221
2013-10-21,1373.5220947265625,1394.125648680513,1328.4745306037605,1328.7004462817188,877353
2013-10-22,1368.6875,1388.025903794633,1360.283503096851,1376.2782887234544,351924
2013-10-23,1381.564697265625,1396.1588719372735,1339.6799531695845,1370.6756279134474,534863
2013-10-24,1368.0552978515625,1400.4515910263203,1355.4491341045355,1380.7969227863962,580715
2013-10-25,1363.3558349609375,1385.405226314243,1346.4573870463223,1356.4880206864025,432129
2013-10-28,1367.557861328125,1381.7002039869285,1358.204974880545,1364.8468733543114,919522
2013-10-29,1477.7144775390625,1487.8806832399123,1414.9099178760357,1437.6370575715691,4085346
2013-10-30,1478.9794921875,1499.9896487148064,1468.451800295612,1482.9104026369841,951167
2013-10-31,1478.5726318359375,1488.0610886856998,1461.4482705026578,1469.4456620710976,760636
2013-11-01,1478.5277099609375,1496.3298205607437,1469.5814274030631,1483.814114555468,733492
2013-11-05,1466.870361328125,1486.525023492848,1461.4031583029812,1486.525023492848,491093
2013-11-06,1459.0087890625,1485.6216138729876,1454.8970792795074,1465.7410326654415,526949
2013-11-07,1455.619873046875,1486.434748033634,1448.0290845563459,1455.1680417118482,496581
2013-11-08,1428.2843017578125,1454.8971274494193,1407.454829815199,1450.469157608145,740937
2013-11-11,1430.0914306640625,1449.474951192703,1410.8885985488225,1427.787046686079,509621
2013-11-12,1434.2030029296875,1465.7408522063147,1429.6846895751673,1438.1791407437422,720325
2013-11-13,1427.3349609375,1440.4380675747864,1421.461154513889,1427.7867922008547,446748
2013-11-14,1457.2464599609375,1468.451899595312,1438.1339716364346,1442.8782008505116,633129
2013-11-18,1472.383056640625,1477.6243453448205,1456.7497553726353,1470.8919908618102,642611
2013-11-19,1520.4576416015625,1528.183891101899,1468.8584158441422,1472.9701250412631,1253144
2013-11-20,1490.907958984375,1536.2266677449293,1484.8082354506819,1527.190040287606,612988
2013-11-21,1488.3323974609375,1507.038170354053,1480.9675247374726,1495.4713545199427,591465
2013-11-22,1482.1424560546875,1515.2164900753635,1478.6181493280533,1501.8874647414664,822901
2013-11-25,1517.1593017578125,1527.0092470724262,1487.699920330652,1493.7544161874146,730897
2013-11-26,1503.0621337890625,1525.3825571781201,1495.1550855809414,1518.1532559592665,395917
2013-11-27,1500.0347900390625,1509.1166439064855,1482.9104267368518,1507.354545841646,571218
2013-11-28,1506.0894775390625,1513.6350391047606,1489.3717174056667,1508.2130628452808,888680
2013-11-29,1514.6741943359375,1529.5846282723505,1506.5412303706212,1509.1166468975614,502124
2013-12-02,1501.345458984375,1520.2320343338497,1497.0078332439696,1509.1169373180637,495575
2013-12-03,1503.016845703125,1524.3432613735574,1493.0765569294983,1500.0799422018263,572128
2013-12-04,1481.78076171875,1508.935867217896,1476.5394744673122,1493.12177157522,428767
2013-12-05,1536.3621826171875,1544.088432622317,1506.5413131066628,1506.5413131066628,1947489
2013-12-06,1537.5819091796875,1552.1760821869593,1530.8044397004942,1541.4224752178973,834899
2013-12-09,1593.8350830078125,1599.482974868223,1544.8113816594503,1571.3790870328983,1184977
2013-12-10,1583.03662109375,1609.062044927328,1577.7953324517066,1593.1576008661848,1048021
2013-12-11,1584.120849609375,1604.8147492847202,1567.8549196076815,1575.355364788177,668007
2013-12-12,1549.600830078125,1579.602387361523,1545.6246921668537,1579.602387361523,478485
2013-12-13,1526.828369140625,1554.254508106604,1520.502730682754,1545.2631089942108,577334
2013-12-16,1537.6724853515625,1549.6912438319732,1514.5387414346862,1524.4790315037685,428119
2013-12-17,1537.943603515625,1564.872686355371,1531.663081432392,1545.4439378970294,552326
2013-12-18,1563.2911376953125,1573.1410825192213,1532.0696597144479,1539.6152206855188,791839
2013-12-19,1609.0167236328125,1624.7855942021076,1559.0441303655095,1573.2768184126082,1469454
2013-12-20,1635.313232421875,1653.702746364451,1603.9560704439225,1622.0745517618523,1493300
2013-12-23,1628.76171875,1644.5758164486454,1622.6167680915125,1634.7258706771252,681383
2013-12-24,1616.471923828125,1628.8972862755363,1604.2272498012467,1622.0745885893468,409326
2013-12-26,1620.8092041015625,1629.981401478959,1607.1186937609532,1613.0377278669116,362435
2013-12-27,1604.046630859375,1627.2254924714896,1593.1574504460084,1617.7822607265832,503568
2013-12-30,1605.9891357421875,1621.9388027652358,1597.675483909344,1613.037748177703,358010
2013-12-31,1593.970947265625,1612.9929843593475,1588.2327101434885,1608.6102415326957,303542
2014-01-01,1594.06103515625,1605.7183062849467,1587.3287920287542,1599.4830114663052,214453
2014-01-02,1598.037109375,1639.967079894055,1589.5426580996557,1589.5426580996557,1565710
2014-01-03,1625.32763671875,1634.4094905675488,1583.4428945283573,1595.868256091927,583504
2014-01-06,1633.5511474609375,1644.1240680707779,1619.860744724847,1631.1113021027265,549379
2014-01-07,1667.9354248046875,1675.6165577375548,1644.7564545393102,1660.9320388953086,1614578
2014-01-08,1660.4801025390625,1680.8125119579083,1651.0368720664621,1671.7758855495324,1398622
2014-01-09,1637.256103515625,1679.9089382982356,1627.5868465602746,1679.7282498846498,947521
2014-01-10,1621.2613525390625,1639.7413223597653,1597.6757763195021,1636.6236196190575,670378
2014-01-13,1611.004638671875,1639.9218443583145,1594.964626142678,1626.5928198622214,559984
2014-01-14,1602.5101318359375,1619.1827738472537,1589.6329391255042,1611.2304984352545,530939
2014-01-15,1626.683349609375,1632.918644858796,1596.8624778438298,1617.5563775856363,612338
2014-01-16,1617.420654296875,1636.3524539634104,1613.0379122835602,1629.3941850183076,429527
2014-01-17,1604.1817626953125,1634.544913533254,1596.139254007664,1606.8927504265307,310359
2014-01-20,1606.89306640625,1624.1982302221572,1592.2537739031486,1603.0977269603777,340046
2014-01-21,1628.3096923828125,1638.0691824646715,1610.326784234171,1610.326784234171,541958
2014-01-22,1633.6864013671875,1643.762261370041,1622.074359075989,1631.5628163296367,424767
2014-01-23,1620.9903564453125,1644.5759331966915,1616.155672271629,1623.0687146755847,493794
2014-01-24,1603.3236083984375,1631.0208933025124,1598.8052947211133,1612.9476385932162,377713
2014-01-27,1538.304931640625,1585.9279078842806,1527.1898372218998,1585.9279078842806,923081
2014-01-28,1415.1358642578125,1582.7653041172148,1392.0021199565451,1549.7816137944753,6599087
2014-01-29,1512.595947265625,1534.2387373909266,1459.5961022797048,1459.5961022797048,6737926
2014-01-30,1478.302001953125,1512.7315326961361,1468.9942309551475,1507.3095558764367,1651215
2014-01-31,1478.6181640625,1495.561840503247,1464.7017357504214,1495.561840503247,729347
2014-02-03,1462.578125,1500.0801282051282,1457.6532072574591,1463.9336190917516,957497
2014-02-04,1463.6171875,1472.970073573807,1436.82356870083,1446.7638575408987,703285
2014-02-05,1451.9146728515625,1466.7347617328335,1447.7578469033756,1463.0297670901102,627278
2014-02-06,1481.73583984375,1486.4800695143188,1439.534831469708,1455.0777874091257,1237835
2014-02-07,1504.5531005859375,1509.4781282657077,1489.6878939635333,1495.5164739922855,921283
2014-02-10,1526.1505126953125,1537.6722104885782,1504.5981824146902,1504.5981824146902,896683
2014-02-11,1516.4814453125,1534.4191262278225,1507.3995918723358,1527.41574093438,294694
2014-02-12,1488.9649658203125,1527.0092532060023,1484.8081395205857,1522.671628182574,442825
2014-02-13,1483.1363525390625,1498.9956764725448,1475.229304201078,1487.428750208254,439092
2014-02-14,1485.0792236328125,1494.2514216082047,1460.0025850520726,1483.8140738585546,451950
2014-02-17,1505.23095703125,1513.5447202881635,1477.488555495641,1477.488555495641,617227
2014-02-18,1543.8624267578125,1566.6347919672655,1505.5923351836393,1513.6349549166162,954637
2014-02-19,1534.509521484375,1555.2034181988356,1528.9972013901395,1548.8777796588056,341015
2014-02-20,1521.1353759765625,1541.6484739144603,1512.9119576505188,1533.5155101013127,344996
2014-02-21,1514.1771240234375,1538.3953273234629,1510.5173564536117,1523.665581909507,340948
2014-02-24,1522.1295166015625,1531.7083194279423,1487.2481574660487,1513.6350649214178,326898
2014-02-25,1516.3460693359375,1530.7143288845723,1511.2855800819962,1527.280366367402,245384
2014-02-26,1503.739990234375,1521.8583615467196,1491.9471476385754,1507.3094138468466,584837
2014-02-28,1435.9200439453125,1499.2216608060128,1421.4614406079147,1482.0068420832679,1768632
2014-03-03,1429.775146484375,1461.132309822751,1423.2688188651487,1429.594458060105,1060385
2014-03-04,1443.5108642578125,1448.5713534742467,1400.6772288740378,1425.0761225382953,797764
2014-03-05,1468.813232421875,1479.2504694100398,1440.0316002757804,1459.1439762818834,728060
2014-03-06,1491.449951171875,1497.3689855527382,1462.126142802855,1472.6989515036678,422906
2014-03-07,1567.9000244140625,1578.6987496420663,1482.1875283789452,1495.5617805710474,944177
2014-03-10,1627.5870361328125,1642.1812123172886,1551.2727573073535,1563.3366335445917,1324717
2014-03-11,1585.1597900390625,1637.1655070795132,1576.7105666941975,1630.2073491038307,703249
2014-03-12,1594.1060791015625,1618.4597424361802,1518.153192234943,1558.8180098840933,1443683
2014-03-13,1579.01513671875,1618.3696949155938,1566.0475978866157,1595.8684696294074,641720
2014-03-14,1570.9722900390625,1587.1478735389262,1545.263131766285,1549.7814450170636,588996
2014-03-18,1688.2225341796875,1725.092014763961,1673.809158903377,1716.9590508389344,1795672
2014-03-19,1689.6231689453125,1707.0186742279423,1672.4535793157036,1692.5600724345875,621508
2014-03-20,1677.6951904296875,1694.187036283597,1670.014056744305,1688.9457479976472,310199
2014-03-21,1688.538818359375,1698.2079641869605,1677.6948670116335,1677.6948670116335,284182
2014-03-24,1704.5791015625,1719.6702254705851,1692.7862584670381,1696.7623966573728,329812
2014-03-25,1718.4952392578125,1727.803008795456,1695.1355815200134,1699.7894662888352,395158
2014-03-26,1750.485107421875,1761.2387163100648,1726.8995314871902,1726.8995314871902,634815
2014-03-27,1749.0845947265625,1778.7698959510358,1735.1681654007705,1754.0095129132608,825829
2014-03-28,1745.3341064453125,1768.0612447040544,1735.1226741294167,1749.4005884685726,326409
2014-03-31,1781.796875,1789.2520920502093,1739.5506450488144,1751.253032536807,437613
2014-04-01,1744.8370361328125,1789.2520782173037,1736.9299878073573,1785.6374275542385,288560
2014-04-02,1746.960693359375,1760.9674652562273,1737.6078064451676,1748.5873303489714,268932
2014-04-03,1752.83447265625,1775.15500724712,1741.3580006371294,1753.105615586939,307539
2014-04-04,1741.538818359375,1762.142373309926,1732.4570738523994,1753.1057457544905,195927
2014-04-07,1721.43212890625,1749.4908984418805,1691.6564885760333,1739.550609246188,319401
2014-04-09,1746.328125,1753.105595084088,1695.2711836998706,1707.9224611901682,698363
2014-04-10,1771.1336669921875,1783.3783407169074,1731.508079608896,1746.7800013203862,486855
2014-04-11,1749.2197265625,1760.9673408720141,1737.8788266268514,1754.0091826743771,504763
2014-04-15,1741.538818359375,1760.877223390086,1720.5738865549226,1738.9182846166148,228758
2014-04-16,1748.8133544921875,1775.5166331468943,1740.8610780882045,1743.3913779377615,371554
2014-04-17,1763.3621826171875,1772.5343810584357,1731.3273841165546,1750.84647631951,337629
2014-04-21,1796.7525634765625,1808.229035469581,1765.259830607506,1765.259830607506,481905
2014-04-22,1785.27587890625,1813.5153362383317,1777.5044023105372,1806.3763793627054,323792
2014-04-23,1791.1046142578125,1801.9033388897942,1779.3117724543656,1793.6800307693748,398691
2014-04-24,1791.1046142578125,1791.1046142578125,1791.1046142578125,1791.1046142578125,0
2014-04-25,1767.7447509765625,1801.9032417088347,1732.3212208404393,1798.2885912741128,1064921
2014-04-28,1762.548828125,1777.323801174905,1750.3493819585444,1762.142224043606,258675
2014-04-29,1731.86962890625,1772.0826205505643,1726.2669640822105,1766.6606441490837,335612
2014-04-30,1737.7431640625,1753.828402320978,1726.899212960706,1736.0261830759744,243902
2014-05-02,1701.95849609375,1724.821098163326,1698.931247853182,1712.4409622438225,324650
2014-05-05,1715.016357421875,1731.779345845861,1686.2347204031187,1701.5969874164375,352889
2014-05-06,1726.2218017578125,1731.463089933899,1701.596991341427,1716.0555956226076,239206
2014-05-07,1700.015380859375,1723.4653827861457,1697.1688214153942,1721.658057464302,246112
2014-05-08,1713.8868408203125,1716.9593163959432,1695.4520976769286,1706.1153628187058,180796
2014-05-09,1784.5982666015625,1792.640886718736,1698.885881301184,1698.885881301184,457287
2014-05-12,1852.4180908203125,1865.9280247573345,1775.74244266984,1784.7338424608672,555623
2014-05-13,1888.9715576171875,1915.7650704724113,1845.7764331304907,1879.6185597087808,528807
2014-05-14,1884.3172607421875,1915.7647642032605,1861.0931754134976,1890.4622107137834,329237
2014-05-15,1913.822021484375,1922.0904464400785,1877.8109768229822,1881.4256274039697,441637
2014-05-16,1944.8177490234375,2095.142139588116,1933.9287891034082,1988.0581009678049,808438
2014-05-19,2001.29638671875,2033.240949439358,1979.0211907876417,1979.0211907876417,490566
2014-05-20,1982.6363525390625,2021.3131678066502,1972.2894567194835,2007.938913100181,225127
2014-05-21,1960.22509765625,1997.049352924345,1957.333421121316,1988.961615830109,186665
2014-05-22,2046.615234375,2066.676501282094,1992.5309359816417,1992.5309359816417,679922
2014-05-23,2156.003662109375,2171.5013885986737,2047.112310746021,2059.176074976886,397790
2014-05-26,2115.745361328125,2263.6748898457918,2091.120554642178,2175.567783354788,778712
2014-05-27,2080.277099609375,2139.87362020329,2068.484255340089,2119.947810316677,241821
2014-05-28,2087.415283203125,2132.914781278876,2065.0948621288994,2069.3872592824328,352579
2014-05-29,2083.710693359375,2112.4922175442707,2037.8045847732467,2081.225620972162,352983
2014-05-30,2052.94091796875,2114.525441285064,2036.855678160806,2091.2109000462033,189180
2014-06-02,2100.38330078125,2114.8871315376596,2051.314371041433,2051.314371041433,246577
2014-06-03,2111.724609375,2129.752639023856,2087.4611737178766,2118.8182303417707,372134
2014-06-04,2143.532958984375,2162.509873978606,2112.763202691007,2113.938008219563,296026
2014-06-05,2151.8017578125,2193.1895570721786,2139.105251687161,2177.8272898821383,553410
2014-06-06,2161.606689453125,2180.447926849296,2150.717508364346,2170.5980903744367,252012
2014-06-09,2200.553955078125,2213.0697706943815,2157.087915147436,2182.345241415652,315081
2014-06-10,2226.896240234375,2244.6983529350223,2178.7309697771093,2236.5653878881562,559445
2014-06-11,2212.663330078125,2243.342634367577,2198.6113310841147,2232.046850710137,395488
2014-06-12,2241.8515625,2248.629032341743,2174.8900722152757,2186.863602269021,446513
2014-06-13,2171.8173828125,2255.541626160261,2162.9614460856415,2245.6013385449714,328108
2014-06-16,2151.756591796875,2176.923689069935,2133.096043192022,2167.8870610538706,225806
2014-06-17,2181.84814453125,2189.1226726657037,2151.6206743517196,2157.9463126215483,190284
2014-06-18,2200.4189453125,2213.0702246695328,2168.7907469199176,2182.345689088167,501190
2014-06-19,2150.762939453125,2213.070452578989,2142.5847460452355,2205.8411493447575,305893
2014-06-20,2138.427734375,2166.396276790431,2134.451705982209,2135.581284573436,135952
2014-06-23,2150.988525390625,2164.2270966602487,2124.5563894930306,2161.5613356255044,158501
2014-06-24,2181.984130859375,2188.671146858275,2159.0309649897117,2159.7539393027564,217974
2014-06-25,2232.950439453125,2284.4592112252126,2160.7478809542426,2182.300103086419,430866
2014-06-26,2247.318603515625,2262.726096147791,2202.677755910807,2245.6017326926585,539042
2014-06-27,2218.22119140625,2241.129133290742,2204.9373914100333,2241.129133290742,151990
2014-06-30,2204.349853515625,2231.59519762544,2194.273881315847,2218.4468602737256,240672
2014-07-01,2334.883544921875,2354.4025253357154,2210.901076347889,2217.407403152503,1505073
2014-07-02,2387.431640625,2408.261110110524,2320.8317433551047,2343.9203696043346,775548
2014-07-03,2376.542236328125,2405.5498946813377,2363.077751537077,2394.70594324025,395691
2014-07-04,2387.928466796875,2398.5917298077634,2364.5686998856777,2373.921696225313,346996
2014-07-07,2384.630126953125,2403.7425025881857,2366.330959405226,2393.802214043648,252391
2014-07-08,2340.170166015625,2404.782053019611,2329.64258316469,2403.7429290993314,325370
2014-07-09,2274.02197265625,2355.8486748183027,2252.10815203318,2355.8486748183027,406355
2014-07-10,2287.802978515625,2376.6330724582813,2250.1202853312243,2274.5191799914423,349298
2014-07-11,2263.3583984375,2314.2346459435234,2233.8539033746415,2281.74802023502,273178
2014-07-14,2267.877197265625,2282.2455677747635,2242.8910097605667,2242.8910097605667,142260
2014-07-15,2275.8291015625,2303.75240914261,2265.4822085951423,2282.6517985286514,171337
2014-07-16,2324.356201171875,2335.7876680548497,2260.964343498369,2281.7033607983844,255637
2014-07-17,2313.693115234375,2331.2240851318284,2283.7817886033195,2326.9316868744872,214428
2014-07-18,2281.386962890625,2307.231583989904,2263.6750855497885,2304.339907445892,260815
2014-07-21,2296.523193359375,2325.12402835138,2281.38684377722,2281.38684377722,238243
2014-07-22,2271.265869140625,2314.2803043180857,2253.4185298160323,2300.5446746329367,236100
2014-07-23,2250.164794921875,2285.769008266498,2240.1792804271295,2281.8832154913507,253475
2014-07-24,2257.98193359375,2269.0970288748786,2245.601798786967,2259.1567392223005,288868
2014-07-25,2267.560546875,2292.591956114816,2256.354998556228,2256.4454530621583,230984
2014-07-28,2264.126953125,2281.7483762285474,2252.469792243274,2268.1934353796646,182179
2014-07-30,2306.5537109375,2313.3764081403483,2245.6017086831116,2268.1480479117326,189655
2014-07-31,2280.889404296875,2340.4859027544494,2269.4579411638797,2317.6684243588707,958095
2014-08-01,2336.87158203125,2373.5151461288624,2267.2895589003892,2268.1932215384522,943610
2014-08-04,2390.820556640625,2403.7429784307838,2323.678368419696,2340.4865842615527,480503
2014-08-05,2409.029052734375,2417.2974773525316,2375.367620573111,2398.049419670396,412319
2014-08-06,2382.9580078125,2412.7788702538396,2376.9487404476117,2398.320270282281,238191
2014-08-07,2394.163818359375,2410.0683697904024,2376.1810192590415,2376.1810192590415,286075
2014-08-08,2369.94580078125,2381.1511296134768,2343.649128900399,2375.7291536067664,266242
2014-08-11,2407.854736328125,2414.586980003751,2381.1966839665565,2384.766107870471,226565
2014-08-12,2407.583251953125,2426.289024969041,2392.175759411668,2414.5866375973537,223239
2014-08-13,2395.564208984375,2417.2521103309127,2388.3801357874827,2397.68790423952,186796
2014-08-14,2409.661376953125,2433.563206880965,2390.1874051987197,2390.1874051987197,311544
2014-08-18,2443.09716796875,2460.221530826845,2395.7451133868067,2395.7451133868067,359547
2014-08-19,2484.439697265625,2494.108843222081,2450.9137256537206,2453.4440251260685,404906
2014-08-20,2474.093017578125,2489.590744673243,2462.435636346753,2484.1687684597982,212477
2014-08-21,2485.569580078125,2504.049438886203,2474.319023150628,2479.605317778332,206504
2014-08-22,2489.455078125,2501.247698919676,2466.095310951052,2490.494201898534,192631
2014-08-25,2535.5419921875,2552.801816821022,2511.459249647004,2513.085886578004,390940
2014-08-26,2505.31396484375,2530.164684963513,2489.5903247253596,2516.7002012196463,295099
2014-08-27,2513.3466796875,2540.02976967172,2505.6321552576564,2527.641239660445,308090
2014-08-28,2527.1875,2544.6132053697875,2506.4943779321866,2518.5653842700667,444326
2014-09-01,2643.630615234375,2659.2411332020597,2533.993598600734,2544.884688566067,640846
2014-09-02,2645.673583984375,2691.915308024383,2639.093548251679,2658.334436009244,431825
2014-09-03,2639.77392578125,2670.132801317103,2629.2912051038907,2668.317619263182,423897
2014-09-04,2629.972412109375,2653.388309494948,2616.6762895990964,2641.090404361412,254066
2014-09-05,2614.54345703125,2633.784346947351,2595.6200911002907,2606.6020337043306,262632
2014-09-08,2646.2177734375,2654.159195176429,2592.080055586342,2609.324285648016,393871
2014-09-09,2641.090087890625,2661.0570919915162,2634.7369502221595,2659.241909800526,194446
2014-09-10,2638.322021484375,2650.1207063105344,2618.4004402669484,2623.891410982789,185112
2014-09-11,2647.5341796875,2653.796469866113,2610.4589933147768,2636.552238358775,280993
2014-09-12,2697.178955078125,2703.7135659063433,2651.073288355968,2651.073288355968,453657
2014-09-15,2688.829345703125,2699.538742878402,2659.2417887053857,2696.3621741888223,287604
2014-09-16,2677.711669921875,2704.8939808721,2660.1496923282907,2681.931880187683,360771
2014-09-17,2693.00390625,2709.1590699782314,2646.7621902258015,2677.3933857406305,313982
2014-09-18,2761.527099609375,2777.2284682721092,2686.4693680017785,2702.806006050438,369872
2014-09-19,2797.55859375,2808.086738674319,2750.000910854294,2763.7962506455806,276972
2014-09-22,2782.855712890625,2799.9184694352443,2760.4382576295934,2790.2072892381007,228956
2014-09-23,2778.862548828125,2824.4235789541503,2771.87414148666,2794.4730718508445,331237
2014-09-24,2787.938232421875,2804.4563452201473,2750.908473256397,2790.8424794666516,211358
2014-09-25,2774.73291015625,2813.532429956456,2761.799736889515,2790.842652295517,318285
2014-09-26,2757.261962890625,2801.7339300340223,2688.194186511481,2759.349466888841,290099
2014-09-29,2730.170166015625,2756.3542587187058,2724.45251916693,2755.4466675897233,217945
2014-09-30,2779.8154296875,2793.5653459258565,2735.298042870664,2739.109881092994,293390
2014-10-01,2696.40771484375,2797.1049023488363,2687.513277811723,2766.3376529119746,513843
2014-10-07,2667.092041015625,2717.3272884367902,2662.8718317546904,2696.452696708652,295318
2014-10-08,2678.39208984375,2693.7302902635124,2653.8417071343742,2667.410149287218,283872
2014-10-09,2728.400146484375,2735.071029275844,2687.377075696833,2687.377075696833,292837
2014-10-10,2692.096435546875,2718.235101203295,2670.1327772087125,2713.787993843279,249861
2014-10-13,2698.13232421875,2704.621512033463,2654.749424776872,2669.2254586880586,158747
2014-10-14,2688.375732421875,2716.147887614119,2683.8377768434175,2704.712372504323,176342
2014-10-15,2688.375732421875,2688.375732421875,2688.375732421875,2688.375732421875,0
2014-10-16,2665.458984375,2704.62145132176,2642.9052571305256,2682.9301128776656,168761
2014-10-17,2669.31640625,2687.1050597511326,2633.8295038344795,2668.3179673581562,283917
2014-10-20,2726.13134765625,2736.2056975163096,2702.806300660278,2702.806300660278,196994
2014-10-21,2791.478515625,2799.692261201659,2731.849811562361,2736.387768059973,220013
2014-10-22,2883.59814453125,2894.3077628836013,2800.2812445762997,2806.27143394045,398874
2014-10-27,2876.791259765625,2895.215402094925,2818.5239596256392,2877.971172427275,160160
2014-10-28,2860.137451171875,2876.7916157797968,2840.8057154150583,2876.7916157797968,220379
2014-10-29,2909.1923828125,2921.5357102326257,2854.7369175705126,2873.4333826022034,228343
2014-10-30,2940.822021484375,2994.142997878853,2877.9713386704584,2924.1224341051106,1274329
2014-10-31,3028.858642578125,3040.430430035724,2946.2678458219307,2963.2851803183994,902391
2014-11-03,2983.11572265625,3025.908551907466,2973.2682711604257,3022.278187718015,452092
2014-11-05,2985.02197265625,3020.3274025713613,2976.8990758962286,2990.512943621364,267172
2014-11-07,2984.4775390625,3012.0227983692203,2948.8997876179674,2982.3446111620674,302843
2014-11-10,3002.129150390625,3008.663760395886,2966.052412992213,2981.4360340574617,207284
2014-11-11,3021.370849609375,3026.725548605154,2987.018436958891,2993.235524785737,213365
2014-11-12,3049.279052734375,3059.761773755183,3004.1263976637492,3021.370627740973,261098
2014-11-13,3020.96240234375,3082.1793777657945,3014.745314672438,3058.582009149213,235947
2014-11-14,3021.86962890625,3034.9842744124308,3013.4744122380935,3021.461257276198,115687
2014-11-17,3032.443603515625,3058.5822737916,3006.9404243289687,3014.972473316667,186565
2014-11-18,3053.681396484375,3064.708540774734,3017.3323251281895,3032.2621558387164,276896
2014-11-19,3034.439697265625,3081.2714820608408,3016.4695725133515,3065.8424348752637,213795
2014-11-20,3027.26953125,3053.861989676479,3005.9411445060714,3034.0764631895518,164288
2014-11-21,3045.013916015625,3053.1368129827024,3000.0881513775025,3025.046909509793,261401
2014-11-24,3043.243896484375,3052.319807754103,3025.908817327249,3040.7480208852,156584
2014-11-25,2984.93115234375,3074.91872352208,2978.396318996813,3047.690989842723,343894
2014-11-26,2980.529296875,3001.313045301042,2948.4912853910337,2976.898932323386,223306
2014-11-27,2961.878173828125,2999.951576707956,2956.2057293710623,2982.9796672083976,244311
2014-11-28,3036.980712890625,3049.233190394148,2973.2678741882683,2975.990646966829,275680
2014-12-01,3075.9619140625,3114.8522766024794,3026.8159506029338,3032.26149654105,510490
2014-12-02,3046.64697265625,3081.2714810797474,3042.2904914892715,3081.2714810797474,165773
2014-12-03,3078.095703125,3099.151775663658,3054.816076355172,3054.816076355172,286735
2014-12-04,3092.0263671875,3099.423144918993,3071.4692988860425,3078.548552727738,199285
2014-12-05,3094.97607421875,3101.238363317838,3076.733406979067,3095.7928174647777,140056
2014-12-08,3067.52197265625,3122.1134905524223,3055.04259460535,3113.0375792426767,203336
2014-12-09,3028.223388671875,3076.7340928103877,3013.0212364433874,3076.7340928103877,221590
2014-12-10,3016.288330078125,3035.8923874902794,2997.9550332200174,3015.970806124516,236136
2014-12-11,3032.352783203125,3042.2454377907256,2983.0251171416076,3017.7404775221253,156314
2014-12-12,3067.0224609375,3080.726952761287,3033.4415922916273,3042.245181107144,241538
2014-12-15,3057.447265625,3067.5668169223313,3037.0718914286767,3062.2121185064934,135240
2014-12-16,3003.99072265625,3071.01619761282,2996.4122477548003,3035.8924636497977,217196
2014-12-17,2960.516845703125,3008.664599522773,2950.3518693510273,2985.9748212458294,267012
2014-12-18,3072.468017578125,3085.128868375442,2967.868149348289,2995.050456906364,283235
2014-12-19,3048.961669921875,3142.0806120477882,3040.657299397199,3086.717551003619,473560
2014-12-22,3079.910400390625,3097.1546313048498,3047.781764056065,3069.427678861006,194933
2014-12-23,3084.630126953125,3107.592228330068,3072.287019741798,3081.272083872833,202035
2014-12-24,3054.49755859375,3103.9612688725674,3024.8193767424273,3085.8094485867628,403056
2014-12-26,3025.091552734375,3075.5534777517655,3018.6475682111936,3055.8587980057396,210882
2014-12-29,3037.88818359375,3067.6572091105477,3026.8610429089,3026.8610429089,211257
2014-12-30,3037.934326171875,3057.356687186679,3030.8550712369947,3040.4302017105924,109577
2014-12-31,3022.0966796875,3033.078398288635,2994.823524706352,2999.5883776511837,281626
2015-01-01,3032.034912109375,3049.5060404662127,3013.429294898197,3013.429294898197,299232
2015-01-02,3049.14306640625,3070.3806089446625,3040.8838989858386,3049.506014204572,233924
2015-01-05,3129.1923828125,3148.7510137328536,3064.072726716692,3069.472849003791,536747
2015-01-06,3081.49853515625,3121.2056438855293,3069.926749183717,3121.2056438855293,422743
2015-01-07,3120.0712890625,3139.312175974257,3069.518509350901,3085.8097252018033,369241
2015-01-08,3154.3330078125,3185.236530452748,3125.74388689577,3144.8033008402567,422022
2015-01-09,3147.70703125,3183.556875401103,3112.991675837856,3176.568469085082,194054
2015-01-12,3142.89697265625,3161.729487029096,3126.7872314457427,3149.3409577723914,152803
2015-01-13,3147.75244140625,3190.182320058522,3142.170845466814,3161.8655255733997,237771
2015-01-14,3191.090087890625,3204.7039534532983,3141.4449024547116,3151.0200322164274,429069
2015-01-15,3290.743896484375,3302.406309319558,3212.872534799533,3222.266191435764,670686
2015-01-16,3282.3935546875,3290.017230119848,3260.112152302723,3281.1682182595255,379075
2015-01-19,3291.152099609375,3305.9004544163113,3281.1231740246885,3292.468062337716,192537
2015-01-20,3272.365234375,3300.0013398939477,3253.2603968233925,3283.664699597443,333315
2015-01-21,3298.8212890625,3349.011120633493,3260.067193852441,3288.202517630121,402419
2015-01-22,3264.832275390625,3310.8925264090626,3260.1582695842494,3310.8925264090626,318883
2015-01-23,3273.408447265625,3303.4043744237392,3244.6378566013786,3298.185726122912,337571
2015-01-27,3347.10498046875,3362.35255458783,3253.849999083654,3308.1239887702195,1278436
2015-01-28,3381.5029296875,3411.181114034272,3350.826306509121,3350.826306509121,672705
2015-01-29,3347.922119140625,3398.928695027739,3337.212499764218,3398.928695027739,603103
2015-01-30,3310.302734375,3395.2985586041236,3291.4247937695395,3358.0873207258105,284786
2015-02-02,3330.3603515625,3380.7770850256356,3285.480012830282,3310.3027197912115,319679
2015-02-03,3274.45263671875,3365.3477966949513,3267.327957956263,3365.3477966949513,220676
2015-02-04,3228.80078125,3298.1860769401014,3222.4022196411197,3285.479801464823,203545
2015-02-05,3197.171142578125,3264.60520602324,3183.829597645128,3248.268566126543,379633
2015-02-06,3178.928955078125,3206.973433902688,3167.493217580411,3203.569966978354,198214
2015-02-09,3096.065673828125,3174.027663458159,3085.8098497175024,3167.493051621789,286868
2015-02-10,3080.22802734375,3156.601726900032,3049.505981134016,3079.456486305868,547537
2015-02-11,3135.50048828125,3150.0673703819875,3091.255420243415,3091.255420243415,341769
2015-02-12,3223.672607421875,3230.7972858970033,3147.5258058826626,3147.5258058826626,436882
2015-02-13,3282.711181640625,3291.8325153912983,3204.9761021051286,3235.5618741025582,321186
2015-02-16,3242.00634765625,3312.707607692593,3232.385793095115,3285.4798739307357,260901
2015-02-18,3235.516845703125,3252.8065004638056,3219.271053654739,3244.6381805686674,161803
2015-02-19,3262.926025390625,3280.9417971966627,3232.9755193581245,3244.6381535209043,214789
2015-02-20,3219.543212890625,3280.034067986213,3214.687512121518,3276.4037037715075,240749
2015-02-23,3218.22705078125,3244.638039257213,3206.3831647130155,3231.931764418164,163132
2015-02-24,3256.709228515625,3267.328000200304,3224.852691881728,3243.594581275238,143983
2015-02-25,3249.08544921875,3280.9419870192664,3234.7456864010674,3262.7901641311933,173339
2015-02-26,3173.7099609375,3250.900405129953,3161.2757858611326,3237.649708292298,429598
2015-02-27,3271.32080078125,3284.4356675501663,3173.709569306795,3173.8456193202455,378654
2015-03-02,3368.47900390625,3385.3148634277413,3296.5978318191455,3310.983239642868,386182
2015-03-03,3365.937744140625,3389.2630133658117,3348.6028865647804,3374.423809809073,206296
2015-03-04,3338.48291015625,3439.4978407720046,3310.211536899257,3403.466519534503,340907
2015-03-05,3338.80078125,3368.2974921954637,3304.8569625170103,3337.212496814475,152837
2015-03-09,3332.039306640625,3349.827959556452,3288.2026114461405,3296.6432531362366,218786
2015-03-10,3309.757568359375,3348.103289141766,3303.8582267005454,3348.103289141766,182667
2015-03-11,3318.5615234375,3332.6746097418954,3281.2596611620006,3305.4922998743796,198508
2015-03-12,3344.654296875,3376.1930840117593,3323.689077798176,3328.4991328170386,308505
2015-03-13,3313.3427734375,3373.697581386826,3290.1085743026665,3362.625014319613,363024
2015-03-16,3310.030029296875,3337.2123373068066,3301.6348119675067,3313.6149696783114,182829
2015-03-17,3323.190185546875,3348.058092673485,3288.7017242758902,3326.321330477875,185250
2015-03-18,3326.23046875,3338.120000559574,3305.7190432387915,3324.506134325644,177261
2015-03-19,3317.2451171875,3353.548757320879,3310.8919801641587,3331.7665732408514,252139
2015-03-20,3288.973876953125,3333.400414018373,3276.403652424766,3303.631383608351,206403
2015-03-23,3262.245849609375,3302.9059812927057,3251.94482203009,3290.063653936983,192986
2015-03-24,3255.8017578125,3299.0938111002347,3237.4230371316803,3290.017899652916,227226
2015-03-25,3280.71484375,3293.557168850423,3243.095237945371,3258.2519646068195,201854
2015-03-26,3232.34033203125,3288.1571856008227,3211.0119408298688,3271.8659694033995,489101
2015-03-27,3276.44921875,3285.2528078994965,3217.9550180299534,3240.1001517235177,204071
2015-03-30,3322.645751953125,3334.489860689894,3267.736487780088,3293.6482592388747,152167
2015-03-31,3355.681884765625,3383.227140410264,3321.647220112559,3321.647220112559,294635
2015-04-01,3307.897216796875,3410.31896041183,3267.3279392010995,3358.0416247526696,694487
2015-04-06,3293.602783203125,3331.6761867479454,3284.5722957857274,3309.0772562682405,262771
2015-04-07,3267.2373046875,3312.7077101074997,3247.3611470588035,3303.6317985729584,306684
2015-04-08,3293.375732421875,3326.2304854487293,3272.773459067069,3280.9417788484343,256031
2015-04-09,3321.05712890625,3328.136383418747,3290.017559283599,3302.723833995315,238584
2015-04-10,3327.773193359375,3347.513297277943,3297.6409954014207,3321.783004228015,201302
2015-04-13,3326.502685546875,3339.935077456965,3306.1273107082498,3322.690847437486,218690
2015-04-15,3340.162109375,3384.407175017832,3313.070426703293,3317.2454343497384,232802
2015-04-16,3338.029052734375,3375.058812096361,3323.8253413547905,3336.5316161254823,206305
2015-04-17,3309.802978515625,3342.5668814141095,3300.318696665533,3327.3647318177937,99056
2015-04-20,3274.63427734375,3311.2554471224175,3253.3513092944568,3291.833085237661,175033
2015-04-21,3167.62841796875,3273.907405250575,3149.3405492326547,3271.8653256437237,482786
2015-04-22,3142.942626953125,3183.9204989985756,3073.194382278776,3168.4460260754504,422446
2015-04-23,3171.531494140625,3208.833574854455,3158.4168478097977,3167.49275829201,234616
2015-04-24,3214.14306640625,3235.5623052214273,3116.758717625185,3163.862607574164,332449
2015-04-27,3311.25537109375,3343.5657037686283,3194.902233210174,3233.928651576637,1804129
2015-04-28,3469.35791015625,3484.060842010605,3321.783505148055,3325.413869634556,1129937
2015-04-29,3418.169189453125,3515.0999528404473,3400.4257410374857,3484.2418587540606,703698
2015-04-30,3381.548095703125,3442.492744157983,3367.1172655150126,3412.542240451889,592304
2015-05-04,3410.50048828125,3485.149856962278,3382.365163915148,3446.123439293169,478823
2015-05-05,3442.538330078125,3453.3839989783946,3391.2594349553183,3406.18926364413,458196
2015-05-06,3298.685546875,3437.9553682556534,3288.7020439576786,3437.9553682556534,430929
2015-05-07,3216.1396484375,3290.9250603496375,3194.7204115914847,3290.9250603496375,469950
2015-05-08,3276.90283203125,3285.4795229339907,3232.340023903165,3232.340023903165,495595
2015-05-11,3314.25,3334.8522713194834,3281.985095735124,3298.09483593465,288810
2015-05-12,3246.86181640625,3315.3849461451778,3226.486440025018,3312.7075966501593,332314
2015-05-13,3271.04931640625,3296.371020581079,3216.865948082694,3285.4799269007453,337505
2015-05-14,3309.531005859375,3315.884143673996,3223.7636453619907,3271.820550658045,287801
2015-05-15,3331.94873046875,3343.5659420099505,3290.9256530206517,3303.6319296732413,208258
2015-05-18,3355.908935546875,3363.8955599524093,3314.5226928097495,3335.3972880821,183483
2015-05-19,3364.213134765625,3385.2237790047525,3344.473029368403,3353.5489398958616,175567
2015-05-20,3368.88720703125,3403.421091590757,3364.4400994163225,3364.530947155342,218115
2015-05-21,3356.36279296875,3385.224013178674,3350.327179102567,3368.887373099157,198709
2015-05-22,3360.4013671875,3384.225632822097,3353.1860624827063,3360.8097388538367,135158
2015-05-25,3351.507080078125,3373.516164552269,3340.8428845081794,3354.6382250997117,81113
2015-05-26,3382.092529296875,3385.3145217501656,3332.6742423234873,3354.4564269138373,252919
2015-05-27,3377.96337890625,3403.466778599167,3357.1796304102186,3358.087221551178,283565
2015-05-28,3366.164794921875,3393.437953840776,3354.5023813590647,3381.6846925292007,317937
2015-05-29,3435.867431640625,3438.8171025857237,3351.7792085607603,3376.238743312606,432656
2015-06-01,3524.0400390625,3538.652122193484,3425.6116112547693,3436.048908453979,571376
2015-06-02,3477.3447265625,3528.0792060076246,3462.505743853373,3521.453746138348,329350
2015-06-03,3428.1533203125,3466.9982666739315,3405.2820671624586,3453.384399134636,277700
2015-06-04,3423.478759765625,3460.6445678104856,3400.7435603424838,3447.9382934990913,193996
2015-06-05,3412.043212890625,3448.7552274540135,3404.3741126446525,3420.7107519481992,253728
2015-06-08,3379.415283203125,3452.9755823072273,3372.6083503109476,3436.1397239712724,303682
2015-06-09,3351.098876953125,3382.546821945442,3336.1236228463317,3367.163196133529,209963
2015-06-10,3396.704833984375,3402.467904043617,3352.7772954386965,3360.764140772442,239272
2015-06-11,3359.357421875,3429.7411520773403,3350.236309091707,3405.327041478545,226654
2015-06-12,3391.486083984375,3408.004195823933,3354.002531469333,3359.0851296875817,173412
2015-06-15,3419.258544921875,3439.6793442144804,3386.2223182537796,3392.121660271643,175936
2015-06-16,3439.4072265625,3458.421215268391,3398.656254345779,3419.2585274329704,228783
2015-06-17,3456.787353515625,3471.4448600945257,3442.4927947186784,3453.3838871353996,291820
2015-06-18,3504.2998046875,3532.2988549361758,3459.736996608171,3460.644587635613,232645
2015-06-19,3573.50390625,3584.5310494831583,3505.116828232424,3520.5458769325664,309290
2015-06-22,3612.80224609375,3625.735418633371,3589.568048023112,3589.568048023112,230791
2015-06-23,3645.929443359375,3656.230690819865,3589.7950676248483,3614.0277053108357,330957
2015-06-24,3638.804931640625,3662.719823455392,3618.6110302755555,3652.1464760916897,306048
2015-06-25,3658.95361328125,3670.0261806686212,3615.4800871107223,3615.8430349280666,240888
2015-06-26,3693.850341796875,3700.61185115516,3635.9459854785446,3653.9617573902187,291925
2015-06-29,3624.283203125,3653.7344869094395,3595.0588170917194,3648.5158386327885,344044
2015-06-30,3651.556640625,3684.8197648953783,3616.9773320318486,3616.9773320318486,340789
2015-07-01,3659.135009765625,3711.9115654123634,3653.9617847886766,3662.0392569825203,380963
2015-07-02,3624.37451171875,3674.836669710018,3613.2565198185403,3658.9538241382907,322025
2015-07-03,3629.365966796875,3648.5162276685714,3609.5806580500216,3624.3742157391193,279389
2015-07-06,3619.427734375,3634.902206310845,3607.719898297474,3616.659537317645,332811
2015-07-07,3605.087646484375,3633.813035733385,3590.15781825206,3620.380644079143,287981
2015-07-08,3584.077392578125,3602.2292152804703,3545.958564903199,3584.9849837132424,252360
2015-07-09,3571.96044921875,3601.2302591219895,3565.47126216671,3584.9844687688696,128065
2015-07-10,3570.826416015625,3595.876019574439,3556.7587536472747,3584.71260447584,184572
2015-07-13,3662.3564453125,3666.6675024007186,3575.9084058066414,3592.880312553769,335198
2015-07-14,3676.333984375,3683.8670351975734,3648.65245444111,3675.471817102869,251002
2015-07-15,3768.453857421875,3793.6851529529945,3694.802936884518,3694.802936884518,551469
2015-07-16,3792.052001953125,3802.8070460733743,3771.948945938173,3781.0248577426437,321651
2015-07-17,3805.529541015625,3838.157618827931,3779.300246452876,3799.176403217602,241023
2015-07-20,3790.1455078125,3829.1267215041125,3776.5772872218345,3819.1432197414806,207897
2015-07-21,3769.090087890625,3807.2997648700452,3758.7436371600775,3790.9631237713643,146004
2015-07-22,3803.85009765625,3810.9747759502998,3751.9813583659297,3757.24520913266,305466
2015-07-23,3842.78564453125,3853.177739146018,3805.574412095733,3810.883908282494,229845
2015-07-24,3842.922607421875,3868.0626162686926,3816.7837165228316,3846.326074219167,226189
2015-07-27,3792.00634765625,3849.59273529555,3781.5690503252195,3849.59273529555,220316
2015-07-28,3809.11474609375,3850.0015489763423,3767.955399978052,3819.0526030082124,940179
2015-07-29,3878.772216796875,3911.263800539912,3785.7441301150466,3834.481505729602,819323
2015-07-30,3899.419921875,3918.9783326306124,3885.4426645397934,3911.7176038994767,294361
2015-07-31,3931.185546875,3956.1895037769946,3888.301868496137,3899.9188570153124,297226
2015-08-03,4017.950439453125,4028.79632884352,3975.248461440554,3975.248461440554,341893
2015-08-04,4028.614501953125,4042.3648592721634,4003.792244180985,4037.872106838864,313075
2015-08-05,4058.428955078125,4069.6377918656153,4013.594051087805,4045.1328363838193,198485
2015-08-06,4040.68701171875,4064.5112815534408,4020.6743591617405,4048.7644850497936,184121
2015-08-07,4041.458251953125,4055.2990172073974,4020.7197052188726,4039.4161718336422,144268
2015-08-10,4081.573486328125,4091.3757367273947,4035.150287242473,4056.932475027858,241899
2015-08-11,4088.0625,4115.018133497875,4052.4395485796667,4093.23594664213,216773
2015-08-12,4088.0625,4088.0625,4088.0625,4088.0625,0
2015-08-13,4077.670654296875,4104.762336546475,4020.76451656977,4063.2852471108336,261773
2015-08-14,4149.9599609375,4164.935212846843,4075.537496903192,4092.781726374556,181419
2015-08-17,4129.35693359375,4163.119492615897,4116.378560880619,4161.259108519409,157066
2015-08-18,4205.7763671875,4218.482640200151,4116.832456098943,4134.076683758969,172443
2015-08-19,4240.12890625,4253.878820633346,4180.091853003351,4199.423363147107,255128
2015-08-20,4205.91357421875,4258.780760404146,4176.053913056718,4202.147159457235,279387
2015-08-21,4145.28662109375,4187.4896105207645,4110.480411074143,4184.902887052965,310480
2015-08-24,3849.81982421875,4041.094652195662,3818.73482845026,3948.0213603775483,930804
2015-08-25,3810.974853515625,3965.265333415043,3686.725726275621,3901.733959338812,915511
2015-08-26,3841.15087890625,3886.2088601013393,3753.819916946725,3831.9751339304676,612412
2015-08-27,3838.1376953125,3901.2734305043464,3821.931464187481,3884.9303344762857,795947
2015-08-28,3840.054443359375,3918.7116250488616,3811.8874731078745,3880.3644935828665,372560
2015-08-31,3804.7666015625,3864.843604713428,3782.077789608032,3833.8006841936412,298281
2015-09-01,3708.2138671875,3834.211829774697,3694.29020392574,3807.32300337966,605386
2015-09-02,3679.4990234375,3734.2349506811825,3661.238482378257,3727.889457244494,392078
2015-09-03,3782.898681640625,3800.2916656598986,3688.6743506846215,3705.9761657585946,514445
2015-09-04,3709.903076171875,3779.6584806599362,3698.8553590509478,3777.1931291535916,316141
2015-09-07,3715.655029296875,3769.4322342106184,3693.194474356776,3714.102704962276,300049
2015-09-08,3779.292724609375,3794.40358991469,3722.4113171951494,3748.889101889449,292997
2015-09-09,3930.718017578125,3943.3635304261215,3823.4373473245782,3843.843589510065,589734
2015-09-10,3927.340576171875,3942.4055232395995,3857.67634133393,3884.930289282888,321362
2015-09-11,3942.222412109375,3980.7978036701697,3933.8683040465776,3952.493966075267,281728
2015-09-14,3943.820068359375,3968.9283104892243,3912.3206373237463,3953.406851718045,207396
2015-09-15,3948.8427734375,4034.7587250235456,3944.2776372832373,3994.9506485955567,734807
2015-09-16,3976.7802734375,3996.3189610089116,3953.4980862074963,3996.3189610089116,418079
2015-09-18,4018.094970703125,4088.8086445159256,3976.780498864798,3998.4189713226806,621252
2015-09-21,4099.7197265625,4116.838983813888,4005.5410751663267,4015.447507858595,642858
2015-09-22,4084.015625,4126.791033103078,4054.2967717032757,4115.92609995234,924289
2015-09-23,4106.47509765625,4129.620417325151,4029.415721149728,4071.1866992820796,880695
2015-09-24,4169.474609375,4203.57625657057,4094.6977881526636,4108.164936237898,1098076
2015-09-28,4141.71875,4213.619626618904,4123.914723408652,4172.5334114081015,684352
2015-09-29,4275.06591796875,4327.747751411723,4078.4913935772497,4117.706079481546,1222175
2015-09-30,4278.080078125,4349.159330498646,4252.469399229205,4300.357851291602,835777
2015-10-01,4181.9833984375,4311.22219473783,4172.533479621732,4309.487532563365,1087189
2015-10-05,4030.14697265625,4172.533722995221,4007.27582280657,4172.533722995221,1949365
2015-10-06,3975.3203125,4062.0578939624484,3960.7573507604216,4062.0578939624484,1159174
2015-10-07,3984.906494140625,4051.9225893448634,3967.147939984803,3973.721912962203,801302
2015-10-08,3975.0908203125,4023.709502180233,3955.4152691685877,3999.057776162791,726218
2015-10-09,3904.42333984375,4014.7627487172344,3892.0060827201296,4008.1887755888497,816648
2015-10-12,3863.79345703125,3946.696131548379,3849.7784032083705,3935.968064137565,837794
2015-10-13,3902.140380859375,3915.0596232425,3861.327897226208,3863.017086273092,605082
2015-10-14,3880.13720703125,3921.9995918449526,3873.061246479572,3899.447642470761,656029
2015-10-15,3996.684326171875,4007.412393490416,3890.408071855673,3898.5339230447958,982419
2015-10-16,4060.23095703125,4073.013334678751,4000.0166497161904,4026.4489589628542,929525
2015-10-19,4071.14208984375,4088.535076593885,4024.7145757937715,4076.6657250986373,594941
2015-10-20,4116.6103515625,4123.869094300594,4055.3461527041527,4079.3131106700002,675597
2015-10-21,4085.522216796875,4131.173568155305,4062.9702709002195,4098.578324959794,316565
2015-10-23,3999.880126953125,4115.925954541437,3990.932640160153,4109.351981434852,621558
2015-10-26,4003.76025390625,4064.7961979278657,3995.2233623062098,4017.318793998789,535165
2015-10-27,4105.8828125,4125.056381337558,3995.9544403274667,4025.5364287997554,1290318
2015-10-28,4104.23974609375,4162.4906988465345,4083.0573382850853,4136.012911992718,989227
2015-10-29,4053.429443359375,4120.080424288299,4034.8951708239306,4109.991652760972,907407
2015-10-30,4062.057861328125,4079.3139856018415,4017.410922075797,4059.318779830264,738321
2015-11-02,4104.74169921875,4131.493215668675,4040.3278138442256,4081.231250738545,603730
2015-11-03,4092.689453125,4127.978307228681,4076.7114788580348,4126.791104509012,320901
2015-11-04,4127.38427734375,4141.992710231499,4067.626924050701,4097.437168249463,660804
2015-11-05,4132.908203125,4158.838081363019,4105.334608760516,4125.923635575956,406256
2015-11-06,4129.4384765625,4140.897233287389,4091.3195980267305,4138.7060575762725,361975
2015-11-09,4225.671875,4235.532388590074,4053.8400097736426,4053.8400097736426,729714
2015-11-10,4302.822265625,4318.571980439419,4227.086502148346,4245.118784327175,909977
2015-11-13,4218.00244140625,4325.23765321545,4202.115858941854,4322.681355647024,983107
2015-11-16,4242.74560546875,4258.358458275747,4175.181599055284,4199.924722999236,644299
2015-11-17,4229.36962890625,4269.451427963859,4216.358993208281,4241.375845668243,638262
2015-11-18,4138.97900390625,4247.400943290548,4131.446532327973,4231.42297327602,725994
2015-11-19,4245.89599609375,4256.076159893036,4173.492673906293,4182.486080708263,1030684
2015-11-20,4325.83056640625,4351.486714460428,4228.228068540966,4260.184013779345,917455
2015-11-23,4324.32470703125,4373.399914843956,4293.373176754972,4318.618287518145,1034126
2015-11-24,4236.3544921875,4313.185636029852,4219.098368589789,4313.185636029852,1287988
2015-11-26,4205.90478515625,4254.660788668978,4179.792566896608,4254.660788668978,1436728
2015-11-27,4181.7099609375,4272.967205980592,4160.116957275216,4272.967205980592,1231876
2015-11-30,4158.83837890625,4291.227306445527,4101.4090643295995,4187.142218587061,10567769
2015-12-01,4159.9345703125,4214.533416753313,4137.245755975011,4208.142226563262,1506622
2015-12-02,4217.08935546875,4224.896004596098,4159.934216143616,4199.924624459606,1123497
2015-12-03,4224.62158203125,4240.736865919078,4200.380892473965,4208.141622304642,567288
2015-12-04,4200.244140625,4230.967412148171,4180.887788553709,4209.054762624745,581041
2015-12-07,4167.2392578125,4236.4465467812615,4161.578310394179,4220.012055867024,493623
2015-12-08,4147.47119140625,4181.481451837618,4126.882608047905,4145.143150561391,577670
2015-12-09,4089.539306640625,4146.968615521939,4081.230671814854,4144.0467508093725,607147
2015-12-10,4106.88671875,4126.699136586998,4022.8423183491764,4104.0562459693,506406
2015-12-11,4091.04638671875,4134.186919391285,4028.2757703962784,4126.654445432589,532721
2015-12-14,4178.74267578125,4190.794813046354,4082.6010907487516,4089.3574028095873,484617
2015-12-15,4218.18603515625,4230.968417080966,4166.234872067904,4204.490625951197,581111
2015-12-16,4217.63671875,4252.103487052963,4203.576192499131,4250.140568219691,357572
2015-12-17,4260.869140625,4272.053722394467,4176.049013756503,4245.575936981036,443534
2015-12-18,4218.59619140625,4293.053372183489,4210.4244206346575,4277.258181870476,682206
2015-12-21,4235.62353515625,4254.705709799211,4214.760779583821,4224.484427719177,274072
2015-12-22,4215.62841796875,4240.964917069958,4201.7957023488125,4227.314985174533,207127
2015-12-23,4231.83447265625,4251.053511775448,4218.184541323576,4231.879945678523,227939
2015-12-24,4198.46337890625,4231.2868787517355,4187.278797859833,4230.282459862323,162732
2015-12-28,4236.4453125,4241.878001517263,4188.967908135776,4198.463299845827,272134
2015-12-29,4233.615234375,4250.962749125634,4211.611192291656,4238.226288678706,253128
2015-12-30,4188.23779296875,4239.093131326111,4177.098684816979,4233.706360982805,265170
2015-12-31,4219.96533203125,4233.706210091663,4169.155022696963,4188.054859972063,422019
2016-01-01,4235.07666015625,4262.010962511453,4202.070816093958,4219.098684182824,243597
2016-01-04,4182.2568359375,4251.966533175869,4174.130985193639,4231.879940148197,405501
2016-01-05,4169.74951171875,4200.609650994311,4160.8929700578865,4199.879407601555,509285
2016-01-06,4091.09228515625,4193.534119972391,4079.405714791344,4192.621092730942,593742
2016-01-07,3896.7080078125,4062.696590872977,3882.054102172571,4062.696590872977,1200069
2016-01-08,3848.180908203125,3948.8421443688276,3830.878866609132,3913.507817838121,994652
2016-01-11,3900.81689453125,3926.016531664738,3758.93257229389,3825.583550622152,865799
2016-01-12,3897.71240234375,3948.6591324395167,3889.4951590499822,3935.1465106820247,481142
2016-01-13,3918.027587890625,3935.1468462123144,3854.207082030171,3924.190520886433,431206
2016-01-14,3878.76708984375,3915.9729414087788,3846.309157172121,3870.3215897952464,402026
2016-01-15,3901.68408203125,3962.537243391975,3884.016920135821,3894.060217296492,592183
2016-01-18,3867.764892578125,3916.2007933071513,3809.924546900561,3906.842267193869,396124
2016-01-19,3833.024169921875,3875.754100553579,3802.757414358143,3872.1474656165387,499001
2016-01-20,3705.930908203125,3825.5376684694675,3678.129280550991,3807.185736551536,679992
2016-01-21,3553.2275390625,3729.6700270598235,3533.414895470334,3729.6700270598235,1212801
2016-01-22,3747.9306640625,3761.580151324283,3588.333264110413,3600.0200552337765,1063413
2016-01-25,3726.383056640625,3809.148869937029,3719.5808267615694,3767.1041524187617,608634
2016-01-27,3754.321533203125,3815.53981493774,3736.106466313767,3771.714519145203,886550
2016-01-28,3746.424072265625,3779.8409546367366,3680.412388597782,3725.1507183028903,1677354
2016-01-29,3739.622314453125,3765.323939376997,3581.805483553821,3583.631537840619,2147231
2016-02-01,3604.859130859375,3760.7585031367735,3591.528846468171,3744.2326239990343,1904034
2016-02-02,3537.93408203125,3638.4127523068437,3516.5693384703377,3608.8307653906586,902619
2016-02-03,3495.38720703125,3533.414694620635,3455.4877464950796,3533.414694620635,1101308
2016-02-04,3464.617919921875,3544.279528052437,3445.764000971248,3527.936433426842,597800
2016-02-05,3399.564697265625,3460.3723856055512,3372.0827178682,3455.5332978463944,1245857
2016-02-08,3407.91943359375,3459.459770121709,3391.9414589362864,3422.9386851903632,559505
2016-02-09,3339.03125,3368.156723176409,3305.157857928599,3364.504615046101,657011
2016-02-10,3358.61572265625,3394.6345954471994,3286.89740279987,3323.2816201575506,795377
2016-02-11,3233.439697265625,3345.6051628380624,3212.4857704298406,3333.553250003042,1066224
2016-02-12,3240.926513671875,3275.9411916585636,3159.986751485588,3259.5067040749923,1211696
2016-02-15,3388.471435546875,3400.934164867131,3290.9144119581656,3292.3296483819595,1182286
2016-02-16,3382.94775390625,3422.892687022906,3333.6442936022627,3401.2539906931106,753873
2016-02-17,3423.0751953125,3428.416492592917,3343.048465413839,3359.848073578263,652019
2016-02-18,3335.51611328125,3466.6268885091113,3307.0754094710223,3452.383577183255,1243826
2016-02-19,3267.860595703125,3323.418379478913,3249.463190265234,3323.418379478913,718677
2016-02-22,3214.5859375,3236.6811492832394,3187.879894166704,3231.202986548204,1291463
2016-02-23,3184.0908203125,3258.0917160188037,3177.334508508939,3222.9858663898144,796836
2016-02-24,3186.190185546875,3222.985217168465,3177.3338684833598,3195.5487120273215,605914
2016-02-25,3117.21142578125,3204.725163643551,3105.2052084192924,3204.405514991495,840542
2016-02-26,3112.69140625,3158.251584402396,3081.5573212703307,3151.7690039510653,831491
2016-02-29,2955.01171875,3136.2018720941237,2915.5233032283136,3127.1172985381586,2218323
2016-03-01,3190.4814453125,3204.724755611343,2922.508022015654,2922.508022015654,1924803
2016-03-02,3298.447021484375,3312.1881229119217,3232.161392635186,3234.8090818679934,1236996
2016-03-03,3294.795166015625,3329.8098445778137,3266.810974472009,3310.4537145759823,742263
2016-03-04,3245.902587890625,3304.244927820878,3219.333411300474,3304.244927820878,610234
2016-03-08,3161.4931640625,3285.9388010123494,3150.4913659534755,3243.9395548718608,1100041
2016-03-09,3265.349853515625,3286.897381065407,3141.817471936179,3154.3715938777486,752948
2016-03-10,3311.7314453125,3318.5791477204743,3262.6105487912355,3286.8971558276426,1016572
2016-03-11,3324.514404296875,3369.0701736682545,3301.5518607041927,3317.6667006918583,1002559
2016-03-14,3330.859375,3363.5914822514783,3311.594638962565,3341.678834158635,483295
2016-03-15,3336.703125,3359.84822749244,3301.0493733164,3350.809348657499,688839
2016-03-16,3348.3896484375,3355.374215805568,3321.1357033993886,3332.5485408681147,459188
2016-03-17,3319.264404296875,3423.8517056467676,3305.158179851013,3365.737618525728,710449
2016-03-18,3306.436279296875,3332.274991031148,3247.683118649303,3323.418672666159,1073782
2016-03-21,3350.3984375,3358.843937666096,3291.462497164927,3314.379565156806,474712
2016-03-22,3377.7890625,3411.023155941102,3334.3745843247802,3349.8960432331924,713115
2016-03-23,3411.0693359375,3418.373552930942,3347.5682548693594,3389.0198200513514,586282
2016-03-28,3322.45947265625,3449.2333575481516,3314.242229865022,3432.068405802858,743468
2016-03-29,3405.544921875,3441.198669841192,3327.9833249061144,3331.6354328072457,686482
2016-03-30,3403.2626953125,3423.760108379256,3363.5917138443515,3419.286364915064,872340
2016-03-31,3393.08203125,3422.7097106056935,3345.3306781351816,3414.2642114864934,1223191
2016-04-01,3399.382080078125,3437.500957308608,3361.7654122787812,3378.61071583876,769731
2016-04-04,3362.90673828125,3425.2208317822874,3356.2872924514695,3410.155886100718,299849
2016-04-05,3245.67431640625,3375.36963127444,3228.9201807801924,3356.2874549831718,826024
2016-04-06,3262.291748046875,3293.562928367244,3237.5943187160997,3257.6809162941463,664480
2016-04-07,3169.1171875,3247.1810075896715,3149.943617653414,3247.1810075896715,1221608
2016-04-08,3132.27587890625,3171.855687135629,3121.182690406778,3159.0733095824053,1631533
2016-04-11,3176.1015625,3184.638454860319,3125.2916946636674,3138.0740737829465,970375
2016-04-12,3262.885009765625,3295.8910742579783,3163.6847012580038,3168.386701814505,1404427
2016-04-13,3407.052001953125,3419.606124528124,3292.923614907678,3298.7668991616024,1107727
2016-04-18,3395.501708984375,3423.851241848275,3359.9393520004405,3397.190898093146,999621
2016-04-20,3350.85498046875,3400.4323940284144,3333.4617705275728,3400.4323940284144,1830988
2016-04-21,3383.0390625,3412.2102312137467,3354.461272186583,3373.6348396106214,1928958
2016-04-22,3484.156982421875,3499.6327466208622,3360.0309972868367,3380.939227951227,1165761
2016-04-25,3403.718994140625,3507.849769114395,3392.032203842241,3475.0721886490765,838216
2016-04-26,3534.829833984375,3555.327246176646,3370.8043946994435,3381.897806831168,2782566
2016-04-27,3523.73681640625,3590.70744555545,3497.1221647292004,3507.0285982526384,1388262
2016-04-28,3421.9794921875,3518.806049895897,3410.24722900871,3486.850104969494,1821236
2016-04-29,3464.617919921875,3487.7632442263293,3401.0256766343136,3416.547136098148,962848
2016-05-02,3497.669677734375,3506.023785873857,3425.312285799348,3469.4113129054517,762337
2016-05-03,3487.7177734375,3541.63206746039,3465.576866596584,3506.7544773480586,795697
2016-05-04,3480.04833984375,3509.676023399529,3465.8964203945584,3469.50283270505,557609
2016-05-05,3503.148193359375,3515.154410820542,3471.329109075247,3492.328732828201,485772
2016-05-06,3486.80419921875,3501.4583262345805,3471.328437117047,3496.847495591261,411877
2016-05-09,3511.958740234375,3540.719093885066,3492.3286575839034,3496.893793084013,771389
2016-05-10,3510.406494140625,3558.112158151619,3501.5501762166346,3515.6107038149703,1094666
2016-05-11,3551.721435546875,3558.9799570656933,3460.37302136454,3469.503293188721,679706
2016-05-12,3518.98876953125,3569.7531620682003,3507.393370716034,3546.9731820239667,857976
2016-05-13,3511.729736328125,3540.6269487330464,3495.0669952977737,3520.6317486594085,435056
2016-05-16,3544.006103515625,3556.2405775721973,3506.0240867464026,3533.414899924109,878812
2016-05-17,3607.096435546875,3623.804877522754,3548.251878375612,3552.634453421141,865028
2016-05-18,3574.40966796875,3596.413710015883,3474.1137758065693,3587.1008782727954,1921044
2016-05-19,3585.092041015625,3597.3265141089355,3543.457919100705,3560.8054327474233,679821
2016-05-20,3601.845703125,3614.6737766434603,3543.5490647957613,3546.0141930350123,485214
2016-05-23,3573.450927734375,3623.1652048976075,3560.805414215966,3619.2391440902793,348354
2016-05-24,3582.90087890625,3595.4550014529996,3554.551343046552,3573.4054862882376,283533
2016-05-25,3707.757080078125,3717.846073360563,3597.326505167146,3604.6307214212925,842663
2016-05-26,3759.845703125,3766.236893004037,3676.9427955412298,3710.5422383438563,1074664
2016-05-27,3785.95849609375,3800.0190251402546,3735.2397929716103,3756.833018965839,880888
2016-05-30,3717.61767578125,3793.8099570217846,3701.4114465812454,3772.627552361546,555311
2016-05-31,3799.653564453125,3816.4531734701936,3702.3704850312347,3706.889924471049,775477
2016-06-01,3803.077392578125,3834.6682183412513,3789.0623379004405,3807.9621765620736,647041
2016-06-02,3822.524658203125,3830.10305030264,3765.3236019579067,3789.0623055589995,411143
2016-06-03,3851.1025390625,3866.6694715965828,3816.452984952471,3827.5461742028747,591630
2016-06-06,3781.7578125,3850.234837110695,3759.8451646245776,3849.321810115886,443085
2016-06-07,3775.960205078125,3824.624814008138,3759.8453669155074,3811.88790841968,471388
2016-06-08,3798.2841796875,3807.140275189903,3765.963109069391,3771.7150015522507,417715
2016-06-09,3806.546630859375,3825.3550772250696,3779.9319815530253,3790.9337791640755,305434
2016-06-10,3753.91064453125,3831.974455818474,3743.41083365636,3802.8489826413584,464892
2016-06-13,3775.13916015625,3789.062824753235,3708.7164323247325,3719.672758564983,385639
2016-06-14,3747.519287109375,3794.4487853159144,3739.7585576805945,3784.496880270035,403193
2016-06-15,3843.478515625,3848.408772220212,3754.4583838832514,3766.2363429201364,510807
2016-06-16,3728.8935546875,3801.8443207670944,3708.715569393837,3798.192212870104,1118517
2016-06-17,3756.650146484375,3796.3668268518727,3737.430880713642,3757.1066600518175,951658
2016-06-20,3773.723876953125,3784.3146349114286,3712.094323344149,3722.0007567753437,667114
2016-06-21,3795.818603515625,3805.5881713663243,3751.628183050859,3785.410184212427,512383
2016-06-22,3790.294677734375,3816.90932528539,3766.2818004493233,3784.496867194819,417540
2016-06-23,3806.044677734375,3811.8879617344746,3762.0825141169303,3790.79694756184,341093
2016-06-24,3716.06591796875,3736.198209699004,3530.310602802566,3700.4987616463995,1559787
2016-06-27,3675.025146484375,3707.8027273317275,3655.8515790689685,3707.8027273317275,836629
2016-06-28,3723.96337890625,3726.930716814489,3688.6292767033865,3689.633695619742,626447
2016-06-29,3771.943115234375,3780.8451292430973,3733.55028203074,3743.4110190525716,646945
2016-06-30,3823.027099609375,3834.713667699623,3784.99916575349,3816.36173455569,770542
2016-07-01,3803.122802734375,3847.6787904716252,3772.6277882842273,3824.3052087192636,804652
2016-07-04,3810.791748046875,3826.039476607352,3794.3117897413204,3808.2354508839676,343648
2016-07-05,3810.38134765625,3836.5394822359744,3789.0620778865523,3816.452888088142,282439
2016-07-07,3780.9365234375,3825.492066536787,3766.2366983128,3817.4576065726546,325843
2016-07-08,3799.835693359375,3812.4812068152255,3767.1495041982243,3781.7579365945335,261295
2016-07-11,3900.49658203125,3913.142094382189,3825.5374264984853,3825.5828995201596,518428
2016-07-12,3990.293701171875,4000.8849050994354,3917.7994358242076,3926.0166800382412,688921
2016-07-13,3945.554443359375,3980.7973716380384,3926.9287833521107,3971.6671024370335,416940
2016-07-14,4043.158203125,4052.9277725671996,3949.755698158528,3949.755698158528,637580
2016-07-15,4083.101806640625,4102.731885167648,4021.4270173150117,4062.9697416396416,654076
2016-07-18,4067.3076171875,4167.420953070905,4046.901371619926,4087.622470879048,684924
2016-07-19,4095.565673828125,4107.708755437472,4053.8401587335798,4067.718348413401,378788
2016-07-20,4080.454833984375,4117.752078895038,4064.8419819503765,4082.9201853949003,357560
2016-07-21,4029.827392578125,4102.275727376522,4022.1121362090785,4098.578146403167,252227
2016-07-22,4030.740966796875,4062.057618390529,4021.8844254911846,4036.4928592727647,339886
2016-07-25,4154.775390625,4167.968810860123,4036.4929053258716,4041.9710680564654,499616
2016-07-26,4082.41748046875,4185.31580254361,4064.0200754297,4177.235424364126,1828186
2016-07-27,4161.7138671875,4225.488891324145,4117.751706973183,4118.025436743407,1212744
2016-07-28,4349.20458984375,4367.92164538942,4173.035832613904,4180.751089932724,1879461
2016-07-29,4343.8173828125,4404.442286986334,4309.98946467469,4337.791315396366,799265
2016-08-01,4443.0185546875,4460.1378144666705,4357.1939989945895,4381.572003245752,1206974
2016-08-02,4552.39794921875,4600.742905645929,4455.571617295521,4473.832156710667,1611134
2016-08-03,4449.95703125,4583.3958470773105,4431.057192758167,4578.73931990254,1019631
2016-08-04,4464.38232421875,4514.918457184404,4445.848054681675,4514.918457184404,727097
2016-08-05,4511.86083984375,4533.180114439021,4473.8333455692255,4491.180862623473,598288
2016-08-08,4557.6025390625,4574.265281855687,4528.659404761898,4546.874471784695,474502
2016-08-09,4529.39013671875,4584.993392526305,4487.8928807428765,4574.173933283074,508711
2016-08-10,4438.77197265625,4546.874275916866,4428.180770722249,4542.3091411016885,512317
2016-08-11,4454.33935546875,4495.288708073633,4387.095001989196,4439.228936024749,623156
2016-08-12,4472.55419921875,4510.353428260405,4425.53330821563,4457.397861693786,686072
2016-08-16,4441.14697265625,4517.658471762666,4430.007862771312,4517.658471762666,793106
2016-08-17,4464.56494140625,4484.149102086565,4427.359093020528,4437.310997659074,498247
2016-08-18,4488.30419921875,4519.483984413063,4474.745658102711,4492.869334556541,479572
2016-08-19,4473.923828125,4504.145111908242,4463.834611979334,4488.440868704352,426426
2016-08-22,4416.99658203125,4471.093434387273,4408.0945683524105,4470.1804073432895,292890
2016-08-23,4413.390625,4432.929763394627,4382.530484497287,4414.531908980338,270869
2016-08-24,4518.15966796875,4550.343870327396,4461.461046847677,4464.702114433383,952400
2016-08-25,4504.6015625,4549.430832287999,4479.538792611165,4541.213589152509,914319
2016-08-26,4492.91455078125,4533.087739457617,4483.054037340821,4505.605537132126,337715
2016-08-29,4498.849609375,4524.049246307344,4492.914933269854,4496.658433514363,299611
2016-08-30,4626.9013671875,4659.998597223651,4520.396852661553,4524.048960803473,996156
2016-08-31,4646.20849609375,4692.36139122373,4630.257218760285,4655.632108335443,804288
2016-09-01,4652.736328125,4688.8218689794,4614.62797866329,4664.918071215976,870402
2016-09-02,4744.39794921875,4770.324104330015,4665.837026032393,4668.595156294087,956049
2016-09-06,4890.80859375,4904.874878221117,4781.678395806566,4781.678395806566,970024
2016-09-07,4905.83984375,4929.697848599453,4863.594753877615,4890.164650634183,734051
2016-09-08,5046.82666015625,5055.652766771471,4890.164951165203,4892.00370467194,942300
2016-09-09,4967.39306640625,5047.3330622082085,4943.535057843007,5047.103217998214,547599
2016-09-12,4899.3583984375,4918.6653089961765,4827.647016362415,4877.2933577990125,795632
2016-09-14,4931.4453125,4950.6144092810855,4900.3243168711215,4900.3243168711215,539702
2016-09-15,5012.810546875,5020.717278040642,4918.252542415945,4924.182703018802,704384
2016-09-16,5123.96337890625,5166.806434584549,5031.7500503324045,5031.7500503324045,1669960
2016-09-19,5049.12548828125,5120.0095311712175,5042.78187798063,5120.0095311712175,632835
2016-09-20,5070.22607421875,5111.735853824364,5055.05635450866,5079.5576604999305,423083
2016-09-21,5057.72216796875,5095.646465070084,5021.7286521391125,5080.47674622955,549370
2016-09-22,5145.84375,5179.860690098986,5116.285876967147,5116.653537888033,526494
2016-09-23,5150.16455078125,5176.091154959788,5116.883381442602,5176.091154959788,559592
2016-09-26,5119.91845703125,5171.495596227199,5107.644684366628,5135.639893426691,418297
2016-09-27,5067.0537109375,5148.464804043101,5056.572904155423,5147.545427151436,427991
2016-09-28,5076.615234375,5107.138727306523,5062.0892587848275,5066.318482347316,449876
2016-09-29,5000.12255859375,5127.364212951528,4960.037641899497,5125.525459423484,693217
2016-09-30,5035.7021484375,5054.273738556953,4948.637438606289,4983.022039650511,646631
2016-10-03,5222.98046875,5258.836169908466,5177.746943107354,5204.592929694376,840940
2016-10-04,5222.0595703125,5256.950095070752,5194.478269765075,5254.375571004354,464913
2016-10-05,5230.51806640625,5302.045393624605,5215.623984399581,5246.882791991611,644731
2016-10-06,5250.0556640625,5282.371670258041,5240.447996503121,5240.447996503121,416860
2016-10-07,5225.55419921875,5256.307535822155,5210.384480500648,5249.136575630306,309473
2016-10-10,5251.80224609375,5272.074325326298,5236.724556090127,5263.340245571914,205840
2016-10-13,5257.501953125,5288.990608124022,5196.8693232857695,5231.253925385025,441169
2016-10-14,5231.66748046875,5301.999800148051,5212.038697546611,5295.794007235171,352350
2016-10-17,5147.6826171875,5239.528267699966,5125.1578860840345,5239.528267699966,400595
2016-10-18,5173.0576171875,5190.20390471487,5130.214568548944,5167.816989864696,487798
2016-10-19,5152.73828125,5192.547109229936,5142.1192119671405,5179.492230607453,384608
2016-10-20,5189.42236328125,5225.278058589597,5162.3007475992945,5162.3007475992945,311728
2016-10-21,5194.66357421875,5212.867057393051,5163.220704465498,5194.939207724768,224567
2016-10-24,5253.22705078125,5284.577889701025,5209.1889914833,5209.1889914833,412403
2016-10-25,5315.33154296875,5331.466427344999,5264.030044676129,5271.70693126336,339506
2016-10-26,5395.91455078125,5422.484450932565,5318.5948709130025,5329.2597317421505,590811
2016-10-27,5387.685546875,5468.452883772788,5322.364008654615,5421.564669739094,1864862
2016-10-28,5402.3955078125,5450.570758909954,5392.834079558065,5444.54902086568,935542
2016-11-01,5404.1884765625,5492.356615678777,5383.13483911086,5441.790895246516,1163831
2016-11-02,5327.4208984375,5392.05290795266,5318.594791369018,5336.982327380666,522312
2016-11-03,5337.48779296875,5387.456011750142,5313.997895332844,5332.293403840113,585730
2016-11-04,5244.90673828125,5322.2722049058275,5210.383870678271,5322.2722049058275,679821
2016-11-07,5255.1123046875,5318.45728010302,5247.803079137276,5298.368806073602,532212
2016-11-08,5211.9462890625,5268.947642021025,5131.500831258131,5266.005457141282,684050
2016-11-09,4958.15283203125,5105.298895621291,4877.293470425167,4877.293470425167,1299603
2016-11-10,4898.8994140625,5072.431789853867,4877.294058665959,5061.629112155596,942971
2016-11-11,4720.310546875,4866.215831137495,4691.580020587841,4863.503489890198,1058491
2016-11-15,4455.8515625,4706.335495219131,4418.892436620678,4690.568273328455,2793900
2016-11-16,4588.42529296875,4605.525790259278,4506.370918234498,4527.011105786644,1952224
2016-11-17,4528.435546875,4641.013398924572,4519.931312734736,4624.464618975951,668715
2016-11-18,4551.7421875,4587.597880164774,4493.8214531953645,4537.124187196477,699355
2016-11-21,4401.4697265625,4587.6892791598475,4381.105175540553,4587.6892791598475,864696
2016-11-22,4536.71044921875,4556.4312604505185,4436.498381545403,4440.5897877272,845997
2016-11-23,4487.34033203125,4546.318263810225,4468.171236019756,4546.318263810225,757744
2016-11-24,4440.72705078125,4490.143545880847,4416.685441087764,4470.009286962679,550368
2016-11-25,4480.6748046875,4509.543146053659,4406.067468109073,4458.058045915228,669501
2016-11-28,4499.2001953125,4516.898198635057,4443.348054956897,4473.687489224138,1387068
2016-11-29,4677.92626953125,4706.289129315963,4501.26813384078,4503.106887163428,874897
2016-11-30,4841.4384765625,4856.148506115292,4688.913947419888,4698.5211661228695,1270618
2016-12-01,4828.6591796875,4879.59256671973,4784.666908215008,4841.438427950277,1221883
2016-12-02,4659.494140625,4814.041486765619,4639.175821422078,4799.147401471116,772281
2016-12-05,4783.4716796875,4799.054847028989,4647.4497031713345,4655.632066871773,578935
2016-12-06,4721.1845703125,4836.842008046105,4705.416896898814,4799.147554077299,646660
2016-12-07,4704.12939453125,4789.7234676801445,4629.108154988252,4735.664289330563,590462
2016-12-08,4812.56982421875,4845.023645269176,4753.177993931417,4755.016747507407,845955
2016-12-09,4812.93701171875,4884.188705779534,4781.862258907034,4863.502730084468,562518
2016-12-12,4729.642578125,4806.502579080654,4707.255660147642,4806.502579080654,357439
2016-12-13,4746.8798828125,4787.194642283134,4720.125930135351,4761.222249610866,484291
2016-12-14,4726.56201171875,4794.320262786985,4716.587132372686,4762.326129078885,371699
2016-12-15,4736.67529296875,4778.0014617020415,4670.434370876731,4688.776118493503,457317
2016-12-16,4770.32421875,4787.19487237157,4735.893827839338,4757.315127153196,1170505
2016-12-19,4702.658203125,4776.5764582631255,4692.545058148979,4757.775022810101,369118
2016-12-20,4696.1767578125,4732.492141902867,4663.079192565583,4721.827281095968,377676
2016-12-21,4723.6201171875,4743.984223246648,4664.503920405739,4706.657435893252,413072
2016-12-22,4674.4794921875,4729.274441360968,4645.611149338447,4729.274441360968,399573
2016-12-23,4778.138671875,4793.630259523817,4634.578085588715,4642.852476140252,589006
2016-12-26,4750.74169921875,4833.899059713906,4735.801826527074,4761.452348934817,510998
2016-12-27,4802.82421875,4815.143777613983,4704.6349598466895,4766.96852492702,486703
2016-12-28,4809.490234375,4852.4711028972515,4798.641766912718,4826.72855062724,595514
2016-12-29,4886.30419921875,4917.747068961874,4796.573372347236,4796.573372347236,655325
2016-12-30,4890.67041015625,4944.316133293513,4875.454904511826,4915.9074815057,559886
2017-01-02,5025.314453125,5032.853523747458,4843.093760458314,4891.131206520477,651321
2017-01-03,5064.29443359375,5078.8208545416455,4994.605860550411,5025.312951996343,631753
2017-01-04,5058.54931640625,5106.862839900182,5051.056484756536,5084.15405182083,679443
2017-01-05,5180.64306640625,5194.387481776714,5079.649423686868,5079.649423686868,744210
2017-01-06,5162.80615234375,5201.190133317515,5145.75189245891,5194.478862317821,544695
2017-01-09,5202.29345703125,5222.060057601396,5158.255399497393,5189.697815706823,345094
2017-01-10,5217.3251953125,5234.655536686041,5186.204202805811,5222.059895751996,410444
2017-01-11,5297.77099609375,5307.470241773151,5232.173371595808,5232.173371595808,539326
2017-01-12,5311.5615234375,5327.788433802431,5279.061464520028,5304.804014329599,421634
2017-01-13,5239.98828125,5326.869392326082,5225.4160686040805,5325.0306386525135,1086873
2017-01-16,5219.2099609375,5263.6161288311105,5204.591959895034,5238.563111536086,290142
2017-01-17,5212.31494140625,5257.824094763548,5200.960547704919,5231.254194000464,343048
2017-01-18,5226.1513671875,5257.9156544623775,5208.269309762086,5226.656844836268,308483
2017-01-19,5257.31884765625,5266.190744725062,5217.463770306343,5217.463770306343,239027
2017-01-20,5211.90087890625,5285.496806376566,5187.1234965344565,5256.076751096683,444280
2017-01-23,5240.44775390625,5252.169808092619,5188.778598240551,5211.901283865226,297515
2017-01-24,5274.64892578125,5282.5094181077,5230.2889937578075,5244.125435476017,301613
2017-01-25,5334.7294921875,5363.644071142619,5247.8483875040965,5299.19566984326,1148793
2017-01-27,5438.94091796875,5449.789833151768,5355.415449028975,5370.999064772066,576906
2017-01-30,5419.6806640625,5460.179034160759,5410.532684969872,5439.0333669127895,323448
2017-01-31,5419.037109375,5456.40968931193,5401.798793083567,5414.210380813399,374637
2017-02-01,5681.013671875,5703.354350003264,5411.452197004789,5424.323473042517,1212008
2017-02-02,5648.97265625,5717.006536142677,5635.779510028467,5672.554580240724,745214
2017-02-03,5622.40283203125,5660.280885501281,5605.026251995008,5652.236338786146,304078
2017-02-06,5653.892578125,5688.18515860704,5631.183788018121,5660.603850257563,322223
2017-02-07,5712.2724609375,5729.096877835544,5648.651402940155,5668.877693770995,456427
2017-02-08,5695.2177734375,5731.303315176162,5668.09615607978,5718.2484331187625,410369
2017-02-09,5660.69482421875,5703.813505130676,5618.863181007363,5695.998802552725,511610
2017-02-10,5619.4609375,5676.002611622664,5604.888725199316,5672.554948566403,284471
2017-02-13,5536.4873046875,5644.881743835635,5518.099767973161,5600.843683187687,404675
2017-02-14,5460.96044921875,5557.632831265059,5450.157771672453,5557.632831265059,439745
2017-02-15,5390.03076171875,5481.140647131728,5371.183536560694,5470.292180021172,609791
2017-02-16,5538.83154296875,5551.151551714317,5387.548264028416,5387.548264028416,576390
2017-02-17,5506.837890625,5567.608794643941,5474.935332027569,5551.197826886556,326378
2017-02-20,5601.90087890625,5627.275769364627,5435.631488320416,5506.837403839689,504439
2017-02-21,5574.31982421875,5599.6026883463155,5555.794469922724,5581.629049959606,287864
2017-02-22,5589.48974609375,5623.047003338739,5553.036541362574,5583.375979419688,431264
2017-02-23,5544.76171875,5600.935733423563,5530.097478594912,5599.0049522778145,461009
2017-02-27,5471.671875,5563.104091526029,5461.099040157944,5520.858541439133,394395
2017-02-28,5445.00927734375,5516.260981690587,5437.929896184793,5466.890266338669,558820
2017-03-01,5442.34228515625,5515.156648869572,5410.6695789619,5479.485013248411,559896
2017-03-02,5441.56103515625,5515.156963022669,5424.552565606025,5471.210934777587,473769
2017-03-03,5413.06103515625,5450.939540848054,5401.338980347835,5446.388445886056,362057
2017-03-06,5456.36328125,5493.092113647653,5435.355432395691,5447.767018717976,361209
2017-03-07,5413.75048828125,5473.969670922402,5406.85516202463,5452.824003735433,373103
2017-03-08,5391.36376953125,5428.828376894133,5332.385833244724,5419.726635685803,639968
2017-03-09,5483.5302734375,5493.2757561937115,5391.362759703873,5409.612476894359,598391
2017-03-10,5475.4404296875,5523.983344007639,5457.466344326152,5513.502538519705,443986
2017-03-14,5637.986328125,5649.01884997858,5525.4546950013755,5571.423536057959,875005
2017-03-15,5642.53662109375,5671.450748660673,5601.302486742889,5621.988462278666,384040
2017-03-16,5659.177734375,5687.540147675349,5637.342536797777,5662.993058063504,252721
2017-03-17,5693.3330078125,5724.775425832069,5654.167465342842,5667.958117697337,1048024
2017-03-20,5662.349609375,5718.523620900173,5655.178649994956,5718.523620900173,207710
2017-03-21,5586.40869140625,5700.641251059044,5563.930199519404,5667.727743417006,532134
2017-03-22,5521.59326171875,5565.355689209385,5495.483049171817,5558.920051311187,462793
2017-03-23,5548.2548828125,5579.69774865344,5530.878751232802,5530.878751232802,447530
2017-03-24,5520.5361328125,5559.4718323356665,5508.9981328684835,5559.4718323356665,573292
2017-03-27,5503.20556640625,5534.648433083573,5484.680213344187,5495.115229990119,340512
2017-03-28,5492.58740234375,5561.310825087224,5481.830513131146,5489.783482386237,505962
2017-03-29,5464.91357421875,5524.4432226536155,5451.306976999422,5524.4432226536155,494597
2017-03-30,5476.35986328125,5517.0880754097225,5456.547024158064,5484.082538514878,898999
2017-03-31,5530.69482421875,5553.95487613223,5461.18985301961,5472.1303464226185,501939
2017-04-03,5582.45556640625,5603.601231430516,5543.8417433184595,5603.601231430516,378716
2017-04-05,5831.056640625,5846.318388727281,5581.583599940824,5617.393513936732,1076674
2017-04-06,5784.39599609375,5825.1704402047635,5755.297814975034,5824.251063557003,505863
2017-04-07,5754.701171875,5825.171312697902,5733.279423425029,5746.104909148025,467235
2017-04-10,5763.43505859375,5799.244513841339,5741.553622482815,5775.524773135399,318486
2017-04-11,5744.08251953125,5796.671055060477,5727.717791122406,5768.905694548956,373105
2017-04-12,5658.3046875,5758.884422692734,5632.746191249311,5758.884422692734,415372
2017-04-13,5587.9267578125,5677.152102382122,5577.767374175338,5658.764565208415,386820
2017-04-17,5622.494140625,5642.674639267249,5535.567251002543,5581.168426261216,342286
2017-04-18,5642.353515625,5731.717124542468,5626.586292513026,5626.586292513026,453391
2017-04-19,5697.33251953125,5720.68460161276,5620.885975733322,5637.526786411718,366504
2017-04-20,5767.70947265625,5794.968900824159,5689.102768278772,5700.135288191401,466934
2017-04-21,5687.08154296875,5787.523470963011,5678.991205680096,5777.272508140549,294827
2017-04-24,5808.94482421875,5824.252359025875,5700.136483971653,5721.466206509726,426893
2017-04-25,5826.27490234375,5838.042745950907,5775.984811249854,5817.540822645084,384281
2017-04-26,5889.802734375,5906.765413942666,5802.186315014929,5824.251355667814,540500
2017-04-27,5860.15380859375,5929.980659647953,5810.783541287692,5919.8675143369255,1087684
2017-04-28,5998.79638671875,6058.509646337919,5875.323801120869,5893.205861185897,949573
2017-05-02,6164.880859375,6187.405589977444,6084.435392937701,6137.75924497614,888539
2017-05-03,6108.33935546875,6173.569317886801,6096.479484733043,6173.431052237587,370021
2017-05-04,6104.47802734375,6147.82700352038,6091.7908067987855,6124.888372305088,372533
2017-05-05,6117.67138671875,6138.127521664936,6069.725973695193,6091.377118982555,337498
2017-05-08,6095.97412109375,6163.180660021622,6079.425337446561,6148.792501800158,208481
2017-05-09,6094.82470703125,6128.566016631599,6081.677797782482,6128.566016631599,215203
2017-05-10,6194.53125,6209.471123520463,6100.892629875004,6109.259048829357,295859
2017-05-11,6217.28515625,6242.0163005821805,6170.02928196172,6204.873570355822,259056
2017-05-12,6187.58935546875,6249.922917266722,6151.549608624836,6249.922917266722,256491
2017-05-15,6273.7353515625,6287.710058701731,6190.577988081021,6214.435547056752,336356
2017-05-16,6393.30078125,6414.997715627828,6279.343841917638,6297.7313787900175,707624
2017-05-17,6397.2080078125,6416.330866220261,6330.691004693737,6389.668938276373,445461
2017-05-18,6280.30810546875,6387.8293914434535,6265.046811189518,6360.52372354639,406814
2017-05-19,6243.07421875,6338.091904908142,6152.0559116271215,6302.144180695908,552223
2017-05-22,6161.38818359375,6292.16954408034,6149.941761932643,6255.394469075323,327493
2017-05-23,6324.25439453125,6352.892888464095,6199.954487249089,6219.583269241622,956457
2017-05-24,6315.79638671875,6355.237559422588,6263.7137837307055,6346.457691045511,433647
2017-05-25,6422.49072265625,6452.186413875332,6283.940458654587,6325.266625581967,435721
2017-05-26,6495.21240234375,6513.829780724407,6376.980916549226,6409.11286322053,373937
2017-05-29,6559.248046875,6617.490208525561,6459.127553360269,6481.606495879848,427378
2017-05-30,6571.2451171875,6625.580371213235,6513.002512095232,6559.247430537205,403698
2017-05-31,6629.62646484375,6663.643408291152,6559.70803497238,6562.511954798875,650259
2017-06-01,6570.41796875,6660.884551131551,6536.860717388192,6658.126420882635,649217
2017-06-02,6541.08984375,6608.204345483797,6527.574826163864,6602.9637185223755,310268
2017-06-05,6551.20361328125,6584.484784955979,6519.393085393111,6564.166467365978,296147
2017-06-06,6538.7001953125,6577.4976290969735,6513.830782130827,6558.834458577382,324579
2017-06-07,6624.7529296875,6642.496720600296,6534.561984777852,6559.752816814271,518152
2017-06-08,6665.021484375,6688.419801298836,6617.673583630767,6618.592960344247,426525
2017-06-09,6863.01025390625,6877.766072536565,6647.094514506234,6684.788964726809,1122640
2017-06-12,6779.1630859375,6849.357598898368,6762.476485731134,6844.760714603805,454342
2017-06-13,6756.4541015625,6853.953828572187,6743.628616039839,6798.42356138046,607567
2017-06-14,6758.38427734375,6796.446833918659,6740.732513095484,6750.983474073311,277472
2017-06-15,6722.75927734375,6796.953169991966,6685.846385958626,6755.903082710053,388150
2017-06-16,6678.26123046875,6766.659222424619,6665.481982381973,6740.8708820447755,547028
2017-06-19,6664.79248046875,6731.814961548521,6651.6913606499165,6724.322130171871,372747
2017-06-20,6626.1787109375,6696.4190115275815,6610.595093978754,6679.272723294036,757716
2017-06-21,6682.21484375,6697.20050648715,6576.578087035151,6637.900701055285,460423
2017-06-22,6726.251953125,6759.257486815552,6700.417378116395,6703.175508211669,436033
2017-06-23,6637.119140625,6740.549033814765,6624.110048286692,6730.987604582782,355854
2017-06-27,6604.20556640625,6681.295402507346,6578.233171254321,6655.828485040377,365667
2017-06-28,6642.54296875,6733.515479929514,6624.1096440322435,6632.338245709621,637214
2017-06-29,6641.8994140625,6702.256407012174,6624.109384433843,6669.98619378812,543979
2017-06-30,6635.693359375,6650.403386574273,6580.116858296985,6633.118835266485,367886
2017-07-03,6761.09765625,6771.210802050755,6629.810815784184,6655.277286315568,556846
2017-07-04,6781.4609375,6817.22460441421,6748.225556727616,6790.516888554519,428293
2017-07-05,6782.84033203125,6797.87223287819,6740.870869821867,6780.1742290260245,273869
2017-07-06,6871.46826171875,6893.487516507311,6781.507597445387,6782.840424508939,416512
2017-07-07,6833.54443359375,6871.4687306679125,6821.776588855326,6867.745433793704,339803
2017-07-10,6831.3828125,6895.325282722686,6159.823919232266,6857.446782937167,47033
2017-07-11,6855.79296875,6890.72928802216,6803.388489841759,6871.3303472749885,423681
2017-07-12,6873.859375,6881.53626208262,6835.659443451639,6881.53626208262,233096
2017-07-13,6957.43017578125,6963.8200245226235,6863.286075121066,6886.132679869886,472029
2017-07-14,6947.95947265625,6977.10389322015,6913.712691041715,6964.232619593211,267450
2017-07-17,6915.82763671875,6967.037101924162,6899.278855003966,6961.475052080244,289180
2017-07-18,6940.69677734375,6979.448416568091,6909.116097017612,6918.309864279113,387214
2017-07-19,6951.86767578125,6972.553653788931,6927.504190572204,6954.395961982189,223986
2017-07-20,6887.005859375,6973.01337994687,6876.984293065451,6968.876184322932,290547
2017-07-21,6934.859375,6941.202985294994,6844.76044635755,6895.326171616068,434483
2017-07-24,6945.47802734375,6958.763202056811,6890.729316873536,6944.972549654795,357195
2017-07-25,6899.78515625,6962.440596195182,6889.395928927337,6962.440596195182,323585
2017-07-26,6955.31494140625,6982.666399653742,6899.003115602592,6931.181301776111,377790
2017-07-27,6986.8955078125,7063.9390984492275,6928.4230578282,7001.0538197136075,1148259
2017-07-28,7015.2587890625,7054.929807667685,6972.553557709327,7002.892991702524,459181
2017-07-31,7125.21630859375,7138.961171935513,7034.152212038456,7046.104110974085,505371
2017-08-01,7222.71630859375,7281.464397472281,7102.185917989063,7134.272079149577,1096934
2017-08-02,7167.001953125,7244.689293903534,7148.154728439084,7243.6778896253,414448
2017-08-03,7113.5859375,7197.800941866486,7089.314479848316,7165.622753979741,287116
2017-08-04,7143.83349609375,7175.644023720461,7115.976558125786,7125.1703262887395,325021
2017-08-07,7206.6728515625,7256.043565206247,7144.477100928735,7152.291803715751,327318
2017-08-08,7130.59521484375,7249.286862515136,7113.127053729256,7216.189294087673,319951
2017-08-09,7043.89697265625,7166.541740889354,7023.210995854452,7133.444178006478,285089
2017-08-10,6967.7265625,7024.0383885865085,6931.089309132667,7021.6021299754475,385730
2017-08-11,6856.16015625,6926.400450890225,6785.00048485031,6897.072422046184,676390
2017-08-14,6995.0322265625,7030.474020777423,6909.1162895439165,6910.035666295686,328598
2017-08-16,7080.2587890625,7097.681159567838,6973.519049248904,7032.405404596435,488766
2017-08-17,6971.12841796875,7087.3375493919575,6955.085114114638,7080.120352121193,321296
2017-08-18,6986.16015625,7009.328630870598,6924.148461255512,6942.214125354654,332924
2017-08-21,6897.0732421875,7040.633850466051,6886.132747231804,7013.926131993517,277519
2017-08-22,6891.74072265625,6957.384138321144,6872.433809289254,6932.101275578649,278131
2017-08-23,6962.48681640625,6978.070433897547,6896.2458925778,6939.456605409577,258051
2017-08-24,7069.08642578125,7089.6542252232475,6949.0683761925,6997.725506389312,436912
2017-08-28,7037.65478515625,7102.654895323942,7027.486729418104,7102.654895323942,391028
2017-08-29,6984.26220703125,7034.451399104151,6959.701268456539,7024.655134772506,368309
2017-08-30,7017.64404296875,7093.694079283752,6994.475965775959,7059.940360809109,471048
2017-08-31,7150.2900390625,7168.95444586497,6994.011394391985,7024.561353482077,586954
2017-09-01,7254.29052734375,7275.276367422034,7177.869152272027,7194.119179460224,627407
2017-09-04,7262.83349609375,7313.440723037061,7202.70839619321,7280.012096065332,362724
2017-09-05,7258.8408203125,7294.823022988565,7243.797756799565,7282.797821635559,182518
2017-09-06,7286.18701171875,7339.4407622829185,7215.011984177414,7242.869173305512,340420
2017-09-07,7353.55517578125,7381.226468663421,7297.190615673858,7324.583518029572,389478
2017-09-08,7401.4228515625,7409.780008124186,7328.297731647743,7373.28727250006,341309
2017-09-11,7560.81298828125,7584.584548654369,7428.584278799578,7428.584278799578,547463
2017-09-12,7572.0478515625,7606.8693359494755,7536.297794258538,7606.8693359494755,387447
2017-09-13,7542.4267578125,7614.298213685112,7521.58011365825,7578.919493499111,371832
2017-09-14,7493.81689453125,7581.752946518266,7467.630952328481,7558.538619531707,293890
2017-09-15,7521.20947265625,7539.177451641899,7468.97723921239,7500.038188728927,400099
2017-09-18,7575.1591796875,7600.369845427235,7549.948513947765,7549.948513947765,219992
2017-09-19,7550.876953125,7600.323463460647,7544.144799135639,7593.869699998595,245577
2017-09-20,7540.1513671875,7581.240719232805,7529.890817699668,7581.240719232805,185837
2017-09-21,7563.18115234375,7587.277350653292,7498.320234914549,7522.370185934081,258168
2017-09-22,7491.9130859375,7591.548790480858,7475.012875465832,7563.227313126608,366359
2017-09-25,7396.03759765625,7511.226895386023,7293.98706361299,7497.298300574453,626129
2017-09-26,7326.34765625,7410.05841733977,7307.033520176175,7410.012170053993,440508
2017-09-27,7187.10791015625,7408.154504915585,7163.939835224835,7381.225891147404,564788
2017-09-28,7333.26611328125,7354.298201168026,7104.512062769769,7182.605143187877,768225
2017-09-29,7408.3408203125,7435.826216646245,7358.9405584823,7391.440611421969,486217
2017-10-03,7324.86279296875,7492.702375972727,7293.941490988867,7479.981196911031,516298
2017-10-04,7286.697265625,7367.204262060808,7271.282865177671,7330.154294929782,301347
2017-10-05,7271.701171875,7336.655032457309,7249.55506927492,7276.2977894362075,272177
2017-10-06,7338.6982421875,7353.369514080098,7284.701360049134,7303.180325289714,440453
2017-10-09,7332.66259765625,7388.655368249272,7304.805407628918,7344.083864205541,261839
2017-10-10,7329.8759765625,7368.132907448867,7322.075601591014,7326.904361963388,224485
2017-10-11,7266.22265625,7334.658665225284,7243.79770979577,7328.297849725448,644166
2017-10-12,7339.67333984375,7352.441218949655,7270.726792671862,7284.655388060122,396436
2017-10-13,7311.72265625,7372.869276129077,7298.6296868797,7335.726357861424,328108
2017-10-16,7281.869140625,7368.226425766306,7255.869097786757,7335.7263722185035,502632
2017-10-17,7278.990234375,7337.861667327283,7271.561650951248,7290.226057484374,304861
2017-10-18,7228.05859375,7310.7015920587155,7194.769613896671,7297.655322564032,489207
2017-10-19,7178.890625,7245.654931289404,7140.726185007756,7245.654931289404,115449
2017-10-23,7260.0478515625,7298.583630271951,7163.011975053159,7195.326133428331,471496
2017-10-24,7312.51220703125,7365.62676277312,7281.497960224606,7303.504867776235,354257
2017-10-25,7308.0556640625,7377.51274555362,7252.433776674258,7363.5841500617,254379
2017-10-26,7491.77294921875,7508.441015347599,7304.340858449131,7335.726443389319,684763
2017-10-27,7534.8583984375,7651.44054232918,7486.711803858524,7543.6798408103305,1201080
2017-10-30,7609.88720703125,7687.655188921841,7580.2191209361645,7614.297928392209,726605
2017-10-31,7624.7451171875,7638.905855569245,7583.841657518865,7609.655805797115,318652
2017-11-01,7649.9560546875,7666.716615731874,7577.155569822248,7661.65571159355,631375
2017-11-02,7638.25537109375,7682.966522415726,7615.226942751933,7660.727018376228,247753
2017-11-03,7632.31298828125,7654.134452950277,7591.083985927445,7646.79836380581,288916
2017-11-06,7716.62744140625,7772.666458618369,7613.694581398404,7623.119959968953,392588
2017-11-07,7633.1484375,7751.727390759371,7623.584316978251,7751.727390759371,348296
2017-11-08,7644.0126953125,7693.273310049514,7618.848730528668,7631.0126737218325,199176
2017-11-09,7618.75537109375,7682.7344118553265,7566.662789871005,7682.7344118553265,442672
2017-11-10,7598.9765625,7646.705573762017,7531.701272449503,7613.183546948114,351694
2017-11-13,7529.984375,7631.987756624706,7502.869861958729,7600.370027244084,181361
2017-11-14,7542.75146484375,7601.297805179455,7529.79769144884,7548.369149560688,237427
2017-11-15,7546.74462890625,7595.726852804224,7509.369567069408,7521.441015612984,275441
2017-11-16,7580.59130859375,7646.658731079869,7548.6017885333185,7549.29821825825,321844
2017-11-17,7752.0517578125,7765.145180718536,7631.012634420866,7631.012634420866,419255
2017-11-20,7823.83154296875,7845.513360024367,7753.58463205154,7778.656103316856,372037
2017-11-21,7823.041015625,7845.930701004023,7800.941161319787,7842.726943043319,255180
2017-11-22,7905.0810546875,7916.084281257879,7840.869873424226,7844.584165169098,383442
2017-11-23,7858.884765625,7910.513059564148,7840.405800966062,7904.0130488332,289808
2017-11-24,7881.681640625,7930.013685531454,7858.885354073595,7858.885354073595,343432
2017-11-27,7900.85546875,7915.341750909075,7841.798591636266,7879.870082726507,172254
2017-11-28,8008.15380859375,8039.585644305995,7870.631592768336,7884.142149582044,456041
2017-11-29,8051.98095703125,8074.870643739452,7963.441886006157,8031.227713627245,382984
2017-11-30,7984.89111328125,8056.298734265193,7962.512868409869,8032.155838104416,582023
2017-12-01,7994.0849609375,8073.942238976834,7979.227792930183,8041.442183960826,436589
2017-12-04,7893.61328125,8041.396038874864,7874.809677751753,8041.210142910496,242191
2017-12-05,7893.2421875,7943.895662617964,7871.048930369778,7911.395608047925,213998
2017-12-06,7997.24267578125,8021.710212243361,7846.48830122723,7887.2992669998675,420876
2017-12-07,8247.9560546875,8346.245130628313,7999.237266423178,8000.491383888129,834850
2017-12-08,8396.3896484375,8467.657629915293,8263.371559229761,8291.971427763812,1006694
2017-12-11,8481.4013671875,8512.230177533203,8440.497900756238,8457.444360965683,564023
2017-12-12,8479.1240234375,8560.049516646272,8450.01362493693,8496.442271227792,491488
2017-12-13,8469.1884765625,8520.584621993403,8426.798762488028,8441.655928350265,446829
2017-12-14,8461.853515625,8493.471244576334,8399.871268535157,8475.085680734068,655484
2017-12-15,8511.20703125,8576.57802181602,8493.93503056597,8515.013817561312,620495
2017-12-18,8644.177734375,8676.58529173509,8348.010129471677,8459.299230276827,658668
2017-12-19,9101.4091796875,9153.87355949185,8659.872673546459,8677.515562330223,1275759
2017-12-20,9038.6357421875,9282.386118409695,9007.388902664195,9254.157140687237,1216280
2017-12-21,8943.1328125,9116.172935178542,8923.632779495178,9088.87252624796,849633
2017-12-22,9007.1572265625,9123.042944362975,8918.942800116785,8974.657174714079,814330
2017-12-26,8987.6591796875,9067.516467573969,8929.344969430016,9045.230712814953,542587
2017-12-27,8955.25,9054.236420286328,8941.321405787907,9001.586152802707,402886
2017-12-28,8941.4140625,9001.12111668802,8928.970823316366,9001.12111668802,659995
2017-12-29,9034.5986328125,9071.23102462808,8960.73082072484,8969.087979003236,471554
2018-01-01,8962.4931640625,9089.800146324002,8941.971158823095,9052.657230208672,426354
2018-01-02,8871.6318359375,9024.428327028292,8844.65697424409,9006.228660702722,451227
2018-01-03,8743.9990234375,8912.442506677144,8730.442222106532,8911.513933796681,658281
2018-01-04,8715.8173828125,8810.299675389533,8698.128250429014,8775.013905188775,562919
2018-01-05,8760.0166015625,8851.156389340165,8740.238181257058,8782.441998571054,732512
2018-01-08,8774.0400390625,8816.800644396157,8751.800534326885,8810.30063338923,294549
2018-01-09,8713.310546875,8813.503931171323,8692.371408158497,8788.757099263941,427590
2018-01-10,8706.16015625,8779.517417831503,8650.492934459488,8717.256784142268,394826
2018-01-11,8672.685546875,8756.443009194418,8659.871421394182,8737.871550002064,368996
2018-01-12,8783.509765625,8816.566594587954,8686.891040317905,8716.512875367664,685141
2018-01-15,8690.00390625,8829.382346544386,8672.871553564402,8821.39698171353,385462
2018-01-16,8656.203125,8736.618085049031,8635.728273198029,8701.656951412766,364816
2018-01-17,8648.63671875,8699.614834081436,8594.871977515126,8650.586359391844,390461
2018-01-18,8699.5224609375,8838.99431354434,8665.443648851953,8682.15796364828,686971
2018-01-19,8657.9677734375,8724.871271847482,8619.013957565807,8658.942593654509,542339
2018-01-22,8645.107421875,8688.425716538512,8609.357360145581,8681.22927554103,454188
2018-01-23,8722.4580078125,8755.793234529521,8626.443196592689,8679.37185775585,561948
2018-01-24,8761.041015625,8839.969729705346,8673.290857029791,8746.230093209166,568489
2018-01-25,8615.484375,8807.513049584792,8589.298440554487,8807.513049584792,705224
2018-01-29,8942.8076171875,9020.157561922793,8785.22860750994,8803.800066356805,1546624
2018-01-30,8887.8837890625,8984.409145419668,8867.873219860248,8932.873337702156,573988
2018-01-31,8830.4501953125,8900.371555750076,8783.27887171539,8875.346333863661,462650
2018-02-01,8730.3037109375,8880.593795307559,8646.87178948125,8863.22929881857,550971
2018-02-02,8348.4296875,8690.516410478218,8301.44424721394,8690.516410478218,984189
2018-02-05,8431.9990234375,8468.585159768196,8067.441652200229,8218.010116202147,651062
2018-02-06,8342.857421875,8462.550855902515,8042.928313798354,8078.585883179007,840339
2018-02-07,8284.5419921875,8515.013980525011,8239.227813434942,8515.013980525011,509440
2018-02-08,8385.6650390625,8412.872048763349,8278.228953060183,8346.850865938964,465683
2018-02-09,8297.8212890625,8344.667980908038,8236.442973035766,8269.871602915055,364892
2018-02-12,8466.5888671875,8496.442851515283,8320.01398356032,8320.01398356032,408523
2018-02-14,8358.6416015625,8503.406481953403,8344.156226790421,8496.349690512541,357737
2018-02-15,8375.9599609375,8440.727922720755,8358.084932058251,8402.656432640275,250781
2018-02-16,8205.751953125,8422.15567247653,8177.801366509963,8394.205992670908,632659
2018-02-19,8101.65966796875,8232.588459217613,8070.83177022872,8223.442378013768,436138
2018-02-20,8099.61669921875,8142.6094427569415,8032.155515890405,8120.369940631398,517802
2018-02-21,8155.42431640625,8166.799335378209,8086.199382310236,8144.513583922942,471756
2018-02-22,8017.345703125,8142.656813553985,7987.12083268156,8142.656813553985,638857
2018-02-23,8077.470703125,8114.753272131554,8036.845634012444,8046.085116806815,567960
2018-02-26,8362.1240234375,8408.22803296825,8125.059531489985,8132.44186777868,869374
2018-02-27,8256.1279296875,8463.89612562144,8238.855928867171,8443.5137681668,684609
2018-02-28,8218.75390625,8295.871717516206,8145.442881805703,8236.443041679957,680125
2018-03-01,8239.646484375,8297.774792976139,8181.981555476446,8240.15701817648,609369
2018-03-05,8166.892578125,8233.657344033243,8148.228622295219,8233.657344033243,388180
2018-03-06,8001.04833984375,8250.370161842015,7985.726887095253,8223.023508756289,543686
2018-03-07,8059.17724609375,8091.445156580599,7941.155985137607,8005.970196638494,598715
2018-03-08,8105.8369140625,8148.226626701812,8033.083595167792,8078.769560009301,533856
2018-03-09,8041.99853515625,8147.299070503157,8032.156024601357,8134.2990491916635,323450
2018-03-12,8181.00634765625,8196.327801832475,8061.034537229592,8096.227815909712,438339
2018-03-13,8130.630859375,8216.01332203906,8070.227371365446,8180.72755053844,521943
2018-03-14,8214.435546875,8240.157201584216,8101.846065165277,8111.085548325234,411769
2018-03-15,8206.310546875,8241.085788833183,8172.325136092221,8208.493237620349,313431
2018-03-16,8056.80908203125,8235.51311950416,8031.5988716694765,8235.51311950416,622932
2018-03-19,8146.83447265625,8171.441654912521,8081.880615866951,8089.26295190573,571830
2018-03-20,8173.67138671875,8213.69252053384,8111.085203421297,8138.431859796464,408924
2018-03-21,8240.7607421875,8306.085490053416,8194.702977273737,8208.492830417868,516020
2018-03-22,8075.380859375,8274.049222218717,8064.099242184692,8236.442017965324,471749
2018-03-23,7992.458984375,8023.334032878351,7931.962098042394,7997.380239315898,644482
2018-03-26,8139.220703125,8169.585221465992,7990.370633179684,7992.227779172288,447858
2018-03-27,8220.0068359375,8252.228501377036,8140.939386674293,8185.371243348552,423455
2018-03-28,8228.177734375,8435.15701595126,8172.370860566605,8182.585163426079,1194227
2018-04-02,8364.7705078125,8438.87044323873,8313.745246030716,8347.87029981472,552649
2018-04-03,8381.716796875,8412.870235424645,8315.370083689591,8365.466771585825,339709
2018-04-04,8369.6923828125,8495.885810918708,8339.141969676026,8429.585338788693,488280
2018-04-05,8480.2841796875,8503.54565539099,8403.584423802864,8403.584423802864,236956
2018-04-06,8548.62890625,8570.728762216446,8396.667572568782,8510.371517412104,429514
2018-04-09,8628.904296875,8643.297178451228,8528.664659632188,8561.443105343878,426170
2018-04-10,8611.076171875,8650.076241061932,8579.086648049028,8626.443874918874,299119
2018-04-11,8638.0498046875,8682.157019492408,8550.810195306205,8626.442642896734,318010
2018-04-12,8547.0029296875,8626.442159167022,8525.320208592506,8626.442159167022,300797
2018-04-13,8472.2529296875,8605.08510225652,8455.817007923108,8605.08510225652,366224
2018-04-16,8572.5859375,8584.657386502113,8417.514246472867,8450.014301478554,271057
2018-04-17,8506.052734375,8581.87107734826,8484.881452789105,8580.942504411954,342578
2018-04-18,8469.978515625,8568.36100513036,8446.207409840355,8522.442889481583,452854
2018-04-19,8429.259765625,8527.780983117233,8420.298674823145,8490.870212018399,256088
2018-04-20,8380.37109375,8457.582299293243,8369.181970770669,8433.299753289473,303913
2018-04-23,8417.3740234375,8473.228048309888,8362.681621545622,8394.206854111919,302205
2018-04-24,8417.1884765625,8489.523759460559,8385.941636585801,8445.370300603241,312103
2018-04-25,8296.4267578125,8421.041417671015,8271.727082324574,8411.941584954908,488641
2018-04-26,8307.431640625,8339.513654649818,8255.013516294051,8309.799320282955,614321
2018-04-27,8155.98095703125,8484.371147523669,8092.605852421587,8371.08524624339,1873816
2018-04-30,8185.32470703125,8268.199846869366,8134.577830109632,8162.15662943448,497504
2018-05-02,8119.9052734375,8355.298490524401,8101.798102892353,8278.22694410147,806846
2018-05-03,8130.5390625,8170.513949386873,8078.585221009864,8138.942466913961,406825
2018-05-04,8058.341796875,8162.156069272446,8046.084452815216,8156.584631682499,490244
2018-05-07,8119.1630859375,8143.584371962447,8041.44135247375,8072.084258320359,342702
2018-05-08,8148.41259765625,8177.198355804796,8069.298010028038,8157.512430160681,404969
2018-05-09,8095.62451171875,8166.799998935883,8083.228424188387,8166.799998935883,314057
2018-05-10,8083.1826171875,8132.44323895718,8069.300267930794,8132.44323895718,298598
2018-05-11,8125.29296875,8138.9431746032815,8080.48931693316,8113.871701047743,264405
2018-05-14,8085.08349609375,8134.297855263725,8067.533107175419,8125.940699932975,276620
2018-05-15,8103.28369140625,8125.337297196086,8021.941070248358,8101.798337529451,506107
2018-05-16,8074.4970703125,8109.644093978637,8055.368833845783,8055.368833845783,288597
2018-05-17,8076.263671875,8140.288961621597,8042.556653318654,8101.799429388832,379606
2018-05-18,7903.03857421875,8101.7994439722825,7889.156226474328,8079.327795957745,603507
2018-05-21,7826.47705078125,7915.89844383831,7665.833931627763,7909.584329187244,872463
2018-05-22,7949.18798828125,7973.098740544,7773.315917652034,7814.869555079531,410467
2018-05-23,7890.4560546875,7953.041326691227,7854.055814116314,7948.584357945871,399631
2018-05-24,7809.99365234375,7909.861475298918,7800.01149477603,7892.961269031695,292331
2018-05-25,7937.5810546875,7961.584302205361,7795.509396390624,7811.15548753808,519151
2018-05-28,8087.2197265625,8157.512876019405,7944.033604906675,7948.583974812305,446264
2018-05-29,8092.419921875,8208.584023098012,8060.012366571351,8095.298134996433,665121
2018-05-30,7974.7705078125,8049.799021913811,7960.516368734695,8049.799021913811,508262
2018-05-31,7927.41357421875,8022.034618561547,7907.635150737407,8021.94212398564,679959
2018-06-01,8179.66015625,8216.385944960808,7976.488559053824,7995.013772327234,1002010
2018-06-04,8124.87353515625,8208.584747996785,8102.773680658161,8208.584747996785,380690
2018-06-05,8181.099609375,8199.299276755875,8060.013332077124,8125.013439593875,400886
2018-06-06,8210.7666015625,8236.44200616573,8180.727629573853,8198.370515494613,328784
2018-06-07,8274.74609375,8296.613806399344,8231.799592772479,8240.156749719456,267961
2018-06-08,8294.431640625,8310.727914559242,8237.370651402798,8258.727829283787,287823
2018-06-11,8378.1884765625,8399.870290633577,8284.26296682373,8320.013022780991,337828
2018-06-12,8372.7109375,8417.514586568053,8315.371552423267,8393.371687588377,343452
2018-06-13,8326.837890625,8445.324337583588,8304.22750307485,8385.013345942736,369407
2018-06-14,8318.1572265625,8375.682507297668,8271.728574929532,8294.06057500307,269078
2018-06-15,8312.2138671875,8352.514298902148,8265.228435189329,8352.514298902148,496572
2018-06-18,8332.50390625,8403.957782860698,8299.539563412682,8308.407254560518,305144
2018-06-19,8229.5693359375,8343.04111899374,8190.058742732323,8329.298422245341,350407
2018-06-20,8309.1484375,8329.298650156023,8229.941352991396,8239.227081698371,325981
2018-06-21,8229.9873046875,8344.155516401212,8220.609081754059,8336.726933702434,313349
2018-06-22,8240.9921875,8252.227557131473,8180.727442143387,8231.798952849163,319027
2018-06-25,8164.9423828125,8235.51393075902,8152.870933821648,8235.51393075902,254954
2018-06-26,8293.41015625,8343.553098585098,8125.013804298456,8164.9424435652945,387769
2018-06-27,8262.71875,8368.297653420668,8239.226040701464,8297.679876888322,501622
2018-06-28,8144.79248046875,8258.774820514092,8111.131707950268,8256.871427154278,376404
2018-06-29,8195.212890625,8264.299079360535,8125.2915303379295,8125.2915303379295,458807
2018-07-02,8190.9892578125,8296.800339984866,8171.489223437606,8243.87167525301,298529
2018-07-03,8334.0830078125,8352.514820651726,8125.014416976387,8194.657397693327,375718
2018-07-04,8562.1845703125,8588.602649924556,8313.048649722907,8370.155881441193,656141
2018-07-05,8679.41796875,8723.943224899986,8566.782246633426,8568.871535857059,887919
2018-07-06,8651.978515625,8741.539558573386,8598.585570666755,8649.65708323551,508241
2018-07-09,8705.2783203125,8747.016946131998,8682.156492704402,8723.942272615814,331872
2018-07-10,8850.2294921875,8864.065592969631,8710.014965556475,8710.014965556475,485745
2018-07-11,8714.37890625,8848.696441863689,8692.371545566448,8848.371804048998,328446
2018-07-12,8679.37109375,8828.871334051031,8659.174632715543,8773.156958783567,336960
2018-07-13,8757.41796875,8816.80039182409,8693.532329473943,8736.01454305224,511150
2018-07-16,8714.935546875,8820.421978330081,8686.799967785393,8755.514366247831,216426
2018-07-17,8770.7431640625,8802.593034375055,8679.371224523344,8683.225164927877,457123
2018-07-18,8697.7578125,8853.015406913735,8632.851100770447,8805.007999147634,430624
2018-07-19,8718.4638671875,8760.157155103605,8682.157027795072,8736.014258555726,199983
2018-07-20,8727.6103515625,8788.0138367348,8668.227933846087,8721.156588610867,272916
2018-07-23,9008.0859375,9053.586010784971,8702.585445443769,8773.156987681683,607813
2018-07-24,9130.1474609375,9219.800999639567,9030.372114160014,9079.586481465976,749626
2018-07-25,9061.896484375,9170.446109910265,9008.085504642424,9149.228582336027,384750
2018-07-26,8725.1044921875,9129.45180683377,8692.372292283324,9118.401424851492,1261317
2018-07-27,8645.38671875,8767.772462990013,8626.443466175784,8730.44364574647,672141
2018-07-30,8711.7783203125,8732.763704808523,8573.513454888307,8654.299295955705,539464
2018-07-31,8840.5263671875,8866.804804321762,8686.80127321215,8728.587062340375,426388
2018-08-01,8674.3564453125,8902.925032783463,8635.728174481626,8853.942811148636,700719
2018-08-02,8489.38671875,8660.800943150145,8468.586319452055,8660.800943150145,875157
2018-08-03,8530.798828125,8570.727460933247,8496.441632452787,8496.441632452787,470958
2018-08-06,8623.1015625,8635.729793883318,8542.87248427167,8586.979706337203,237693
2018-08-07,8739.2646484375,8747.1575188101,8608.800144043358,8650.585928368884,381947
2018-08-08,8549.7421875,8774.08502968379,8527.130894078658,8774.08502968379,638498
2018-08-09,8492.7744140625,8579.085450782148,8412.870893396066,8579.085450782148,651728
2018-08-10,8494.8173828125,8552.156761752589,8454.65660323098,8496.442385454526,427827
2018-08-13,8432.23046875,8528.941694564563,8368.484486180041,8468.073925128549,348201
2018-08-14,8555.6572265625,8580.202252070092,8474.762663014386,8505.443716181579,344056
2018-08-16,8619.31640625,8652.480420812071,8511.066318111296,8547.602541160975,465479
2018-08-17,8573.927734375,8699.83755680636,8553.224238802784,8659.085612185558,477538
2018-08-20,8501.087890625,8635.475782956039,8489.518453780369,8591.351637849559,449317
2018-08-21,8537.5771484375,8553.222327344169,8478.651335432436,8534.485805268934,380824
2018-08-23,8640.6298828125,8671.26428598428,8525.212698970714,8567.276566046481,751705
2018-08-24,8584.8876953125,8693.653765379153,8564.558383924787,8656.274034283379,401110
2018-08-27,8661.19140625,8688.125156330278,8618.800025688866,8627.231460496607,326945
2018-08-28,8832.3515625,8849.729507124397,8632.854222002998,8691.452523194745,684054
2018-08-29,8776.2822265625,8870.152406202686,8749.630249823766,8825.840704522725,433440
2018-08-30,8624.234375,8778.061418694206,8602.547397577651,8778.061418694206,674292
2018-08-31,8521.7451171875,8670.325367477735,8506.661668383053,8626.294541732575,634522
2018-09-03,8339.767578125,8542.871311800489,8314.332381286913,8525.118272643482,992161
2018-09-04,8308.2431640625,8430.49898330027,8277.281241091478,8348.995103808424,530967
2018-09-05,8334.099609375,8384.594910032332,8235.264440323781,8310.585636524786,491163
2018-09-06,8206.4560546875,8401.175915815213,8188.797247986251,8401.175915815213,687535
2018-09-07,8168.3740234375,8233.764299916862,8088.790466100485,8220.648734983555,636918
2018-09-10,8093.6171875,8197.229806303922,8080.126523356724,8150.388493125043,577299
2018-09-11,7978.9951171875,8150.2943306272555,7943.910794283612,8120.409209972781,552622
2018-09-12,7957.3544921875,7999.5583263823455,7870.276320404975,7999.5583263823455,634678
2018-09-14,8081.71875,8150.387927379804,8038.296306775634,8050.147524135018,754169
2018-09-17,7998.43359375,8112.633059861976,7978.9477940871175,8044.525620268413,422191
2018-09-18,7868.5439453125,8053.426225273901,7850.790906296185,7998.3410290764605,507455
2018-09-19,7691.67041015625,7914.682612726097,7673.589847975666,7893.228927398228,959340
2018-09-21,7532.22314453125,7799.078181358728,7119.551199920016,7738.184477840612,1646047
2018-09-24,7300.73291015625,7560.1870976780565,7111.166502967022,7560.1870976780565,1801469
2018-09-25,7494.09423828125,7511.706387185179,7194.824937309534,7260.402768769387,1159438
2018-09-26,7347.10595703125,7578.830003574925,7328.369433477036,7564.871385013967,754963
2018-09-27,7075.89453125,7380.31637003006,7035.751896885986,7354.085237971055,1594739
2018-09-28,6883.751953125,7165.034007165635,6831.9451921081845,7138.615326526677,1413254
2018-10-01,6992.42431640625,7012.144325557023,6750.769807610409,6889.42008953191,1034603
2018-10-03,6788.24169921875,6942.537135830644,6755.452786788077,6932.512913913711,1148091
2018-10-04,6743.9775390625,6827.589276567112,6577.456683696171,6698.307262274267,1104174
2018-10-05,6468.17529296875,6763.884356195556,6372.150618936887,6609.120503464993,1481376
2018-10-08,6454.498046875,6547.4780434136765,6346.294625210344,6478.152907455368,1393849
2018-10-09,6276.220703125,6501.574070983262,6240.199551414915,6388.920716223069,1079041
2018-10-10,6544.52734375,6604.624652469581,6298.516694285973,6321.703142534005,1162309
2018-10-11,6441.14892578125,6510.942481882,6281.60759729261,6370.418543424114,869569
2018-10-12,6826.84033203125,6863.189007025241,6510.942342182013,6510.942342182013,1053651
2018-10-15,6728.28564453125,6876.304181406207,6675.870036632362,6857.5676577511485,682234
2018-10-16,6699.150390625,6818.22109228358,6673.762309085732,6758.26421540722,637012
2018-10-17,6450.6103515625,6787.305584734447,6420.491481758994,6780.419820915176,1021019
2018-10-19,6329.619140625,6524.994048655762,6291.255927314827,6398.522520074494,903940
2018-10-22,6381.84716796875,6468.784450161439,6297.391926107638,6387.280576567805,774016
2018-10-23,6343.53125,6423.817440654209,6244.883631238291,6350.744994924148,734440
2018-10-24,6340.72021484375,6450.048008949695,6267.366910657001,6417.259093871519,681526
2018-10-25,6298.470703125,6420.726534110203,6201.977595144341,6276.7361501981895,2101936
2018-10-26,6292.94189453125,6365.733466816602,6089.369762223387,6323.576291539671,874526
2018-10-29,6369.20068359375,6379.786637036693,6268.350973816781,6297.345928657951,505428
2018-10-30,6273.9248046875,6435.012246160093,6253.502177337007,6368.544247015921,771389
2018-10-31,6198.416015625,6332.944332881415,6089.369550847515,6332.944332881415,1315746
2018-11-01,6287.74267578125,6314.161355191504,6183.05235745614,6228.910178747791,842039
2018-11-02,6684.6767578125,6706.73883206662,6323.623570817343,6342.125888450157,1834118
2018-11-05,6723.83544921875,6796.392817123045,6614.039242050608,6687.065023027404,1040315
2018-11-06,6628.04541015625,6780.748081796599,6604.624754996687,6740.4645549221505,667413
2018-11-07,6677.60302734375,6691.749193704673,6642.097407723104,6688.938715252886,127507
2018-11-09,6823.373046875,6852.883069663023,6596.052280282126,6679.5702374159055,986090
2018-11-12,6640.03662109375,6888.014701586835,6606.498425785837,6838.831325614947,687443
2018-11-13,6698.72900390625,6715.872740185448,6577.456670806211,6604.577971942708,572295
2018-11-14,6903.5185546875,6940.9449423376145,6726.505528182611,6726.505528182611,1112945
2018-11-15,7005.86669921875,7040.342175431893,6870.261116239011,6912.746272928917,1048278
2018-11-16,6877.4287109375,7067.46354044792,6841.220012209593,7026.196529140636,806420
2018-11-19,6943.42724609375,6978.417793290085,6829.462439667703,6895.040268306488,577408
2018-11-20,6870.63671875,6974.202672582362,6849.745219949271,6943.427840307688,637243
2018-11-21,6955.4658203125,6994.344105926746,6868.340987490214,6876.304009844939,701156
2018-11-22,6942.91162109375,7007.458844363063,6896.1640927499575,6926.845145845264,668352
2018-11-26,7077.44091796875,7099.034578422374,6920.615849645265,6955.9343795699415,899481
2018-11-27,7164.4716796875,7174.027031854632,7026.89866954279,7091.773879737216,783389
2018-11-28,7095.70849609375,7195.292928483193,7072.662482330842,7174.2143410356475,686734
2018-11-29,7069.9931640625,7159.225860107414,7055.238151330664,7132.057900156731,725583
2018-11-30,7177.58740234375,7238.85574174985,7091.820692894324,7095.521339201936,869715
2018-12-03,7288.46044921875,7307.243629677598,7148.076965692442,7202.787518817463,772869
2018-12-04,7233.84375,7293.145121398123,7214.498380953663,7288.507648853331,551195
2018-12-05,7076.83154296875,7250.940778062942,7044.932794870094,7210.470162000011,704296
2018-12-06,6754.23486328125,7013.360579219515,6726.41094700296,6979.400635371485,1339030
2018-12-07,6851.900390625,6885.626134918499,6746.085684930272,6786.369212836396,688881
2018-12-10,6886.14111328125,6927.829879969368,6717.043980984499,6745.148767515815,785024
2018-12-11,6843.84228515625,6881.92417265359,6759.715031291151,6783.089024244257,843166
2018-12-12,6999.8251953125,7033.035410881684,6834.147384169581,6876.304564743622,643037
2018-12-13,7185.92431640625,7213.560685265384,7005.116886243105,7005.116886243105,881204
2018-12-14,7178.1025390625,7204.193239355158,7069.243612689343,7198.572282341356,676653
2018-12-17,7245.46044921875,7307.244319742232,7166.72039051642,7205.973316593229,712296
2018-12-18,7281.34130859375,7293.192068702073,7171.404661003772,7222.930102722284,658919
2018-12-19,7434.65283203125,7447.534192469812,7289.44476890564,7289.44476890564,856358
2018-12-20,7313.84814453125,7418.726011171043,7273.189982591629,7354.085009179529,824303
2018-12-21,7060.203125,7340.0332945842465,7040.248909866064,7335.349163573025,1257227
2018-12-24,7053.5048828125,7115.803825029206,6998.091704643521,7082.406062530792,611297
2018-12-26,7090.93115234375,7119.878989907891,6934.387405697133,7014.954457425038,594156
2018-12-27,7026.14990234375,7184.379757403335,7006.804075198939,7165.783665685801,704523
2018-12-28,7031.3955078125,7101.142399445826,7016.828043779584,7071.163961875607,616845
2018-12-31,6993.87548828125,7094.350090935884,6972.890674411871,7073.037296433386,547975
2019-01-01,7004.4619140625,7020.575507595567,6927.829714260637,6979.120948453438,625360
2019-01-02,6808.71240234375,6988.723465535454,6786.369005943543,6974.671072508238,891844
2019-01-03,6748.84912109375,6885.67240127724,6731.658269258051,6820.094568884123,715168
2019-01-04,6777.46923828125,6847.262791153176,6708.800059838848,6781.684956239957,774445
2019-01-07,6896.96142578125,6939.071948173296,6838.831540659519,6848.1998030439845,687845
2019-01-08,6969.51806640625,6983.851323370027,6859.534769090692,6913.776911093236,516841
2019-01-09,7019.544921875,7053.3644390825975,6945.629426399041,6989.191844571088,740580
2019-01-10,6924.6435546875,7036.500494087824,6895.180192304919,7026.195407490172,452699
2019-01-11,6858.0361328125,6932.513815014343,6821.9683244506,6916.306904880134,488399
2019-01-14,6940.66357421875,6963.756245644915,6798.546874656051,6866.9351786177285,424152
2019-01-15,6890.49658203125,6998.09115397793,6854.756756848262,6960.61810897671,491196
2019-01-16,6848.43359375,6917.52452464006,6830.493463860055,6885.204021376236,424769
2019-01-17,6872.79052734375,6931.529707225345,6845.856776768029,6875.366799137949,462725
2019-01-18,6893.12109375,6913.731271861712,6855.694700977803,6880.989010478542,334555
2019-01-21,6753.017578125,6913.777038141063,6708.612109773462,6893.166862688609,654537
2019-01-22,6622.283203125,6726.411331625567,6608.839657235733,6726.411331625567,896521
2019-01-23,6600.31494140625,6681.678384953641,6581.203779214039,6604.624433232594,702474
2019-01-24,6595.81787109375,6649.591597257231,6571.272844523379,6613.898431685284,520703
2019-01-25,6101.92333984375,6682.3809125313555,6005.055607644187,6608.371646852122,3062762
2019-01-28,6099.7216796875,6192.420809576269,5918.586710759028,6101.080260569659,2398091
2019-01-29,6114.6181640625,6200.99326827877,6040.093362771302,6070.633989452087,1101399
2019-01-30,6134.572265625,6171.811107690986,6096.865010451265,6144.643147441588,583773
2019-01-31,6221.6025390625,6239.308460798796,6051.943241505468,6159.631584268155,926270
2019-02-01,6522.46435546875,6748.895413145155,6232.282462878285,6257.061696890129,2545419
2019-02-04,6546.728515625,6594.319099844226,6418.804633679673,6534.362227789953,658776
2019-02-05,6645.47021484375,6674.886465111838,6544.105440217243,6553.099062941377,681498
2019-02-06,6729.5966796875,6763.884607272233,6620.550210469926,6670.201994983144,567827
2019-02-07,6841.22021484375,6857.568015559634,6731.190248399166,6746.085693995208,690174
2019-02-08,6683.55224609375,6838.8311870882535,6651.465949085836,6810.726401387891,576159
2019-02-11,6724.44384765625,6754.469398068135,6605.654483341423,6698.306491435334,502244
2019-02-12,6710.01708984375,6773.25285299411,6677.649930345825,6738.590286526505,494592
2019-02-14,6574.17724609375,6661.9580358305475,6548.414527993632,6592.164490432046,622311
2019-02-15,6492.251953125,6612.775004667934,6464.100509964882,6583.452071372087,768798
2019-02-18,6410.42041015625,6555.721778499972,6386.343795388134,6524.713199218499,509963
2019-02-19,6374.68017578125,6478.995858739677,6343.249841522339,6421.943237872638,493861
2019-02-20,6417.1650390625,6452.85820511605,6374.539451325452,6409.764204326948,534284
2019-02-21,6371.86962890625,6445.03584169021,6290.78750972571,6435.012076485458,722938
2019-02-22,6475.716796875,6500.63646321732,6388.263986863598,6395.711937510398,764535
2019-02-25,6487.427734375,6543.637307011676,6436.042725236038,6509.068511327055,495728
2019-02-26,6468.12841796875,6534.3622078378185,6382.221736951575,6450.047856768943,673415
2019-02-27,6528.27294921875,6602.750627264655,6420.25707837257,6504.383882675724,961829
2019-02-28,6398.24169921875,6595.256054345587,6371.354605909706,6567.151270023091,1031563
2019-03-01,6497.029296875,6510.9412556491725,6395.9458543353685,6442.365403623024,768822
2019-03-05,6668.0947265625,6705.942413791189,6458.901617774027,6510.94213053414,838538
2019-03-06,6611.0888671875,6693.529574631753,6567.1518089115325,6686.925132747875,557197
2019-03-07,6584.99755859375,6644.439359809396,6559.656594626069,6630.8553808573715,396771
2019-03-08,6527.52392578125,6581.203882661696,6511.878745677074,6534.362573888303,486432
2019-03-11,6634.50927734375,6671.701459914132,6534.362649514115,6539.046780445667,720905
2019-03-12,6705.05224609375,6775.126658537288,6647.718303232936,6648.65512937488,828847
2019-03-13,6643.08154296875,6747.912765437465,6604.625008693425,6723.601941474143,534982
2019-03-14,6638.63037109375,6696.432722362184,6602.047496176119,6654.275549375852,584482
2019-03-15,6636.4765625,6704.864872644339,6613.99273450734,6659.89721665902,861945
2019-03-18,6458.47998046875,6630.340934028202,6348.496673390698,6630.340934028202,1336134
2019-03-19,6394.02587890625,6465.927284310167,6379.083319174189,6464.100290384683,816763
2019-03-20,6251.9560546875,6426.627475684895,6229.893981531276,6426.627475684895,1017560
2019-03-22,6138.7412109375,6292.005610990781,6119.676706320245,6152.1376425957515,1715983
2019-03-25,6110.54248046875,6202.726084298995,6081.126230157313,6103.422510075208,1093184
2019-03-26,6169.65673828125,6183.053170510147,6070.634021955417,6143.706468515991,909087
2019-03-27,6106.232421875,6220.525204242099,6089.369552345428,6209.283291222384,887601
2019-03-28,6179.5390625,6206.47281244078,6090.493926104411,6122.158464800075,949713
2019-04-01,6408.54638671875,6435.995208052904,6276.734773501376,6305.588833963926,1142386
2019-04-02,6454.451171875,6464.756259306661,6356.833706139416,6426.112181437933,866805
2019-04-03,6626.07763671875,6649.5920647547555,6460.353180973344,6460.353180973344,1491021
2019-04-04,6663.73828125,6717.0435985155855,6615.538392119428,6670.202290297207,1388375
2019-04-05,6658.6796875,6692.639636856202,6604.624633412954,6646.7818119241,729603
2019-04-08,6679.05615234375,6698.307748984084,6599.660126927471,6658.02421986432,498374
2019-04-09,6760.65234375,6777.936968613405,6632.728920218785,6683.317530627233,741669
2019-04-10,6732.3603515625,6762.900973983551,6693.247861792567,6762.900973983551,590107
2019-04-11,6733.76611328125,6763.884983319766,6698.3071510715135,6732.923061210703,609539
2019-04-12,6878.9736328125,6892.229630665513,6708.658373051335,6734.74907147234,929935
2019-04-15,6888.013671875,6923.097991130612,6834.146172911,6886.655091101196,585205
2019-04-16,6987.36474609375,7002.775719782051,6885.672446875997,6904.3151964357085,707823
2019-04-18,6976.96630859375,7063.060542942436,6964.412471849536,7057.2053793246705,713163
2019-04-22,6858.73828125,6955.840217811776,6838.830726054294,6953.123513530818,479609
2019-04-23,6603.59375,6922.114640650393,6563.403999696041,6864.125193515971,952628
2019-04-24,6573.42822265625,6653.292651858428,6473.468689584183,6618.676742679052,1063510
2019-04-25,6469.01904296875,6693.576463493698,6431.311788853477,6571.601510686078,3075510
2019-04-26,6410.560546875,6451.780895127128,6323.5761523151195,6375.10158763028,1999920
2019-04-30,6245.25830078125,6323.577065254149,6211.157917427408,6276.735753659674,1640025
2019-05-02,6261.04296875,6286.056408337862,6112.790239942206,6136.210892202522,1337101
2019-05-03,6286.103515625,6351.6813466374815,6253.31460011876,6253.31460011876,795679
2019-05-06,6285.775390625,6306.713546247196,6219.869580484108,6238.325238333345,480317
2019-05-07,6278.60888671875,6356.599664071679,6257.99871132218,6318.798637255132,586684
2019-05-08,6230.0341796875,6270.177270733809,6198.041658923484,6257.061704950113,552749
2019-05-09,6206.4267578125,6256.1252034766185,6183.052761746882,6217.715330259706,570000
2019-05-10,6212.65673828125,6243.852867862158,6159.632283713226,6204.599941449839,608669
2019-05-13,6130.3564453125,6238.606529732078,6089.370299068768,6207.4104002507165,555672
2019-05-14,6160.75634765625,6194.2945410541,6042.528703841341,6099.675099335034,843313
2019-05-15,6083.5146484375,6220.525469201155,6054.98810996106,6173.68416295717,612357
2019-05-16,6070.3056640625,6114.945340040158,6034.472062687462,6094.991125385569,555991
2019-05-17,6283.15283203125,6361.04983834377,6075.317850023468,6086.559764318037,782196
2019-05-20,6637.0390625,6698.3074051807325,6426.6278041314445,6440.680197289166,1286198
2019-05-21,6441.0078125,6686.83090470464,6387.280740888408,6656.149848051062,973836
2019-05-22,6463.9130859375,6492.720490937503,6408.827889594283,6442.741180242947,645280
2019-05-23,6491.5029296875,6603.781640956235,6398.522929576163,6554.036078376988,1364516
2019-05-24,6645.04833984375,6670.202213554548,6451.687513229885,6524.947501414412,1002742
2019-05-27,6621.9091796875,6739.433749236033,6464.14728539246,6646.781731735141,1022289
2019-05-28,6608.98095703125,6679.570903720902,6587.2935216709,6620.550852257449,915732
2019-05-29,6456.09130859375,6566.215049005611,6435.996202977393,6558.72043916226,768022
2019-05-30,6433.841796875,6483.774452845884,6393.839133170519,6454.732839200714,850456
2019-05-31,6435.85498046875,6521.52745426265,6393.838237705474,6455.668761322846,1084204
2019-06-03,6579.23681640625,6609.309029772093,6332.945292878717,6332.945292878717,1157809
2019-06-04,6606.310546875,6650.528924699659,6531.317795573299,6557.783134652432,575281
2019-06-06,6547.19775390625,6650.529505637518,6490.332217926008,6614.180830347028,720856
2019-06-07,6509.30224609375,6548.414737551946,6429.109836790735,6548.414737551946,470376
2019-06-10,6529.6318359375,6598.347670499803,6484.710837497298,6539.046756101003,395116
2019-06-11,6537.45361328125,6574.833341891867,6492.205094084214,6548.3680036656215,387309
2019-06-12,6419.13232421875,6527.757491575719,6393.884678294278,6523.869297381458,494886
2019-06-13,6356.0849609375,6430.094231422434,6338.846992750234,6410.701745929095,561159
2019-06-14,6321.140625,6406.953991174986,6302.357443809057,6346.997118030491,449930
2019-06-17,6165.86181640625,6340.486121481169,6146.048034570846,6323.014405050296,567397
2019-06-18,6032.2236328125,6228.957126039806,5986.3191510594625,6187.268361998782,1048826
2019-06-19,6018.77978515625,6146.188136307437,5976.950590768906,6075.317332466514,715496
2019-06-20,6198.74462890625,6228.957273222905,5939.7121900363245,5986.3192925093035,992450
2019-06-21,6011.84814453125,6135.275000745671,5967.77065323652,6135.275000745671,1345890
2019-06-24,6051.80322265625,6086.653338800302,5923.411380335086,6005.992514895265,911826
2019-06-25,6110.44873046875,6126.843188542066,6021.3098113456235,6050.960268317004,580392
2019-06-26,6070.91455078125,6143.518580203657,6051.990936282916,6107.169907157013,572239
2019-06-27,6076.91064453125,6159.632214336998,6065.949595107538,6085.810493358049,1022011
2019-06-28,6121.8310546875,6136.211427917719,6065.949465002631,6089.37011930766,618701
2019-07-01,6096.724609375,6199.91592605595,6080.002169855411,6183.053054090249,754667
2019-07-02,6145.57958984375,6172.560000191157,6072.507149598657,6098.784940328322,518084
2019-07-03,6121.0341796875,6173.683989399474,6103.468690339816,6166.189380611128,517709
2019-07-04,6131.01171875,6171.810312202447,6098.925425004868,6126.842659654523,576449
2019-07-05,5958.21435546875,6163.3792837466835,5902.004786077536,6133.588394943198,866460
2019-07-08,5657.2119140625,5886.2187781687435,5607.513015339182,5883.361641557279,1927495
2019-07-09,5569.85302734375,5686.5345373899845,5536.642358480199,5677.166276208123,1337999
2019-07-10,5553.412109375,5616.2732408048905,5527.274749082378,5582.547496573202,809385
2019-07-11,5650.18603515625,5667.798183728525,5555.379046200025,5596.599396627142,779113
2019-07-12,5594.2109375,5705.271499395316,5575.94282678765,5637.539148804932,719883
2019-07-15,5695.62255859375,5710.892643021659,5578.800145865154,5602.220801389358,675004
2019-07-16,5769.02197265625,5782.090880156706,5673.4190489677585,5695.856217777606,627259
2019-07-17,5691.87451171875,5783.964334261242,5667.797898004618,5778.3433776681795,598778
2019-07-18,5510.73974609375,5673.138661031532,5487.459523295864,5671.920512498124,1097857
2019-07-19,5404.6435546875,5537.532428697695,5349.3708146883955,5513.221608385257,1228672
2019-07-22,5538.98486328125,5564.747583575581,5382.113134369719,5414.855392772199,897510
2019-07-23,5502.6826171875,5595.100425710879,5452.515759659057,5536.642565239945,841517
2019-07-24,5403.61279296875,5494.484922115416,5363.610136648901,5494.484922115416,800687
2019-07-25,5393.07421875,5475.702472439766,5340.892816514505,5423.3806377614155,990461
2019-07-26,5438.884765625,5578.799845685074,5324.826179359315,5366.140304967943,2346714
2019-07-29,5209.9248046875,5405.487277688806,5190.01724755563,5405.487277688806,1548125
2019-07-30,5159.24169921875,5288.242834514607,5145.048875471987,5210.62670163423,1189163
2019-07-31,5124.15869140625,5229.644960566362,5102.00238478087,5176.714277763571,1053202
2019-08-01,5220.55712890625,5260.278463394022,5105.702159483067,5124.157816317795,1134178
2019-08-02,5329.931640625,5362.392573363627,5138.491136425488,5189.641932752673,1391678
2019-08-05,5312.1318359375,5335.224507243123,5107.575770586393,5246.22602994934,1122496
2019-08-06,5464.7880859375,5479.496440241816,5283.699764568959,5283.699764568959,1125521
2019-08-07,5410.17138671875,5496.35939842059,5373.354299476508,5465.397475016788,955090
2019-08-08,5529.38232421875,5571.305295798874,5363.329883714235,5363.329883714235,831725
2019-08-09,5714.54541015625,5766.164619520604,5552.755817875963,5562.545376116084,1445079
2019-08-13,5448.06591796875,5736.186622767577,5425.675406621038,5714.3587560418655,909354
2019-08-14,5524.580078125,5636.097471808305,5423.891376563574,5501.782636262036,1030939
2019-08-16,5675.66015625,5694.610714378525,5309.903902147782,5514.130975307312,1207075
2019-08-19,5682.78466796875,5722.537800174618,5615.390008421052,5698.410600181419,902389
2019-08-20,5880.7421875,5920.68501575747,5660.461557318427,5702.2095539214015,2198337
2019-08-21,5916.79052734375,5961.530596379794,5833.294995597246,5911.186249405905,2128640
2019-08-22,5897.4599609375,5982.903050229215,5858.9419725035805,5889.338558612549,1551394
2019-08-23,5940.96533203125,5964.950138172819,5737.355607725842,5851.342805230328,1232405
2019-08-26,5942.10498046875,6142.675326311183,5809.6899442439635,6136.310855532502,1552155
2019-08-27,5963.19287109375,6022.323731071542,5942.532691101509,5981.953264420037,1078065
2019-08-28,5797.5791015625,5934.933775624386,5765.852755768249,5934.933775624386,1242304
2019-08-29,5804.03857421875,5887.439025419361,5761.103208965541,5797.579021103471,1006756
2019-08-30,5816.9091796875,5850.63039232337,5749.609145649795,5836.144519289652,794518
2019-09-03,5746.56982421875,5822.8460725633195,5701.497200496441,5732.60620683844,1173373
2019-09-04,5538.5908203125,5771.742335743915,5509.381598904515,5758.253664234339,1964992
2019-09-05,5669.58056640625,5697.460027593722,5501.069587329467,5514.130620237005,1149196
2019-09-06,5876.94287109375,5908.336660912262,5663.359257718811,5697.175553878695,1524051
2019-09-09,6018.0498046875,6047.924138482429,5737.356297105595,5780.101501305886,2061193
2019-09-11,6266.73095703125,6297.79265383639,5970.174543536336,6012.824660450128,2492039
2019-09-12,6071.765625,6307.291867537479,6050.820662080383,6236.049866021619,1892862
2019-09-13,6127.09716796875,6186.465505037324,6022.324112236183,6111.614091187319,1929801
2019-09-16,6091.42822265625,6163.857586342272,6022.418567592519,6031.727336350065,1377371
2019-09-17,5823.22607421875,6122.870115671716,5803.84834272782,6088.81634646241,1706567
2019-09-18,5789.64697265625,5900.547015431581,5686.631322559995,5856.092194517483,1955137
2019-09-19,5672.52587890625,5865.591711348615,5644.64641501317,5831.395549144801,1721431
2019-09-20,6261.64990234375,6601.568880067533,5682.689882561988,5713.608726804428,4892962
2019-09-23,6552.22216796875,6649.253684327736,6341.583310183082,6341.583310183082,3140286
2019-09-24,6657.89697265625,6818.238770170266,6511.518327840683,6587.509788997103,2354230
2019-09-25,6305.8671875,6649.253643518868,6271.196079215937,6649.253643518868,2296343
2019-09-26,6513.8466796875,6554.1693762180885,6346.285112918312,6364.2857783697555,1893865
2019-09-27,6434.2919921875,6568.511720782456,6397.530938462739,6516.267592851431,1457894
2019-09-30,6379.29345703125,6468.39372991096,6307.291727952056,6433.627541177601,1264165
2019-10-01,6442.1767578125,6506.769506195167,6316.79083448144,6383.283369581244,1473158
2019-10-03,6415.62646484375,6454.477470700131,6345.287053615258,6446.545769120096,850852
2019-10-04,6316.41064453125,6502.874515687134,6286.77378774451,6452.625252370307,1065056
2019-10-07,6297.650390625,6363.335421672798,6229.542853295116,6340.253199265319,696713
2019-10-09,6382.85546875,6405.8903817450955,6259.796974749663,6295.892920886307,1017731
2019-10-10,6274.47265625,6404.275478220188,6229.637508591464,6364.284878978814,985523
2019-10-11,6363.23974609375,6383.282586263034,6294.27740396129,6294.27740396129,835065
2019-10-14,6479.31689453125,6530.088410095774,6360.532466169481,6362.33763438377,963217
2019-10-15,6635.71728515625,6667.3012381650815,6467.823640214567,6469.723426861714,1276061
2019-10-16,6625.50634765625,6662.457107498791,6549.514877002128,6652.530999933673,876844
2019-10-17,6766.9453125,6797.009345016187,6592.2600138302605,6627.406068659038,1248295
2019-10-18,6936.40576171875,7076.705189731135,6707.814028453742,6726.47933931196,1463126
2019-10-22,6892.66357421875,7021.611595607235,6869.6286606373815,6965.567888337102,959552
2019-10-23,7067.44384765625,7097.602960880011,6839.2319751520445,6840.22917762238,1278695
2019-10-24,7021.04150390625,7100.452679479233,6906.674439129566,7086.204279453522,1658859
2019-10-25,7096.79541015625,7132.748965208943,6985.37310885062,7025.885966329464,1353615
2019-10-27,7050.20263671875,7124.199226589247,7021.658066861851,7102.351682294373,128351
2019-10-29,7334.41064453125,7369.937023515148,7011.969655642103,7044.408417715251,1396732
2019-10-30,7178.29638671875,7365.140121262202,7161.910727230388,7355.973743644774,1243366
2019-10-31,7180.6240234375,7261.93499065442,7126.100235433546,7231.443319971184,1067275
2019-11-01,7236.90478515625,7265.734140721061,7167.040315688171,7219.142058028726,1151035
2019-11-04,7052.0078125,7242.936364535628,7036.28726401514,7171.694367507408,824953
2019-11-05,7018.76171875,7164.048087099534,6957.968546466876,7057.660035604068,1207089
2019-11-06,6944.8125,7043.4590147019,6929.471815542866,7024.461148175394,923041
2019-11-07,6922.01513671875,6988.365279059356,6878.17765198706,6988.365279059356,877885
2019-11-08,6839.75390625,7000.71350888326,6818.381307342283,6921.350110465303,983936
2019-11-11,6779.67333984375,6874.805525947144,6719.545278812138,6801.2361035192125,864507
2019-11-13,6796.10693359375,6810.59280692317,6739.493198179356,6772.739464837042,687017
2019-11-14,6884.01904296875,6905.724197342395,6801.235935759498,6801.235935759498,802462
2019-11-15,6789.07763671875,6990.264853834673,6759.630944169644,6934.221148660567,1049492
2019-11-18,6742.7705078125,6817.384443512304,6720.495323651881,6791.7373235492505,537228
2019-11-19,6692.42626953125,6796.486900206125,6679.650018483504,6787.93786008008,755114
2019-11-20,6794.34912109375,6856.329657272334,6691.048227462777,6763.240116345112,1289948
2019-11-21,6667.34814453125,6839.231516574523,6653.81216548803,6791.736853264978,763454
2019-11-22,6706.6748046875,6722.822991917173,6649.253565159467,6681.549939618813,685503
2019-11-25,6873.5234375,6899.55042281022,6687.53403925688,6720.6856885847465,952419
2019-11-26,6767.98974609375,6909.523847450658,6729.0441208881575,6875.327688733552,1249810
2019-11-27,6928.9013671875,6934.220862255806,6807.5051929606125,6807.5051929606125,1070680
2019-11-28,6897.41259765625,6954.263803377741,6859.13208389696,6934.030798171141,602077
2019-11-29,6882.7841796875,6928.379056226812,6774.638739132805,6890.5257170035575,792083
2019-12-02,6781.62109375,6929.329507772772,6750.654478175774,6925.672325659348,703838
2019-12-03,6781.09765625,6877.227037381409,6706.246254684082,6784.754837976259,668269
2019-12-04,6721.54052734375,6810.735421481297,6698.648004502944,6772.549522713472,737723
2019-12-05,6661.45947265625,6768.132307138055,6640.276573297067,6734.743649649287,602894
2019-12-06,6541.63037109375,6696.747761373719,6520.162689762357,6661.459318060845,770911
2019-12-09,6644.26611328125,6751.841528747007,6603.990730408523,6655.902306124125,1479832
2019-12-10,6614.724609375,6695.750788892926,6559.013458209852,6667.3012980702315,790378
2019-12-11,6642.7939453125,6682.499299333323,6606.698000269904,6649.253034162511,603048
2019-12-12,6649.0625,6692.900443973705,6625.980279848963,6678.129325837827,932863
2019-12-13,6853.43359375,6885.777278597271,6677.893014580137,6691.001821831097,1199360
2019-12-16,6782.2861328125,6894.041461512316,6767.990422778859,6877.228162935991,727854
2019-12-17,6834.62451171875,6911.898422480638,6806.935215487701,6848.635437539074,939918
2019-12-18,6877.8447265625,6891.428478837496,6805.035498974263,6858.229522975178,841740
2019-12-19,6877.8447265625,6943.719918690936,6806.935285545725,6885.7291191231125,1001697
2019-12-20,6897.64990234375,6938.352921267396,6865.353531527846,6877.844535124513,679779
2019-12-23,6992.06982421875,7008.8831219363165,6886.821827212551,6910.474078718959,914067
2019-12-24,6960.6279296875,7051.723068097983,6936.120868103555,7026.360731493016,850537
2019-12-26,6878.08251953125,6975.4943587990265,6860.1296283596275,6966.517681305664,556360
2019-12-27,6976.87109375,6999.288668031036,6888.056071634114,6903.824392922517,665383
2019-12-30,7044.646484375,7059.55999534243,6973.737039290916,7008.313064111748,739631
2019-12-31,6999.384765625,7041.084994108699,6986.703595671906,7041.084994108699,560622
2020-01-01,6945.3349609375,7038.661976772966,6917.170253808878,7007.362807310255,634725
2020-01-02,6962.57568359375,6998.814021192905,6945.619994973198,6960.438423611708,616838
2020-01-03,6890.76318359375,6964.617384582744,6863.928698990032,6961.720395664831,571967
2020-01-06,6689.52880859375,6848.731026181746,6674.425597152016,6839.232092719635,748516
2020-01-07,6719.1650390625,6806.5552187531175,6674.329891782156,6744.242128297664,590500
2020-01-08,6682.689453125,6760.057983234566,6630.68279554582,6706.246621169079,793313
2020-01-09,6865.73388671875,6877.227688740578,6746.1424095905495,6782.2383560231665,798184
2020-01-10,6963.193359375,6981.621198018001,6871.908513616145,6897.555634645149,747847
2020-01-13,6984.28076171875,7000.713730539841,6915.033168013166,6964.61778457505,537399
2020-01-14,7016.671875,7040.989237047348,6958.538681406218,6986.465452586916,548522
2020-01-15,7108.00439453125,7128.949356682072,6984.565572242941,7018.714422575472,692726
2020-01-16,7088.72119140625,7144.1475586068045,7049.348392138563,7082.87944033395,640207
2020-01-17,7143.34033203125,7190.597525854979,7060.129582404737,7094.753380290076,750738
2020-01-20,7076.32568359375,7152.222070468207,7049.205949814691,7144.385450230294,407828
2020-01-21,6936.73828125,7062.124198056874,6922.632272846208,7040.134260713232,442561
2020-01-22,6778.05908203125,7005.416148150592,6751.794623662866,6972.217190037109,1048435
2020-01-23,6788.9833984375,6858.2305364371105,6766.233265356362,6787.3683940870715,589326
2020-01-24,6771.26806640625,6848.731690780767,6754.929713739907,6790.598026825331,645723
2020-01-27,6790.5966796875,6862.978730859406,6707.196237868272,6745.666914491082,573149
2020-01-28,6646.451171875,6858.182773597833,6614.107488382031,6820.1870390674185,1614448
2020-01-29,6659.03759765625,6759.678990138951,6625.506545753618,6658.752815158833,1001252
2020-01-30,6668.6787109375,6695.797979563332,6631.2052341228,6668.251073419576,579174
2020-01-31,6567.087890625,6710.046844489043,6550.037118907191,6682.499936435506,868935
2020-02-03,6659.98681640625,6691.856015425389,6440.276678091212,6440.276678091212,1010531
2020-02-04,6838.85205078125,6853.4803151705,6650.203144353246,6668.251117463189,973311
2020-02-05,6688.10400390625,6869.248851511693,6673.57082115849,6853.4805291182665,718489
2020-02-06,6669.771484375,6763.573456136662,6627.215982441138,6720.495698367141,875714
2020-02-07,6622.41943359375,6696.748593514675,6587.510850499896,6686.299765921957,645814
2020-02-10,6547.52001953125,6638.899948677942,6507.81466157141,6625.506359188814,593773
2020-02-11,6681.31201171875,6733.793616644637,6565.947284685944,6601.7584476908205,743160
2020-02-12,6690.3837890625,6753.741862383341,6656.805429476729,6702.542702490604,599364
2020-02-13,6654.05029296875,6702.4475451651715,6578.011515060773,6696.748185007718,723169
2020-02-14,6567.37255859375,6733.746752454226,6555.214109053014,6649.300861289856,614859
2020-02-17,6560.67578125,6630.255467929924,6535.266134578492,6573.261867919065,463548
2020-02-18,6441.32177734375,6582.760801956092,6398.291331041901,6578.011335288014,830678
2020-02-19,6418.04833984375,6511.470426671876,6292.662440335912,6506.768269914321,1033939
2020-02-20,6418.9990234375,6466.445915236525,6383.2829427803545,6422.228567877675,682513
2020-02-24,6146.189453125,6373.78397825615,6117.122625677238,6373.78397825615,1091346
2020-02-25,6093.1376953125,6183.805193545741,6057.041751018378,6179.435591736595,964897
2020-02-26,5922.4423828125,6049.728086055823,5876.087311103489,6031.822504441038,1580738
2020-02-27,5974.638671875,6020.471023439374,5857.801796384471,5917.835238260111,1492657
2020-02-28,5968.275390625,6048.3039105984,5797.38965854275,5854.240408207645,1468843
2020-03-02,5970.22216796875,6116.885610213958,5936.833509076726,6080.220097513995,1219764
2020-03-03,6066.06591796875,6100.357158833672,5965.804865761934,6001.425864482748,849199
2020-03-04,6064.451171875,6102.114347148166,5897.887294745168,6069.8179760704825,904360
2020-03-05,6046.9736328125,6140.110488341829,6013.014946247181,6090.620953059841,645853
2020-03-06,6122.96533203125,6155.309015638301,5794.491927568147,5885.919164104441,1140899
2020-03-09,5890.38330078125,6054.6197558349695,5774.7811032870495,5985.277546519633,1082030
2020-03-11,5838.32861328125,5994.7289057044645,5799.098208144477,5851.342336145779,937029
2020-03-12,5360.39013671875,5641.700937067033,5277.179393148544,5641.700937067033,1345964
2020-03-13,5546.046875,5759.677776195315,4562.384632311016,5058.371768571346,1480205
2020-03-16,5205.65234375,5402.992661146845,5129.423412481183,5356.068028617899,933412
2020-03-17,5323.1552734375,5458.990028845978,5226.3134563457525,5226.3134563457525,1238640
2020-03-18,5084.44580078125,5403.752310750515,5046.3549902744835,5386.8443971284305,973395
2020-03-19,4578.05810546875,4841.2263246485745,4419.42592308738,4625.980408366883,2554559
2020-03-20,4824.6982421875,4963.192500011056,4571.456595261239,4625.030484699298,1614552
2020-03-23,4008.88232421875,4549.9889555778445,3933.5081972960024,4345.761893897419,1531965
2020-03-24,4261.6494140625,4341.012821810465,3828.0703877234514,4123.4872340217125,1746431
2020-03-25,4755.119140625,4900.880007305386,4094.1357130492784,4216.576881847443,1728819
2020-03-26,4633.5791015625,4863.453259532595,4511.9927700741855,4772.691148389016,1338787
2020-03-27,4413.29931640625,4879.126894006472,4326.763944748268,4844.45578885097,1339426
2020-03-30,4111.5654296875,4407.457163115471,4056.04398631601,4357.587769841094,1528082
2020-03-31,4073.4267578125,4244.1700577367355,3999.0503069876495,4227.024671281482,2140261
2020-04-01,4033.580078125,4203.136056173703,3980.1485724373833,4075.0428337755598,1323842
2020-04-03,3810.4970703125,4053.194814663701,3800.618272503103,4037.0466281510967,1724808
2020-04-07,4325.48193359375,4381.7631168339285,3913.5607586419505,3942.057560282547,2688172
2020-04-08,4462.69384765625,4678.224546699552,4185.704865996259,4185.704865996259,2798833
2020-04-09,5059.74951171875,5128.474390958127,4498.885240250238,4554.216529984135,3786650
2020-04-13,5018.42919921875,5075.660276292447,4750.4168704657,5020.186594763292,2192268
2020-04-15,4839.0419921875,5081.9299316427305,4788.412857086169,5041.5594602231395,2094519
2020-04-16,4873.71240234375,4966.042217467694,4720.96974384362,4765.61472934878,1752169
2020-04-17,5229.1630859375,5322.205328551214,4950.5595415624675,5058.182276588045,2192902
2020-04-20,5064.21337890625,5294.657569921739,5015.436268644209,5235.811498630091,1555307
2020-04-21,4750.51171875,4874.187554456555,4639.754061533141,4874.187554456555,1843169
2020-04-22,4921.25537109375,4985.278094231489,4740.918014254154,4758.016095651985,1991584
2020-04-23,4897.982421875,4981.810505799507,4792.211709905253,4909.99847938558,1454061
2020-04-24,4792.82958984375,4882.452125811113,4777.963850745116,4844.456389423478,1070808
2020-04-27,4802.99365234375,4963.193083708459,4741.440280882547,4892.046159826557,1432313
2020-04-28,4799.525390625,4863.453015240729,4740.204376817393,4834.956220229553,1172062
2020-04-29,4814.48681640625,4844.455764087465,4759.962570676024,4844.455764087465,1038094
2020-04-30,5090.28857421875,5153.171702921469,4865.354002279035,4865.354002279035,2341081
2020-05-04,4641.46337890625,4873.190031604428,4597.483505280528,4840.656186551565,1742771
2020-05-05,4587.8427734375,4777.536208893292,4559.488362420668,4744.717577144008,1570620
2020-05-06,4600.57080078125,4749.4665780016,4473.997516477508,4598.623705010308,2214528
2020-05-07,4511.32763671875,4688.055546727954,4497.744349341792,4654.001782386507,1530808
2020-05-08,4420.94580078125,4634.5294016313355,4405.1301701302145,4629.779935140629,1828141
2020-05-11,4690.3828125,4763.334894071559,4493.137567351373,4511.993041561756,3176473
2020-05-12,4703.20703125,4735.218624528637,4455.047379162115,4667.776192765039,3124672
2020-05-13,4783.7578125,5051.010389218461,4736.405538023177,4986.939899648369,3304845
2020-05-14,4857.80224609375,4887.201632890549,4609.025252821009,4659.227212697404,2590674
2020-05-15,4844.83544921875,4866.493293651069,4712.562813891921,4853.954517199986,2182462
2020-05-18,4484.3994140625,4839.706853364935,4446.023349806085,4825.838317018174,3164086
2020-05-19,4564.52197265625,4654.477051400157,4517.454946366591,4599.383241403992,2108177
2020-05-20,4646.83056640625,4673.474887096288,4507.718511527527,4515.792604320275,1518296
2020-05-21,4797.05615234375,4819.568344820046,4607.979616424251,4644.978145254508,1868166
2020-05-22,4877.03759765625,4891.951109866756,4683.686977665147,4758.966031151932,1935875
2020-05-26,4983.283203125,5020.946383940112,4902.067316846791,4939.445715165931,1508751
2020-05-27,4981.62060546875,5025.885728461656,4878.082230038336,5005.937968057631,1534655
2020-05-28,5194.34912109375,5219.66368478195,4958.443027217794,5003.088012328759,2325084
2020-05-29,5329.66162109375,5382.808341531112,5105.676946350152,5105.676946350152,3386733
2020-06-01,5503.30224609375,5570.791983585197,5382.9505722310905,5404.893201541673,2340994
2020-06-02,5404.98779296875,5555.9257409366,5343.244730366446,5507.24371080786,2110719
2020-06-03,5342.2001953125,5539.778011924342,5325.1021150287825,5442.888890316612,1652859
2020-06-04,5405.0830078125,5433.342333313014,5292.80543491972,5374.496258215322,1642049
2020-06-05,5458.27685546875,5495.132528561249,5386.939778627093,5441.273395002477,1236658
2020-06-08,5447.44775390625,5556.875644430292,5415.816493456292,5556.875644430292,1176769
2020-06-09,5378.58056640625,5497.032444665969,5338.400265944832,5465.685966236044,1336806
2020-06-10,5391.21435546875,5452.387389514927,5333.650730335595,5371.6464612729815,1432292
2020-06-11,5154.263671875,5403.943229919133,5129.708836188193,5354.548776068581,1766481
2020-06-12,5283.068359375,5327.285701089319,4940.394396927114,4940.394396927114,2064628
2020-06-15,5201.37841796875,5305.154264594889,5120.922267140794,5243.411197952335,1530562
2020-06-16,5226.50341796875,5331.3237789329505,5129.424131291229,5309.903869244068,1184933
2020-06-17,5439.279296875,5522.157488776295,5172.169110630976,5172.169110630976,3454833
2020-06-18,5428.07080078125,5469.486246154968,5358.348717360225,5409.642961419338,1580214
2020-06-19,5601.85400390625,5637.617398091519,5421.041700237287,5462.837010349507,1854589
2020-06-22,5600.5712890625,5675.612865018392,5515.413441516085,5604.370862528621,1497563
2020-06-23,5591.54736328125,5706.199679402398,5568.797231377796,5604.370923869766,1398070
2020-06-24,5466.96875,5640.466676513709,5442.888860967254,5640.466676513709,1268449
2020-06-25,5473.5703125,5553.83630126893,5367.847367257031,5392.544594570548,1266203
2020-06-26,5466.541015625,5518.880230713722,5409.642498092022,5509.38129744227,1063057
2020-06-29,5394.15869140625,5509.380550848849,5366.896571085517,5442.888026959295,1102655
2020-06-30,5545.76171875,5580.1480408114585,5396.771329703111,5461.88632814127,2015814
2020-07-01,5512.326171875,5590.122344190861,5485.634076075145,5545.762139382963,1284965
2020-07-02,5650.39306640625,5661.364148651508,5474.0450016969335,5556.875884162973,1470941
2020-07-03,5634.8623046875,5688.531277728031,5588.269758652633,5650.393153365789,1059779
2020-07-06,5816.7666015625,5839.659122449833,5628.117702762582,5664.641285026372,1385081
2020-07-07,5914.748046875,5936.833065880074,5787.36726385046,5832.344803920585,1799721
2020-07-08,5741.53466796875,5922.584414195378,5720.8271806432185,5914.747794882289,1204072
2020-07-09,5701.59228515625,5790.549702171505,5634.149859163111,5775.351408989953,1043427
2020-07-10,5657.23193359375,5780.195806678974,5624.318223545443,5680.361928188102,1168821
2020-07-13,5688.7685546875,5755.640949917918,5630.777290716642,5699.359772167762,1035069
2020-07-14,5482.54736328125,5660.1774333524745,5461.887181334463,5652.815759325459,1602929
2020-07-15,5510.615234375,5585.181850557964,5466.635364751063,5518.8794907391275,1246705
2020-07-16,5580.9560546875,5623.36870051876,5463.786615774309,5517.930537384033,1018658
2020-07-17,5622.8935546875,5657.564661156981,5557.825861724227,5602.4708481369835,810152
2020-07-20,5573.49853515625,5638.566221506178,5520.779460814338,5637.616328274793,912610
2020-07-21,5823.6533203125,5841.843683898534,5604.370363414854,5622.893282412581,1854694
2020-07-22,5702.58984375,5821.896545438974,5642.081913531252,5810.497824840953,1140092
2020-07-23,5762.00439453125,5784.849138690884,5668.914868161512,5711.707367971803,701651
2020-07-24,5700.0244140625,5744.336839882527,5634.861646598605,5708.8582354565715,793324
2020-07-27,5740.48974609375,5759.06043759464,5631.014548003438,5706.958699579968,902597
2020-07-28,5967.98974609375,6003.658519628937,5728.949177640098,5746.854760027338,1774828
2020-07-29,5875.23291015625,5979.578790066018,5812.350247078784,5955.784146570439,2057197
2020-07-30,5951.46142578125,6073.285242257979,5860.889006304344,5874.1875125864035,2217867
2020-07-31,5948.9443359375,6060.176935464845,5897.887570450032,5951.0815958881385,1613555
2020-08-03,5856.28271484375,6114.891181496372,5818.14412547723,6060.319622566494,1836582
2020-08-04,6040.32470703125,6057.327705806127,5875.090567705306,5888.389075053386,1223516
2020-08-05,6199.24169921875,6267.11176705228,6060.319791766424,6068.773750123574,2278663
2020-08-06,6227.2626953125,6255.854574999802,6111.993056261698,6207.505101169914,1233252
2020-08-07,6344.337890625,6411.305373974164,6157.066503355578,6172.407188693105,1567980
2020-08-10,6277.75,6391.547500385481,6246.498601886793,6354.786442612933,1601750
2020-08-11,6316.03125,6377.109208829011,6279.745137345437,6331.039379883125,880808
2020-08-12,6393.06689453125,6438.424301046968,6261.791914590527,6278.74760329712,1114981
2020-08-13,6451.8671875,6490.540243118971,6378.403029822321,6450.238124167478,1087096
2020-08-14,6314.37890625,6464.805409701636,6279.731011946847,6459.869549563117,905793
2020-08-17,6487.08935546875,6507.743967805766,6314.379170165394,6383.194806864361,1028536
2020-08-18,6606.60693359375,6637.085064936539,6479.901283798968,6487.089566472942,1322527
2020-08-19,6699.76708984375,6723.153344890935,6598.891518565219,6636.222855416134,1326450
2020-08-20,6684.8154296875,6708.105277962636,6594.098929485644,6604.6899465719,958157
2020-08-21,6683.18603515625,6771.3623029368855,6662.100405904358,6755.068862151334,971836
2020-08-24,6788.134765625,6804.907424770561,6665.933963278769,6694.687093242587,961177
2020-08-25,6814.4443359375,6877.461614930999,6781.569641921219,6804.90769359457,1047620
2020-08-26,6717.3544921875,6860.49726053499,6682.227843035757,6814.492249567446,992395
2020-08-27,6802.99072265625,6831.456509240078,6671.492884412017,6750.276649713717,1158891
2020-08-28,6808.83740234375,6858.580225699054,6736.331683465758,6828.868656806282,1019984
2020-08-31,6555.66650390625,6862.414319937055,6508.223835074283,6841.328689345069,1580774
2020-09-01,6618.6357421875,6726.987413686773,6519.293760183205,6575.314635452578,1117127
2020-09-02,6633.10791015625,6689.895345575353,6567.598597809521,6618.491734795215,776392
2020-09-03,6778.646484375,6821.10508674995,6633.10762788421,6637.180988057386,947751
2020-09-04,6891.26318359375,7019.597901438508,6675.566492681467,6694.687512499724,2185292
2020-09-07,6909.52099609375,6996.595154039744,6832.941918073678,6924.712327114678,1348919
2020-09-08,6923.75341796875,6975.509049830643,6840.992235273651,6919.919667460462,1145062
2020-09-09,6915.36767578125,6954.759559195336,6825.226796497861,6900.751500727626,1273303
2020-09-10,6931.08642578125,6996.0205848857295,6870.081955142525,6962.0919813274695,978701
2020-09-11,6894.61767578125,7044.421304213514,6876.7906405928725,6977.378866495784,1383019
2020-09-14,6832.55810546875,6938.705071643483,6790.530522329456,6918.96116311875,1003491
2020-09-15,6759.6689453125,6876.79021462969,6713.8558123318435,6866.247400363359,894418
2020-09-16,6764.60498046875,6871.039290867831,6748.3592756312455,6779.987717059428,920570
2020-09-17,6791.34619140625,6817.271745222792,6652.516390396491,6756.506885765749,1133411
2020-09-18,6675.279296875,6851.871451718924,6643.5071791667315,6850.913013972146,1143550
2020-09-21,6351.5185546875,6696.5079050798495,6316.104096420909,6675.278604787181,1290480
2020-09-22,6172.86572265625,6408.066707906455,6049.994290684431,6397.571627928698,2665724
2020-09-23,6231.0908203125,6277.71918872115,6114.832514711977,6193.424405966895,1456226
2020-09-24,6035.953125,6217.193314711297,6009.547886296645,6167.546430407305,1237674
2020-09-25,6227.640625,6247.62367599592,6067.868878486905,6129.208889262953,1316468
2020-09-28,6424.40771484375,6440.701155266299,6270.386593772212,6305.561443526336,1099583
2020-09-29,6462.505859375,6530.123452518856,6393.737953786011,6468.496095053483,1199391
2020-09-30,6463.17724609375,6498.160224042694,6393.738243764602,6431.1173160936105,812841
2020-10-01,6513.82958984375,6621.84569980132,6493.7983366289245,6553.988501622612,1255993
2020-10-05,6535.4423828125,6591.75059233337,6464.661671800332,6579.674184864238,833476
2020-10-06,6605.93603515625,6651.365889400341,6546.1296151395245,6572.965871248442,756192
2020-10-07,6754.0146484375,6776.154653278318,6580.201875013756,6632.388995853743,1101957
2020-10-08,6785.59521484375,6843.245148654098,6729.191062843196,6795.323263859601,851205
2020-10-09,6768.87060546875,6861.455784806131,6710.022621794626,6766.570448488796,839682
2020-10-12,6840.0341796875,6857.62160472402,6713.855952633369,6814.491909096824,799712
2020-10-13,6740.59619140625,6886.374654516832,6730.149314407404,6838.452771047683,819414
2020-10-14,6711.31640625,6780.946812429672,6639.529515218319,6747.401492509525,779630
2020-10-15,6606.12744140625,6756.889496588777,6572.678061011493,6736.8582432969015,681316
2020-10-16,6608.33251953125,6689.8956677599745,6577.758448114141,6608.428456906164,657914
2020-10-19,6567.16748046875,6689.895242529748,6541.33739688618,6685.103053960601,548457
2020-10-20,6560.12255859375,6660.1833575752335,6526.96052167036,6533.669585349024,659864
2020-10-21,6576.65625,6658.842288081788,6483.495912349733,6617.054308066088,911967
2020-10-22,6528.4462890625,6574.8827839662845,6493.607452199003,6544.212776810757,584523
2020-10-23,6808.02294921875,6828.581626155747,6548.0467094727765,6572.9660909783815,1758998
2020-10-26,6761.5859375,6863.659550115524,6646.813025662356,6804.907507701635,1559351
2020-10-27,6860.8798828125,6910.095749039096,6759.860649533304,6773.278776442912,1461819
2020-10-28,6887.38134765625,7027.265523274737,6814.492344583112,6895.911817948495,1645177
2020-10-29,6821.8720703125,6899.792866595093,6696.316734081918,6818.325663697387,1434852
2020-10-30,6675.662109375,6814.491900839748,6595.009672247301,6784.828067466128,1360249
2020-11-02,6582.8857421875,6760.244453311968,6565.2983166032545,6752.097732773117,1059351
2020-11-03,6626.01513671875,6673.841082689946,6567.646376413788,6651.557406939034,926491
2020-11-04,6665.02294921875,6760.818976605218,6622.324740410229,6626.01481884745,901404
2020-11-05,6798.0068359375,6809.604025883329,6689.559702111712,6728.232757499043,843221
2020-11-06,6620.50390625,6838.452531020343,6603.635310263512,6797.239712683429,1378439
2020-11-09,6586.52783203125,6740.309354858657,6531.753208698805,6699.432078778762,1479540
2020-11-10,6511.0986328125,6684.144368433923,6480.42862710704,6683.2818681208855,1695413
2020-11-11,6572.3427734375,6617.053797985495,6472.425644462994,6573.9241020252775,1481918
2020-11-12,6552.6953125,6641.973696511515,6509.7092852389915,6572.007739823876,1418041
2020-11-13,6526.2421875,6594.05165767155,6503.958510023131,6594.05165767155,970632
2020-11-14,6567.45458984375,6574.786544495042,6550.921539871141,6565.298105064714,128193
2020-11-17,6691.28515625,6706.092738118309,6577.758021990472,6579.674897415794,1243068
2020-11-18,6761.10693359375,6776.1545927980815,6659.225192469741,6689.847464422724,1400300
2020-11-19,6673.88916015625,6833.660914597024,6627.788680409641,6738.77558071973,1305695
2020-11-20,6676.33349609375,6728.232805116983,6617.054029419894,6670.295057655831,923474
2020-11-23,6697.32275390625,6751.234872242943,6644.465010592236,6747.401121605667,735755
2020-11-24,6860.8798828125,6909.376920811795,6756.985336624102,6756.985336624102,1910670
2020-11-25,6762.4482421875,6950.9248993042975,6725.356520527162,6948.672477386621,947742
2020-11-26,6703.55322265625,6802.991139066242,6616.095778102884,6785.7392595927,1068945
2020-11-27,6743.3759765625,6815.45068087192,6641.973452178653,6747.688946336642,2123905
2020-12-01,6806.537109375,6844.970086236306,6685.294741962157,6844.970086236306,1076695
2020-12-02,6906.9814453125,6919.920354562721,6809.700016505281,6814.492205116475,1106734
2020-12-03,7417.4453125,7459.37696195885,6948.290057411836,6948.673338895171,3846792
2020-12-04,7478.83251953125,7555.0283113260675,7323.661560404386,7473.896659320583,2393536
2020-12-07,7421.56640625,7509.3593933291095,7370.385926573179,7503.416892383303,1037296
2020-12-08,7440.06494140625,7680.105396143103,7379.970707025596,7425.975719225236,1885285
2020-12-09,7388.8359375,7475.766425246962,7372.302886953984,7451.853217117424,822760
2020-12-10,7414.47412109375,7523.736019982671,7389.5547406454,7437.476626122996,1186739
2020-12-11,7412.12548828125,7471.692764123836,7379.970091505976,7456.597370754846,706875
2020-12-14,7376.90283203125,7499.774727866683,7336.840324833158,7485.398162893136,1038032
2020-12-15,7442.50830078125,7466.229633699615,7322.990933185573,7376.9030534545855,891801
2020-12-16,7472.31591796875,7570.699455092324,7447.06099076685,7494.982876164321,963504
2020-12-17,7374.2197265625,7506.388192919963,7308.087524699645,7475.71818625893,734075
2020-12-18,7245.54931640625,7405.848019824874,7228.29743801142,7393.3883298730525,1078328
2020-12-21,7069.5322265625,7283.167890674146,6975.605334433791,7245.788821357619,970306
2020-12-22,7088.02978515625,7128.859323115701,6905.639285447513,7073.26993877304,1138240
2020-12-23,7140.31298828125,7241.57183567467,7086.688212838042,7092.8221203986,951805
2020-12-24,7136.5751953125,7219.67193513103,7106.049327475445,7195.2317725946605,589281
2020-12-28,7171.98876953125,7229.495027204894,7144.194078322322,7154.736892229157,521320
2020-12-29,7142.61328125,7231.41244048369,7109.978196799856,7207.451498003625,538719
2020-12-30,7296.490234375,7317.671801031081,7121.192073563972,7185.407399126393,1029800
2020-12-31,7331.6650390625,7377.094891921753,7264.957682313484,7298.167454638502,908515
2021-01-01,7371.6318359375,7426.454660621891,7332.048545364582,7335.882296237975,767574
2021-01-04,7382.17431640625,7432.87604379968,7324.955868005311,7417.34916627098,598645
2021-01-05,7337.2724609375,7354.092856256285,7270.708772000545,7341.633165505427,562668
2021-01-06,7311.5380859375,7426.933893852499,7241.476194993232,7335.8823104332205,840678
2021-01-07,7251.58740234375,7384.18735227476,7238.2174771667405,7356.967815081635,642968
2021-01-08,7681.7822265625,7725.007860421097,7284.126518511208,7284.126518511208,2557157
2021-01-11,7890.578125,7943.531808933832,7554.789376810389,7762.387080182806,2182019
2021-01-12,7847.73583984375,7982.827824598611,7801.6830942769475,7821.81028653491,1514072
2021-01-13,7801.5390625,7907.11087961648,7773.888041765972,7847.687743309059,877225
2021-01-14,7810.740234375,7840.020318663655,7689.97708521221,7825.451878553918,718274
2021-01-15,7691.22314453125,7877.878891738012,7667.549545495524,7818.120205902624,751177
2021-01-18,7505.18994140625,7690.456226140257,7423.099847535454,7678.044270962752,771183
2021-01-19,7593.318359375,7658.204308683078,7509.359126090838,7571.657574488529,779892
2021-01-20,7806.427734375,7830.436412803227,7533.560319918795,7554.4063409687915,999226
2021-01-21,7741.06103515625,7923.403792074377,7688.059622048483,7863.980659727865,769494
2021-01-22,7714.32080078125,7962.6998186428145,7667.501029025339,7748.968227458733,1172914
2021-01-25,7649.7705078125,7825.356481768154,7619.675657609228,7779.63881625184,753043
2021-01-27,7543.76708984375,7753.760880463371,7495.461924062274,7660.744690223254,1080785
2021-01-28,7273.1044921875,7652.693556377081,7247.705893117463,7514.151573927654,2085637
2021-01-29,6907.125,7365.5937702394685,6871.9983516743,7365.5937702394685,3069968
2021-02-01,7092.2470703125,7164.321772192158,6854.746396617835,6963.241730918002,1611478
2021-02-02,7336.55322265625,7446.821292444657,7178.8420189035305,7221.732105822272,1700845
2021-02-03,7273.775390625,7395.736584774118,7165.1363865615385,7360.8013443239715,1491567
2021-02-04,7322.4638671875,7442.268577056405,7216.125019513001,7284.12636002945,1198036
2021-02-05,7182.67626953125,7414.474536160009,7150.904151278416,7360.802021420484,1128089
2021-02-08,7259.7822265625,7320.547082563727,7163.842520112931,7202.659246591569,912372
2021-02-09,7310.05224609375,7360.801710708149,7259.2073120968125,7265.916376156051,925127
2021-02-10,7304.92529296875,7355.913901220504,7194.08159117399,7289.111069862977,1015600
2021-02-11,7348.677734375,7422.1418938983425,7253.121304047165,7284.126858681224,818869
2021-02-12,7253.935546875,7356.009159313685,7213.106008302097,7303.391024527229,756833
2021-02-15,7280.916015625,7331.186262639492,7264.958120738229,7284.126875674214,470093
2021-02-16,7377.142578125,7474.85548706707,7308.326939704856,7321.505457841434,1321126
2021-02-17,7191.349609375,7371.82323284713,7160.775073751744,7360.753465112597,1023548
2021-02-18,7185.93359375,7264.046257639805,7149.944449299908,7260.021100538361,821462
2021-02-19,7018.63916015625,7175.247784129424,6982.218528163086,7138.443870660078,1013887
2021-02-22,6791.92041015625,7020.555515553243,6762.735797644189,7018.638640327154,1502068
2021-02-23,6680.7900390625,6826.328898520579,6649.640813573721,6822.926163867201,1589884
2021-02-24,6663.96923828125,6743.567297829538,6591.654930475078,6618.0119658204885,1225254
2021-02-25,6642.30859375,6775.195882975394,6627.596481931652,6771.362132298934,1740066
2021-02-26,6580.77685546875,6780.9466607404775,6538.653799760753,6613.220064891773,2687534
2021-03-01,6723.4404296875,6740.548636138805,6629.561270277685,6687.019797281495,1417600
2021-03-02,6914.26513671875,6934.296389983889,6737.816671953938,6766.569801421736,1395296
2021-03-03,6828.58154296875,6960.462201402072,6806.058256113067,6944.456571960765,796258
2021-03-04,6835.19482421875,6876.982804160779,6719.607136741548,6785.739342195145,906310
2021-03-05,6947.71484375,7010.97173155349,6776.1544965253825,6833.660758164919,1821165
2021-03-08,6957.7783203125,7033.782240948866,6916.086281338246,6962.953790173943,977572
2021-03-09,6998.08056640625,7024.7731498158155,6954.42391658342,7024.7731498158155,678485
2021-03-10,6969.85498046875,7079.979380002808,6949.63185114395,7015.764053285577,659270
2021-03-12,6801.265625,7009.0547260039175,6767.911713076174,6996.595036213401,946720
2021-03-15,6794.65185546875,6865.241162890234,6719.606374552428,6848.037019851247,700250
2021-03-16,6853.11669921875,6900.751238714176,6804.907471509813,6804.907471509813,796357
2021-03-17,6771.0263671875,6871.950131283359,6750.7555047367705,6862.413489588312,688581
2021-03-18,6818.0859375,6941.005568002109,6766.5699130205585,6828.868361228256,984545
2021-03-19,6817.89453125,6852.782039033247,6618.491748595433,6766.522643280066,838756
2021-03-22,6806.10546875,6845.64102243223,6757.177413145393,6808.741172328815,533767
2021-03-23,6887.57275390625,6924.71221387687,6833.66063459406,6841.328136007349,757590
2021-03-24,6772.5126953125,6860.880370882668,6756.938082613042,6839.411459897462,457147
2021-03-25,6504.7734375,6765.612181587656,6474.486710535489,6756.986241704629,1338767
2021-03-26,6502.47265625,6612.213769782683,6489.581482356324,6602.677127743718,911299
2021-03-30,6567.0234375,6589.259379984416,6459.870286704722,6527.919365392561,1088817
2021-03-31,6574.11572265625,6651.461360296401,6512.775712994841,6567.502128474922,735382
2021-04-01,6636.126953125,6700.917437738833,6570.09068664803,6661.142271656281,660759
2021-04-05,6487.23291015625,6621.36644525786,6445.1098566112505,6621.36644525786,668129
2021-04-06,6470.69970703125,6562.374639636803,6440.700796764974,6534.867292789106,628262
2021-04-07,6579.6748046875,6598.843558670566,6493.463146453796,6507.791977251001,598115
2021-04-08,6543.11083984375,6650.8868839180195,6523.942084865257,6595.010150350584,604553
2021-04-09,6543.35009765625,6589.498779189611,6496.290713115477,6565.298227329746,641327
2021-04-12,6249.5888671875,6459.726329784443,6231.905504690868,6459.726329784443,1020746
2021-04-13,6532.51904296875,6560.8888905514505,6199.94118374947,6249.01337783777,995718
2021-04-15,6368.099609375,6562.2791785880945,6278.7252949566355,6562.0395691660615,1267365
2021-04-16,6371.78955078125,6502.8559018093465,6331.4869660713675,6397.571430439074,1000325
2021-04-19,6241.10693359375,6258.598422293115,6148.378082543695,6230.180836989939,772219
2021-04-20,6370.39990234375,6401.118111697039,6285.961446617664,6340.065442463635,914142
2021-04-22,6373.70654296875,6397.475610363205,6272.974648672244,6350.560366472149,667911
2021-04-23,6398.6259765625,6435.621765113939,6287.351266795113,6287.351266795113,709306
2021-04-26,6362.9716796875,6506.833265877084,6325.688548355981,6412.139812378368,937344
2021-04-27,6295.73779296875,6430.1586836197675,6270.099583878449,6392.73187773141,1610651
2021-04-28,6300.57763671875,6373.610777484186,6272.974817839699,6295.737713473571,1406270
2021-04-29,6292.7666015625,6371.167088833078,6279.684020118022,6359.234351874707,757075
2021-04-30,6187.33837890625,6286.968167181839,6154.128605476777,6265.403318463068,849997
2021-05-03,6323.62841796875,6346.774595358617,6134.001421065411,6162.754552726656,834923
2021-05-04,6237.751953125,6372.172836069844,6212.592964338532,6363.978381202823,507170
2021-05-05,6316.2001953125,6324.730196995153,6213.551427052519,6285.146908339745,499160
2021-05-06,6389.568359375,6430.158288044523,6302.398734622844,6316.10420602376,520125
2021-05-07,6424.45556640625,6473.815107407802,6364.02625728756,6401.4053271722305,605050
2021-05-10,6482.8720703125,6491.641680949754,6383.290495059323,6397.762996738018,541534
2021-05-11,6456.6591796875,6468.495978772832,6383.43463366747,6402.507450127467,406046
2021-05-12,6534.1962890625,6555.713401089874,6407.15556817044,6450.285261598663,770204
2021-05-14,6456.41943359375,6557.774217306188,6421.724270694403,6555.713669910881,647029
2021-05-17,6438.64111328125,6554.18059650517,6419.18454622182,6437.347128725163,995827
2021-05-18,6528.01513671875,6578.716397642778,6436.340663964997,6505.875132167712,805827
2021-05-19,6494.27734375,6570.0421180298235,6479.038279264538,6516.417346260295,432774
2021-05-20,6457.8095703125,6531.465601380424,6449.806521895568,6498.974188861227,470476
2021-05-21,6531.41748046875,6551.40100042253,6463.9435589349205,6498.207707243765,434363
2021-05-24,6586.0009765625,6675.518969359634,6519.293615159258,6519.293615159258,1027484
2021-05-25,6624.52978515625,6659.225418544459,6601.7191541356115,6651.510181931143,438736
2021-05-26,6741.93798828125,6757.944084739355,6624.721247159045,6638.139374685119,691574
2021-05-27,6679.25634765625,6775.196054358977,6662.2440785991175,6730.149482771076,922091
2021-05-28,6680.310546875,6754.110247321109,6652.0366356651275,6698.137581099671,393809
2021-05-31,6791.7763671875,6804.907149868715,6636.269862248599,6665.9336939911145,718277
2021-06-01,6796.42529296875,6846.120380508412,6754.158097484099,6812.143577397407,642841
2021-06-02,6886.08740234375,6898.547092212072,6769.87683337959,6769.87683337959,598862
2021-06-03,6909.8564453125,6929.5044177279115,6867.253703294957,6900.751287363895,401590
2021-06-04,6914.84033203125,6969.758622430631,6853.883603617185,6900.751111317456,575591
2021-06-07,6973.25732421875,7024.246398266039,6911.390356407532,6920.878796265717,520482
2021-06-08,7031.8173828125,7060.283168026847,6991.994485909371,7013.367458170234,538816
2021-06-09,6938.130859375,7034.166508941661,6900.751787194364,7006.371814243239,443778
2021-06-10,6900.6552734375,6976.899270732463,6875.8795661179565,6956.340595555425,278027
2021-06-11,6923.56201171875,6942.922640290457,6887.716535638259,6942.922640290457,253689
2021-06-14,6879.5224609375,6913.163719381461,6800.163534866208,6895.95957466536,322353
2021-06-15,6868.404296875,6928.402591621483,6858.867654385676,6882.684925276302,207625
2021-06-16,6818.56591796875,6894.761720826186,6776.15504656697,6868.165072658968,283007
2021-06-17,6679.6875,6804.044784535966,6643.027260050091,6766.569778989744,595255
2021-06-18,6670.103515625,6699.33586553869,6537.503565943664,6699.33586553869,797389
2021-06-21,6613.12451171875,6637.1813927469375,6557.631059808598,6584.46731670346,443795
2021-06-22,6963.43310546875,6996.5474084797415,6641.973197556726,6651.557574465177,1757310
2021-06-23,7123.77978515625,7168.155261634839,6939.136395503275,6964.103977347248,2227399
2021-06-24,7214.59228515625,7236.204868794668,7102.119523829934,7139.210783226022,1041762
2021-06-25,7331.08984375,7346.4248466915615,7226.620136210616,7226.620136210616,1216123
2021-06-28,7280.53271484375,7378.053755322322,7256.715443301425,7378.053755322322,433364
2021-06-29,7176.30224609375,7285.084924548727,7142.80466143632,7280.292736070534,480219
2021-06-30,7203.521484375,7328.789473195873,7181.190074187404,7193.553826351076,729267
2021-07-01,7269.1748046875,7288.918714922329,7183.538302519613,7188.282756333658,584331
2021-07-02,7259.0634765625,7317.192629540697,7232.897846528413,7308.087471379634,434905
2021-07-05,7283.599609375,7370.385956426484,7267.83312192224,7280.5801562124825,484183
2021-07-06,7202.61181640625,7339.668411989352,7176.254778794115,7284.126758262729,425103
2021-07-07,7139.78564453125,7265.916138313627,7124.690250892095,7215.118940670754,395336
2021-07-08,7093.58935546875,7186.3659384583025,7078.062477395914,7145.1531169920845,391940
2021-07-09,7117.07080078125,7138.347836285288,7038.191099665201,7074.228449692441,400686
2021-07-12,7159.6259765625,7274.350695193344,7141.367456513621,7188.283171876946,496478
2021-07-13,7121.52783203125,7216.269494591678,7096.272904420919,7207.451680341073,350032
2021-07-14,7022.2333984375,7139.402406928166,7006.179567008308,7126.9427168637185,460178
2021-07-15,7003.3046875,7052.185013086766,6965.925614992473,7051.226575330163,430055
2021-07-16,6999.99755859375,7028.223736384076,6970.525598973702,7028.223736384076,281552
2021-07-19,6867.73291015625,6993.719730009705,6853.883766514025,6950.302690430624,386598
2021-07-20,6932.0927734375,6963.05012499519,6847.510643564021,6881.5829177516125,413816
2021-07-22,6996.1640625,7020.556490333643,6945.127252519076,6998.512422172868,439934
2021-07-23,6990.701171875,7068.478300526751,6974.551402431615,6996.595470351903,436330
2021-07-26,6935.0634765625,7054.101628742395,6881.582838909022,7003.30442951368,431758
2021-07-27,6939.32861328125,7015.764020471496,6863.228752886136,6940.334785679485,417171
2021-07-28,6867.25390625,7008.096514507066,6769.445525432632,6977.426507879027,739427
2021-07-29,6702.833984375,6833.6607290475085,6647.723817205262,6833.6607290475085,1519226
2021-07-30,6687.69140625,6800.11596933031,6675.423122017597,6709.064381298403,715546
2021-08-02,6782.81640625,6812.048758418828,6738.776003246676,6804.9082097925475,433760
2021-08-03,6900.17626953125,6920.878617405924,6791.585465540392,6828.82086370592,470570
2021-08-04,6807.6865234375,6947.331072808642,6712.41791696407,6919.919663094251,484122
2021-08-05,6778.41259765625,6828.955315645625,6757.626765946691,6821.286966710676,495133
2021-08-06,6849.06640625,6914.366533864541,6792.881451155125,6804.6971713252915,517575
2021-08-09,6830.69140625,6910.990069655276,6788.492408964945,6882.053614374096,264983
2021-08-10,6753.720703125,6853.020690751743,6747.016902517532,6795.437426646641,356726
2021-08-11,6772.5771484375,6843.471461676859,6679.642808248589,6753.7684530882825,414311
2021-08-12,6763.41455078125,6833.633498059839,6737.371739476188,6773.060036449791,330283
2021-08-13,6753.96240234375,6799.971088029078,6726.617355311067,6780.776665063283,431784
2021-08-16,6584.82861328125,6769.201981434034,6568.575875401221,6734.960506606319,750966
2021-08-17,6641.30224609375,6696.860334711007,6507.230002607529,6558.92989716763,752517
2021-08-18,6597.6083984375,6697.583757925977,6578.2208790718505,6697.583757925977,434144
2021-08-20,6608.02587890625,6669.515851871138,6539.639477677537,6573.398678521005,657982
2021-08-23,6583.912109375,6672.747128480012,6559.894943739891,6660.20799684222,537302
2021-08-24,6562.0166015625,6609.086380389974,6501.635770734858,6548.802098607374,646993
2021-08-25,6473.51904296875,6595.582463941564,6462.474774555204,6595.582463941564,722194
2021-08-26,6374.3154296875,6463.77730472412,6357.339281578004,6462.475070030743,1199429
2021-08-27,6389.98974609375,6457.267009461222,6366.020619717737,6394.715939935404,1428388
2021-08-30,6555.93994140625,6568.575621597938,6417.961459799105,6452.829795666697,819447
2021-08-31,6603.3955078125,6628.377219495047,6523.771747425902,6578.220698043688,938326
2021-09-01,6544.365234375,6578.220982010331,6464.74194152219,6558.88197235043,1108476
2021-09-02,6552.08154296875,6615.790255255075,6470.384565961502,6609.761827009073,741052
2021-09-03,6619.79296875,6711.32852809362,6512.245809956893,6529.993408334838,1196077
2021-09-06,6604.1669921875,6707.470230133092,6595.582604781433,6679.498323795177,897444
2021-09-07,6633.34423828125,6684.224168708546,6610.725859849203,6635.996746502578,743783
2021-09-08,6540.8447265625,6615.211512504965,6516.4898761520735,6609.183084185552,847767
2021-09-09,6561.10009765625,6576.725971895935,6501.056952949852,6510.702438043249,515702
2021-09-13,6630.01708984375,6650.996019329566,6571.757984747767,6593.1711494389065,508397
2021-09-14,6650.03125,6708.434470263603,6608.217980495114,6665.02979001028,817280
2021-09-15,6664.0654296875,6692.037335529291,6636.093523845709,6692.037335529291,310138
2021-09-16,6685.23779296875,6702.647705470241,6626.44837193561,6668.21313471241,556648
2021-09-17,6765.77783203125,6814.294436188994,6703.612488978875,6708.4352317767025,980793
2021-09-20,6703.998046875,6766.7422116911985,6661.365284188923,6732.452228671953,550405
2021-09-21,6536.74560546875,6693.677844913622,6502.021857232528,6667.44193563564,1085249
2021-09-22,6588.83154296875,6603.299772092529,6544.462306989163,6578.221508277979,548623
2021-09-23,6603.974609375,6635.9973379915045,6579.185523763229,6624.519304677592,432740
2021-09-24,6705.783203125,6788.300149912596,6605.22900859434,6607.158105851523,1649962
2021-09-27,7140.9873046875,7183.957755127103,6726.7617325800775,6726.7617325800775,2646138
2021-09-28,7160.66357421875,7254.8996813798285,7073.516521853231,7183.957326619331,1346961
2021-09-29,7122.2744140625,7200.354806277837,7032.523361362587,7128.495940495158,643556
2021-09-30,7077.90478515625,7145.423178755112,7042.216491396852,7122.9493875598655,625717
2021-10-01,6908.3857421875,6964.040380709813,6838.649071915868,6964.040380709813,901588
2021-10-04,6916.10205078125,6959.169518890166,6878.966932835274,6925.458359794982,466994
2021-10-05,7000.9345703125,7041.2044726044505,6901.971794078686,6910.797319189194,546004
2021-10-06,6944.0263671875,7023.360487922461,6910.267166874751,7013.136178776403,726695
2021-10-07,7226.8798828125,7287.164166119244,6969.104287392862,6978.460596550453,1646727
2021-10-08,7166.595703125,7303.513557739309,7138.768383354069,7281.0878040249545,630622
2021-10-11,7427.794921875,7537.753451192737,7156.756792591807,7157.142988769681,1069536
2021-10-12,7421.04345703125,7475.251274013128,7359.553486874045,7415.3527147716795,406814
2021-10-13,7216.89697265625,7475.203361705903,7172.913463768633,7465.605915067521,1084436
2021-10-14,7231.1240234375,7291.9871319206095,7181.064047241923,7272.6961606721425,831546
2021-10-18,7385.54833984375,7432.135847003805,7142.482102199682,7142.482102199682,913963
2021-10-19,7384.24609375,7493.192042057966,7316.100832137928,7398.280557889291,658869
2021-10-20,7321.64697265625,7395.531486453972,7248.582419327698,7345.037275206975,488082
2021-10-21,7306.6962890625,7378.79629204688,7219.645783787046,7378.79629204688,563128
2021-10-22,7146.2431640625,7354.682185507598,7124.685411265546,7330.568473423967,224520
2021-10-25,7003.201171875,7133.848988068262,6963.702721066012,7094.254459182759,248058
2021-10-26,7038.6484375,7077.8092027238445,6954.588125777101,7007.445197793265,292203
2021-10-27,7095.4599609375,7196.737554262691,6987.189390930332,7026.735879752549,1218064
2021-10-28,7108.43359375,7262.761360803999,6978.556755511844,6992.97694463434,961511
2021-10-29,7217.13720703125,7282.340776255216,7036.236334149861,7089.431086817992,819875
2021-11-01,7345.5673828125,7394.22904462921,7138.623683707381,7138.623683707381,1005690
2021-11-02,7515.52099609375,7629.578859576034,7360.276722060768,7376.81910609945,1302733
2021-11-03,7460.0595703125,7564.230812979048,7438.212640003015,7515.521111547005,656492
2021-11-04,7472.7431640625,7542.721442280583,7461.26513078512,7499.075621432799,53365
2021-11-08,7412.169921875,7603.1505358146715,7400.016515884644,7484.848749707347,428433
2021-11-09,7308.91455078125,7489.237087486408,7271.442217035921,7435.704643883409,632879
2021-11-10,7245.35107421875,7311.278062285932,7195.532235442355,7301.632576715634,562432
2021-11-11,7189.21435546875,7299.22092579687,7178.170086525312,7245.688482931759,486991
2021-11-12,7214.6787109375,7276.554407469599,7178.170453391936,7263.0507274981555,349666
2021-11-15,7237.10400390625,7311.13310188847,7187.815480957774,7187.815480957774,314414
2021-11-16,7764.95361328125,7840.574126376977,7267.921456508652,7277.518903092639,2619355
2021-11-17,7981.39794921875,8053.980226106718,7730.904507570495,7750.14743913383,2377268
2021-11-18,7829.38525390625,8071.342354509222,7717.449581845215,7942.092847398295,1337493
2021-11-22,7585.59521484375,7897.5786190792805,7529.795989294613,7868.786751835044,672298
2021-11-23,7575.56396484375,7671.970776390538,7528.301088057738,7570.837771359339,567198
2021-11-24,7397.55712890625,7617.956474479704,7365.871614571626,7586.656685374209,571078
2021-11-25,7304.0439453125,7445.7360340917485,7171.418518771665,7369.1509728870915,1007618
2021-11-26,6916.29541015625,7253.405129959557,6877.231193698356,7253.405129959557,1154876
2021-11-29,6896.03955078125,6954.394735454621,6742.869436258369,6911.954601146715,733010
2021-11-30,6817.23583984375,6992.976768539426,6766.838179684276,6896.039642299674,1287938
2021-12-01,7015.40283203125,7118.368391075603,6877.279289496243,6936.068712767568,1669583
2021-12-02,7065.27001953125,7094.688750014032,6988.781037693435,7026.73611695312,618573
2021-12-03,6953.140625,7069.1756155654475,6895.315756825418,7046.026452681893,603798
2021-12-06,6793.17041015625,6944.749110789928,6772.09493150779,6937.99727137666,609507
2021-12-07,6931.82470703125,7004.358475444318,6839.8068695102165,6876.266616329748,637151
2021-12-08,7171.3212890625,7232.039803329634,6897.582623052259,6968.862660429805,930339
2021-12-09,7158.6376953125,7204.212611080818,7065.317629691658,7204.212611080818,615037
2021-12-10,7162.39990234375,7210.000467854146,7097.10024757868,7118.368354884763,431682
2021-12-13,7249.93212890625,7307.322763688124,7161.77249168761,7219.645400711348,883009
2021-12-14,7227.5068359375,7288.417982361446,7193.409950676778,7250.318314833076,749704
2021-12-15,7299.6552734375,7369.150806992017,7188.828269995364,7210.964847260775,529018
2021-12-16,7186.65771484375,7350.824056548565,7143.446130796308,7322.369876038371,595582
2021-12-17,7037.9248046875,7214.822908545069,6984.295812937813,7214.822908545069,1081907
2021-12-20,7028.279296875,7061.989984859454,6786.41875696994,6944.749301361654,867425
2021-12-21,7055.8173828125,7142.43412704457,7025.771789029176,7047.474131870082,415744
2021-12-22,7160.56689453125,7189.744486524457,7046.509034921441,7046.509034921441,368978
2021-12-23,7125.2646484375,7234.114045299973,7094.254507090841,7215.7876230518805,249919
2021-12-24,7057.69775390625,7185.741564203605,6995.050141948661,7177.205215989594,357447
2021-12-27,7031.076171875,7070.140385464539,6931.438501897962,7019.115864871404,190180
2021-12-28,7038.74462890625,7098.112400601719,6997.895905799779,7060.4950091594765,214533
2021-12-29,7089.47998046875,7103.900169880864,6983.765834690347,7038.986239948416,287776
2021-12-30,7024.083984375,7132.981426221989,6998.185760484558,7089.432151485633,296041
2021-12-31,7163.171875,7185.404531022652,7031.607074029446,7031.607074029446,313398
2022-01-03,7257.16650390625,7336.307992429113,7156.95000703163,7156.95000703163,456599
2022-01-04,7359.60205078125,7377.831924343636,7253.405160290776,7330.569044974721,495182
2022-01-05,7499.7021484375,7531.194562242444,7335.970043296536,7354.537601611491,710043
2022-01-06,7602.66796875,7619.402979733314,7411.542774081676,7506.116567893493,739981
2022-01-07,7625.720703125,7663.144997823037,7557.7200315375585,7602.668087376784,523116
2022-01-10,7837.53564453125,7940.163514125068,7643.227154403252,7668.160828145566,827930
2022-01-11,7855.138671875,7873.079368799457,7783.231296091281,7812.843124469942,688923
2022-01-12,7881.0849609375,7909.298005652786,7827.311379984434,7909.298005652786,288174
2022-01-13,7790.70703125,7967.171384876057,7670.090417982374,7885.184754402151,684931
2022-01-14,7797.603515625,7856.247878620297,7669.125461376302,7669.125461376302,299536
2022-01-17,7972.47607421875,8072.210771493286,7812.939837558697,7836.7639042632945,862249
2022-01-18,7634.5458984375,7956.512467488479,7611.734420807309,7956.512467488479,785199
2022-01-19,7731.53173828125,7774.261049207993,7581.351345753701,7647.905193445432,681632
2022-01-20,7751.44970703125,7851.42506840713,7714.024941321621,7716.388273618802,522850
2022-01-21,7899.26708984375,7951.738438035425,7577.541630647051,7687.452128959527,1041476
2022-01-24,7766.83349609375,8037.389343304763,7670.860922840646,7898.687461001716,1153538
2022-01-25,8297.625,8356.848657893428,7608.262432190567,7706.742933583621,2162832
2022-01-27,8507.51171875,8653.592792069949,8102.25624917696,8349.13265082538,2899559
2022-01-28,8247.806640625,8613.41858138253,8220.219986834129,8483.204526680778,1045088
2022-01-31,8292.5126953125,8410.862985573573,8249.590286727864,8319.230877359181,561419
2022-02-01,8255.9580078125,8479.153997992476,8054.945694415383,8384.821329368091,819689
2022-02-02,8213.3720703125,8375.175090164521,8141.0309287989285,8275.537412974885,580433
2022-02-03,8288.994140625,8486.099286605368,8220.559223390866,8246.891213966344,810019
2022-02-04,8247.419921875,8372.280912582946,8191.0418741156,8333.602894821155,404421
2022-02-07,8209.8994140625,8309.585122299055,8102.207199920146,8242.066728966387,446099
2022-02-08,8294.5869140625,8477.512974730878,8136.979309965948,8311.225375942955,998182
2022-02-09,8632.1787109375,8671.097865906813,8316.337118081952,8316.337118081952,1403525
2022-02-10,8493.2841796875,8729.164338137967,8478.28563819102,8729.164338137967,811887
2022-02-11,8427.40625,8550.723412797499,8365.819256193276,8428.225739540276,671572
2022-02-14,8069.798828125,8309.633243946644,8029.866144037359,8198.662129047154,995540
2022-02-15,8317.0126953125,8357.089497850706,8060.249691408884,8111.853037126633,682766
2022-02-16,8278.671875,8426.682033190204,8241.10252190793,8410.863060748728,422704
2022-02-17,8249.25390625,8351.35099932519,8222.776858651046,8271.004288907065,305313
2022-02-18,8265.3115234375,8339.437634988031,8218.000611628,8246.88902531557,385273
2022-02-21,8307.3681640625,8414.963375222025,8144.262425759191,8241.151523915318,626049
2022-02-22,8317.1083984375,8352.796691997894,8087.593900516814,8193.839291771326,620828
2022-02-23,8390.462890625,8478.333829881036,8348.360911014475,8381.92701261908,557954
2022-02-24,7919.087890625,8282.818736965033,7865.892666447331,8104.136135314589,947351
2022-02-25,8059.86328125,8165.867537350499,7918.508888065177,7967.170547899259,1344343
2022-02-28,8019.40185546875,8044.287020141133,7826.443631808321,8005.753116451268,961303
2022-03-02,7537.1748046875,7908.332865685105,7488.754283349086,7907.079141068794,1783011
2022-03-03,7326.2763671875,7658.467256269543,7290.540032692868,7643.082518893734,1050154
2022-03-04,6990.3720703125,7252.633181037174,6877.230721032281,7216.75178888689,2511658
2022-03-07,6529.07666015625,6780.631184781702,6491.411230631376,6744.1229308431775,2469925
2022-03-08,6565.00634765625,6611.980048570581,6304.819386591054,6467.297771796608,2840376
2022-03-09,6777.73779296875,6827.170904115594,6536.74525350551,6630.306458993194,1827539
2022-03-10,6956.130859375,7137.514491957839,6922.853935285613,6997.799544014441,1535070
2022-03-11,6850.75439453125,6944.749842946752,6829.004012230973,6944.749842946752,1024452
2022-03-14,7057.3603515625,7074.963361972315,6763.414191431476,6800.0670350245155,1023874
2022-03-15,7157.046875,7349.860038239408,7058.566372681888,7061.460018366234,1586111
2022-03-16,7220.4169921875,7326.469288434,7176.240859157945,7301.632164492694,584457
2022-03-17,7420.271484375,7467.486321035851,7263.050081547348,7305.490214825978,1133271
2022-03-21,7432.376953125,7658.515550949162,7378.796469113488,7565.918889375974,1354525
2022-03-22,7491.310546875,7532.159270227099,7269.464390881629,7441.443671784276,1093502
2022-03-23,7373.8291015625,7584.052176162323,7341.179038840549,7523.4787154061605,808597
2022-03-24,7289.04541015625,7383.619207832918,7259.530130101874,7329.8936647905375,565485
2022-03-25,7152.5615234375,7274.914126635109,7123.190832564137,7248.582140381786,686637
2022-03-28,7212.26708984375,7271.731412893874,7150.198297358043,7161.772879790027,599515
2022-03-29,7175.4208984375,7294.976873715066,7138.623467259987,7267.872966599649,446257
2022-03-30,7329.21826171875,7359.456951121516,7224.468201347481,7254.369204584033,589206
2022-03-31,7293.240234375,7381.448381270736,7261.120958375238,7329.169665259627,434317
2022-04-01,7427.07177734375,7454.995645891089,7250.849042135632,7305.490622587542,449386
2022-04-04,7499.171875,7517.691395540606,7361.096844319723,7378.796404398978,491029
2022-04-05,7486.68115234375,7619.933438469116,7455.960187261552,7505.152162623821,488132
2022-04-06,7469.6572265625,7570.7417283423165,7402.910277108839,7464.641385608509,393628
2022-04-07,7369.63330078125,7473.322271376628,7350.872642829323,7388.2008606320505,458566
2022-04-08,7290.009765625,7456.442426428814,7248.967943006908,7435.511534896582,849846
2022-04-11,7297.1953125,7346.53187533021,7219.645705330323,7344.892425421261,496254
2022-04-12,7348.2685546875,7438.116158104331,7234.1141393739845,7272.696081450646,598047
2022-04-13,7204.6953125,7431.798454409791,7176.241130597765,7348.268456733102,527991
2022-04-18,7305.00830078125,7329.604288325968,7094.254446721608,7113.063143079333,551783
2022-04-19,7171.51513671875,7405.803889188246,7089.431959564158,7311.2781297273905,425990
2022-04-20,7394.904296875,7426.0590255570805,7207.685335703198,7233.1493223344005,542622
2022-04-21,7599.87109375,7619.740417025317,7413.568165271199,7436.476193243879,772708
2022-04-22,7624.27392578125,7732.447950225347,7456.924754281086,7512.868569537625,960818
2022-04-25,7631.845703125,7714.459191040411,7533.124066269768,7533.124066269768,701521
2022-04-26,7626.44384765625,7781.495018935314,7552.414750327054,7716.387995225598,801963
2022-04-27,7512.2900390625,7586.17455421703,7446.315010623709,7572.6708741459515,570519
2022-04-28,7608.5029296875,7658.514862118569,7491.358800430728,7565.918208873811,561932
2022-04-29,7444.19287109375,7664.785320580329,7355.647499496079,7637.295685944133,1162749
2022-05-02,7364.08740234375,7475.251628169103,7276.84379334014,7393.264997408539,544053
2022-05-04,7135.63330078125,7472.357278535089,7095.701086813396,7378.796073421121,599211
2022-05-05,7145.0380859375,7270.7670856253635,7118.513000390312,7185.886811874364,524174
2022-05-06,7021.18994140625,7098.98068675932,6902.936196517768,7054.708003083465,650559
2022-05-09,7099.36669921875,7161.290906218393,6877.231350439375,6946.196573659069,570578
2022-05-10,7249.45068359375,7306.4555996944755,7089.576754135089,7089.576754135089,663616
2022-05-11,7134.23486328125,7291.552345136006,7086.152026887302,7252.4400922766345,605312
2022-05-12,6996.49755859375,7064.3056048526905,6955.166558659415,6965.487416625857,571754
2022-05-13,6850.17578125,7079.786375798791,6811.979564374384,7079.786375798791,703097
2022-05-16,6990.66162109375,7046.364295520933,6896.521595746437,6903.273435070944,369545
2022-05-17,7265.7509765625,7315.762912024575,6997.847622422591,7021.913296628403,811448
2022-05-18,7298.30419921875,7369.295062380022,7243.3734452160525,7297.7738859368565,576970
2022-05-19,7142.0478515625,7258.227914002938,7123.239154642492,7185.886772002908,363255
2022-05-20,7317.64404296875,7377.735228583033,7185.886618296792,7253.935329360867,742204
2022-05-23,7617.47412109375,7672.839113571493,7500.426060564373,7523.575225723371,1161175
2022-05-24,7526.0341796875,7660.396066898201,7515.086460134164,7638.259490669079,581609
2022-05-25,7511.1806640625,7580.8692965038,7423.213648288,7562.060599858743,454335
2022-05-26,7528.30126953125,7562.012429011258,7349.859791649984,7523.47852688581,476799
2022-05-27,7661.36083984375,7683.496945750453,7555.30854189563,7644.047005556347,431411
2022-05-30,7729.79541015625,7774.2611918122975,7669.125401501188,7697.290407110532,389517
2022-05-31,7683.93115234375,7812.842967106822,7619.933264215296,7729.795245817829,2494005
2022-06-01,7657.9365234375,7782.845558375066,7600.738983858337,7692.322584421101,522004
2022-06-02,7644.43310546875,7689.381162807304,7577.107803997138,7644.047380236814,352848
2022-06-03,7431.89453125,7711.56556849195,7408.697327277882,7668.160884241526,591905
2022-06-06,7437.19921875,7501.197105665024,7322.32186963299,7417.377935542098,606990
2022-06-07,7532.54541015625,7542.769719059144,7287.164351341667,7345.085303826615,991192
2022-06-08,7612.65087890625,7640.188549764912,7446.989676605767,7546.627346718933,813596
2022-06-09,7648.72509765625,7726.033566553099,7552.511383765654,7569.77670790371,687937
2022-06-10,7653.78955078125,7705.007174703463,7548.557206241921,7548.557206241921,442921
2022-06-13,7621.47705078125,7684.896119058004,7517.450393641839,7571.658211492642,565826
2022-06-14,7534.71533203125,7621.283561471091,7475.251010125539,7528.301178584495,553462
2022-06-15,7575.0341796875,7647.905635995724,7538.911647237051,7538.911647237051,604566
2022-06-16,7555.8876953125,7740.502195539011,7528.30151229682,7656.586470802326,1319566
2022-06-17,7415.59423828125,7571.417347475115,7375.083197008126,7528.301836588891,1317656
2022-06-20,7389.35791015625,7508.141961979947,7355.646752191544,7426.830242050182,1043423
2022-06-21,7504.76611328125,7562.060199681587,7354.826861367297,7441.443598788054,954884
2022-06-22,7506.84033203125,7590.032645627048,7443.0355387545815,7475.251366578932,796824
2022-06-23,7977.78125,8022.921934843381,7526.372517682264,7533.124357695563,1676430
2022-06-24,8066.712890625,8092.562604238224,7946.240395937679,8015.398717666227,1156788
2022-06-27,8149.228515625,8243.706222356961,8093.76698112008,8144.64691060068,921090
2022-06-28,8188.728515625,8237.149044193533,8083.929932462313,8116.917683284191,691242
2022-06-29,8207.248046875,8227.599645775323,8073.271868128892,8092.514801292581,655413
2022-06-30,8170.4501953125,8328.491109389748,8136.545934657028,8198.663242352359,1130302
2022-07-01,8104.71533203125,8150.43531043104,8011.154121958846,8140.789824856565,530569
2022-07-04,8144.01953125,8167.409830452289,8025.042860331783,8104.714183105947,625431
2022-07-05,8052.7265625,8206.90926942509,8039.512059149364,8197.215745012703,610290
2022-07-06,8324.1015625,8345.7078255949,8073.270914413674,8080.022753888094,976098
2022-07-07,8301.291015625,8391.572383107867,8272.16146103318,8386.749640358954,547662
2022-07-08,8175.46484375,8350.048117910472,8145.611880028661,8314.407863332985,686327
2022-07-11,8206.0419921875,8222.776533046888,8117.736817331827,8152.075311479581,536114
2022-07-12,8121.208984375,8196.202628315752,8079.299164742565,8193.839296163329,424358
2022-07-13,8140.98291015625,8187.233201801526,8083.881447256751,8154.293491839706,413855
2022-07-14,8264.0107421875,8282.915516768653,8150.43515175914,8164.855340800639,606496
2022-07-15,8466.85546875,8487.062949876195,8272.161714780965,8291.259588264094,631246
2022-07-18,8396.2021484375,8529.502948321771,8376.139726702055,8489.956457212285,478682
2022-07-19,8406.859375,8486.965878696627,8360.175794386336,8391.523619547706,478458
2022-07-20,8438.8828125,8551.15663397114,8411.055965226644,8464.395308553037,398132
2022-07-21,8485.1328125,8518.795930569939,8412.839716950451,8481.274618655507,421090
2022-07-22,8517.8798828125,8573.871735627083,8479.345981313723,8536.25434360442,415294
2022-07-25,8315.951171875,8544.549171901732,8189.016962982915,8515.51663812658,623462
2022-07-26,8223.595703125,8319.617262786342,8171.027808269397,8316.337421009406,429454
2022-07-27,8351.15625,8398.75727941607,8160.0795858827105,8252.24199849093,1298855
2022-07-28,8411.875,8459.234893657644,8322.89540624365,8391.571443688408,725196
2022-07-29,8462.513671875,8625.956591383792,8420.507776225037,8453.977795064147,821432
2022-08-01,8684.216796875,8762.923581823794,8509.825665380471,8536.254672442552,1009408
2022-08-02,8847.8515625,8870.8076287566,8636.567398788253,8666.468402737597,848311
2022-08-03,8698.72265625,8878.630080711957,8597.894209741975,8878.630080711957,753729
2022-08-04,8705.7607421875,8784.69464569483,8573.038651799883,8761.393068385294,643264
2022-08-05,8583.9130859375,8723.722552646597,8553.62084518847,8705.857630420762,558385
2022-08-08,8662.3134765625,8736.150164014598,8583.719004229059,8583.913373679172,520993
2022-08-10,8621.2919921875,8737.605502114693,8569.154526547505,8678.477374084698,445375
2022-08-11,8557.359375,8736.150838601623,8470.124462765121,8695.081992836633,508318
2022-08-12,8446.044921875,8558.474838462274,8422.548976024982,8558.474838462274,712782
2022-08-16,8741.68359375,8776.927038135038,8451.724225561267,8482.890652624852,963726
2022-08-17,8684.060546875,8806.054391881047,8660.419534242441,8747.800448825605,623749
2022-08-18,8687.314453125,8750.131817317952,8618.671694072924,8665.274852945911,442229
2022-08-19,8523.4755859375,8707.02388715016,8461.386393456027,8694.839292012657,572597
2022-08-22,8376.9169921875,8512.309054157498,8351.86798635975,8496.337575177657,488485
2022-08-23,8466.7255859375,8502.163403022154,8314.779877067685,8356.528538290702,558231
2022-08-24,8450.705078125,8516.726211547852,8343.906185823329,8407.985521204331,442582
2022-08-25,8481.677734375,8577.893454877401,8427.404096019904,8467.210958685435,525721
2022-08-26,8466.8232421875,8575.709967469938,8452.842862498104,8543.913018452402,398063
2022-08-29,8577.1171875,8602.069484489366,8340.023432989312,8352.256382632386,459057
2022-08-30,8817.947265625,8897.318257280684,8611.873957014368,8626.243072297028,1016312
2022-09-01,8761.8798828125,8964.943830964703,8680.809799127548,8689.49953664828,888864
2022-09-02,8660.03125,8883.630071681207,8643.040515716848,8763.820743249975,632909
2022-09-05,8689.5947265625,8754.402237208336,8616.728943547472,8641.00141944479,386455
2022-09-06,8630.078125,8760.178585554071,8611.873769512024,8722.847330938024,397902
2022-09-07,8529.251953125,8615.321590162988,8505.07618607834,8606.04969331032,496785
2022-09-08,8534.8349609375,8626.535626804092,8524.494505770403,8572.068563946113,428924
2022-09-09,8685.6630859375,8727.411745974981,8475.94888667945,8577.553853679285,632296
2022-09-12,8667.84765625,8750.033695485483,8644.885513471248,8708.86814287895,383641
2022-09-13,8666.73046875,8727.460015391967,8651.584822654564,8711.19745611884,405093
2022-09-14,8706.2470703125,8738.092372887171,8568.864840227663,8602.020477400785,509547
2022-09-15,8941.7373046875,9053.633417433799,8767.218204764313,8767.266560086897,1392132
2022-09-16,8922.2236328125,9044.799648848075,8757.558570305428,8941.495601422796,1056382
2022-09-19,9010.767578125,9071.54642423058,8806.053903840548,8908.289378608135,727024
2022-09-20,9030.1865234375,9155.578521577434,8980.816683413708,9067.226703394661,747257
2022-09-21,8978.7783203125,9124.50989846724,8943.388857881135,9029.361785033554,440725
2022-09-22,9128.2470703125,9160.4327538402,8918.678884660952,8931.30057261007,511112
2022-09-23,9071.5478515625,9175.96786550321,9007.3708488693,9124.461855230888,574213
2022-09-26,8577.8447265625,9000.525247497377,8543.911615234638,9000.525247497377,865432
2022-09-27,8518.716796875,8649.691460696517,8418.180387789052,8631.292733688331,686285
2022-09-28,8472.7939453125,8592.45726255658,8408.034783998733,8466.24037621394,663740
2022-09-29,8373.859375,8543.912744855379,8353.7132171073,8515.174508516538,817007
2022-09-30,8571.2431640625,8613.816709819197,8309.148765595213,8415.75329584229,658982
2022-10-03,8298.2744140625,8708.964723779178,8262.351148200758,8708.964723779178,1123076
2022-10-04,8437.5986328125,8503.668126972147,8378.859237232826,8445.85127516667,503140
2022-10-06,8449.7353515625,8568.185048550966,8437.59911211696,8479.833225387438,474445
2022-10-07,8523.619140625,8588.183924950521,8457.501297137043,8495.366358621184,428616
2022-10-10,8604.49609375,8618.1370357322,8406.043949277462,8422.549233077152,411218
2022-10-11,8431.4345703125,8592.457821529659,8412.841471588079,8554.592753163595,422610
2022-10-12,8433.8115234375,8466.239931791491,8340.605212261815,8444.880152147065,380365
2022-10-13,8397.83984375,8529.785406344867,8341.964792016925,8412.840423978894,355605
2022-10-14,8366.529296875,8511.484354520344,8355.849405917097,8505.076799203092,274160
2022-10-17,8469.9287109375,8495.075374901671,8317.74028901543,8359.440591700304,304671
2022-10-18,8551.0478515625,8629.59396839975,8497.35732069479,8509.979009057424,369973
2022-10-19,8465.6083984375,8597.311236100028,8441.967385419506,8593.816378717163,385416
2022-10-20,8454.0068359375,8484.88123634971,8360.411787499363,8446.821803651663,328270
2022-10-21,8450.0263671875,8538.087109560973,8389.539539881323,8475.94956407406,356203
2022-10-24,8510.3671875,8533.037300847083,8491.336997412618,8533.037300847083,30052
2022-10-25,8742.9462890625,8754.597078120662,8541.388017613752,8563.329957749167,727441
2022-10-27,8778.8212890625,8812.802757493555,8642.94377066445,8786.636837172913,849108
2022-10-28,9216.306640625,9272.036619627102,8787.606398768112,8830.325952579382,1873029
2022-10-31,9250.337890625,9484.713312742115,9176.064109437082,9369.17631978313,1932020
2022-11-01,9179.462890625,9356.458567391363,9102.17969614244,9354.613479715457,805517
2022-11-02,8960.81640625,9179.462121967295,8941.980584718545,9170.14186999638,788679
2022-11-03,8970.234375,9039.071507196297,8897.708963634484,8941.98158767754,616860
2022-11-04,8960.9130859375,9052.663049274744,8923.581826569969,8988.486999150275,465775
2022-11-07,9061.6923828125,9080.624915267537,8984.99135389209,9007.030953096686,469017
2022-11-09,8984.2138671875,9204.947374859898,8951.688750793619,9204.461925361482,617256
2022-11-10,8832.51171875,8981.544728596726,8807.02561771758,8933.242499020995,445700
2022-11-11,8823.0947265625,8971.108497406576,8786.637651680683,8932.272529885335,461074
2022-11-14,8886.0078125,8896.396622281125,8730.858329198512,8835.181624937073,282822
2022-11-15,8895.572265625,8935.7185656959,8864.309123774408,8922.563072013889,359888
2022-11-16,8869.115234375,8983.24423795585,8835.036105883033,8893.436068054643,350737
2022-11-17,8724.9365234375,8902.75612709297,8708.965043400302,8836.15282720024,409572
2022-11-18,8590.5634765625,8761.345005212537,8578.864332193612,8747.80077332101,515615
2022-11-21,8607.21484375,8669.352385809261,8530.319445822935,8568.184510515297,520644
2022-11-22,8615.515625,8674.93483773057,8601.24321903799,8616.729248837864,455948
2022-11-23,8674.498046875,8727.41204805634,8642.943825987044,8679.837991948347,621006
2022-11-24,8706.1494140625,8733.141169026068,8661.39134237463,8707.897791052552,455343
2022-11-25,8757.0244140625,8815.763809489163,8687.119679009282,8738.091881652254,545439
2022-11-28,8723.9169921875,8839.161954726167,8689.54678542123,8765.276913830487,439956
2022-11-29,8650.9052734375,8762.121574723711,8629.351123980647,8723.528335842271,606692
2022-11-30,8712.994140625,8757.50948307476,8611.874624708771,8664.303173720527,1087650
2022-12-01,8697.4599609375,8762.364185089828,8670.128772615197,8756.587145942953,694489
2022-12-02,8559.2998046875,8669.060698163255,8499.97825341764,8563.32941490546,971612
2022-12-05,8536.193359375,8595.564219410166,8509.930727989231,8586.631757939163,519621
2022-12-06,8463.6669921875,8543.912183027605,8441.919420971446,8521.775872909402,551379
2022-12-07,8407.1611328125,8493.279122539667,8389.538935284545,8466.239962467449,546450
2022-12-08,8430.025390625,8457.501644175036,8355.605599012373,8412.840287771402,476001
2022-12-09,8362.6943359375,8508.717956461796,8296.770848427377,8453.619426263056,790406
2022-12-12,8407.744140625,8440.317618355932,8267.497565002053,8358.47100743562,445039
2022-12-13,8369.830078125,8444.248925406084,8359.441268105013,8409.928021408317,330236
2022-12-14,8390.12109375,8425.171119354329,8345.896830372862,8398.2770252632,343670
2022-12-15,8334.34375,8421.189914536635,8325.4596441252,8389.538983660157,472176
2022-12-16,8238.8544921875,8338.080558985317,8200.2129018619,8310.40993766125,624222
2022-12-19,8353.4697265625,8370.558119371977,8205.068180440669,8251.476967149069,464106
2022-12-20,8276.2822265625,8334.585468020825,8186.668441575289,8334.585468020825,694906
2022-12-21,8107.396484375,8317.644501606199,8047.103079441679,8276.28362973115,800720
2022-12-22,8091.81201171875,8140.017528174884,8046.811220600363,8113.463818763955,580858
2022-12-23,7904.671875,8087.540807610122,7886.467517640454,8058.171111070054,503012
2022-12-26,8016.51953125,8103.12392094442,7841.0295182245145,7909.914999273207,315102
2022-12-27,8063.75390625,8073.025802780812,7991.275911096266,8057.443062267068,423308
2022-12-28,8175.98876953125,8207.494631460295,8046.42210937928,8073.025121025889,538632
2022-12-29,8190.310546875,8203.126604793859,8090.502307698808,8126.425574875678,452134
2022-12-30,8150.3095703125,8242.933727854706,8118.901362279507,8223.51574498579,433976
2023-01-02,8158.755859375,8207.980631213626,8094.967601675456,8121.570615105511,398159
2023-01-03,8138.8037109375,8157.493516960052,8062.491427682066,8136.133738648564,493207
2023-01-04,8177.6884765625,8288.61369503051,8069.190505763375,8132.250589829711,566744
2023-01-05,8214.873046875,8228.36892206359,8145.890863416674,8199.193597107282,417716
2023-01-06,8139.09521484375,8237.059309731101,8107.00719038359,8213.806087502415,368978
2023-01-09,8133.2216796875,8201.136260684754,8082.831637641959,8179.678821902294,613406
2023-01-10,8051.8115234375,8165.260693771898,8022.441828314242,8136.133723401726,493677
2023-01-11,8043.3642578125,8092.103576317938,8009.0917133904395,8092.103576317938,327536
2023-01-12,8125.64892578125,8133.221749121739,8019.62655458345,8073.026005007432,283772
2023-01-13,8207.3994140625,8252.691291407804,8107.978959904495,8152.640321676212,705220
2023-01-16,8136.23046875,8266.525306390384,8100.792654648465,8233.22365975382,500575
2023-01-17,8232.5927734375,8246.13700529589,8099.386177550274,8165.115287060325,409248
2023-01-18,8246.8642578125,8288.953297309998,8217.98001327528,8226.427023995542,402883
2023-01-19,8254.2451171875,8271.089838140342,8210.40864141728,8232.253872237583,184776
2023-01-20,8194.193359375,8252.64167000777,8167.202556247689,8215.795862570021,346337
2023-01-23,8172.15380859375,8235.16553460856,8134.095325307546,8233.223736557487,410827
2023-01-24,8445.65625,8464.297700910833,8172.057094352658,8204.096762181294,1039571
2023-01-25,8528.474609375,8575.951955759909,8427.695470009296,8493.32881962791,1131883
2023-01-27,8483.23046875,8630.321675160945,8369.24654076223,8571.5339271779,743546
2023-01-30,8560.416015625,8607.019165080597,8464.29701987283,8523.52185563932,1036998
2023-01-31,8636.4384765625,8683.575437703681,8573.23332512745,8599.156520431907,643670
2023-02-01,8513.6669921875,8767.654729786724,8421.480894168255,8676.924032068417,707460
2023-02-02,8612.0205078125,8679.83742656914,8496.434218466187,8509.93009439357,456995
2023-02-03,8682.0703125,8702.168112295461,8587.748039468328,8679.837434332414,351157
2023-02-06,8648.76953125,8675.954707145263,8563.330407007747,8667.168259564996,205161
2023-02-07,8507.455078125,8660.420042954505,8497.842797698786,8648.769253659051,318669
2023-02-08,8577.6015625,8596.825173021023,8420.65536030296,8517.696904727927,391645
2023-02-09,8545.0771484375,8575.951549465744,8446.82197218974,8546.144758165037,392186
2023-02-10,8554.9306640625,8616.728765678852,8517.648710739959,8541.775172026431,276298
2023-02-13,8553.0869140625,8606.438007040198,8500.901089585568,8531.29004053597,253037
2023-02-14,8519.1064453125,8589.544990744056,8509.9312584912,8558.476217181966,227030
2023-02-15,8587.9423828125,8636.827723705504,8487.600335319208,8519.106202239313,452568
2023-02-16,8548.86328125,8621.584003055757,8534.203084105868,8621.584003055757,247514
2023-02-17,8551.4365234375,8615.758588627557,8495.12437579941,8531.290367170424,214587
2023-02-20,8440.6572265625,8591.48602046348,8422.792304105074,8551.436433126592,298434
2023-02-21,8417.548828125,8466.23979519541,8387.06316655599,8440.996419659275,323478
2023-02-22,8406.9658203125,8465.268113793474,8335.167651900101,8423.034008626597,363931
2023-02-23,8443.1806640625,8492.89088387664,8365.266017141008,8440.46233641545,317544
2023-02-24,8408.470703125,8485.65717283211,8358.76048520693,8457.501102121341,242982
2023-02-27,8380.99609375,8391.529970598682,8281.770007895357,8378.859925924611,220225
2023-02-28,8373.373046875,8455.560032719859,8354.877609150033,8398.276987372463,370998
2023-03-01,8509.1064453125,8520.853946157386,8369.150948967574,8369.150948967574,333441
2023-03-02,8299.97265625,8515.754954580349,8261.476132431064,8515.754954580349,603893
2023-03-03,8350.9453125,8377.887760681588,8301.186737029502,8342.012851762433,437977
2023-03-06,8380.267578125,8410.89925638718,8340.946162924298,8388.568576149743,275417
2023-03-08,8440.900390625,8458.521641084111,8359.489929060797,8374.005060794914,348171
2023-03-09,8293.37109375,8482.744758434275,8285.700612215858,8471.093970165854,431466
2023-03-10,8351.236328125,8376.916796993457,8233.320451779216,8281.768692437898,516128
2023-03-13,8270.5068359375,8385.946163945035,8234.291542905083,8351.236522953028,479314
2023-03-14,8264.439453125,8296.284755131497,8199.243196937467,8296.284755131497,349510
2023-03-15,8228.3212890625,8451.628075871835,8194.388176829487,8398.27698217714,509229
2023-03-16,8191.91259765625,8285.070553618434,8166.232127469733,8213.90289283941,340261
2023-03-17,8074.8212890625,8263.273361320833,8052.199531094249,8255.554524336068,471602
2023-03-20,7980.4013671875,8074.821298795093,7893.409192490795,8074.821298795093,488199
2023-03-21,7988.9462890625,8034.189806479607,7975.935862263441,8005.062834371523,287497
2023-03-22,8012.248046875,8048.364734586075,7977.877839757324,7996.324922507159,218120
2023-03-23,8110.1142578125,8131.279667796668,7993.023261710057,8023.509871602587,540553
2023-03-24,8003.0244140625,8142.445142837172,7972.0523541210305,8110.114393068477,391840
2023-03-27,8037.4423828125,8074.773643753948,7990.062695196493,8009.917771908322,364326
2023-03-28,7969.916015625,8112.443808031562,7903.118349912935,8064.190883255215,360349
2023-03-29,8053.8994140625,8077.006623872945,7949.236676819645,8009.771858698012,339851
2023-03-31,8050.84130859375,8126.425423870137,8016.762181478429,8083.657508370852,478757
2023-04-03,8255.603515625,8329.343492908047,8146.182995928574,8168.02822597758,627265
2023-04-05,8201.232421875,8299.24486810588,8184.6787831226675,8273.953138126013,272888
2023-04-06,8268.80859375,8286.624213827463,8133.318859366311,8217.690374438858,309551
2023-04-10,8286.76953125,8306.818028049687,8158.513195918223,8210.504651203672,308275
2023-04-11,8407.5498046875,8418.618434597187,8296.333493245298,8330.314964545894,409240
2023-04-12,8370.1689453125,8456.482248876868,8340.99361890721,8419.636440829161,408458
2023-04-13,8418.4716796875,8450.705719256408,8369.150195311378,8376.965743394047,480202
2023-04-17,8422.2099609375,8592.45673287896,8398.276919706554,8592.45673287896,489356
2023-04-18,8478.5224609375,8494.20191261999,8437.113234791217,8439.977576783887,276111
2023-04-19,8427.35546875,8487.405196234375,8410.364735233721,8437.161169979094,280819
2023-04-20,8461.0458984375,8485.561099777691,8412.986394820095,8417.694876018091,369060
2023-04-21,8309.3916015625,8450.705776100991,8301.187314529352,8426.822037471034,424157
2023-04-24,8219.77734375,8327.401123822834,8198.999724892488,8327.401123822834,543745
2023-04-25,8222.4482421875,8276.915305586132,8174.970894197681,8262.351818244924,906406
2023-04-26,8259.341796875,8301.18716813763,8189.437062827526,8278.856489205798,959058
2023-04-27,8294.3427734375,8320.605404835698,8224.729117352907,8320.605404835698,536521
2023-04-28,8339.5859375,8361.819905514865,8286.720293380393,8342.935728928423,387567
2023-05-02,8521.435546875,8570.126516913391,8355.55781177712,8371.772016680858,865562
2023-05-03,8541.2900390625,8571.096829582497,8461.433592049229,8514.784684576178,537008
2023-05-04,8544.494140625,8566.194304143297,8488.570732374192,8540.659847739607,271926
2023-05-05,8688.236328125,8726.440827210981,8534.20281165827,8544.49396252637,951591
2023-05-08,8812.1220703125,8855.521445347405,8699.255061286323,8782.752375490634,678780
2023-05-09,8846.3955078125,8874.017776845087,8788.432641895186,8818.676528127344,415394
2023-05-10,8901.3486328125,8912.85340746338,8796.345519784121,8863.143185758172,366827
2023-05-11,8991.400390625,9043.925655809739,8876.008456822727,8973.972561112008,644550
2023-05-12,9024.8955078125,9058.29386661339,8963.971591755437,8991.447845543684,403028
2023-05-15,8939.3583984375,9036.6426703188,8918.096278687603,8973.048784215564,259316
2023-05-16,8807.365234375,8960.71893794303,8793.529922101274,8950.815577423631,448981
2023-05-17,8854.0185546875,8866.251505365128,8769.209940576364,8816.10418236561,290482
2023-05-18,8789.8408203125,8883.726954918351,8780.90835877281,8878.824103987266,272497
2023-05-19,8840.958984375,8852.852498531749,8699.789873820293,8796.345980419524,543472
2023-05-22,8890.18359375,8902.853637334196,8809.792390022041,8825.47278969243,182115
2023-05-23,8932.951171875,8966.252820007649,8890.279968554958,8902.173482041162,269008
2023-05-24,9000.962890625,9047.032242852245,8892.464915485196,8901.203007442764,470365
2023-05-25,9011.7392578125,9022.953900715558,8947.85428789661,8952.417703207095,218979
2023-05-26,9126.40234375,9141.014184229907,9040.283411886428,9061.400465365663,346760
2023-05-29,9061.88671875,9212.667158833798,9041.060743497743,9160.432977061793,236834
2023-05-30,9110.2861328125,9129.267969653532,9029.362068158047,9107.033999927147,372004
2023-05-31,9095.091796875,9174.948248799807,8997.904226922868,9174.948248799807,1614766
2023-06-01,9056.837890625,9104.65467133022,8953.631505858506,9065.770351979376,378706
2023-06-02,9209.3173828125,9247.959925439804,9041.692222377013,9115.771633948654,445105
2023-06-05,9303.251953125,9359.467390672915,9212.424531301715,9274.513718817741,434649
2023-06-06,9452.8671875,9485.683384606156,9331.310441090049,9348.78662337489,542318
2023-06-07,9425.0029296875,9514.811095641257,9369.661681478157,9503.160306544552,453747
2023-06-08,9377.525390625,9480.829431066833,9345.389010623023,9449.760660785816,273746
2023-06-09,9347.62109375,9431.216065562954,9331.406891010049,9393.933165139564,161389
2023-06-12,9272.5244140625,9417.722199164164,9260.097093985136,9344.904759479905,316879
2023-06-13,9240.53125,9338.154955006172,9229.026476085633,9308.97962962963,561014
2023-06-14,9255.095703125,9319.660493500853,9214.317940782357,9242.959464332547,328167
2023-06-15,9315.630859375,9415.58511144527,9265.29012024884,9276.940909460092,459978
2023-06-16,9324.2236328125,9362.768515704696,9274.027961024545,9315.824976559355,682099
2023-06-19,9254.6103515625,9361.55526819141,9233.25057106162,9357.525657612188,395006
2023-06-20,9215.87109375,9261.30993076566,9145.869646941175,9252.668549400149,612713
2023-06-21,9166.1123046875,9259.46463155151,9122.616215036212,9225.483163363997,356331
2023-06-22,9129.4130859375,9218.055988928621,9101.01428572796,9164.365455426165,288487
2023-06-23,9055.8662109375,9152.665032553654,9034.215352488782,9145.868739435178,309138
2023-06-26,9194.6083984375,9242.958981632866,9029.36119004051,9055.866544550296,405168
2023-06-27,9185.67578125,9223.540843660818,9121.644800185553,9213.83185329907,339375
2023-06-28,9263.0087890625,9296.358793571013,9158.054028470306,9199.705978719325,482586
2023-06-30,9504.1796875,9566.754324402056,9263.348354302534,9290.533529223452,845006
2023-07-03,9391.5068359375,9501.07241826751,9375.535356383085,9458.547228033314,398066
2023-07-04,9366.6513671875,9433.74010865338,9340.096710721307,9417.720275195574,247673
2023-07-05,9701.5146484375,9744.865671442603,9393.448561221214,9414.808340895308,815044
2023-07-06,9572.4833984375,9724.816905226207,9529.569466649222,9708.943083481232,652120
2023-07-07,9563.5986328125,9655.591320354337,9529.374440349706,9567.239504351095,457050
2023-07-10,9452.96484375,9644.280324327328,9436.896653059472,9567.239858972509,272008
2023-07-11,9612.046875,9667.09609414287,9452.964492370857,9510.927356887925,568772
2023-07-12,9549.568359375,9660.445216717193,9519.664859287645,9607.04577079564,552967
2023-07-13,9366.7978515625,9610.882275738686,9332.28257660548,9566.220915093258,519564
2023-07-14,9324.17578125,9444.226889429947,9311.893528034689,9419.614975815384,498441
2023-07-17,9407.576171875,9416.751358961445,9276.941873891805,9366.264600464076,444583
2023-07-18,9384.37109375,9482.091517493769,9322.28190781044,9427.624458236169,320985
2023-07-19,9327.9609375,9384.71017635362,9248.444874538098,9370.146690667161,450254
2023-07-20,9488.1123046875,9500.248544524655,9296.796809523341,9340.050178674213,466813
2023-07-21,9485.732421875,9558.501497971269,9420.633827812619,9437.13911226823,328483
2023-07-24,9412.6728515625,9529.375118547263,9398.303733829598,9485.733012303272,358506
2023-07-25,9474.615234375,9490.490002970442,9336.941936616897,9343.932599512089,240998
2023-07-26,9472.4306640625,9524.519777885036,9442.236082556212,9477.43117347857,209861
2023-07-27,9469.7607421875,9541.171126941146,9409.614303618906,9485.683866112731,256672
2023-07-28,9388.884765625,9466.265608484096,9268.590943855648,9455.585719079652,381151
2023-07-31,9534.9560546875,9551.412981849178,9326.455500988022,9388.884115097973,600060
2023-08-01,9433.9833984375,9604.13345793025,9369.224241800697,9475.974782591917,1394528
2023-08-02,9372.865234375,9508.45166849811,9243.29856410308,9432.284446973854,672815
2023-08-03,9353.1669921875,9467.096143417108,9325.62741451082,9407.215387326862,614897
2023-08-04,9281.3310546875,9424.023878676262,9238.797119829567,9369.141876055019,540470
2023-08-07,9333.6640625,9349.344634127146,9233.896616935514,9300.539046350883,366329
2023-08-08,9352.0400390625,9430.88410727405,9315.23988773146,9349.492328915996,430636
2023-08-09,9274.17578125,9349.589722473089,9229.486534559504,9349.540912099568,404602
2023-08-10,9209.9833984375,9310.339440070613,9155.542605019578,9274.17573878746,523490
2023-08-11,9170.046875,9279.958264197749,9157.453798781684,9209.983330725638,498504
2023-08-14,9135.55078125,9177.054913114946,9073.07350116552,9173.134770050821,336864
2023-08-16,9231.49609375,9249.332936849361,9069.398745523582,9147.65422188042,336363
2023-08-17,9188.12890625,9285.593652265496,9163.334193375274,9226.93889589693,402798
2023-08-18,9267.2666015625,9280.938291303466,9150.250910545408,9163.334004613242,400745
2023-08-21,9250.3603515625,9279.95761976491,9225.32063198353,9266.775948788296,375347
2023-08-22,9302.4013671875,9318.228369713006,9221.842240164495,9232.132615151146,435930
2023-08-23,9409.2744140625,9447.544618640753,9257.417683369353,9328.960293033333,546842
2023-08-24,9382.5673828125,9468.761708623442,9364.240524961113,9468.761708623442,385559
2023-08-25,9315.92578125,9432.598842881795,9295.638850332094,9363.261315347689,346449
2023-08-28,9406.0888671875,9476.94525716966,9320.139544538106,9324.990912685867,325938
2023-08-29,9429.1689453125,9491.401215342625,9316.219825297194,9408.34318565675,317224
2023-08-30,9600.822265625,9621.941843879642,9418.14322543935,9467.145011211667,543634
2023-08-31,9804.0810546875,9864.059431616364,9575.046517604256,9575.046517604256,1581818
2023-09-01,10124.994140625,10190.362715261912,9752.678183785385,9799.37726916969,1193178
2023-09-04,10155.5712890625,10258.965057022971,10080.941186518608,10193.351474472745,819552
2023-09-05,10057.2236328125,10204.817578462993,10041.249242857875,10143.369150745262,507107
2023-09-06,9975.6357421875,10055.166019996657,9927.908770493992,10055.166019996657,663758
2023-09-07,10075.501953125,10095.25005516993,9947.362286235804,9947.362286235804,445805
2023-09-08,10125.7294921875,10192.371923998258,10094.368347805967,10191.391888236336,439721
2023-09-11,10323.548828125,10339.376787740266,10137.489430557851,10138.469466272329,598050
2023-09-12,10293.9033203125,10357.410403795846,10197.272176316786,10333.497148206074,568773
2023-09-13,10264.306640625,10326.048891874958,10231.573064278722,10290.3752083263,301707
2023-09-14,10278.76171875,10368.77761417135,10222.801106535933,10256.122320040833,501196
2023-09-15,10315.12109375,10339.376978129972,10268.226766775177,10279.888617752527,544616
2023-09-18,10312.0341796875,10411.557579588689,10284.54436725374,10290.424581980371,430213
2023-09-20,10140.1845703125,10284.543640233222,10131.168050289143,10284.543640233222,545106
2023-09-21,10078.9814453125,10138.469806591378,10002.73485557998,10136.558545470765,577252
2023-09-22,10324.82421875,10355.792966236355,10102.649918415309,10170.811214763375,986206
2023-09-25,10376.814453125,10505.982970245197,10319.776182526299,10324.823749335661,756801
2023-09-26,10345.89453125,10421.65110146789,10316.39488165331,10419.642219642517,452503
2023-09-27,10467.5166015625,10492.262503693853,10314.87603693049,10339.376930129849,458359
2023-09-28,10354.419921875,10491.282291815134,10321.784924094629,10437.870345537327,598144
2023-09-29,10398.7666015625,10491.772373982238,10300.714219437177,10330.556498449092,481725
2023-10-03,10140.33203125,10495.98642180295,10097.601899377474,10495.98642180295,623006
2023-10-04,9927.6142578125,10078.589523126337,9888.5602179743,10078.589523126337,407793
2023-10-05,10006.3125,10065.898482807923,9907.181500027642,9978.675300148663,377196
2023-10-06,10096.3759765625,10126.659460673662,10055.165669301818,10077.706489028324,335700
2023-10-09,10040.26953125,10128.081304063639,9980.634741830618,10045.365908294749,230083
2023-10-10,10167.87109375,10209.032596009036,10065.064958852745,10084.568053463856,348342
2023-10-11,10204.2294921875,10231.572871480841,10133.618110287489,10143.320846698965,193526
2023-10-12,10369.66015625,10412.438140460928,10212.168227310747,10251.173456890281,569237
2023-10-13,10513.3818359375,10530.53246077529,10319.57977527047,10323.744927016789,625954
2023-10-16,10490.79296875,10595.019390746409,10452.08155558118,10515.735070673274,304196
2023-10-17,10536.16796875,10582.278458582416,10354.371340246978,10515.783416913295,474718
2023-10-18,10573.06640625,10594.038596123572,10497.21125976164,10540.284020463509,267435
2023-10-19,10556.6513671875,10583.112332656823,10486.382611916843,10486.382611916843,286284
2023-10-20,10511.5205078125,10583.405745080654,10482.16824657196,10548.222079890242,232512
2023-10-23,10342.9541015625,10510.540205507947,10320.21708201165,10467.761264569113,227925
2023-10-25,10377.451171875,10434.881841083037,10291.943052660194,10309.976093292416,401105
2023-10-26,10216.0400390625,10382.498728257417,10185.021524770173,10328.596762045017,506129
2023-10-27,10349.86328125,10628.487241307852,10231.572780014198,10231.621590386318,1116713
2023-10-30,10190.1181640625,10486.38278728441,10040.466509881195,10486.38278728441,991168
2023-10-31,10184.8251953125,10280.574878203372,10114.948838697523,10280.574878203372,439996
2023-11-01,10023.560546875,10214.128688066026,9985.241532240356,10182.668966550082,699116
2023-11-02,10097.8955078125,10138.469368828362,9997.344227299964,10084.861224348448,569194
2023-11-03,10071.140625,10162.970161070143,10036.545556366376,10112.008304910485,517582
2023-11-06,10079.51953125,10132.540035517952,10047.32574214613,10132.540035517952,490459
2023-11-07,10048.599609375,10119.848394462188,10031.497795408677,10094.3674668759,264935
2023-11-08,10116.2216796875,10134.009709352365,10055.753289379962,10113.967789132203,287006
2023-11-09,10192.71484375,10240.981606398265,10110.784234548155,10143.32161418317,310536
2023-11-10,10181.39453125,10208.444090391236,10113.968267546245,10167.870230212431,206395
2023-11-13,10190.8037109375,10220.79242084072,10156.747470010832,10220.79242084072,261891
2023-11-15,10247.302734375,10287.435390228538,10167.919837679896,10287.435390228538,436538
2023-11-16,10275.1845703125,10333.202876710944,10201.388071550276,10270.774409545043,488715
2023-11-17,10313.4052734375,10395.042052545246,10289.541787930371,10290.374435415379,403772
2023-11-20,10355.302734375,10381.861320350294,10290.375365994321,10290.375365994321,234246
2023-11-21,10324.82421875,10406.999835187155,10290.375578629355,10406.999835187155,312242
2023-11-22,10285.0341796875,10340.602399157338,10211.97270458187,10339.377354447095,378891
2023-11-23,10279.1044921875,10314.875795421027,10186.539928434371,10278.418275780758,453820
2023-11-24,10305.712890625,10355.547323622734,10253.133591987984,10296.206352830368,380306
2023-11-28,10327.1748046875,10345.649051524346,10296.254870347866,10329.527273149655,268026
2023-11-29,10387.6435546875,10422.238624022013,10315.56211924531,10358.977510016923,343341
2023-11-30,10396.9052734375,10436.400522069289,10335.554462304062,10369.758092216653,665660
2023-12-01,10374.3642578125,10544.204255778059,10322.764994600631,10396.218862839822,591519
2023-12-04,10387.83984375,10481.579686489125,10216.87242032472,10481.482065743203,625235
2023-12-05,10507.845703125,10554.985039929044,10352.510036567084,10438.263164793063,580996
2023-12-06,10413.6142578125,10534.354846521206,10378.577981811577,10507.845072456807,464163
2023-12-07,10483.099609375,10714.583283926331,10422.680023590914,10574.585562251617,704413
2023-12-08,10406.5576171875,10533.42342662986,10340.356398806445,10515.782784493711,548373
2023-12-11,10331.291015625,10425.619448784002,10290.423336806793,10417.779163430527,579749
2023-12-12,10132.001953125,10411.899779738804,10095.445854096295,10407.979636749444,1088687
2023-12-13,10172.8193359375,10205.014082794203,10055.166242033363,10153.169811643824,603469
2023-12-14,10146.5068359375,10285.475720963768,10106.422988891156,10231.573751963957,635475
2023-12-15,10081.0400390625,10267.589459720692,9636.29905370201,10250.193825300661,1244681
2023-12-18,10113.576171875,10144.25205537764,10022.041410422487,10089.467676135842,652498
2023-12-19,10029.29296875,10169.83047112539,10002.44056477739,10113.576039051319,585734
2023-12-20,9879.984375,10103.236304169552,9790.556122132672,10035.565034097954,964051
2023-12-21,9812.9501953125,9897.62566364919,9702.353548048319,9800.357119240725,739806
2023-12-22,10013.171875,10112.301909240536,9829.757815682538,9849.35852917343,652545
2023-12-26,10065.6044921875,10075.943677868587,9912.767726569633,10064.96708612774,395273
2023-12-27,10083.09765625,10099.610875552891,10025.76556577125,10080.647566913301,397675
2023-12-28,10066.5341796875,10105.099158210323,9983.62354339436,10105.099158210323,584234
2023-12-29,10096.6708984375,10189.089035061437,10067.907232080515,10075.208689811181,705227
2024-01-01,10078.0009765625,10138.469370990719,10010.722099635568,10138.469370990719,411724
2024-01-02,9994.1591796875,10089.173833356683,9948.391320534685,10078.001043416072,776837
2024-01-03,9876.45703125,10006.164371694247,9864.05919697381,9996.364014816976,521046
2024-01-04,9815.3505859375,9917.960507103047,9786.194526146362,9898.359794638418,711733
2024-01-05,9817.017578125,9873.85964855839,9770.955900360013,9810.794734274685,673131
2024-01-08,9748.1220703125,9926.733590960492,9714.017016630813,9805.257964791048,600153
2024-01-09,9823.9755859375,9842.156014025986,9692.553179943881,9775.856215363016,666469
2024-01-10,9810.353515625,9850.093771685033,9751.3551753119,9849.309934541447,481699
2024-01-11,9811.2353515625,9921.979389479007,9800.357337744063,9824.95585183534,1024815
2024-01-12,9766.693359375,9844.410000585867,9737.58610706725,9824.858096551572,850190
2024-01-15,9885.5224609375,9897.18431149926,9749.395119714558,9785.754061269035,463380
2024-01-16,9980.2431640625,10035.566375190534,9859.159935001637,9885.473512836672,536823
2024-01-17,9851.0244140625,9958.925954981683,9796.877445062095,9921.880799277875,610250
2024-01-18,9726.3642578125,9849.358737570217,9543.24497097576,9747.483835632574,614860
2024-01-19,9837.3046875,9850.976377136963,9750.424138542056,9761.155721034129,377018
2024-01-23,9663.5927734375,9773.895595082193,9635.808188356528,9665.111637290742,956269
2024-01-24,9788.79296875,9800.357198831394,9560.248447460024,9663.152198047756,459092
2024-01-25,9683.7333984375,9800.161455960038,9620.569901940842,9788.793423907258,718817
2024-01-29,9791.9296875,9834.658863862809,9677.901952442116,9732.882532886373,446516
2024-01-30,9752.97265625,9833.188195464594,9733.22455406953,9810.990004034245,399869
2024-01-31,9983.5263671875,10031.253341616297,9715.094197741317,9760.469660656285,997024
2024-02-01,10425.5703125,10486.185133917745,10000.283655739086,10006.16386957037,1869594
2024-02-02,10442.72265625,10497.751092178833,10329.969728876193,10386.419408128231,814940
2024-02-05,10220.3505859375,10545.13478315941,10192.370759544463,10390.337960835615,365105
2024-02-06,10628.33984375,10640.002651478246,10249.213413697422,10290.326102978748,829040
2024-02-07,10717.376953125,10754.422112406533,10571.449249704627,10643.18805674898,560808
2024-02-08,10529.40625,10732.37126661803,10476.533131015403,10732.37126661803,557082
2024-02-09,10518.576171875,10554.984882313152,10399.256820953771,10497.407782792641,645489
2024-02-12,10495.888671875,10534.355073628376,10437.429158740553,10486.382134041196,190655
2024-02-13,10578.9951171875,10613.786383726956,10427.726993243092,10515.782816010178,397979
2024-02-14,10807.78515625,10829.394752555672,10489.714753369839,10491.282427702125,354676
2024-02-15,10868.8408203125,10910.73734609581,10760.791885397646,10819.594026847906,447248
2024-02-16,11153.19921875,11250.810396506466,10876.436740455467,10897.997526929608,716486
2024-02-19,11254.0927734375,11381.203597407204,11106.793596514268,11153.198861976376,581383
2024-02-20,11217.9306640625,11250.761862454468,11089.937417882757,11211.609241914093,355044
2024-02-21,11236.9423828125,11290.99173658529,11143.006340159254,11227.289413620441,348461
2024-02-22,11425.0595703125,11461.517088419963,11163.831255533469,11270.410133974312,584406
2024-02-23,11305.2998046875,11486.018776454071,11246.106220727714,11471.269430104021,472884
2024-02-26,11238.0693359375,11303.682917255755,11188.528722874256,11275.310692418325,277700
2024-02-27,11271.0478515625,11332.055073322037,11156.971314313407,11187.10741180908,307585
2024-02-28,10930.1416015625,11269.381330709008,10907.79697975573,11241.98914238796,358812
2024-02-29,11062.9853515625,11122.42489819859,10907.307067098529,10932.29797686186,943841
2024-03-01,11388.9462890625,11441.917028302787,11069.503454790576,11069.503454790576,487355
2024-03-04,11362.681640625,11444.171037326345,11313.679854130094,11368.414466818447,369936
2024-03-05,11437.6044921875,11495.81899678797,11330.976797253708,11364.543020667177,320702
2024-03-06,11336.1220703125,11445.83726141884,11288.443906409533,11437.604578481421,639542
2024-03-07,11280.259765625,11401.245364720759,11193.135165761978,11340.041943580729,255325
2024-03-11,11168.0458984375,11325.195200953356,11123.454273014575,11285.25874521744,525344
2024-03-12,11280.11328125,11344.795637421294,11153.786296749622,11172.406975041358,283816
2024-03-13,11162.75390625,11324.165018869822,11042.649766691105,11280.210800964443,385204
2024-03-14,11176.9150390625,11231.209401017784,11076.412566943933,11174.122320074566,523058
2024-03-15,11247.52734375,11291.040355536295,11088.172961226006,11152.806508459347,972333
2024-03-18,11403.9892578125,11432.508871005486,11139.379618039467,11208.325703975555,311049
2024-03-19,11365.5224609375,11446.767800703834,11227.43600944938,11311.669309526122,409259
2024-03-20,11702.75390625,11784.929518444049,11418.543547801037,11418.543547801037,1031037
2024-03-21,11670.412109375,11760.428002551429,11589.26439050453,11759.44796688455,544311
2024-03-22,12091.3876953125,12179.198518816973,11652.674293355996,11652.674293355996,1062263
2024-03-26,12005.9765625,12075.902686318417,11898.810037878187,12040.277813169314,507568
2024-03-27,12260.58984375,12468.701009189264,12040.425387083254,12044.639349388686,878986
2024-03-28,12348.79296875,12472.718679637439,12138.232672580545,12319.00045645734,860324
2024-04-01,12318.65625,12435.672894438543,12256.473751002231,12361.532811520347,314676
2024-04-02,12301.849609375,12395.491831346111,12213.450195698377,12372.90219933172,333508
2024-04-03,12179.736328125,12275.437197344861,12164.741973283033,12201.444501771868,271935
2024-04-04,12316.3544921875,12396.472416135564,12072.129387650619,12240.646729190703,491166
2024-04-05,12173.611328125,12307.19096253899,12137.252385705406,12242.606225704061,231600
2024-04-08,12608.2568359375,12669.558834307869,12201.444401801082,12201.444401801082,570422
2024-04-09,12630.7001953125,12726.449875326129,12524.856338927199,12608.256994789539,314466
2024-04-10,12429.5478515625,12699.302679667018,12349.332311844517,12674.801787014474,464239
2024-04-12,12021.6572265625,12407.25248024691,11980.936932939849,12407.25248024691,973366
2024-04-15,12174.8359375,12260.246430350826,11792.720597815296,11955.945349885284,831257
2024-04-16,12253.0927734375,12299.35065078029,12030.281078518032,12062.279627564827,579183
2024-04-18,12157.34375,12350.410797057637,12074.08951976673,12319.04965235792,679117
2024-04-19,12457.185546875,12504.668470143217,11980.936985081376,12152.345619743483,635535
2024-04-22,12530.2470703125,12622.027801043603,12406.272548049426,12527.944369128543,342212
2024-04-23,12736.7890625,12764.47507123449,12521.230017240714,12588.55866175339,397281
2024-04-24,12685.630859375,12812.937879111638,12642.460478379491,12740.464047979332,296364
2024-04-25,12664.51171875,12721.549989639434,12485.997827734702,12705.183201538015,640725
2024-04-26,12449.736328125,12784.565913271828,12407.252162669325,12664.021520222197,704626
2024-04-29,12436.505859375,12735.367942659235,12351.390140188016,12544.505986791457,613937
2024-04-30,12561.6083984375,12736.544782219135,12485.851825333535,12530.7372718878,528776
2024-05-02,12549.7001953125,12587.726347419655,12264.951004398947,12495.455600297666,814923
2024-05-03,12242.75390625,12573.858599642494,12163.616019896053,12562.049360336654,834990
2024-05-06,12190.958984375,12393.924970278218,12125.492785159937,12299.449137503108,342231
2024-05-07,12117.2109375,12258.777294334071,11994.657657221465,12223.398386252322,604375
2024-05-08,12293.126953125,12309.19992187573,12078.940336382735,12144.602730097757,399669
2024-05-09,12255.00390625,12485.458728885334,12188.459098810272,12289.647785722218,504590
2024-05-10,12422.443359375,12443.465317981529,12251.427118105548,12255.347261171897,328670
2024-05-13,12420.8251953125,12454.686194732147,12228.444376930858,12407.252083560961,281421
2024-05-14,12558.3740234375,12583.658753819329,12398.824398252458,12420.825434704158,331037
2024-05-15,12512.4091796875,12615.411502527297,12446.45297071261,12564.057250750839,232030
2024-05-16,12248.1435546875,12591.498679517415,12054.439115665024,12591.498679517415,914201
2024-05-17,12389.1220703125,12413.035325702796,12076.294464047884,12265.294934760297,809226
2024-05-21,12224.279296875,12425.775214190853,12193.408171841442,12348.597401606958,443136
2024-05-22,12281.169921875,12312.188434443555,12116.278916215912,12179.68741708615,280015
2024-05-23,12676.6650390625,12716.061711285434,12224.034945345828,12315.178271775096,768732
2024-05-24,12740.9052734375,12773.78527967143,12555.23731915534,12608.159246813944,624801
2024-05-27,12648.4384765625,12797.796301386987,12521.916249402422,12763.44624121208,464953
2024-05-28,12562.685546875,12726.695099500428,12544.702274168867,12632.66048038411,333806
2024-05-29,12533.333984375,12593.50760233975,12495.455221602284,12562.097649450829,353706
2024-05-30,12346.490234375,12554.257810949655,12299.448518924135,12467.034630217842,524559
2024-05-31,12151.7568359375,12381.1340071376,12083.840551259707,12346.490126907525,908304
2024-06-03,12227.0732421875,12568.9583261908,12154.942037709397,12568.9583261908,485936
2024-06-04,11932.9638671875,12345.706297991725,11330.634289935279,12345.117702313628,825928
2024-06-05,12252.994140625,12362.268122785898,11883.030658421065,11936.835001970685,447581
2024-06-06,12420.4833984375,12436.653988730175,12219.086046610546,12261.766413212217,447536
2024-06-07,12555.1396484375,12571.897875969576,12331.151725039615,12331.151725039615,532480
2024-06-10,12463.6533203125,12662.061747073645,12375.793690556437,12510.30359572562,293471
2024-06-11,12606.8369140625,12681.221051216617,12402.548276140222,12489.085239088949,358807
2024-06-12,12592.822265625,12693.030923323962,12546.417954641734,12606.837542819221,302719
2024-06-13,12590.37109375,12681.661800900543,12485.262266227079,12681.661800900543,297240
2024-06-14,12588.7548828125,12637.560469715821,12523.680128897324,12575.32820218368,216967
2024-06-18,12310.1796875,12622.85988795415,12291.656629837968,12621.292213651659,823306
2024-06-19,11997.6953125,12372.951385260423,11956.436190113043,12358.250848961105,694871
2024-06-20,11906.9443359375,12059.829912825951,11892.733817572867,12001.517785743497,907751
2024-06-21,11957.90625,12119.367140438677,11842.26203105151,11976.036911445315,947800
2024-06-24,11940.1669921875,12043.658376351275,11800.609529631842,11937.814523747651,550862
2024-06-25,11874.7001953125,11993.480713720957,11831.039796233665,11957.807988434004,594272
2024-06-26,11954.720703125,12077.812806541451,11826.777231488775,11875.092800997325,447931
2024-06-27,11935.609375,11983.18991520179,11770.228356255773,11956.43513291594,1230852
2024-06-28,11793.6025390625,11957.90591136071,11764.496243651818,11941.686511507862,1160395
2024-07-01,11866.91015625,12015.238182800938,11765.867897128841,11804.53049851854,1134926
2024-07-02,11802.177734375,11907.385142760259,11755.528417105228,11907.385142760259,687181
2024-07-03,11881.611328125,11907.434888451662,11721.228087726904,11873.133635686576,467532
2024-07-04,11848.2392578125,11966.235939336415,11830.794813704004,11892.733261576364,299684
2024-07-05,11862.400390625,11895.133964361916,11781.89103572403,11828.197720470152,406926
2024-07-08,11783.5576171875,11870.193161463223,11727.107940065136,11862.352875359218,496933
2024-07-09,12571.6044921875,12701.214217140328,12019.206971594225,12078.940340594409,2114130
2024-07-10,12517.7998046875,13034.474817435457,12478.451945549723,12691.511132611593,2070520
2024-07-11,12461.349609375,12665.784665124986,12441.601508009191,12544.456441889302,608983
2024-07-12,12311.69921875,12416.955442061542,12225.946089863184,12368.051274875621,674746
2024-07-15,12391.5234375,12513.5867009644,12338.650316414756,12348.450674092608,697186
2024-07-16,12387.2099609375,12542.49680801805,12330.564089254656,12390.591275493998,347810
2024-07-18,12391.62109375,12426.853571116046,12214.185808897419,12380.791889898186,391216
2024-07-19,12274.26171875,12456.254551406044,12246.968105568865,12397.45240560869,351955
2024-07-22,12388.8759765625,12406.222799423174,12152.491180339879,12250.4459374691,249631
2024-07-23,12376.919921875,12480.706087479828,12113.241502745059,12466.054362048313,332258
2024-07-24,12237.951171875,12410.388650016004,12209.48132532607,12381.771415281088,285860
2024-07-25,12259.462890625,12274.94726342432,12140.731181573892,12140.731181573892,396789
2024-07-26,12410.8779296875,12488.692187796923,12141.858137750207,12221.04482862673,537693
2024-07-29,12496.974609375,12518.682783947364,12351.3904909077,12455.274279849715,388263
2024-07-30,12616.63671875,12709.886539492585,12456.155876097957,12505.255280855443,526539
2024-07-31,12853.9521484375,13107.977595381406,12637.707843692431,12720.863490695376,836405
2024-08-01,13092.345703125,13406.888351887514,12850.228075288675,13125.618106493383,2040384
2024-08-02,12590.1328125,13033.830511227592,12537.353476477174,12985.453720174766,1333355
2024-08-05,12070.208984375,12356.263296533365,11898.864296654514,12356.263296533365,1131415
2024-08-06,12001.2060546875,12420.468995862939,11980.332369041798,12257.334273528313,623565
2024-08-07,12239.0322265625,12316.69168821106,12134.563324468734,12266.237770452122,433514
2024-08-08,12088.0166015625,12260.005686966373,12022.031562926568,12238.537845919094,358577
2024-08-09,12093.3095703125,12257.334073572203,12064.52057890228,12257.334073572203,320211
2024-08-12,12141.833984375,12237.548032242377,11970.439061449699,12069.368309891432,291212
2024-08-13,12045.873046875,12207.91896843283,11992.203927663997,12204.90181946797,464483
2024-08-14,12074.9580078125,12107.95052520341,12000.117646108129,12107.95052520341,449827
2024-08-16,12082.5263671875,12211.777823784352,11981.321933720596,12183.088340167978,552732
2024-08-19,12019.7060546875,12112.946874607615,11996.952326749435,12064.422269769588,277319
2024-08-20,12084.158203125,12178.1902588153,12020.002007028937,12030.291035119697,471927
2024-08-21,12090.0947265625,12117.794917376925,12046.664398093202,12084.15897138798,295984
2024-08-22,12144.900390625,12193.029856378762,12050.571738786994,12148.511694631334,501316
2024-08-23,12170.5732421875,12242.544273411415,12123.186709883727,12168.298062600243,440809
2024-08-26,12112.69921875,12202.428240983896,12091.1328356484,12193.029962311122,232805
2024-08-27,12363.08984375,12395.83503909485,12094.199369059488,12113.886676274258,477609
2024-08-28,12225.181640625,12385.892394843113,12197.976097827737,12366.155816938095,313227
2024-08-29,12320.451171875,12346.370829497868,12118.833546582442,12210.837752283029,608598
2024-08-30,12270.1953125,12435.40716585705,12184.324913676935,12326.584986999113,2271179
2024-09-02,12294.333984375,12390.888545802503,12218.158461977651,12240.51608600514,331514
2024-09-03,12264.357421875,12340.73099458027,12227.55651449022,12340.434400057347,445514
2024-09-04,12204.1591796875,12265.247989442953,12103.102567876393,12193.07891085075,735076
2024-09-05,12166.912109375,12237.54797889686,12099.047031682183,12204.901327053401,595865
2024-09-06,12055.6669921875,12173.095237171552,11965.196001290638,12118.832930858209,733354
2024-09-09,12015.69921875,12089.005405562413,11972.417672462589,12066.895104929965,415790
2024-09-10,12132.08984375,12156.47532383517,11968.460480332342,12020.002232344694,285122
2024-09-11,12111.51171875,12201.933437786316,12034.743008810648,12128.725794329514,349799
2024-09-12,12268.0673828125,12293.937767857073,12021.238906665374,12130.80304988499,547830
2024-09-13,12184.17578125,12262.280617858034,12159.443468587922,12232.60184266354,361093
2024-09-16,12157.416015625,12231.61295607352,12124.769361827652,12190.013398016583,170114
2024-09-17,12114.62890625,12153.458637754426,12021.536866334012,12153.458637754426,568161
2024-09-18,12073.423828125,12205.841204694501,12039.68934139223,12108.989085588015,182282
2024-09-19,12219.24609375,12277.119703958022,12075.700141026839,12128.67656022684,465608
2024-09-20,12479.4306640625,12569.1104186683,12227.704985687653,12228.051817737978,875654
2024-09-23,12547.294921875,12612.489681997158,12489.81741589255,12489.81741589255,235586
2024-09-24,12602.201171875,12642.119704286772,12448.366186686804,12448.366186686804,425916
2024-09-25,12648.4013671875,12678.970892266965,12475.967875475275,12590.973130056514,341172
2024-09-26,13240.4931640625,13267.402114088052,12692.623154406809,12697.569617054667,1471069
2024-09-27,13351.095703125,13396.653396407877,13132.314242700864,13239.701752177032,865698
2024-09-30,13096.25390625,13355.448537118522,13067.26782968322,13200.673534739395,415743
2024-10-01,13025.025390625,13158.035963898568,12860.852102798439,13096.254452460409,388888
2024-10-03,12511.927734375,13007.217395937236,12457.467377121106,12802.483126043613,863520
2024-10-04,12470.7744140625,12739.960527278306,12378.522884870557,12554.023767598752,679362
2024-10-07,12393.3623046875,12512.572055852126,12245.463069840102,12490.856891360689,465500
2024-10-08,12397.7646484375,12494.863130075582,12328.612714516892,12368.382467231997,387060
2024-10-09,12624.0654296875,12712.409059737474,12406.22302051656,12420.518490851626,465231
2024-10-10,12805.5009765625,12826.17757676149,12575.391921866849,12661.856474927748,492698
2024-10-11,12639.8447265625,12841.01697508807,12588.747381201518,12805.50098699655,274243
2024-10-14,12403.6005859375,12661.95470878102,12328.859730776128,12638.211688778618,488067
2024-10-15,12313.4765625,12572.91852353526,12222.708974606825,12572.91852353526,532135
2024-10-16,12251.2998046875,12321.588843749056,12100.036594655643,12281.126393965864,418138
2024-10-17,12013.720703125,12287.111296924193,11940.760381819351,12267.226904271745,875937
2024-10-18,11975.484375,12011.247685674829,11717.625861961335,11940.760594345325,506871
2024-10-21,12045.52734375,12118.83353403183,11816.653936486548,12015.501735698008,375275
2024-10-22,11795.630859375,12158.206554088418,11713.222988831856,12085.147690722919,904901
2024-10-23,11828.1796875,11990.127069896142,11627.60062454814,11795.631576415844,412638
2024-10-24,11637.740234375,11870.471292178363,11512.298140117053,11870.471292178363,552495
2024-10-25,11379.6826171875,11668.012103706254,11317.505971261537,11637.640631348902,624582
2024-10-28,11360.29296875,11508.093652976651,11317.506068621688,11381.612028656327,613830
2024-10-29,10927.724609375,11360.045418201442,10627.425073719145,11327.398766733999,2268683
2024-10-30,11135.921875,11396.649722966997,10827.80652932932,10861.442474692243,1672966
2024-10-31,10957.849609375,11127.117177476151,10931.682628324012,11104.808823795205,838211
2024-11-01,10991.0400390625,11089.523917478447,10961.361263079434,11030.611740373257,65670
2024-11-04,10934.1064453125,11174.059155876865,10743.716904189709,11174.059155876865,444462
2024-11-05,11050.49609375,11154.273266503365,10893.99078851853,10923.768107204449,321159
2024-11-06,11232.6748046875,11307.613714475032,11052.969428635795,11098.872988862238,416027
2024-11-07,11179.154296875,11263.095381059122,11066.819357936702,11184.100759492943,530194
2024-11-08,11181.9736328125,11222.534627145447,11006.472748939246,11139.928699662492,269993
2024-11-11,11277.6376953125,11394.819582975008,11188.897966494973,11210.16775484861,450681
2024-11-12,11023.78515625,11393.583475226844,10988.319405647448,11270.069723734487,549747
2024-11-13,10931.2861328125,11023.537659376405,10747.970423917966,11020.718562165095,507710
2024-11-14,10888.2021484375,10998.65703867062,10775.47207875455,10936.62820785266,431348
2024-11-18,10975.162109375,11063.20914496987,10798.12801705603,10832.753255773114,333440
2024-11-19,10841.953125,11075.376884090754,10779.727206281736,10971.253848245145,864067
2024-11-21,10745.1513671875,10840.865417897234,10654.68037357969,10804.212323482298,540201
2024-11-22,10945.1357421875,10987.725555740513,10711.316854252482,10788.234343496577,493678
2024-11-25,10907.0986328125,11127.512809399543,10872.373886271595,11082.054625636662,635726
2024-11-26,10826.767578125,10959.332769813294,10774.829723172497,10907.098320339392,406586
2024-11-27,10939.9423828125,10997.866231846954,10753.609525996246,10818.902831305883,343332
2024-11-28,10832.6044921875,10961.954491309029,10771.417135259599,10941.971554960515,607669
2024-11-29,10955.623046875,11010.923917205046,10803.073952240307,10832.70345543124,338207
2024-12-02,11118.955078125,11208.684101710282,11031.600742998355,11031.600742998355,446880
2024-12-03,11158.4775390625,11187.908991223514,11083.043985204442,11129.540733156295,258644
2024-12-04,11010.6767578125,11179.00526333061,10987.082518101748,11160.208705808194,554674
2024-12-05,11062.515625,11149.326038476158,10912.885140233406,11015.722284803267,545501
2024-12-06,11196.763671875,11254.14263906976,11001.922313326082,11080.076423815495,417214
2024-12-09,11159.021484375,11247.168026863616,11132.063263421216,11200.769821605356,254485
2024-12-10,11078.2958984375,11193.201647126753,11050.397655629127,11154.273372177118,410569
2024-12-11,11156.9931640625,11199.631283117333,11100.454712906318,11109.655905770736,226584
2024-12-12,11047.8251953125,11178.361564782323,10959.629384535834,11178.361564782323,396561
2024-12-13,11151.8486328125,11169.111979624868,10915.457004026091,11018.146335235462,263579
2024-12-16,11156.251953125,11208.140539974062,11085.022890375598,11135.031434959708,223389
2024-12-17,10989.60546875,11151.750902745598,10941.278914539722,11142.401895007146,295445
2024-12-18,10884.6416015625,10979.217579351482,10852.637409107236,10966.307505279587,497103
2024-12-19,10838.044921875,10917.238557327422,10736.247305933137,10771.4164601733,435360
2024-12-20,10784.3271484375,10958.393362433288,10749.603367052738,10822.860285729002,404608
2024-12-23,10706.123046875,10872.126129135762,10640.23655520594,10810.988048073368,237165
2024-12-24,10621.6376953125,10770.873051779983,10610.16228851044,10706.123663054545,151149
2024-12-26,10779.3310546875,10857.287110283249,10654.68019998021,10655.174846229049,349811
2024-12-27,10823.8984375,11013.79332475576,10795.752872852483,10812.472302426846,257973
2024-12-30,10683.3203125,10832.752749675014,10634.992794770531,10823.898388681258,335481
2024-12-31,10742.1337890625,10777.055620183066,10635.487287451382,10649.733485523251,198997
2025-01-01,11088.287109375,11153.23454946651,10684.557220201148,10741.738134381618,383202
2025-01-02,11714.5087890625,11732.168239401895,11105.797322516672,11164.165578532036,1417042
2025-01-03,11806.4638671875,11920.776420879902,11661.730569509007,11723.066703724868,701315
2025-01-06,11629.7763671875,11851.625202741647,11565.521628284077,11801.2698297677,383268
2025-01-07,11595.7939453125,11699.32379150743,11548.704008924291,11629.77672222882,308104
2025-01-08,11695.416015625,11732.959859480008,11599.751236994322,11600.443934970288,303100
2025-01-09,11614.837890625,11723.116148185338,11534.804706880288,11695.415958130554,266413
2025-01-10,11506.5595703125,11634.079759561642,11446.114185214983,11564.829284802347,218246
2025-01-13,11374.5888671875,11529.660470607681,11345.206685949848,11345.701332212751,253524
2025-01-14,11615.431640625,11659.355646516156,11407.531442148333,11410.450048148492,627463
2025-01-15,11819.4736328125,12061.850295966045,11733.99837413964,11763.231774372274,692822
2025-01-16,11962.8212890625,12004.074978790657,11828.17896867997,11853.158603855054,551211
2025-01-17,12006.3994140625,12059.376799299154,11875.763535181559,11972.319060980433,285370
2025-01-20,11891.3447265625,12016.984869890734,11855.730197745048,12016.984869890734,251731
2025-01-21,11756.455078125,12009.81249236961,11735.036509781525,11888.376842098909,300038
2025-01-22,11891.6416015625,11949.51521225589,11772.629908178309,11772.629908178309,396590
2025-01-23,11916.7705078125,11976.671977356016,11833.224560330691,11876.456837165728,480876
2025-01-24,11839.75390625,11963.51400956171,11786.529197723601,11802.2593346623,310343
2025-01-27,11865.42578125,11917.908522659996,11684.583300646347,11774.461106332845,251783
2025-01-28,11993.9345703125,12034.446290136782,11757.69172195079,11889.662757643844,533451
2025-01-29,11849.6474609375,12188.77674927291,11757.79106924785,11990.225543950162,817549
2025-01-30,11871.509765625,11981.172450642585,11795.432787434578,11892.284907714844,418442
2025-01-31,12178.833984375,12257.333957052242,11871.509885764883,11871.509885764883,709009
2025-02-01,12778.1962890625,13009.196082620825,12097.71184467364,12188.083326075175,1101170
2025-02-03,12999.25390625,13317.064115216588,12783.2915512458,12850.909305761763,926127
2025-02-04,12969.5751953125,13117.969067929382,12832.607457665928,13108.125414491275,530749
2025-02-05,12946.6728515625,13009.196330570157,12864.264979815136,12969.624630705304,271633
2025-02-06,12934.009765625,12989.41014400002,12867.52911835379,12920.159671031244,414134
2025-02-07,12909.7724609375,12968.140718356964,12872.673992238686,12920.160032173168,355223
2025-02-10,12762.615234375,12920.160065185162,12748.666596550987,12910.267140173535,294142
2025-02-11,12588.103515625,12877.867672548035,12563.470712273995,12761.823856628285,354195
2025-02-12,12520.041015625,12628.665143332666,12473.04961995905,12564.015262264124,425735
2025-02-13,12535.6220703125,12608.483850590506,12479.677771729159,12539.282645844514,186742
2025-02-14,12544.4765625,12643.158492044715,12449.355699609241,12564.01508990359,233454
2025-02-17,12626.2412109375,12637.221970876586,12443.419190188504,12466.667563158257,192210
2025-02-18,12649.2919921875,12746.98462683641,12598.78880314209,12628.269526503556,267936
2025-02-19,12550.3134765625,12632.424754332349,12515.539458630838,12590.725688877928,288694
2025-02-20,12307.4423828125,12514.550385557177,12247.441404995878,12514.550385557177,423739
2025-02-21,12191.4970703125,12305.413524060586,12113.886879078751,12287.013069673996,477013
2025-02-24,12213.013671875,12299.378711836465,12089.252603423927,12117.200115879941,399571
2025-02-25,12342.7587890625,12373.477093308535,12217.762071237596,12256.097154659496,363355
2025-02-27,12248.0341796875,12415.620713449265,12180.169101512936,12397.516854156022,236805
2025-02-28,11817.939453125,12206.385540627261,11685.226443594172,12206.385540627261,605149
2025-03-03,11649.5126953125,11930.323958784655,11631.85421014671,11758.730976743322,186884
2025-03-04,11491.869140625,11598.712731903383,11466.88950470112,11564.82946337297,255726
2025-03-05,11492.95703125,11703.330471346819,11444.48169793673,11480.739655112413,349730
2025-03-06,11541.482421875,11603.906392255269,11357.077913217996,11575.711555972455,315309
2025-03-07,11539.2568359375,11616.569467397569,11476.78262630305,11525.257960212959,259055
2025-03-10,11461.9921875,11572.645133395696,11410.153840113391,11475.793011109552,153894
2025-03-11,11522.240234375,11566.807667343843,11386.756436121077,11455.512263428673,245822
2025-03-12,11515.462890625,11598.415643876593,11398.627836390602,11496.369739180125,249361
2025-03-13,11390.515625,11559.88269171903,11366.72333394769,11510.220015731536,260736
2025-03-17,11429.9892578125,11627.105793737772,11333.681050684292,11390.516099558723,275569
2025-03-18,11429.9892578125,11429.9892578125,11429.9892578125,11429.9892578125,0
2025-03-19,11491.1767578125,11589.018176359037,11423.360947487301,11574.722705949722,476555
2025-03-20,11604.5986328125,11639.025817274372,11463.921051472624,11574.623264430335,379421
2025-03-21,11607.1708984375,11794.048638897197,11580.460000827825,11653.865697850419,560565
2025-03-24,11794.5927734375,11861.61734182018,11616.322067706213,11653.816640742014,359033
2025-03-25,11741.814453125,11945.954579506875,11673.651811613103,11823.431086553652,514283
2025-03-26,11608.6552734375,11741.814629151844,11584.615657906596,11680.57703440676,478517
2025-03-27,11596.4375,11770.602252701492,11513.386200785002,11647.089469598593,645787
2025-03-28,11398.77734375,11620.180819379271,11278.033417231607,11573.782613146495,541795
2025-04-01,11358.166015625,11422.173435175882,11169.11260065158,11357.078180290535,498244
2025-04-02,11590.6494140625,11606.379551175158,11287.87663919324,11358.1656777408,452994
2025-04-03,11562.94921875,11676.570041409126,11486.724425268469,11505.966357508061,326624
2025-04-04,11359.056640625,11505.471932630966,11208.68417856482,11475.793157224352,355785
2025-04-07,11208.4365234375,11236.878682359702,10941.030958165768,10986.686226650365,602353
2025-04-08,11336.2041015625,11426.674126899887,11169.16148494093,11406.542411168175,629968
2025-04-09,11334.720703125,11415.149993185025,11302.667238474587,11337.391020090874,255114
2025-04-11,11474.8525390625,11553.699341511423,11357.077464673115,11357.423330592474,231420
2025-04-15,11728.0625,11812.152361872628,11554.93631379165,11663.758487979756,458593
2025-04-16,11539.107421875,11641.99383921682,11490.632090627412,11641.99383921682,470494
2025-04-17,11569.775390625,11602.42204200513,11401.595671394025,11539.107324176997,302146
2025-04-21,11619.240234375,11642.983254011015,11463.921314256067,11569.775610133302,318493
2025-04-22,11608.3583984375,11661.780194373721,11490.632588874345,11643.972929061647,516753
2025-04-23,11779.505859375,11842.820579707577,11603.41179345002,11672.662268813776,493839
2025-04-24,11766.6455078125,11911.082219107324,11731.030976260352,11812.152964795801,387863
2025-04-25,11572.744140625,11917.017944774214,11473.814886559134,11774.559818919366,906266
2025-04-28,11719.1591796875,11768.623805635869,11168.123246622672,11305.634906759138,457303
2025-04-29,11714.212890625,11812.152851453635,11615.28363726274,11685.523407149945,455596
2025-04-30,12125.7578125,12193.029700502775,11673.651153422536,11698.38346518826,967250
2025-05-02,12272.173828125,12590.726022615629,12118.833486056528,12125.758533762846,707908
2025-05-05,12324.6064453125,12356.263806546245,12229.634361611264,12356.263806546245,270014
2025-05-06,12446.2890625,12464.096327671687,12238.53763549698,12304.820233636037,414921
2025-05-07,12497.732421875,12533.346952642632,12222.709100947171,12222.709100947171,303619
2025-05-08,12259.3125,12462.11745985313,12197.976365800518,12425.51363783086,485326
2025-05-09,12118.8330078125,12227.655181760205,11985.278521603954,12005.064371412627,278112
2025-05-12,12480.9140625,12494.76415736961,12292.948489269578,12292.948489269578,185165
2025-05-13,12348.3486328125,12564.014391661492,12296.905424279714,12465.085144483057,378269
2025-05-14,12534.3359375,12581.821977357933,12278.109180766574,12351.316825547554,306050
2025-05-15,12813.31640625,12883.556173455354,12413.642237926575,12465.085447710779,561496
2025-05-16,12855.8564453125,12945.882065668286,12773.745165207773,12811.338281400298,425275
2025-05-19,12849.919921875,12906.309592792459,12791.551666013069,12850.909214347235,244277
2025-05-20,12502.6787109375,12870.695523761424,12474.978520724946,12865.749061223469,361111
2025-05-21,12479.9248046875,12670.858255920532,12459.149662325357,12539.282354293624,209104
2025-05-22,12311.7451171875,12475.96767158309,12262.280492369551,12475.96767158309,434848
2025-05-23,12319.6591796875,12361.209463598756,12289.980405465174,12316.691302265268,169465
2025-05-26,12288.001953125,12404.73846632593,12258.323178582392,12321.637897606624,214703
2025-05-27,12281.0771484375,12345.381161217301,12158.404877903728,12288.002195967632,344679
2025-05-28,12198.9658203125,12282.066390331658,12173.24421530657,12281.07709783143,178181
2025-05-29,12259.3125,12294.927029535185,12134.661646626857,12207.869290671402,191097
2025-05-30,12187.0947265625,12356.263749879505,12119.822834249304,12259.313081545783,351353
2025-06-02,12158.4052734375,12187.094756995653,12002.097052672398,12030.78653623055,264972
2025-06-03,11998.1396484375,12217.762587252897,11930.867757268821,12141.587063429539,369114
2025-06-04,12032.7646484375,12113.886633241567,11998.13941102113,11998.13941102113,205846
2025-06-05,11996.1611328125,12125.758453313774,11887.338955292347,12069.368779507877,319783
2025-06-06,12328.5634765625,12400.781831063308,11970.439581640687,12009.021990209612,456129
2025-06-09,12501.689453125,12524.443180862743,12332.520433857422,12371.102841760554,323443
2025-06-10,12385.9423828125,12607.543907872403,12327.574123979757,12524.44333597494,325292
2025-06-11,12318.669921875,12425.513509376004,12293.937609953471,12336.477186458502,306061
2025-06-12,12257.333984375,12356.263233643564,12175.222707482093,12325.595166370309,347339
2025-06-13,12275.1416015625,12291.959574420862,12045.625736671906,12069.368757177828,385493
2025-06-16,12395.8349609375,12432.43878324833,12203.91221692937,12271.184106581704,184242
2025-06-17,12460.138671875,12479.924521294412,12336.477113003672,12394.845368790939,226597
2025-06-18,12611.5009765625,12742.087588494274,12415.62105866484,12484.871534689266,467738
2025-06-19,12668.8798828125,12687.676440502133,12577.864971894278,12613.479502253582,339117
2025-06-20,12654.0400390625,12751.979994020454,12591.714613180166,12671.84730360031,652128
2025-06-23,12563.025390625,12649.093837666844,12530.378738298783,12634.254450245837,192037
2025-06-24,12475.9677734375,12717.35514451979,12418.588808180235,12692.622831908899,332717
2025-06-25,12630.2978515625,12669.869553141767,12481.90397064025,12548.186570785521,316536
2025-06-26,12578.8544921875,12710.430398397562,12553.132886462225,12643.158506500688,354735
2025-06-27,12506.6357421875,12661.954664155815,12485.860599758616,12613.479331821754,346403
2025-06-30,12267.2265625,12539.281990297379,12199.954674899192,12531.367650579637,448956
2025-07-01,12308.77734375,12325.595316330273,12188.083658173928,12316.691683787776,283481
2025-07-02,12486.849609375,12507.624751333238,12226.66568865993,12247.440830618167,609735
2025-07-03,12615.4580078125,12682.72989806746,12455.192622205095,12494.764322355073,606221
2025-07-04,12510.5927734375,12611.500606973055,12472.999658983077,12578.853954946846,225607
2025-07-07,12385.9423828125,12534.336261200828,12337.467049205645,12511.582533181285,220116
2025-07-08,12281.0771484375,12420.567391544451,12226.666060700747,12390.888616415314,241050
2025-07-09,12336.4775390625,12405.728014422113,12296.905838857007,12301.852301382693,174203
2025-07-10,12514.5498046875,12534.335654181077,12268.215978492464,12366.155933485672,277325
2025-07-11,12439.3642578125,12549.175728515314,12386.931753783228,12504.657564716877,194420
2025-07-14,12380.0068359375,12480.914674939067,12297.895555181321,12455.193068919061,246737
2025-07-15,12401.7705078125,12463.106641466326,12347.359421506686,12347.359421506686,147377
2025-07-16,12429.470703125,12436.395750476311,12305.809143280156,12401.770513719755,204480
2025-07-17,12342.4130859375,12491.796251693877,12329.552283587615,12434.417287363614,189207
2025-07-18,12286.0234375,12392.867026456439,12237.548105473468,12390.888441475763,124068
2025-07-21,12272.173828125,12344.3921827766,12209.848398768137,12297.895433891323,232066
2025-07-22,12358.2421875,12395.835303344142,12187.094581156942,12315.702609044789,169006
2025-07-23,12491.796875,12582.811788479052,12405.728424210025,12405.728424210025,342005
2025-07-24,12422.5458984375,12525.432318238209,12384.952783510318,12512.57151576312,157163
2025-07-25,12271.1845703125,12422.546327750246,12224.687821295676,12410.674817362973,260700
2025-07-28,12207.869140625,12400.781173236172,12170.276026577694,12238.537207347801,292879
2025-07-29,12335.48828125,12373.081396550946,12136.640487158153,12207.869547728367,285115
2025-07-30,12482.892578125,12507.624890254745,12287.012666057417,12297.894883394505,203847
2025-07-31,12473.0,12623.372461928933,12330.54187817259,12372.092163705584,709783
2025-08-01,12302.0,12779.0,12273.0,12521.0,346024
2025-08-04,12365.0,12425.0,12225.0,12326.0,255693
2025-08-05,12537.0,12577.0,12370.0,12400.0,233560
2025-08-06,12524.0,12619.0,12483.0,12570.0,151608
2025-08-07,12632.0,12654.0,12429.0,12525.0,173393
2025-08-08,12590.0,12725.0,12564.0,12630.0,247048
2025-08-11,12597.0,12734.0,12482.0,12585.0,187230
2025-08-12,12840.0,12959.0,12606.0,12620.0,504476
2025-08-13,12834.0,12925.0,12752.0,12840.0,252065
2025-08-14,12936.0,12956.0,12825.0,12864.0,318580
2025-08-18,14068.0,14125.0,13664.0,13703.0,2154781
2025-08-19,14250.0,14270.0,13979.0,14070.0,906623
2025-08-20,14221.0,14362.0,14200.0,14362.0,391425
2025-08-21,14280.0,14401.0,14156.0,14219.0,513460
2025-08-22,14349.0,14370.0,14230.0,14349.0,458935
2025-08-25,14452.0,14478.0,14280.0,14401.0,357110
2025-08-26,14714.0,14825.0,14391.0,14452.0,962974
2025-08-28,14752.0,14895.0,14625.0,14895.0,666635
2025-08-29,14791.0,14850.0,14692.0,14750.0,621560
2025-09-01,14887.0,14938.0,14654.0,14790.0,572927
2025-09-02,14842.0,14934.0,14783.0,14859.0,379167
2025-09-03,14927.0,14991.0,14750.0,14875.0,561656
2025-09-04,14662.0,15240.0,14630.0,15240.0,784369
2025-09-05,14895.0,14957.0,14701.0,14740.0,473806
2025-09-08,15258.0,15319.0,14850.0,14921.0,691077
2025-09-09,15365.0,15384.0,15201.0,15249.0,605860
2025-09-10,15108.0,15384.0,15072.0,15366.0,489062
2025-09-11,15095.0,15191.0,15038.0,15111.0,657161
2025-09-12,15325.0,15373.0,15153.0,15160.0,420101
2025-09-15,15265.0,15378.0,15249.0,15350.0,170587
2025-09-16,15573.0,15594.0,15284.0,15300.0,381944
2025-09-17,15801.0,15818.0,15570.0,15592.0,624986
2025-09-18,15817.0,15939.0,15703.0,15916.0,642175
2025-09-19,15864.0,16060.0,15811.0,16000.0,652443
2025-09-22,15816.0,16000.0,15779.0,15879.0,302234
2025-09-23,16097.0,16325.0,16031.0,16120.0,873114
2025-09-24,16249.0,16375.0,16063.0,16188.0,663647
2025-09-25,16269.0,16370.0,16067.0,16249.0,490262
2025-09-26,16286.0,16435.0,16202.0,16235.0,490957
2025-09-29,15984.0,16340.0,15950.0,16300.0,627326
2025-09-30,16029.0,16054.0,15921.0,15985.0,390006
2025-10-01,15965.0,16109.0,15850.0,16026.0,426075
2025-10-03,15806.0,16025.0,15736.0,15949.0,470216
2025-10-06,15998.0,16057.0,15708.0,15840.0,268497
2025-10-07,16108.0,16159.0,15977.0,16014.0,330326
2025-10-08,16012.0,16236.0,15979.0,16108.0,306518
2025-10-09,15985.0,16075.0,15853.0,16070.0,300499
2025-10-10,16265.0,16315.0,15911.0,15980.0,423031
2025-10-13,16323.0,16432.0,16218.0,16264.0,337617
2025-10-14,16261.0,16350.0,16121.0,16350.0,307925
2025-10-15,16212.0,16380.0,16200.0,16300.0,266435
2025-10-16,16298.0,16332.0,16200.0,16246.0,265727
2025-10-17,16401.0,16549.0,16298.0,16298.0,411608
2025-10-20,16424.0,16518.0,16380.0,16500.0,374246
2025-10-21,16396.0,16476.0,16330.0,16453.0,28990
2025-10-23,16393.0,16660.0,16340.0,16660.0,481753
2025-10-24,16274.0,16423.0,16200.0,16392.0,208520
2025-10-27,16388.0,16410.0,16275.0,16350.0,209829
2025-10-28,16311.0,16495.0,16261.0,16399.0,383383
2025-10-29,16138.0,16428.0,16046.0,16360.0,232815
2025-10-30,16206.0,16275.0,16077.0,16190.0,230383
2025-10-31,16186.0,16516.0,15949.0,16204.0,719402
2025-11-03,15651.0,16100.0,15530.0,16016.0,942850
2025-11-04,15374.0,15633.0,15355.0,15607.0,748848
2025-11-06,15452.0,15534.0,15309.0,15534.0,429800
2025-11-07,15479.0,15499.0,15260.0,15459.0,227247
2025-11-10,15583.0,15647.0,15380.0,15380.0,274191
2025-11-11,15645.0,15680.0,15512.0,15640.0,181524
2025-11-12,15696.0,15731.0,15555.0,15674.0,244015
2025-11-13,15749.0,15800.0,15660.0,15661.0,250711
2025-11-14,15684.0,15735.0,15572.0,15725.0,253698
2025-11-17,15878.0,15892.0,15655.0,15689.0,301069
2025-11-18,15930.0,15999.0,15750.0,15878.0,392903
2025-11-19,15768.0,15950.0,15715.0,15950.0,286434
2025-11-20,15801.0,15823.0,15618.0,15810.0,249492
2025-11-21,15977.0,16150.0,15737.0,15790.0,586351
2025-11-24,15958.0,16085.0,15911.0,16005.0,525788
2025-11-25,15889.0,16050.0,15842.0,15958.0,214525
2025-11-26,16156.0,16210.0,15950.0,15950.0,314946
2025-11-27,15903.0,16171.0,15875.0,16166.0,339986
2025-11-28,15900.0,16049.0,15850.0,15906.0,352340
2025-12-01,16097.0,16177.0,15851.0,15975.0,434052
2025-12-02,16239.0,16261.0,16095.0,16127.0,383165
2025-12-03,16082.0,16248.0,16010.0,16219.0,264397
2025-12-04,15994.0,16135.0,15887.0,16058.0,248812
2025-12-05,16282.0,16338.0,15979.0,16000.0,332032
2025-12-08,16187.0,16256.0,16094.0,16200.0,220513
2025-12-09,16020.0,16226.0,15985.0,16051.0,276388
2025-12-10,16019.0,16125.0,15925.0,16090.0,293374
2025-12-11,16248.0,16296.0,15983.0,16049.0,268701
2025-12-12,16522.0,16536.0,16247.0,16248.0,404711
2025-12-15,16415.0,16500.0,16360.0,16500.0,225221
2025-12-16,16354.0,16451.0,16320.0,16400.0,156134
2025-12-17,16398.0,16490.0,16357.0,16389.0,257406
2025-12-18,16329.0,16486.0,16221.0,16440.0,213981
2025-12-19,16414.0,16475.0,16329.0,16329.0,360190
2025-12-22,16649.0,16693.0,16414.0,16464.0,271590
2025-12-23,16585.0,16720.0,16558.0,16709.0,215650
2025-12-24,16703.0,16720.0,16542.0,16640.0,258486
2025-12-26,16596.0,16703.0,16516.0,16703.0,212925
2025-12-29,16542.0,16682.0,16499.0,16600.0,251796
2025-12-30,16647.0,16818.0,16482.0,16575.0,1055843
2025-12-31,16697.0,16776.0,16581.0,16581.0,314427
2026-01-01,16708.0,16798.0,16602.0,16700.0,171293
2026-01-02,16960.0,16999.0,16723.0,16750.0,388562
2026-01-05,17155.0,17370.0,16980.0,17025.0,305668
2026-01-06,17292.0,17306.0,17142.0,17170.0,192182
2026-01-07,16809.0,17249.0,16524.0,17230.0,427979
2026-01-08,16664.0,16808.0,16541.0,16808.0,238421
2026-01-09,16501.0,16704.0,16417.0,16663.0,286302
2026-01-12,16582.0,16615.0,16271.0,16456.0,288686
2026-01-13,16426.0,16726.0,16293.0,16662.0,312205
2026-01-14,16152.0,16412.0,16090.0,16390.0,240043
2026-01-15,16152.0,16152.0,16152.0,16152.0,0
2026-01-16,15859.0,16197.0,15770.0,16000.0,703056
2026-01-19,16176.0,16242.0,15813.0,15859.0,385141
2026-01-20,15879.0,16233.0,15850.0,16200.0,289609
2026-01-21,15770.0,15973.0,15675.0,15675.0,345738
2026-01-22,15765.0,15971.0,15714.0,15950.0,352320
2026-01-23,15469.0,15846.0,15439.0,15819.0,338669
2026-01-27,15245.0,15387.0,15013.0,15300.0,565768
2026-01-28,14877.0,15294.0,14431.0,15161.0,1584483
2026-01-29,14502.0,14870.0,14353.0,14870.0,716545
2026-01-30,14599.0,14679.0,14300.0,14502.0,946509
2026-02-02,14384.0,14446.0,14058.0,14251.0,621514
2026-02-03,14782.0,15281.0,14482.0,15200.0,638870
2026-02-04,15071.0,15170.0,14723.0,14800.0,451065
2026-02-05,15059.0,15150.0,14900.0,15090.0,374759
2026-02-06,14997.0,15118.0,14871.0,15084.0,276529
2026-02-09,14978.0,15126.0,14905.0,15125.0,200034
2026-02-10,15146.0,15349.0,14983.0,14999.0,360240
2026-02-11,15412.0,15432.0,15174.0,15180.0,360742
2026-02-12,15326.0,15459.0,15265.0,15459.0,201895
2026-02-13,15237.0,15434.0,15190.0,15309.0,208645
2026-02-16,15051.0,15299.0,14960.0,15237.0,210175
2026-02-17,15179.0,15211.0,14960.0,15031.0,166765
2026-02-18,15164.0,15239.0,15074.0,15208.0,280772
2026-02-19,14903.0,15279.0,14853.0,15163.0,152788
2026-02-20,14977.0,15077.0,14848.0,14903.0,515847
2026-02-23,15072.0,15118.0,14984.0,15050.0,242968
2026-02-24,14926.0,15062.0,14904.0,15001.0,300991
2026-02-25,15070.0,15133.0,14837.0,14860.0,356495
2026-02-26,15213.0,15224.0,15046.0,15145.0,308213
2026-02-27,14857.0,15192.0,14804.0,15110.0,478164
2026-03-02,14388.0,14684.0,14204.0,14407.0,603744
2026-03-04,14158.0,14184.0,13794.0,14150.0,710366
2026-03-05,14415.0,14570.0,14081.0,14300.0,448650
2026-03-06,14159.0,14466.0,14115.0,14339.0,390629
2026-03-09,13508.0,13800.0,13365.0,13800.0,676224
2026-03-10,13867.0,13909.0,13505.0,13721.0,353715
2026-03-11,13510.0,13948.0,13505.0,13850.0,237485
