Price,Close,High,Low,Open,Volume
Ticker,SUNPHARMA.NS,SUNPHARMA.NS,SUNPHARMA.NS,SUNPHARMA.NS,SUNPHARMA.NS
Date,,,,,
2010-01-04,134.28285217285156,137.01332132787354,133.7260685309091,137.01332132787354,831170
2010-01-05,138.31845092773438,138.86633105178615,134.79066297501657,135.58798114090808,1231990
2010-01-06,140.11351013183594,140.88854872932316,136.4877415730741,138.53224978576995,1882490
2010-01-07,137.97991943359375,140.6613987226474,136.59910658288572,140.6613987226474,923100
2010-01-08,140.30506896972656,142.98209002060923,138.0868508523319,138.5990892661334,3298080
2010-01-11,140.28282165527344,142.03780563801462,139.40532966390285,141.26276678033202,1032970
2010-01-12,140.0244140625,141.62795385368065,137.9041909545493,140.2827693142372,1534080
2010-01-13,137.8863525390625,140.18921563426375,136.15364893566004,138.52776837398565,934880
2010-01-14,138.92869567871094,140.84404017043644,138.10465290862874,139.86409521249735,1520300
2010-01-15,135.86416625976562,139.64139288106577,135.40983552103347,138.5278251547415,1165560
2010-01-18,135.0935516357422,137.8908325070561,134.51894702937864,135.85522796013407,1561220
2010-01-19,132.3720245361328,136.03343590328717,131.23173222847294,136.03343590328717,852620
2010-01-20,131.25401306152344,133.07580831822585,130.58141377259383,131.85088376034338,1596560
2010-01-21,130.49676513671875,133.07579159703224,129.61927329268698,131.222813412917,1417400
2010-01-22,127.57028198242188,129.17382179929047,124.71955208207353,129.17382179929047,3423490
2010-01-25,128.68389892578125,129.70838951094862,124.71960007077458,128.68389892578125,2196320
2010-01-27,126.59037780761719,128.7150600224055,124.97792040756468,127.92665900786639,2767580
2010-01-28,128.83534240722656,132.7328299059288,125.61935789313453,126.94673567201558,3399690
2010-01-29,131.22726440429688,135.85525825117207,126.50128965027172,126.50128965027172,3314050
2010-02-01,134.20718383789062,135.84636594624916,127.71286250521749,128.83979255845082,2688440
2010-02-02,134.83966064453125,137.01779158435474,132.30072133240623,135.23163857557472,2939510
2010-02-03,133.75729370117188,136.7461054240067,133.36977433956505,135.0534880580548,1224590
2010-02-04,133.55238342285156,134.96439312073522,130.95554976071338,134.69713417806287,5378300
2010-02-05,131.302978515625,133.60138360685292,129.7083557395514,132.73725408673937,3625520
2010-02-08,134.6748504638672,135.67706117141373,131.0535269323293,133.44992626575475,1833970
2010-02-09,137.40086364746094,138.171457230955,133.18266952382507,135.23163638901605,1626630
2010-02-10,134.47889709472656,136.83075163378984,133.89538868248582,136.74611939750855,1390320
2010-02-11,135.44097900390625,136.70153131976446,134.5189419342044,135.32070502494824,841350
2010-02-15,136.1314239501953,137.1870839698679,134.16264384088217,135.30738112180782,790530
2010-02-16,137.5879669189453,139.24049745533,136.0868663538142,136.31403849740394,1686250
2010-02-17,137.3474578857422,139.8641184448199,136.22052779359942,137.45881466794347,1427580
2010-02-18,137.6458740234375,138.88416078599215,136.5768517294852,138.88416078599215,491460
2010-02-19,138.0690155029297,139.30284346875047,135.1559189528697,136.48775500129287,1234270
2010-02-22,136.81739807128906,139.57903810491058,136.40759913304015,139.15143186878439,589910
2010-02-23,139.8997039794922,140.6302107728171,136.7460868501472,136.7460868501472,1664490
2010-02-24,136.0779571533203,140.03335133978393,135.58798470349186,139.5077507087653,1546110
2010-02-25,135.46775817871094,137.63698617422182,134.0735690564426,135.40985047560983,1763060
2010-02-26,137.16481018066406,140.6658603534977,134.42988150273214,135.23165836812936,1603740
2010-03-02,138.21157836914062,139.67702373778562,136.40314543448216,137.8151417261786,1616660
2010-03-03,139.13804626464844,140.6213259622869,136.3051367345375,137.36970032185175,2654430
2010-03-04,141.36070251464844,142.09120930043815,138.09572867073246,138.83959772244012,1249950
2010-03-05,143.66806030273438,144.15803283025494,139.88637498913337,141.20039036838995,1432040
2010-03-08,146.0688934326172,146.9731098263114,143.51660506267746,144.31836833832608,1622100
2010-03-09,147.4185028076172,148.05991871719016,145.2270097777029,145.65461585296754,1321800
2010-03-10,146.4296875,148.05995217242224,146.10007582514618,147.43635700647374,846760
2010-03-11,150.83497619628906,151.97080982741213,145.65911563570904,145.65911563570904,2264970
2010-03-12,147.4853515625,152.33605891051386,146.54104834302083,151.44520476483834,3116460
2010-03-15,144.59005737304688,148.14902848012954,143.73930373326078,146.99091551798375,1667150
2010-03-16,148.9998016357422,149.64566267964742,143.69476402452503,145.92189919665543,1126450
2010-03-17,150.35391235351562,153.48526432665216,148.05996550435125,150.37619186455697,2594110
2010-03-18,151.2491912841797,151.91287316541087,150.13116516244648,150.30934683742555,1078760
2010-03-19,151.27593994140625,151.87281058638257,149.21806904474101,151.44520440361777,1237280
2010-03-22,151.9752197265625,152.24692363690676,149.31602033387216,149.84162086405883,961970
2010-03-23,150.58551025390625,153.04426241828432,149.77037122566585,152.33603511430618,1388000
2010-03-25,155.88609313964844,157.68116346816487,150.55433122101618,150.55433122101618,3202560
2010-03-26,157.65444946289062,159.0174551337112,155.05315715016917,156.34489286255638,1398310
2010-03-29,160.42503356933594,161.42278597074286,155.98858324924365,157.19122832022012,2078100
2010-03-30,156.1845703125,160.88827956497553,155.2313497604652,160.88827956497553,1270730
2010-03-31,159.64105224609375,160.15774925608852,155.89946773902804,158.1266029924427,2012990
2010-04-01,160.71456909179688,161.42279662992138,158.58096923466397,159.90834703682359,1676080
2010-04-05,164.06857299804688,165.07524232772673,160.35371359757212,161.24456756200308,1464850
2010-04-06,162.3002471923828,164.701105445079,161.27577044528337,162.84812734114806,915050
2010-04-07,160.0731201171875,161.42276356306047,159.47624948895987,161.42276356306047,1813120
2010-04-08,157.9974365234375,162.22009015636613,157.5030189869987,161.24460375886474,1480810
2010-04-09,157.63661193847656,160.0864604284859,157.23573035878204,158.56310770697607,899640
2010-04-12,160.13995361328125,162.0909265777716,158.68787044262163,159.0041198923225,2378590
2010-04-13,158.4784698486328,161.6365455221363,157.68115174412685,160.53188171235578,769190
2010-04-15,160.2958221435547,162.04634709848284,158.67447483268595,160.71006601654915,1035670
2010-04-16,161.12876892089844,162.11317244098345,159.55196702740758,162.11317244098345,829140
2010-04-19,157.06643676757812,159.55192656832716,155.81032960347272,159.37374492744786,812290
2010-04-20,160.35372924804688,161.66328579104092,155.5074810336137,158.36712851961298,1567020
2010-04-21,155.59213256835938,161.51186228067388,155.0086241797489,161.51186228067388,2602980
2010-04-22,152.25144958496094,155.59215313384254,151.45413119848774,155.59215313384254,6015500
2010-04-23,150.03318786621094,153.04873770643286,149.3962304445867,152.79484102451949,2977230
2010-04-26,142.81724548339844,150.5543094478377,141.11125264867997,150.5543094478377,8794320
2010-04-27,142.18028259277344,144.9419214241176,140.47874844461177,142.2738184426584,6763620
2010-04-28,144.59449768066406,145.4764479556832,139.9620600121179,140.75491945773436,4522590
2010-04-29,141.4186248779297,145.47647223204288,140.59013711830966,144.90632617143805,4617420
2010-04-30,139.9709930419922,142.98208427567755,134.60806110123528,141.82397121707896,3013200
2010-05-03,140.1669921875,142.09124046180193,139.15141897495553,140.22044126289353,1296650
2010-05-04,138.73715209960938,141.98431882622975,138.1714646874538,140.66584508227646,1499840
2010-05-05,136.21160888671875,139.6859486049556,135.58801363268353,138.08240824218143,2016300
2010-05-06,138.99549865722656,139.77499595626676,135.05348033390658,136.21157973208298,4462350
2010-05-07,136.48773193359375,141.11125225392624,135.6057816794167,138.08235443274228,3046990
2010-05-10,137.9353790283203,140.63911046892514,136.78171118671,138.79504983825456,1827250
2010-05-11,137.04010009765625,139.49885274007755,136.621397545719,138.08239785672689,998470
2010-05-12,139.41419982910156,141.64579356820985,136.69264723849713,137.19152333021583,1291230
2010-05-13,140.4876708984375,141.64578379911345,138.9732218406396,141.37852488459544,999830
2010-05-14,141.81951904296875,142.52774639164588,139.6859197565633,140.30951488181162,2244930
2010-05-17,140.8039093017578,141.55668194895802,138.10908164064955,140.92418328027685,1271080
2010-05-18,138.9910430908203,142.09121116463717,138.09127186269637,140.93309826092562,1740050
2010-05-19,138.59909057617188,139.41867476467206,137.90422542519659,139.41867476467206,1540500
2010-05-20,139.32066345214844,140.73711812025985,137.1915228298863,139.3295670989845,1005990
2010-05-21,137.7215576171875,138.9732062397634,135.4097906951541,137.54783458457908,2411990
2010-05-24,137.92201232910156,139.41864041061731,135.40979771510436,138.21598216462255,3036590
2010-05-25,141.41416931152344,143.34286224669336,136.47883052326438,136.83518028043025,5335890
2010-05-26,139.8017120361328,144.37179741715119,138.2427175323308,142.89297651113992,6726850
2010-05-27,145.6680145263672,146.90184261977626,140.56342409741097,140.93312258536855,6044350
2010-05-28,145.35618591308594,146.99090897273692,144.4519696531393,146.99090897273692,1666830
2010-05-31,148.25148010253906,149.12897194088228,143.3428788709735,144.31836520473314,1343930
2010-06-01,149.74365234375,153.72577099061812,147.61897035163736,148.6835338610537,3651750
2010-06-02,149.88619995117188,151.3249341934936,147.1067395530652,150.10891347264464,2331720
2010-06-03,151.70352172851562,152.723553364988,150.64341688658584,150.64341688658584,1739370
2010-06-04,151.87281799316406,153.00420661679038,150.82606160477098,150.82606160477098,665870
2010-06-07,150.9418487548828,151.7124423760511,148.14010905489496,149.84164349607607,601010
2010-06-08,150.3048858642578,151.96633344461642,149.2180429119977,150.20243276208427,986960
2010-06-09,150.27371215820312,151.43628375355598,148.44301362355543,151.43628375355598,1063870
2010-06-10,151.6634521484375,152.33159272451158,150.14009924726727,151.89062429417623,1161850
2010-06-11,149.8817901611328,153.59665127836743,148.42970677153457,153.13786181839785,2286930
2010-06-14,151.62335205078125,152.1489526621365,148.59889883546307,150.1089029298041,1392880
2010-06-15,151.57884216308594,151.89064658168138,149.76150551057566,151.2670513378473,804690
2010-06-16,151.6946258544922,152.23804736624723,149.6634797172267,150.19799758212983,1175680
2010-06-17,151.33383178710938,153.22689664390177,150.1089074680084,151.9707891706369,1508370
2010-06-18,152.634521484375,153.39173945365783,150.37620266005334,151.62339319378822,1151500
2010-06-21,156.3003692626953,156.9685099237727,152.95966595730846,152.95966595730846,1726010
2010-06-22,156.9373016357422,158.91945738357364,155.8237340455794,157.94842970735675,1914680
2010-06-23,160.2869110107422,161.066408272132,157.05756521355582,158.12658731050544,1348760
2010-06-24,161.22677612304688,162.580878202434,158.1266075667509,160.79916994816077,1986600
2010-06-25,159.5207977294922,162.0018297558627,158.7502040097335,160.97733934542939,760880
2010-06-28,159.52969360351562,161.46730396982446,158.12660112906946,158.17559157925697,855650
2010-06-29,156.5096893310547,161.24458071311966,156.1756190671463,159.46287263894155,924660
2010-06-30,159.0263671875,160.2646538948595,155.18678802990885,157.23575526477816,2114880
2010-07-01,156.1355743408203,158.75022946931603,155.27590322577714,158.57206133255767,570070
2010-07-02,156.41616821289062,158.19787645507867,155.89947119145347,156.13554698980917,1286100
2010-07-05,155.02645874023438,157.41394157999824,154.58993526877444,155.18680597871543,378780
2010-07-06,160.3403778076172,161.1198751552067,154.65672422617666,155.89946951790162,2168640
2010-07-07,157.80587768554688,160.25126757604514,157.14664082914376,159.06643011981765,667150
2010-07-08,156.14894104003906,160.07315315471368,155.21354130383048,159.46292013249587,827260
2010-07-09,155.22691345214844,157.05762622865308,154.56323130449098,156.14895097622687,2182320
2010-07-12,155.2001495361328,156.60770069763817,153.9395969188684,155.54313707712484,955700
2010-07-13,155.15557861328125,156.5230427452771,153.89948482297652,155.0085936865504,1605890
2010-07-14,155.39614868164062,156.5186336624061,154.6968248790774,156.3360069219902,1397340
2010-07-15,155.71681213378906,158.57200063027236,154.11773094964673,155.39610417304993,3518620
2010-07-16,155.03089904785156,156.75025474823966,154.13114118593603,156.67452615902462,1936080
2010-07-19,153.2090606689453,154.38499442428787,151.20463925326362,154.38499442428787,3730250
2010-07-20,153.51197814941406,155.2847690291298,152.32714061836987,153.1378074820492,2614680
2010-07-21,152.9329071044922,154.11774457549467,152.42512738455028,154.11774457549467,3286470
2010-07-22,155.67674255371094,156.122169571032,152.33603992380299,152.42957579130135,710800
2010-07-23,155.05319213867188,157.13778791816662,154.48304593590345,156.79035528825082,970690
2010-07-26,156.7769317626953,157.14663016810698,155.00858614142825,156.5230351264384,645750
2010-07-27,158.12217712402344,158.57206288827192,156.87944518242554,156.87944518242554,1495850
2010-07-28,161.0129852294922,161.56531045695735,158.304780979938,158.56758132504984,4418560
2010-07-29,158.54974365234375,163.9171334825704,157.2090040530617,161.24457152361543,3540910
2010-07-30,157.5564727783203,160.79472286929152,156.38053872128242,158.07316984035003,1995600
2010-08-02,158.2512969970703,159.81919507391942,156.97738235838403,157.68115100609313,743890
2010-08-03,159.4049530029297,160.16662934140808,156.79029877499897,157.28471620371306,875070
2010-08-04,158.42059326171875,159.90831804351146,156.8927816748504,158.75020494346674,1061300
2010-08-05,157.08876037597656,159.45397687389092,156.2112685623358,157.28473576793758,1100790
2010-08-06,158.11325073242188,159.2580015875391,156.4339955386666,156.4339955386666,794320
2010-08-09,157.44512939453125,159.28474563050273,157.03978907191404,159.01748663177784,469770
2010-08-10,156.3270721435547,158.12660121421632,155.8994659858471,157.89942907104918,596950
2010-08-11,155.71681213378906,157.22681608033025,154.44734255614028,156.34486578995956,967090
2010-08-12,154.85269165039062,156.95956622432467,153.85048091450574,154.56316682313894,457100
2010-08-13,155.97959899902344,156.3448523438264,154.56760324397834,154.98630564541565,573930
2010-08-16,152.86160278320312,157.23569827524724,151.89057538770342,156.35374810519636,1947360
2010-08-17,152.0420684814453,153.62778770100516,151.44965648264852,152.861652626909,1321090
2010-08-18,157.5921173095703,158.4651642945943,151.5521263550713,152.69241875045202,2243880
2010-08-19,159.51187133789062,161.1554982088148,156.803680906118,158.99963295873656,1946970
2010-08-20,159.6767120361328,161.50741089615713,158.92393914808724,160.79918343687615,892410
2010-08-23,159.1020965576172,165.43161142957842,157.039767044214,160.35374553949873,792670
2010-08-24,159.24461364746094,161.06640847517474,158.14885342285427,159.5074139504298,784710
2010-08-25,159.2357177734375,160.97733923597008,158.5720357937251,159.4628899273977,774500
2010-08-26,158.7457275390625,160.620971314141,156.05088616063662,160.17554433522955,1461150
2010-08-27,157.97064208984375,158.83922995317153,156.35374032191496,157.74792864728275,1259150
2010-08-30,155.97071838378906,158.92834656552296,155.4762873502141,158.1265834109215,857050
2010-08-31,157.00416564941406,159.01749146000478,154.7057599399657,156.7903557252708,2370990
2010-09-01,155.9484405517578,156.96847218859378,155.00859610592514,155.89945010653392,1677640
2010-09-02,154.4072723388672,157.20901207494109,153.676779101355,156.07762364844677,848250
2010-09-03,153.67677307128906,155.8103586064584,152.78146045461204,154.17119051471457,1228880
2010-09-06,153.984130859375,155.09323982249228,152.9150951047006,154.02866268802453,1086470
2010-09-07,153.47186279296875,155.54310915530434,153.22688338768424,154.56316434746054,1078460
2010-09-08,156.24240112304688,164.6297979228071,155.00857340649247,155.00857340649247,10281660
2010-09-09,156.73178100585938,159.37608373203483,156.32325155212214,159.37608373203483,2821520
2010-09-13,157.53541564941406,158.2088357907203,156.2334727830423,158.0247659746711,1988480
2010-09-14,156.81263732910156,157.9394845216886,156.45796550794697,157.7329728223699,1115330
2010-09-15,162.1505584716797,162.72970352465634,156.6868850526372,156.99665935766433,3631770
2010-09-16,165.08673095703125,166.0205343468658,159.4659215068417,162.9677013446839,3435260
2010-09-17,168.27420043945312,169.79164243300374,165.67030143547805,166.5592208076435,2948770
2010-09-20,168.52114868164062,170.86914524635927,166.28988266262763,170.5099796060219,4327330
2010-09-21,173.36077880859375,174.81985569590032,167.01267910637267,167.89710472147843,3406180
2010-09-22,172.5526885986328,178.11962563900522,171.9196720278841,174.99944020106463,4357790
2010-09-23,169.5582275390625,176.33732709528138,168.89379503021868,174.1913618962399,3083340
2010-09-24,172.5032501220703,174.19129384876675,168.8937290522284,170.59522692913924,2768870
2010-09-27,174.6941375732422,176.16220204956738,173.93093640430746,174.84229765655357,1561010
2010-09-28,176.88949584960938,177.24415388246553,173.65258023782982,173.65258023782982,1674770
2010-09-29,179.63705444335938,180.92552934608352,177.33395556253842,177.33395556253842,3386350
2010-09-30,181.4193572998047,182.6988580862211,179.21952129375066,179.21952129375066,3902690
2010-10-01,182.30377197265625,183.97833423180518,180.4765557937253,181.6438198400068,1504270
2010-10-04,185.38356018066406,185.86393644468325,183.1702562063545,185.325194916711,1370400
2010-10-05,185.0558319091797,187.15689913940233,184.166912526809,187.15689913940233,1479130
2010-10-06,183.39926147460938,186.72146505123774,182.90991110717562,186.6137222035882,1798630
2010-10-07,183.0490264892578,185.4149704535692,182.57314412604347,183.17023715509984,871910
2010-10-08,185.36111450195312,186.49245524643766,181.51813187060657,183.08045760811865,1636600
2010-10-11,185.8639678955078,188.46785375286694,184.66079380697738,186.4027095146428,874860
2010-10-12,187.66871643066406,189.608169688438,184.24774437087163,188.53967422603196,1713680
2010-10-13,189.00209045410156,190.344450571276,187.8393199999697,188.5576375498369,2669790
2010-10-14,188.83599853515625,190.779945828026,188.1221747759002,190.35344089288768,895390
2010-10-15,183.12986755371094,188.5531381799986,182.54174841653068,187.89767977153193,2118050
2010-10-18,183.98733520507812,188.4678143886905,181.19488625403378,188.4678143886905,1463960
2010-10-19,183.87509155273438,185.5945512764138,181.47322411981736,185.5945512764138,1176220
2010-10-20,182.9637908935547,185.5946126828819,180.93006234660155,182.45198494228862,871870
2010-10-21,190.43417358398438,191.25125971885382,181.05119198581772,182.40700584309906,1716380
2010-10-22,192.1312255859375,192.598133989399,188.22539752269597,190.80234719229506,1572580
2010-10-25,191.94717407226562,193.6756217692134,191.16151727372278,193.40625098384524,852930
2010-10-26,191.11212158203125,192.777710000751,189.72487792484372,192.77322985027743,910810
2010-10-27,188.47683715820312,191.4309008903928,187.2961049554134,191.4309008903928,858140
2010-10-28,190.17379760742188,192.59810669985464,186.34876350307565,189.72485097175786,3223250
2010-10-29,189.45999145507812,191.2512843112129,187.65971089691783,191.2512843112129,1900520
2010-11-01,196.7015380859375,198.3446711548497,192.95731008734884,194.79799452556517,2186570
2010-11-02,196.67906188964844,197.89570363351203,194.49718746262886,195.0224474391634,844550
2010-11-03,201.9631805419922,204.4234136906217,196.81825456809642,196.81825456809642,2258390
2010-11-04,201.28526306152344,204.1809611621806,200.40981148413493,204.1809611621806,959910
2010-11-08,206.06207275390625,210.46623945393026,205.1686730694252,206.96446014224293,1578830
2010-11-09,208.45947265625,210.51116292909774,204.34263795464173,206.6951149269893,1343280
2010-11-10,208.49984741210938,210.560511268968,207.41339029176743,208.5806545357273,621270
2010-11-11,209.0295867919922,210.82537359656126,207.2831775481811,208.6928767661355,528430
2010-11-12,208.45494079589844,214.05330684772215,206.96443442250256,211.00495483422168,1352140
2010-11-15,207.08566284179688,211.37311253307143,204.36056647659578,205.61761189872638,1263600
2010-11-16,206.86566162109375,211.00495077800352,205.1955793349904,208.58064131772863,1300790
2010-11-18,205.5277862548828,210.82536534138674,204.27074102121233,210.82536534138674,1809430
2010-11-19,198.86993408203125,207.13953889966888,197.71613769458,206.61426519578956,2331080
2010-11-22,200.3065643310547,201.4962704003287,192.9348531514732,200.67918408076443,1514060
2010-11-23,204.36953735351562,206.42570741271615,197.34352355000703,200.0237361597414,1180560
2010-11-24,204.12261962890625,206.87465162735813,202.4480433619695,204.98908354605587,1028950
2010-11-25,203.82177734375,213.13742025098088,199.8710523380976,204.27072398988162,1944798
2010-11-26,200.34251403808594,207.16651103296826,197.82840916098354,206.02168844657473,1297068
2010-11-29,201.9362335205078,203.8218152653842,198.47935192259027,203.799373409208,830126
2010-11-30,200.92611694335938,204.2707757854279,198.45690976353552,201.80156860560405,1541054
2010-12-01,201.419921875,203.3728426405089,199.8037111138628,202.0260026230221,1024502
2010-12-02,203.32801818847656,205.88702062019374,201.9811776877349,204.1810144321256,1755540
2010-12-03,199.73638916015625,204.89927634121617,198.88339314865613,203.3728602626213,1511732
2010-12-06,204.69725036621094,207.8623190748412,202.47495875324702,203.82179883364557,1812332
2010-12-07,208.0194854736328,209.99484849160442,205.48293900164836,206.4706136602502,2249692
2010-12-08,205.79718017578125,207.41339115872998,203.82181728585152,206.53793954690903,1171240
2010-12-09,201.6220245361328,208.7602764086621,195.8979524410566,206.96448908471663,1857606
2010-12-10,201.57708740234375,206.0665548277857,196.27952132062916,203.14840100124843,855188
2010-12-13,202.699462890625,204.2707765564438,198.74873686830202,203.619798271726,1177454
2010-12-14,203.1259307861328,206.02162865081576,200.67916590055148,204.62989120307498,1636232
2010-12-15,200.43226623535156,205.2135460062101,199.33234130415494,204.2707551652939,694932
2010-12-16,202.02603149414062,202.87902755362913,198.0977475484212,202.02603149414062,1061144
2010-12-20,198.9956512451172,203.55245811610394,197.9855210357511,203.55245811610394,1002280
2010-12-21,192.21658325195312,198.88344644284354,189.90450980885512,197.53660594774527,4454016
2010-12-22,193.58584594726562,195.5163115105762,193.04710436176296,195.5163115105762,2116514
2010-12-23,203.3504180908203,205.61759349953707,193.54092972192274,195.0673457981416,1990918
2010-12-24,212.48651123046875,213.69867304950245,198.88342890951594,198.88342890951594,3160432
2010-12-27,214.75367736816406,217.62693378473531,212.80075629492427,212.80075629492427,1332940
2010-12-28,216.9534912109375,217.73914793027356,211.29676009156486,213.47415431102075,2234692
2010-12-29,215.6291046142578,217.9187356314927,213.96800996703115,217.73915968324746,2009792
2010-12-30,216.59437561035156,219.19826140738755,212.441617969761,217.7391843985314,2085146
2010-12-31,217.71673583984375,219.80433552503683,215.06793900620912,217.6493828655087,1544020
2011-01-03,218.771728515625,222.22862369789888,217.7167146970663,222.22862369789888,902034
2011-01-04,219.93899536132812,220.88178621336777,216.45965828174764,218.63705261363842,1572686
2011-01-05,219.1084442138672,224.47336307158477,217.80650144820535,220.65731589936783,1925424
2011-01-06,224.47337341308594,225.82021365356445,219.53495919799803,219.98390594482422,1458314
2011-01-07,221.48788452148438,229.74850208086767,218.59217246878532,225.59574459332876,2635206
2011-01-10,214.14759826660156,222.6775864575144,212.64362392436607,221.9592689223367,1666680
2011-01-11,213.60888671875,224.02445819110932,210.1071070810404,212.3742829912439,1573020
2011-01-12,217.85137939453125,219.26555871536274,207.14399819263767,214.28224776031152,1608252
2011-01-13,216.88619995117188,219.06359465256233,212.8681206454894,215.94340893914242,1721388
2011-01-14,213.159912109375,223.64282149594612,211.00497318270968,217.9187504149258,1246698
2011-01-17,208.93980407714844,217.29021594235942,207.92967394105276,213.2496953979767,1128790
2011-01-18,217.44737243652344,219.01868614342402,209.20919640447678,209.20919640447678,1368432
2011-01-19,217.4922637939453,219.53496607569215,211.2070091414715,217.87385758008838,3230998
2011-01-20,219.26556396484375,222.83469568451278,214.05777954209853,217.29020123918616,2944744
2011-01-21,217.8963165283203,220.88180979453594,216.45968139081285,217.06576226759782,704542
2011-01-24,217.62692260742188,220.79199150438666,216.39231912692594,219.53494616818836,830160
2011-01-25,212.66607666015625,220.70222058269925,211.52125425031736,218.86153620472146,958186
2011-01-27,207.16648864746094,215.7862582508367,205.66251425575254,215.47200373813672,2157790
2011-01-28,201.48728942871094,207.41339181810653,195.53874518284533,207.41339181810653,4388842
2011-01-31,197.9181671142578,202.69944701124683,192.17164079469705,192.17164079469705,2736258
2011-02-01,194.4388427734375,200.09557463947277,189.5902095879354,200.09557463947277,2416064
2011-02-02,196.01014709472656,198.32222003809596,193.04709590578668,193.83275269144974,1399010
2011-02-03,196.32440185546875,197.76103688865572,192.21654196785553,194.41637823054984,2141106
2011-02-04,187.00875854492188,200.61185294942834,184.5171096251807,193.94499113887605,2490052
2011-02-07,184.1130828857422,187.97402805274808,182.4295324089171,186.7618662291265,1371256
2011-02-08,178.20944213867188,187.65976703160652,177.0870751109709,187.65976703160652,4643116
2011-02-09,184.0681610107422,189.23104845372643,176.50340579978146,177.33395999815406,3388248
2011-02-10,187.27813720703125,190.69013530520616,181.41938750020958,181.41938750020958,3224370
2011-02-11,187.77198791503906,190.01672178132762,185.52725404875048,185.52725404875048,1546260
2011-02-14,191.16151428222656,193.0021986358755,186.35779243819852,187.43526186204247,2292580
2011-02-15,190.2860870361328,191.70026659049933,185.97619539839425,190.39832372617408,1478946
2011-02-16,187.34548950195312,195.96527332795773,184.35999609633157,188.66988800933387,1920568
2011-02-17,190.5554656982422,192.8001995917271,184.71915757518138,188.10870027403627,3443260
2011-02-18,191.29620361328125,193.02465125688812,189.9269078719034,190.03914455394585,2322296
2011-02-21,193.22666931152344,194.12456276901264,189.50041694324997,189.50041694324997,1551622
2011-02-22,186.96389770507812,192.86754530171325,184.96607899292948,192.86754530171325,2528846
2011-02-23,186.8516387939453,190.75746721411124,185.97618717004977,189.23105103723833,1148008
2011-02-24,182.65399169921875,188.49029956813322,181.1724591735721,186.7618518052627,4385778
2011-02-25,187.4576873779297,189.00655895896867,184.0681453044588,185.3476461278259,2198344
2011-02-28,190.1289520263672,194.05723615914337,186.78429319872492,188.46784354134329,2425878
2011-03-01,200.32005310058594,202.02604533645322,191.25132291850903,191.38600146842612,2384860
2011-03-03,193.22666931152344,199.96087024269247,191.7900480000008,197.53656064762498,2121724
2011-03-04,194.10215759277344,199.89356874784053,193.09202726221164,194.84291709503154,2587888
2011-03-07,187.03121948242188,193.0022057992156,185.19053506045535,193.0022057992156,1709808
2011-03-08,190.3534393310547,191.52070372748378,188.33317877211658,188.55765216755415,1539154
2011-03-09,186.55978393554688,192.59812214992397,184.69665798823561,190.15135730897202,2240984
2011-03-10,187.34548950195312,188.98415624182823,184.13552270191238,187.2108109456091,2033652
2011-03-11,188.80453491210938,190.35340655423695,186.31288613209514,187.12098473621694,1261280
2011-03-14,191.04928588867188,192.14921091745504,186.80674727929616,187.21079661817464,1236950
2011-03-15,191.99208068847656,195.22450286628435,185.21298181884254,187.00876887300953,2122438
2011-03-16,197.58148193359375,198.38958066266648,191.2737714121378,191.2737714121378,1174126
2011-03-17,195.426513671875,199.28745843984555,193.94499488569403,194.88778579543074,1486540
2011-03-18,195.1571502685547,197.31208910613054,193.27156851010056,197.0427183262418,1236842
2011-03-21,199.5568084716797,200.92609042858055,195.2244755498493,195.4040514899856,1564078
2011-03-22,202.29539489746094,205.12375375490626,197.17740502644403,199.10787044333316,1726956
2011-03-23,204.83197021484375,205.3931536948844,202.0260528146404,203.372893166738,1229508
2011-03-24,204.31568908691406,206.96447243651173,203.3953399369628,204.4952650647095,914994
2011-03-25,205.6175994873047,210.87028163573683,203.9340492731619,210.87028163573683,1962978
2011-03-28,198.7711944580078,206.56042412949176,196.77337573018326,204.33813200306983,3893230
2011-03-29,198.74871826171875,200.4771521716915,196.70600246692985,196.70600246692985,2106386
2011-03-30,199.71397399902344,201.80157374589632,198.05286546452302,201.128153588791,1712244
2011-03-31,198.65895080566406,200.67921132233184,195.85303342140327,200.2302645408501,5392782
2011-04-01,199.91598510742188,200.65675821595823,198.07531436713847,198.56914483847245,1948106
2011-04-04,202.02603149414062,203.7769210269364,199.80373966739822,200.23024454752604,2290908
2011-04-05,201.73422241210938,204.67481810872758,199.5343861038761,202.92392854506303,1084382
2011-04-06,199.2874755859375,201.64444621268223,197.76105925353275,201.35263354190565,1040220
2011-04-07,198.0977325439453,199.60170673797325,196.72845058117178,199.60170673797325,1006682
2011-04-08,198.27731323242188,200.5445023555456,197.53655389546716,197.53655389546716,1018404
2011-04-11,202.2056121826172,204.22587254485623,199.8261999029537,203.14840309181557,3026028
2011-04-13,200.70162963867188,203.32797074242222,198.99563754946266,203.32797074242222,2145686
2011-04-15,197.42433166503906,201.9137991275755,196.86314823222202,199.55682870974388,817848
2011-04-18,195.1346893310547,200.4547107092934,193.11442908874378,197.53655702595543,1438698
2011-04-19,198.27731323242188,198.8833940356635,191.87982256648914,194.19189540033963,535086
2011-04-20,200.18536376953125,200.67920796104318,197.08763376934667,199.84865368905972,1029022
2011-04-21,200.3649139404297,201.57707555435937,199.10786861549752,199.89352536877175,1045656
2011-04-25,200.23025512695312,202.02604216845046,198.88341484583012,201.1057067899902,788672
2011-04-26,200.72413635253906,201.44245404187637,196.61627547705163,200.67923892806104,930144
2011-04-27,198.6813507080078,201.24035230236532,197.53654213729112,201.10567377666885,658350
2011-04-28,202.18316650390625,202.99126515322024,197.87327507244157,198.70382927914977,1716878
2011-04-29,209.0969696044922,210.78052008439954,201.8240260509849,201.8240260509849,2818460
2011-05-02,208.89491271972656,214.55164438599311,207.99701923939116,209.8377036142322,2318170
2011-05-03,201.24037170410156,210.53357449455868,199.37724551492528,207.63786260601668,1560586
2011-05-04,199.06300354003906,202.20563106363252,195.2918532518806,201.5771082990676,1977064
2011-05-05,196.63870239257812,199.44461994954986,194.169494942443,197.3345644663994,1309708
2011-05-06,198.00794982910156,198.43445470300074,194.93267568854867,197.53656124280616,3705660
2011-05-09,197.62635803222656,199.22011345959652,195.29182953222417,198.16508589323453,1097432
2011-05-10,193.36134338378906,197.94059136629122,191.0941543961772,197.94059136629122,1114758
2011-05-11,193.13690185546875,194.8428940651328,190.24118976981575,190.80237322046418,4028606
2011-05-12,193.42868041992188,194.99999380481034,189.455499549408,189.455499549408,1278038
2011-05-13,191.83493041992188,196.6162240094551,190.44320653080277,191.81248856394257,2798170
2011-05-16,197.73858642578125,198.99563174953263,192.35122583696142,192.3736676924416,2489462
2011-05-17,198.25489807128906,201.9362533963791,196.45911097589834,196.45911097589834,2759290
2011-05-18,194.16943359375,199.6465884147352,192.14917359104047,197.67121211814055,2487872
2011-05-19,191.81246948242188,196.12236036074057,190.55542425576309,196.12236036074057,867418
2011-05-20,197.19985961914062,197.94061901529125,191.81249862783798,193.09199960342585,887666
2011-05-23,190.73501586914062,196.5039839351913,189.74732760930294,195.40405899586142,1059866
2011-05-24,193.40625,194.59596982092668,190.3534176500699,190.48809619168523,689100
2011-05-25,196.70603942871094,198.6365189063358,193.49607252032573,193.9225774644253,1405232
2011-05-26,197.850830078125,200.34247895796773,195.40406491082453,196.4141950568311,3452042
2011-05-27,199.7588653564453,201.8464650399889,196.6386799095371,197.53657342510576,3573514
2011-05-30,208.49087524414062,209.6805814330533,201.12815102705386,201.53220037601713,5225874
2011-05-31,214.349609375,215.94336469441325,208.760217428071,208.760217428071,2398534
2011-06-01,210.9825439453125,215.94340036528882,209.54590877442527,212.6660943639608,1063870
2011-06-02,214.821044921875,215.89851450734812,208.8276023704212,210.01730865648048,1540168
2011-06-03,209.94993591308594,217.78406184565193,208.62555127772004,213.29459453776698,982188
2011-06-06,214.5965576171875,215.4495537462235,210.33156327123922,210.87030487945574,1219572
2011-06-07,220.02882385253906,220.881820010801,212.6212018399817,212.6212018399817,2259682
2011-06-08,214.8659210205078,221.1062782136951,214.23739829974934,220.43285807700363,1696686
2011-06-09,213.2496795654297,215.40461821546876,211.11718276977538,215.04546634071752,780026
2011-06-10,211.90284729003906,216.6167877488217,210.15195785978733,213.81087080907014,1139574
2011-06-13,215.6291046142578,216.39231952025833,209.3438505203084,209.8825920658107,583072
2011-06-14,218.9962158203125,219.93900672104672,214.6189850747589,214.6189850747589,1307524
2011-06-15,220.25326538085938,222.1837308124056,218.5023758986345,219.3104745209639,1635404
2011-06-16,221.8695068359375,224.1142407630483,216.41479243244342,216.41479243244342,1878452
2011-06-17,214.4842987060547,222.87960797663501,212.2844624851203,218.18810920176364,1408592
2011-06-20,214.03536987304688,221.1960762437056,211.8355334682022,217.3351313306979,2414532
2011-06-21,219.17581176757812,219.98391044810083,214.25983930889004,214.3496341404004,1579690
2011-06-22,222.1837158203125,226.04466012365015,219.53493306944375,220.70219721242012,3744308
2011-06-23,219.4900665283203,221.77969772678682,217.40246685060026,220.02880811646574,1132130
2011-06-24,219.98390197753906,220.43284871626872,215.49443459024235,219.5349552388094,2790330
2011-06-27,220.70220947265625,224.4509173108901,216.95350163442237,216.95350163442237,1291688
2011-06-28,220.8818359375,222.90209663205033,218.39018656119583,222.67762322154474,1111256
2011-06-29,223.3285675048828,225.3712697483909,220.7471236780835,221.10627559976595,1797496
2011-06-30,223.53057861328125,227.27928662417415,219.8043261597992,223.57547602733575,3384588
2011-07-01,223.5754852294922,226.26916577442583,221.1960728951079,224.47337874447007,1755688
2011-07-04,224.40606689453125,226.24675156533021,223.26124430257082,226.24675156533021,1284008
2011-07-05,223.71017456054688,224.78765779107542,221.35320397011043,224.47338956537652,1586442
2011-07-06,223.1938934326172,225.64065891320948,222.00418718180674,223.79997433797908,1489614
2011-07-07,226.65078735351562,228.04252512843496,223.2387890442591,223.4857042959262,1837006
2011-07-08,225.73040771484375,230.08519642504893,224.87741167800667,227.61598943902402,643216
2011-07-11,226.67318725585938,228.7383448266358,224.15908298277355,224.18153853834866,668456
2011-07-12,224.518310546875,229.29959150626428,222.25112085385973,225.41620419937138,689136
2011-07-13,226.71807861328125,228.2893920294129,224.74271591601175,225.14676519714962,607084
2011-07-14,229.41177368164062,232.9584637265689,224.47335976677167,226.71809336443937,1443292
2011-07-15,227.5261993408203,231.18512618401522,226.0671224551284,230.08520120526373,1104574
2011-07-18,224.78762817382812,228.94038533363454,224.49580184522844,225.95487868516042,884492
2011-07-19,228.82815551757812,228.96283405730503,224.9896527261572,226.26915365663086,1071658
2011-07-20,225.46109008789062,230.53418348465522,225.12437998543007,229.47915575679167,497366
2011-07-21,226.56097412109375,227.61600172129664,223.12653423172472,223.12653423172472,583054
2011-07-22,229.97296142578125,231.6565116558382,227.34662032673901,228.51388455973188,932300
2011-07-25,235.9888916015625,237.42549941123903,228.06496978141598,228.17720647914308,1831486
2011-07-26,231.49937438964844,242.431215459477,229.09749312889943,237.89686479760687,1602330
2011-07-27,232.01565551757812,236.99898046677276,230.30966349054728,231.2075569154617,1583740
2011-07-28,233.2053985595703,235.58481089295097,228.0649527081831,229.8607397373814,4204540
2011-07-29,232.64422607421875,235.42770158092952,230.37705032334267,234.35021835202963,1444394
2011-08-01,234.8889617919922,236.68474891975737,232.6666697410754,232.7789064365607,1259370
2011-08-02,235.11343383789062,238.6152132366918,233.00337849453066,233.45232527390357,3078086
2011-08-03,231.5891876220703,235.58482496125626,230.80353074987937,233.67680112879253,1056900
2011-08-04,224.94476318359375,232.55441606207083,223.5754810789793,231.00554429718053,1112582
2011-08-05,224.02444458007812,226.26917849370616,217.78408704034587,217.78408704034587,4750262
2011-08-08,223.23873901367188,226.17933431876446,217.11061950639083,219.98387554891747,3032208
2011-08-09,216.25767517089844,219.9839280639185,213.74357039572845,214.82103995629592,3857724
2011-08-10,216.392333984375,220.88180149442425,213.72109533558864,220.88180149442425,2548542
2011-08-11,216.3025360107422,220.2083781680357,213.6986503730581,213.6986503730581,1869728
2011-08-12,213.72109985351562,217.69428142405323,212.80076447480724,216.41478041648784,1575372
2011-08-16,212.7334442138672,217.3800463404364,212.19470257281574,214.3720972959758,443322
2011-08-17,217.2677459716797,220.43281450824358,211.4538811270524,211.4538811270524,1809090
2011-08-18,214.9781494140625,219.2655853052411,213.29459913730116,217.51469575756278,643614
2011-08-19,209.6132354736328,218.18812116491787,207.997024428554,212.80076014850016,1494552
2011-08-22,209.90509033203125,212.75590551664763,202.63215971780218,208.76028136613797,2256598
2011-08-23,211.6783905029297,212.93543591002086,209.02960744463718,211.20700190046236,1040600
2011-08-24,208.96226501464844,212.91299083502307,207.68276406916064,211.11720388016784,1022666
2011-08-25,211.27430725097656,215.7188765776683,208.760203139679,212.2170980053088,2959880
2011-08-26,208.9173583984375,214.55163424081587,205.12375314309597,210.39887709062972,1432896
2011-08-29,209.27655029296875,212.77834359046204,206.96447698867215,208.7602642076628,1181284
2011-08-30,220.70220947265625,222.67757229316814,209.7927959967044,210.264198271414,2636990
2011-09-02,228.77337646484375,230.96637036502565,225.42733727068986,227.30383707246895,4598464
2011-09-05,227.46209716796875,230.19770970393,225.29170592204218,226.98732839511325,5449062
2011-09-06,222.39785766601562,228.23079651095082,219.93354735991332,227.52994470595524,1561318
2011-09-07,223.121337890625,224.90738546868135,219.93355903017448,224.13871148031959,1408916
2011-09-08,222.23960876464844,228.52471396380548,220.90571342641536,222.9630771887916,2014584
2011-09-09,218.28309631347656,224.02560897586855,215.72836164361257,222.91779696021533,1382136
2011-09-12,221.58392333984375,223.23434013425427,213.0606060268416,217.03966095813678,1621046
2011-09-13,218.2152862548828,224.22908776073402,217.03965204649575,222.0134774058946,1459500
2011-09-14,221.47091674804688,223.34741681831167,216.13536309501336,220.0692130893601,3733268
2011-09-15,220.25003051757812,223.77691930409358,217.83093999652786,223.77691930409358,1605102
2011-09-16,219.7300567626953,224.5908408986419,216.58749777845603,218.41876442169692,3369606
2011-09-19,214.1005859375,224.7264861899419,212.7666908117383,224.7264861899419,1605906
2011-09-20,219.0291748046875,220.2048089882459,214.93707863775396,215.68314966610532,2011678
2011-09-21,218.9387664794922,221.5613235653556,217.55965200238336,221.51610420890756,4244378
2011-09-22,212.0884552001953,216.94923966397923,210.07632479459375,216.94923966397923,1686552
2011-09-23,212.2014923095703,214.32667796937736,206.30073169520762,209.14937189544943,1761748
2011-09-26,211.0936737060547,214.77882338967564,205.84854599610492,213.76145001572453,2628950
2011-09-27,211.27456665039062,214.86929192359736,210.30241249569673,213.60321882531173,2322574
2011-09-28,212.9701690673828,213.8745009954821,208.22242644486155,213.8066788606767,2527078
2011-09-29,210.73194885253906,213.35451980839306,209.89545283115646,210.93542906255735,3476192
2011-09-30,209.12680053710938,210.93546475797086,206.3459820573374,210.93546475797086,4327234
2011-10-03,208.8781280517578,211.6137273407236,204.831236079803,205.8486097689411,1917186
2011-10-04,204.51467895507812,209.42068287904203,202.79645365221134,209.35286073795731,2401640
2011-10-05,208.47108459472656,210.7093113399365,203.47465687332925,203.47465687332925,2103384
2011-10-07,212.337158203125,216.02230837531394,208.10940330662115,213.6936562149009,1987414
2011-10-10,209.37547302246094,213.60322812945765,208.900704214306,210.50588808855568,1468888
2011-10-11,215.97708129882812,218.57703572850912,209.57893533167623,211.61368227664394,2679866
2011-10-12,218.8709259033203,219.77525781706032,216.58749334073076,217.53704460995976,1247944
2011-10-13,215.38925170898438,220.0013360910285,214.41709768230422,218.23789165674663,1589286
2011-10-14,216.99444580078125,220.18222416218808,213.12843228476757,213.12843228476757,1703284
2011-10-17,213.4449462890625,217.19793221916677,210.50586740598584,216.8135883746546,1117938
2011-10-18,210.8902130126953,215.18578987770115,210.14414189594382,210.75456873656262,1115716
2011-10-19,218.39617919921875,219.50399142490627,211.61368916197594,211.61368916197594,1555646
2011-10-20,221.0187530517578,221.53875503277837,216.180584742144,216.99447808798186,1757926
2011-10-21,220.4083251953125,224.7265050340073,218.84834695464693,223.0987046522283,1407938
2011-10-24,218.0570068359375,226.53511752162714,216.22574044743186,223.82212210220646,2053022
2011-10-25,226.1282501220703,227.84647563621155,217.4466562214302,220.20487195645742,1749532
2011-10-28,230.3785858154297,232.86549891059136,227.4847260644985,231.509000858685,2587778
2011-10-31,228.0951385498047,230.1524882790603,225.29170389988565,230.1524882790603,1434860
2011-11-01,228.77337646484375,233.27243335494913,226.08298344227657,226.08298344227657,2238258
2011-11-02,230.15252685546875,232.00639668090932,228.14038234862016,228.34386259727253,1224596
2011-11-03,227.7786102294922,230.62725035643052,225.63082184519425,230.15248160161096,1217320
2011-11-04,232.02902221679688,232.61683256882938,228.1629941662338,230.604688104003,1928772
2011-11-08,225.8116455078125,232.84283346395222,223.82211832693028,231.05677265668965,875436
2011-11-09,221.8778533935547,225.85690852463466,220.79264399506857,224.7264935670539,1185296
2011-11-11,228.0272979736328,228.70554694297618,221.56132998549705,221.6743714803876,2616412
2011-11-14,230.96640014648438,237.36456044210578,229.9716431704777,231.14727759576922,1951568
2011-11-15,228.2760467529297,233.22725701709834,227.258673079592,228.90907650098154,944612
2011-11-16,221.31268310546875,227.84647437885639,220.20487074127192,226.62563429891833,1355978
2011-11-17,222.66915893554688,226.53517283254553,219.86572413138776,222.917844723443,2330426
2011-11-18,225.449951171875,227.30383437389423,222.2395700853066,222.46565306606482,1782862
2011-11-21,225.449951171875,226.8742711908496,223.3699849890976,223.88997308503943,1588990
2011-11-22,227.28118896484375,229.2028940575121,223.36995665368514,223.36995665368514,2262380
2011-11-23,224.95257568359375,229.58727699164768,223.46043346499528,227.4620913600577,1856570
2011-11-24,226.85166931152344,228.77337465558495,219.79787752410743,227.43947954422057,2058724
2011-11-25,222.42041015625,227.8916204710105,220.6795686289614,225.63079090284572,1296106
2011-11-28,232.187255859375,234.22200298959348,221.56135417934516,224.0482673385011,1501122
2011-11-29,230.3107452392578,233.95068966661674,228.8864251585568,233.95068966661674,1094566
2011-11-30,237.6132354736328,239.4218994924616,229.7455497515298,229.7455497515298,2639414
2011-12-01,236.34718322753906,241.88621695036704,234.2898333643791,240.1001556589117,1619632
2011-12-02,241.0723114013672,243.26530543907188,234.5837128108612,237.0706257846807,1443394
2011-12-05,237.206298828125,244.14706425553274,236.07588370294707,241.70535654593823,1211938
2011-12-07,231.23768615722656,239.62537361029544,229.72292732024007,236.16629272318818,2540814
2011-12-08,234.8323974609375,236.48281437484647,228.34382649961276,230.60465646495547,2395944
2011-12-09,231.9159393310547,234.62893517771306,229.33858775712505,231.59941762934037,1156182
2011-12-12,228.2760467529297,235.42027904955364,227.0325900410725,233.34029853635806,1176710
2011-12-13,231.64459228515625,232.86544577288942,226.5351229751798,228.34378663166825,945436
2011-12-14,235.75936889648438,239.19581953682115,230.37858233272283,230.37858233272283,3177478
2011-12-15,236.34718322753906,237.38715954977144,232.95593809111375,232.95593809111375,2127162
2011-12-16,232.45848083496094,237.86186892195641,227.89161623143448,234.26714445584534,1500160
2011-12-19,229.81336975097656,233.04636769371626,225.63083424640885,231.66723931379218,1273816
2011-12-20,226.08299255371094,232.27767206928695,225.0882218668703,232.27767206928695,2431274
2011-12-21,225.78912353515625,229.2934104802028,222.60134455089965,229.04471086921106,2478390
2011-12-22,224.34219360351562,226.0830357385048,223.57351956141275,226.0830357385048,2117982
2011-12-23,225.5177764892578,226.9420965283353,223.82215410963934,226.9420965283353,1159262
2011-12-26,226.60299682617188,227.80123401229955,221.1091824753894,221.1091824753894,781598
2011-12-27,225.74386596679688,230.4690059868579,224.6360537939755,228.09513458710688,1400228
2011-12-28,225.74386596679688,227.41688561574946,223.82216054795083,227.41688561574946,988442
2011-12-29,224.54563903808594,226.3995224034882,222.55611139187843,226.35430304354935,1229360
2011-12-30,225.02041625976562,226.08300916263235,222.44307823471868,222.6013253019231,834046
2012-01-02,223.91261291503906,226.2412650988686,220.6570121344346,226.08300423610103,1531264
2012-01-03,225.83428955078125,226.53514125461982,223.9577898165502,225.63080935340375,1183732
2012-01-04,226.64820861816406,229.1351216304332,223.14392210087576,226.12822047540098,2152400
2012-01-05,226.01519775390625,231.0568463378754,224.90738543679092,227.4169152370892,3608544
2012-01-06,226.0603790283203,228.34381162496592,224.0482349706349,225.5629937085431,3077962
2012-01-09,228.5699005126953,229.903795659426,225.69864380975648,228.97684713066062,1932776
2012-01-10,233.47589111328125,235.12630796803452,229.2255474895948,229.29336962632195,1689898
2012-01-11,235.4202423095703,237.11586483384545,230.7177048030381,234.78719886129844,971010
2012-01-12,235.14892578125,237.7262775337454,233.1594119146743,233.92807204606558,746484
2012-01-13,232.232421875,236.4375873064182,230.1524695353033,235.19413093859487,973202
2012-01-16,228.5699005126953,232.41331130272084,226.08298764856113,232.41331130272084,713028
2012-01-17,233.31765747070312,234.69675825979172,228.11774843792583,228.79599744220113,1845766
2012-01-18,233.97329711914062,235.4880421469112,230.96638224548042,235.08110931459555,1309850
2012-01-19,238.35928344726562,240.55227719071797,232.97849778668692,235.28453301378153,1503506
2012-01-20,238.8114471435547,242.27049995177634,235.57844970248036,240.19054771146077,1788144
2012-01-23,236.4602508544922,241.86364088839505,235.26199973470509,239.64801611528833,703754
2012-01-24,233.40805053710938,238.49491707420148,231.14722096506844,237.29666636181287,924010
2012-01-25,233.90542602539062,235.66888416110936,232.5489282588432,235.0358408308468,1184990
2012-01-27,239.10537719726562,241.11752143300117,235.69152938950185,239.60277636006668,2306362
2012-01-30,241.27577209472656,245.8652681392009,237.16107243956023,237.16107243956023,3061562
2012-01-31,248.0130615234375,249.59564259058797,241.95402582713768,243.62704561773003,2012762
2012-02-01,248.5103759765625,251.72077053357515,245.75217493280692,250.47731426666581,1420266
2012-02-02,245.9330596923828,250.70340472120907,241.97660781572299,249.21126267590097,2939066
2012-02-03,251.5399169921875,252.3086046406249,244.16961739415314,244.16961739415314,2111304
2012-02-06,247.4026336669922,255.47378558840833,244.01138872555313,253.66512161964084,1795680
2012-02-07,246.0687713623047,251.26868096758042,240.8914645400555,251.26868096758042,2515820
2012-02-08,249.0078125,250.90691514928955,242.85833856887302,246.5435023716375,1997008
2012-02-09,245.41310119628906,251.49473953227337,244.10180873198684,249.32434821034468,2199964
2012-02-10,244.82525634765625,246.49827586313003,243.2652783183899,245.97827398736823,1910334
2012-02-13,250.1156005859375,253.05467919400718,247.33476901755637,247.33476901755637,4020990
2012-02-14,250.771240234375,252.26341003944682,248.80432927026558,250.83907617024957,1712396
2012-02-15,251.7208251953125,255.45119480609856,250.16084692937915,251.96951098309358,992194
2012-02-16,244.6669921875,247.69650966722037,241.90879084510965,243.94353768399375,2472766
2012-02-17,245.11917114257812,247.76435873212986,242.94877991901225,246.43046354745215,2667234
2012-02-21,245.52618408203125,248.60090793951196,243.89839721572608,246.385310682487,3116204
2012-02-22,248.17124938964844,250.29643469246332,246.02346131087089,247.7869194042319,1494106
2012-02-23,246.79217529296875,251.9242754945486,242.65487332038637,250.00257016575887,1913602
2012-02-24,247.69651794433594,249.55041501830408,243.33313280284375,248.60084990294834,1189874
2012-02-27,248.12606811523438,250.861666626787,246.3174042929821,248.69127555968822,1380884
2012-02-28,247.04092407226562,249.98000356018474,245.59401471048093,246.43051091013942,870150
2012-02-29,248.8721466064453,255.83548558494397,246.92781096891105,246.92781096891105,1596572
2012-03-01,248.84962463378906,255.021703496998,248.1035670600367,250.47743930003534,1340134
2012-03-02,256.19720458984375,258.4128286833792,248.7364667538407,250.9068852936379,2413962
2012-03-05,252.39903259277344,258.8423972215672,251.4042620076717,255.76767435690442,982140
2012-03-06,252.80599975585938,256.83028819817355,250.70344441305048,252.39906691435885,1154218
2012-03-07,252.76072692871094,254.56939044877325,250.92946063425083,253.2128928087265,681656
2012-03-09,257.80242919921875,260.44758898564635,254.2077043524692,256.60417838429566,1668396
2012-03-12,260.47021484375,262.0301930397776,258.18678209786543,261.2389025517369,982388
2012-03-13,263.9744567871094,266.7778909917105,259.54323632074886,259.54323632074886,1682880
2012-03-14,264.177978515625,268.5865968990693,262.3014786260272,266.5066443932684,1414670
2012-03-15,265.17279052734375,267.1849350072771,263.6580176725508,266.0318894796795,1452078
2012-03-16,246.76959228515625,268.1796411537846,242.31576826433988,263.38669263601196,7968974
2012-03-19,251.1555938720703,251.87904838577222,245.32264181252393,245.52612201888405,4185774
2012-03-20,258.14154052734375,259.927573872783,252.308588989981,254.0720471565376,2498238
2012-03-21,256.67205810546875,260.3345919112105,255.08947699962553,257.7346372373252,1984122
2012-03-22,255.6998291015625,260.74149017522126,253.43899948970076,259.4980338886973,2537198
2012-03-23,262.43719482421875,264.4719421140749,252.8512687390687,259.20419642445887,1937016
2012-03-26,261.3067321777344,264.0649336302112,258.6841474023049,264.0649336302112,2546518
2012-03-27,260.47021484375,263.16060802269294,257.3728888297708,259.99544607052997,1736656
2012-03-28,256.8529052734375,264.96929095101274,253.32601579403564,262.1206505098814,928234
2012-03-29,258.5711669921875,262.21112608757716,252.4217192201247,253.2356126608348,2185082
2012-03-30,257.7120361328125,264.42669068638475,254.70512097292928,260.62851256645405,2297008
2012-04-02,259.2719421386719,260.96756429008974,253.75551255312246,255.51894303178693,1217922
2012-04-03,257.30511474609375,260.9224435610056,256.4460157113694,260.5833189846076,851142
2012-04-04,255.06687927246094,257.7120674468126,253.30344808758764,257.7120674468126,627652
2012-04-09,252.82862854003906,255.45118580592117,250.7260456124659,253.21295859870315,561580
2012-04-10,256.28765869140625,257.7345952721874,252.4442480601543,255.02159953248017,752576
2012-04-11,260.7189025878906,262.256278015466,252.10514587267676,252.10514587267676,977768
2012-04-12,259.0007019042969,262.030219888532,255.17989335094197,260.22155573054386,1442474
2012-04-13,264.6979675292969,267.68225186561756,258.6389325458332,258.6389325458332,2142600
2012-04-16,261.28411865234375,266.30317793777573,260.44762257045,266.2579447778211,631486
2012-04-17,264.38153076171875,267.54669354039976,259.4303063240333,262.93459368614447,1060348
2012-04-18,269.7848205566406,271.9778143379468,265.8735741158982,265.89617689341304,1001600
2012-04-19,270.1239929199219,274.4647756973425,268.7900976337485,273.5830464337347,866778
2012-04-20,266.2353210449219,273.5604153728571,264.51709585639907,271.11870806420507,1518400
2012-04-23,269.33270263671875,270.9830920618395,264.5623290156929,267.8405326824132,574316
2012-04-24,269.2422790527344,273.53785651274734,267.45621764186075,269.0387988113392,1996560
2012-04-25,268.27008056640625,271.7517642637661,265.2179600859064,268.6770410030151,1301712
2012-04-26,270.1239929199219,271.16396925221807,265.57970231471813,269.8526767475682,1258260
2012-04-27,270.7344055175781,272.2039450882372,265.42145476211834,269.083988499013,1082160
2012-04-30,272.7012634277344,275.2786147680337,266.32573480522086,269.310018926819,1370226
2012-05-02,269.7848205566406,275.34645612823675,268.6996112557355,272.3169387947273,1410952
2012-05-03,271.09613037109375,273.1082746693051,267.45619944849994,269.03878051032535,625090
2012-05-04,271.88739013671875,274.73603020606333,269.71699901712384,269.71699901712384,1697456
2012-05-07,271.4125671386719,273.5377522760204,269.1065322096859,269.71694510323664,841490
2012-05-08,268.88043212890625,276.1602912310349,265.46655790347273,273.08556898908034,1131446
2012-05-09,271.1865234375,272.6108571925527,264.6753228401432,267.23007144904125,873108
2012-05-10,268.4057312011719,272.6561027138642,266.91358889497917,272.2039367060468,982754
2012-05-11,258.23199462890625,268.903128914506,256.1068364820747,267.29794511503894,1787728
2012-05-14,261.1258544921875,262.7084354285038,254.11728177421537,256.9885247194664,882634
2012-05-15,268.9709777832031,270.6213949906947,257.8024978461357,258.6615968269725,1260638
2012-05-16,263.2284240722656,270.3726407048944,261.125841323698,267.47876752807315,1555194
2012-05-17,262.2337341308594,266.64235358763966,258.9329271341065,264.1102068792872,1907122
2012-05-18,263.04754638671875,266.348352364533,257.644157662437,257.9832821313498,1012422
2012-05-21,268.99359130859375,269.9431289642327,260.5606835270337,260.9224108435616,1038810
2012-05-22,259.63372802734375,269.94310751849576,258.63895728740295,269.6944217330163,1755516
2012-05-23,258.005859375,259.54323452112646,252.87378729257833,259.54323452112646,1955586
2012-05-24,257.2597961425781,261.35189204689243,253.71027724368497,261.35189204689243,1482068
2012-05-25,257.5311279296875,261.73626601657685,256.7172346867446,260.01804081524824,1113544
2012-05-28,257.5538024902344,259.99551049759725,254.1625567011353,258.2094488623993,686258
2012-05-29,255.81292724609375,260.8997949995512,254.79555369540225,258.68417044994686,1343318
2012-05-30,261.08056640625,262.8892297617543,257.01107385636533,259.9727545814011,3140604
2012-05-31,256.3554382324219,263.13792608971494,254.65981626809864,258.75191175572934,3554468
2012-06-01,257.30511474609375,258.4807631697573,253.82343024213534,253.82343024213534,1370470
2012-06-04,255.22512817382812,257.46335560350207,252.80602328796888,257.14683385419033,641718
2012-06-05,252.87380981445312,257.39546935516756,250.04777260150664,254.29814360898604,887034
2012-06-06,259.85986328125,261.2841699379352,251.04262432814045,251.04262432814045,1651076
2012-06-07,261.5779724121094,262.6631816082546,258.77453832041436,260.53799636464635,986750
2012-06-08,263.90667724609375,265.511860906708,258.1415611762954,259.3397844280687,1039702
2012-06-11,261.6005554199219,265.60223988006095,260.13101636011123,264.5170307659182,1015666
2012-06-12,262.1658020019531,264.1779459200924,260.06324697577753,262.66320108624484,1104120
2012-06-13,268.1344299316406,269.0387619044286,261.80410612212467,262.25627210851866,1536886
2012-06-14,263.59014892578125,268.3152886740404,262.0753764180704,263.6127517039221,759932
2012-06-15,268.67706298828125,269.71703934713133,263.92931963011716,263.92931963011716,886640
2012-06-18,267.8179626464844,271.25444140023956,265.9188595980969,269.60402417530145,587596
2012-06-19,270.4179382324219,272.1587943254679,265.35367224960606,265.35367224960606,1019276
2012-06-20,273.6507873535156,274.44207761823697,270.8473534674715,272.6334141560168,1413502
2012-06-21,277.74298095703125,279.913372358214,271.97786413618934,271.97786413618934,1364524
2012-06-22,275.1429748535156,277.7203262345246,274.0351627794482,275.8438265418378,1102860
2012-06-25,275.5047302246094,279.2124968357984,274.9169199614015,275.82125193495875,1053518
2012-06-26,278.8055114746094,279.8681180073221,274.0125634826032,274.0125634826032,542892
2012-06-27,281.6767272949219,283.46278795701204,278.66981329431354,279.5967477853688,1424142
2012-06-28,278.5343322753906,282.6038273898038,277.0195867997933,281.2473290183328,1773886
2012-06-29,287.487060546875,291.5565534606817,279.55155488455495,279.55155488455495,2355224
2012-07-02,286.9897766113281,289.22800391587697,285.02283787786615,287.577586914032,1658388
2012-07-03,284.8193664550781,289.3862318878496,283.1237440026103,285.90454826584454,1500942
2012-07-04,286.53753662109375,287.30622417142536,281.69935596690635,285.58797167138425,1058592
2012-07-05,287.487060546875,289.34095721086265,284.6836265755385,286.4470845440608,494218
2012-07-06,286.6280822753906,287.57761998140154,284.97766508377094,284.97766508377094,478552
2012-07-09,282.69415283203125,286.8992905785912,281.8124237243609,284.8871466144252,1392416
2012-07-10,283.4402160644531,284.81934429691864,281.5185107678262,283.0558860443356,2648760
2012-07-11,282.1289367675781,283.8019562235829,279.21246100749136,281.0211247225197,1490872
2012-07-12,280.275146484375,283.57598109796317,279.7325692419488,280.34298243869256,1083586
2012-07-13,278.69256591796875,281.04383516788573,277.62998661752033,279.66473407644355,946434
2012-07-16,281.0211486816406,284.3897906576859,278.08206989414157,278.08206989414157,893452
2012-07-17,283.8697814941406,288.0297138065551,282.6037223376718,282.6037223376718,1346510
2012-07-18,283.3724670410156,286.0854633217376,282.6037792418727,286.0854633217376,2110900
2012-07-19,283.0333251953125,285.7689240914567,282.19680150110406,284.8645920531926,1563050
2012-07-20,282.58111572265625,283.7793389302869,280.99853489905325,281.69938660133073,909906
2012-07-23,278.8507385253906,282.24198304873,276.27338716804894,281.2472124689467,1337880
2012-07-24,275.1203918457031,279.6194487975444,274.0351824710808,279.6194487975444,2112538
2012-07-25,276.3864440917969,278.98639837159703,273.8995313024228,276.1377583324635,1486882
2012-07-26,281.5411376953125,284.2541333749666,276.72555932471874,279.34811629544726,1766944
2012-07-27,285.9723815917969,286.98975505398744,279.25770018252615,285.6332571044,1336052
2012-07-30,291.87322998046875,293.3879754407682,282.6490301084117,287.6002546338831,2001276
2012-07-31,295.53564453125,297.07301975182145,290.2679279392107,292.21223594309686,1153766
2012-08-01,298.3617248535156,298.8817267941062,292.2801142157752,296.39481378749866,1494284
2012-08-02,296.5757141113281,298.4295838200916,294.94789982258555,297.52525174790946,658944
2012-08-03,298.4069519042969,300.0121356561004,293.229645776912,295.7165587326144,1640760
2012-08-06,303.58428955078125,305.16687068690055,299.5600007654394,299.78608378488497,1423944
2012-08-07,302.8155212402344,309.3719270606751,301.39118755727645,307.42761913007894,1061480
2012-08-08,304.5337219238281,306.38759100323773,302.612016922824,302.7476611679977,996162
2012-08-09,305.8224792480469,308.8293943464126,303.8555680831468,304.7599001310133,863074
2012-08-10,305.4154968261719,311.94930033138525,303.17726985129,307.42764082577315,4555986
2012-08-13,308.377197265625,311.56496189370796,306.16157293227934,307.4728653088343,1647378
2012-08-14,303.62237548828125,308.0358938494983,300.75587272454703,308.0358938494983,2894370
2012-08-16,301.4156799316406,305.1694414436246,299.4364071990367,303.030929331066,1527782
2012-08-17,300.778564453125,303.87256733405155,299.4818220262373,300.48283030946783,1902522
2012-08-21,302.91717529296875,304.5096801574455,298.2761555622775,301.21092008102937,1805210
2012-08-22,302.2120056152344,307.1260163221715,301.52950335674063,302.5760012655468,1864492
2012-08-23,304.077392578125,307.80840915236934,303.05363955433666,303.05363955433666,2383776
2012-08-24,302.8489074707031,304.55516264599123,300.75591223078186,303.4859205112428,893732
2012-08-27,304.82818603515625,305.3286764544932,301.7341821449805,303.7134270781812,991094
2012-08-28,310.0152282714844,310.72050273908803,302.80346636432904,304.85097289872346,2911176
2012-08-29,307.62646484375,312.58599168636323,306.1022211164496,311.6304997634412,1224736
2012-08-30,305.78369140625,309.40095816251346,304.85094407188825,307.5809525262634,2049460
2012-08-31,304.1229553222656,307.4444600803786,300.52843305391457,305.8064383321969,1187724
2012-09-03,303.3949279785156,306.170453181281,301.9616902311044,304.8964270443623,1044496
2012-09-04,301.0743713378906,304.3958753351653,298.6628699574625,303.80437918843023,928220
2012-09-05,295.9329833984375,300.25549760009034,293.7034649649395,299.39098365132486,2258182
2012-09-06,296.4333801269531,298.3898803817104,291.8151053066436,293.52136037260846,1483490
2012-09-07,302.3939208984375,302.82617778489356,298.5264089783978,298.5264089783978,1185380
2012-09-10,311.01617431640625,311.9034325233142,302.30291492825654,302.30291492825654,1692520
2012-09-11,311.6986999511719,315.31596659402084,309.24170908191917,312.15370134596844,1206306
2012-09-12,310.1289978027344,316.4535294860886,309.4010065428329,315.7710272657735,1622398
2012-09-13,307.85394287109375,311.19821989695544,306.3524437724393,310.3109615933153,1563768
2012-09-14,308.5592346191406,312.24473513857225,306.03395443503274,311.69872786170885,2217282
2012-09-17,306.17047119140625,310.99347520688366,300.869693460939,309.9697219966196,3814960
2012-09-18,306.57989501953125,311.22091420665305,303.14464048272305,304.850895494821,2438776
2012-09-20,305.3059997558594,309.35552412484134,303.0537368263938,303.940995286012,1945192
2012-09-21,304.6233825683594,311.4938913655034,302.1208753179845,308.0358924552342,3359616
2012-09-24,309.15069580078125,310.6294502982444,303.0309216339869,303.9409244016565,1532148
2012-09-25,307.69464111328125,312.08541493778307,304.3958815597562,307.5808907838493,1188406
2012-09-26,307.4444274902344,310.51568670004366,304.668902504648,305.3059155232624,1266006
2012-09-27,308.24072265625,312.0399734679613,304.85095646669475,308.03596645963034,2193682
2012-09-28,316.4762268066406,318.4099828091331,306.67095192468935,308.9459589864452,5214744
2012-10-01,315.38421630859375,319.8432242593356,313.63244434042645,318.50096463985165,1262540
2012-10-03,317.4544982910156,319.3882543382156,315.4524809219519,315.7709874721779,2312474
2012-10-04,317.9322814941406,320.77604072038514,315.7710244821948,320.77604072038514,3083848
2012-10-05,310.56121826171875,318.88773881669795,295.7509273758084,318.500998712409,3019160
2012-10-08,322.4367980957031,323.8245470046359,312.0627425149602,313.49600823287705,4350908
2012-10-09,329.1934814453125,331.4684882279339,323.0964521594557,323.0964521594557,3355008
2012-10-10,328.1243591308594,331.6506209310033,326.69109322623626,328.96610083923235,2011062
2012-10-11,327.6237487792969,328.73850775079956,323.16474066436734,328.51100705339417,2763132
2012-10-12,324.52978515625,330.4675485418004,322.89179103992046,328.9660493066509,1129144
2012-10-15,325.2349853515625,327.4645032527177,323.0737287667801,327.0095018664477,1276120
2012-10-16,326.781982421875,328.23799232860614,324.438714308614,327.05497212954,909036
2012-10-17,323.73358154296875,328.96609902398654,323.0965683064093,328.0788405055962,751248
2012-10-18,318.4100036621094,325.1440194517074,317.7047569809942,323.1647742867901,2388514
2012-10-19,316.1349792480469,318.40998633499464,311.2664585277621,318.40998633499464,3528600
2012-10-22,318.09149169921875,318.5010040986362,309.628476127317,316.18050789149385,1168318
2012-10-23,317.59100341796875,319.84326608811523,315.45249110721267,319.84326608811523,818056
2012-10-25,316.1804504394531,320.161712267265,313.95093270744707,319.86595028019605,1675108
2012-10-29,312.94989013671875,314.15565469612454,309.4236300442431,311.22089074236516,469010
2012-10-30,311.1300354003906,312.60879034789355,309.42377969173344,311.4030529764292,540312
2012-10-31,315.8392333984375,317.34073246650314,308.0359482681456,308.12695410250024,1903328
2012-11-01,319.16064453125,320.27540319045255,313.51861770778004,314.86087700065355,1105676
2012-11-02,317.11322021484375,321.9589682930458,315.38422050941375,320.1162182415864,1576272
2012-11-05,317.54547119140625,320.6394749917743,316.70370198376105,319.2972153793196,955088
2012-11-06,317.77294921875,320.4801849940932,314.6789178679383,316.99944138104706,1178430
2012-11-07,318.6602478027344,321.02626084797436,317.1587486030326,317.7957617282802,1227750
2012-11-08,316.9312438964844,324.87102448898224,314.04199589356625,318.91051680076913,3533206
2012-11-09,315.8619689941406,321.50396954073307,314.40595899883004,315.1339501109449,1012262
2012-11-12,314.8382263183594,318.43272073893417,311.22095961077224,317.9094857882025,739238
2012-11-15,311.3119812011719,313.6779941704194,298.48093543467206,312.1309782136967,2059576
2012-11-16,308.9459533691406,314.17846951604065,307.46719880588626,310.3109575813754,1433138
2012-11-19,309.605712890625,313.1319737942287,306.2386913710093,307.5809510756297,1118136
2012-11-20,310.8114013671875,311.9034156815057,305.76089764839065,310.8796626759865,932626
2012-11-21,318.7057800292969,319.77502235796237,309.53748944956163,311.44850114668014,2390410
2012-11-22,318.1369934082031,319.86599322275833,313.1774668998725,318.5009889842544,1062766
2012-11-23,320.9125061035156,322.14101553051825,314.5880028284904,316.3170027248612,1470290
2012-11-26,317.0450134277344,322.70978718850324,315.2705243871284,322.70978718850324,624976
2012-11-27,318.478271484375,319.6385196313109,315.7710072941349,317.158756166787,1100676
2012-11-29,323.02825927734375,325.2350050258122,317.1359854144936,317.1359854144936,1952048
2012-11-30,322.9826965332031,325.303220076138,320.88970143588466,323.0964468704721,1593304
2012-12-03,320.79876708984375,323.80179332550466,318.2962591123353,321.93627071598394,1017862
2012-12-04,320.22998046875,323.050994709159,319.1834828006691,319.6839732333351,911480
2012-12-05,319.66119384765625,323.5059608209109,317.6364322798638,321.11720372624177,1198858
2012-12-06,319.93426513671875,322.57326786432543,315.2705005007379,319.001489992656,2032942
2012-12-07,318.4554138183594,321.2309105775256,315.99839574517216,318.5463918594535,1377750
2012-12-10,320.593994140625,323.36951950611234,316.22599155278954,318.50099868626285,1633846
2012-12-11,325.5989990234375,335.3132958234757,321.48124180278893,322.98274090681053,3350478
2012-12-12,330.2627868652344,331.923553243495,326.28152423208763,326.50902495398174,1823000
2012-12-13,326.94122314453125,331.69599293213645,324.64347182041064,331.2637360839761,1457298
2012-12-14,327.1232604980469,330.30827028260325,325.872006654114,327.6464954428609,969798
2012-12-17,328.0787353515625,329.78499050501466,324.91647024628185,324.91647024628185,2047662
2012-12-18,335.31329345703125,336.33704662587763,329.9442823924089,330.6722735373779,3048086
2012-12-19,347.985107421875,350.3056315063069,336.92857761348864,337.1560783411142,1951640
2012-12-20,339.8861083984375,353.03566238868586,338.6348543179881,350.2601366748552,1693518
2012-12-21,331.9007568359375,342.1610322350464,331.28648832020804,339.88602537178144,1407506
2012-12-24,337.0877990722656,339.11256099457853,330.0580491796746,333.4705599124211,1200888
2012-12-26,342.9345397949219,345.75555385688943,337.81577435746937,338.43001510153175,1059686
2012-12-27,339.2034912109375,347.2115035033282,337.83848722216106,344.89100783083916,1429614
2012-12-28,336.4736328125,342.5706644478966,332.6288643140419,340.2046509279924,986386
2012-12-31,334.9947509765625,337.1560074344758,333.5614855855147,336.5189944226592,390038
2013-01-01,336.4736328125,341.16014303646836,335.19963407750225,336.2916210913191,591988
2013-01-02,337.11053466796875,339.8860319867375,336.5190106551435,336.7465113458977,1043632
2013-01-03,333.90277099609375,340.31830748932657,332.19651572200235,340.31830748932657,1040878
2013-01-04,334.4942932128906,335.56353540371043,330.5357754444203,335.56353540371043,1031736
2013-01-07,338.58929443359375,340.7277787431394,335.38151242711353,337.06502311914215,1968642
2013-01-08,343.2758483886719,345.80110087373026,338.99882366416824,338.99882366416824,2574802
2013-01-09,346.3470458984375,348.8268089012556,341.95627160119625,343.5260318705824,1819204
2013-01-10,343.1847839355469,348.030559643135,341.342033937971,347.62104730097155,1012396
2013-01-11,336.35980224609375,343.7763198932452,334.4715352305638,342.8435725294983,1182982
2013-01-14,334.56256103515625,336.9058296139223,333.06106180255836,336.9058296139223,1647772
2013-01-15,332.2420349121094,334.72179814915313,330.422029273337,334.4715251569562,785236
2013-01-16,327.3052673339844,335.7227937831187,326.6910265123458,329.94429784301207,1503468
2013-01-17,326.23602294921875,328.35179069184153,324.12025520659597,327.601027229341,1800816
2013-01-18,323.9837951660156,329.42106835397595,321.23104179268927,327.60106245146784,1639450
2013-01-21,318.4327392578125,324.91650962677585,315.7709920042504,324.1885184481677,3077902
2013-01-22,323.3694763183594,325.6444831479931,319.1607136835369,319.8204712183466,2258682
2013-01-23,322.9372863769531,324.6207973339102,320.366517018389,323.5060382022032,1375524
2013-01-24,323.1647644042969,327.05502106149413,320.7760069060603,322.1410111907669,1313338
2013-01-25,331.55950927734375,333.44774833097256,318.500964191285,324.32497626799534,2269980
2013-01-28,327.8512268066406,332.31023461324133,325.3714638221747,332.150995244501,767284
2013-01-29,323.66522216796875,331.65051864363795,322.2319844764726,326.3269969168853,822060
2013-01-30,322.5277404785156,325.8947620429596,320.6622457937533,324.8255198309025,611896
2013-01-31,326.6909484863281,329.55745125448584,319.979679001407,319.979679001407,1453696
2013-02-01,327.5555725097656,329.4210674462617,326.008556388462,326.7138031195234,494318
2013-02-04,327.4644775390625,330.67223150616564,325.3259656373009,326.7137142022373,1340546
2013-02-05,341.02349853515625,342.1610018658272,332.53771257991986,334.4259792172646,4320004
2013-02-06,340.5684814453125,345.8009965242986,339.20347751166395,343.20748349615116,2437380
2013-02-07,341.02349853515625,343.41225552956524,338.9987370523464,339.4309938722169,1619600
2013-02-08,339.4765625,344.89109073206356,337.45182831349285,341.8880923433578,3330272
2013-02-11,340.95526123046875,343.4122797061255,339.4310177684924,341.84251944507145,1830156
2013-02-12,351.1246032714844,352.3303403783704,339.6585618711162,341.2510668497484,2452572
2013-02-13,352.8309020996094,354.8328919425991,350.3511384872679,352.17114440148754,2224038
2013-02-14,354.4233093261719,356.67557157680096,350.4193029756528,352.5577871170005,2065870
2013-02-15,357.7220458984375,358.6775375688453,353.0810268470063,353.0810268470063,1863412
2013-02-18,358.56378173828125,361.7033019290267,355.90203514648834,358.08603591040514,1662562
2013-02-19,360.6568603515625,361.7261025020987,353.3540658766367,357.67657905119006,1212136
2013-02-20,363.6826477050781,366.1851556406794,359.5876347195487,361.72614705509756,1894642
2013-02-21,362.86358642578125,364.9110925560835,360.88434160825415,362.9773367663536,1410756
2013-02-22,369.2563781738281,370.34839263503903,363.5916052270739,363.9556285615318,2569798
2013-02-25,374.0338439941406,375.83110483175255,366.50357741159405,369.4610861057906,1927688
2013-02-26,363.7280578613281,374.48882216654096,362.7952829601498,374.466077655285,1060678
2013-02-27,363.4778747558594,368.4601458795996,359.0188663757077,365.63913150976236,1923936
2013-02-28,364.9794006347656,370.348411843512,362.067380434556,365.02488966839155,4031342
2013-03-01,363.7053527832031,367.1861245518858,357.47185590916246,364.979378901859,1250104
2013-03-04,363.59161376953125,368.9151357936165,360.27010904767565,363.09112332951486,2478736
2013-03-05,363.52337646484375,367.0951263698017,360.6341008932736,364.3196289200582,1161012
2013-03-06,362.86358642578125,366.731098005241,361.7260830200578,364.13758468597564,1168412
2013-03-07,368.6648864746094,370.82614313706466,361.7716041164509,363.09111929248786,1668392
2013-03-08,372.1683654785156,374.42062774967656,369.4611018503961,369.4611018503961,1361258
2013-03-11,379.1981201171875,381.58687710338376,371.5085865198581,373.1010911773223,2524388
2013-03-12,376.44537353515625,381.97365130633017,373.5561259350769,379.5848941063799,1984306
2013-03-13,381.0182189941406,382.11020579330733,377.901442450887,379.471202981466,2125560
2013-03-14,377.7193908691406,383.58889176225193,376.96862751520496,381.746141804776,3003670
2013-03-15,379.28924560546875,383.7710271177281,375.9222511120721,379.92625882450795,2263572
2013-03-18,378.765869140625,383.1111263616515,376.65010181178815,377.4236096401305,1513756
2013-03-19,381.7689208984375,386.20518456915244,377.94692578323975,379.9261707740492,3579608
2013-03-20,381.4049377441406,386.02321323444426,380.0171889767113,381.29118738990735,1787226
2013-03-21,378.24261474609375,384.0211374154471,377.6511185483662,381.4048796664674,1507534
2013-03-22,373.3286437988281,380.4949157547471,372.8736424048015,379.92616401221386,1874746
2013-03-25,373.305908203125,376.7411632558917,372.0091375365154,376.35442317016077,2209706
2013-03-26,374.78460693359375,375.5808592735402,370.5075832563073,372.19109375783825,1466472
2013-03-28,372.6233825683594,377.56013639136813,371.55411267171263,377.56013639136813,1938014
2013-04-01,369.75689697265625,374.9211517284444,368.5511321602427,371.30388506228496,529638
2013-04-02,387.3426513671875,388.45741025096686,369.0515911809496,369.57485385223754,2410474
2013-04-03,393.2577209472656,399.08173355713444,386.5237054992585,388.09346594926365,2615936
2013-04-04,391.2784729003906,398.0807496178437,390.6187152935525,392.66622166375754,1881574
2013-04-05,391.0054931640625,395.3962683572462,387.2062420851744,392.6662595998889,973426
2013-04-08,393.7808837890625,398.0806516626714,386.2961067899768,391.0736204781921,1285532
2013-04-09,394.8501892089844,397.6712032991901,391.41493436856786,392.21118677791975,1893340
2013-04-10,390.1409606933594,401.3112396439724,385.0676839136904,401.3112396439724,2028646
2013-04-11,396.9204406738281,398.1262054330001,390.2091703536718,393.576191656623,1878720
2013-04-12,395.7374572753906,401.31122427926937,393.5762006820499,399.03621733891066,871688
2013-04-15,397.21624755859375,399.491254703832,394.03123755526025,397.21624755859375,1054114
2013-04-16,404.6783142089844,407.1808222672855,395.3962732115787,395.85127467672436,1114702
2013-04-17,415.9849853515625,420.4212485259434,402.0846996260514,403.2676920307882,2785996
2013-04-18,416.8950500488281,420.8308234305735,413.20954966433294,416.3262982752281,1706792
2013-04-22,421.8091125488281,429.7488938550524,416.73586275675893,419.51136065045876,2539560
2013-04-23,432.22857666015625,433.8210815276449,420.5122908493473,420.5122908493473,1367732
2013-04-25,445.7193908691406,448.49491626194913,429.2938503122101,432.29684864952196,4517038
2013-04-26,435.0268249511719,443.6263624705724,434.23057250571185,442.48885897705816,2150012
2013-04-29,427.9288024902344,440.2593289123554,425.79029042702933,438.6213350351791,1885780
2013-04-30,432.72900390625,439.0535334222308,427.97423451326495,428.6339919876924,1419360
2013-05-02,440.0091247558594,443.2623960697805,430.6588509782193,431.0455910830258,1594214
2013-05-03,448.03985595703125,450.17836795675674,437.7113192723757,441.71532578634776,2787976
2013-05-06,446.87969970703125,452.63545157339513,444.832193115682,451.4979479115344,710626
2013-05-07,450.8836364746094,454.0913907447927,448.63137402241045,451.31589335268086,1964836
2013-05-08,448.4266357421875,454.4781489635199,446.9478811541775,454.4781489635199,1158394
2013-05-09,431.455078125,448.17637959728444,429.3393105037477,446.9251257456169,2130960
2013-05-10,425.44903564453125,436.4373301013937,422.3095427790565,434.8903142979444,2265212
2013-05-13,429.475830078125,438.0071062786566,427.81506386932233,436.66484660222335,1977412
2013-05-14,438.48492431640625,440.44142509266266,426.79138092656774,429.88538538333205,1824490
2013-05-15,443.1940612792969,444.149580780967,435.6637944593073,437.2562991910124,2628462
2013-05-16,440.8280944824219,446.6976236402141,438.4393371367523,438.62134880485496,2135930
2013-05-17,439.59967041015625,444.35441343647295,435.89139741349675,441.39690395506614,829624
2013-05-20,439.5086364746094,450.2921759103037,436.2098761100223,443.4898989835937,1447280
2013-05-21,443.14862060546875,446.1288742314831,436.41460541656835,436.41460541656835,1588402
2013-05-22,455.8659362792969,461.23494751020473,443.7401372620868,443.7401372620868,2406450
2013-05-23,457.73138427734375,462.5088987255665,445.9013485007921,445.9013485007921,2539658
2013-05-24,440.8280944824219,454.1141408925529,437.0288439077419,449.6551327348526,2623550
2013-05-27,461.2349548339844,466.8314668649913,437.68863084737296,441.3513868021848,3350316
2013-05-28,453.29510498046875,465.4663913626294,449.60960507224615,464.5563886424678,3192018
2013-05-29,484.91778564453125,491.72003496919416,464.10146972312634,473.4744882973362,7929878
2013-05-30,488.76251220703125,493.58557178216586,481.7555346428796,482.392492208954,2747088
2013-05-31,475.0669250488281,487.3064731581511,471.8364263912257,483.9167351275565,4391362
2013-06-03,463.0321960449219,476.31821500149056,449.7688938335571,470.4714579907922,2791600
2013-06-04,463.30511474609375,469.902634180239,454.38709958492177,459.5513536887353,2693116
2013-06-05,471.8365173339844,475.93153050274606,460.0519683287805,466.37649977563547,2588284
2013-06-06,463.2369384765625,470.4032109016324,460.802691967591,468.74244459627823,1560132
2013-06-07,460.66619873046875,467.19548584803414,458.2091799247154,458.64143683309015,1767874
2013-06-10,454.3871765136719,464.01043982731113,449.5868893440944,463.1914428303541,2037266
2013-06-11,446.9934387207031,455.6612108497249,444.3544080753427,452.1122050690725,2888004
2013-06-12,446.2198791503906,451.042882888618,442.033860710394,446.99338708567507,2231638
2013-06-13,431.9783630371094,438.6213727188159,416.6448094946935,424.63007893136404,6768578
2013-06-14,433.8665771484375,437.7113445125614,428.6113165601173,433.70733776770226,1661092
2013-06-17,442.5798034667969,448.5858266343012,430.93175264504464,434.5262742947622,1932922
2013-06-18,442.21588134765625,446.33363855263826,438.62135910135953,441.4651179129607,1476768
2013-06-19,437.3702087402344,444.5364826415698,433.752941121533,439.0764644310285,1286968
2013-06-20,441.05560302734375,448.1308971272354,429.06632705425005,432.70633831239854,3116684
2013-06-21,431.5688171386719,441.80634838339523,429.1345708178033,440.4413442174321,2758082
2013-06-24,430.95452880859375,438.96254125664564,427.746747155754,431.3412688378337,1692162
2013-06-25,431.6825866699219,436.41461243065214,428.90708918421876,431.2503297772745,2229816
2013-06-26,427.3373107910156,435.4363299740386,425.83581175911445,432.7063216356434,1825544
2013-06-27,442.0793762207031,454.5464264530746,430.20385006144346,430.20385006144346,4283804
2013-06-28,460.2566833496094,462.32693426765064,445.9013940247634,445.9013940247634,3609114
2013-07-01,457.27642822265625,467.2864594872318,455.7066677655858,460.25668197675645,1421220
2013-07-02,458.5731506347656,467.5139392678833,455.06966206587646,458.64141195331035,1510760
2013-07-03,463.9877014160156,465.0114546184535,451.338667402333,456.13892686399186,1825538
2013-07-04,468.96990966796875,508.0545401117142,452.7263822891329,468.65143091236877,1751098
2013-07-05,471.2677307128906,476.34100776141446,469.56147535187364,473.2014867887099,1077646
2013-07-08,474.40728759765625,478.2065387140195,467.2865035768773,471.3815167533056,990634
2013-07-09,491.26507568359375,497.8171081032876,476.8415509860934,476.8415509860934,2219666
2013-07-10,492.0611267089844,498.86342937307086,485.076867961192,492.31139963730516,1673354
2013-07-11,498.3857727050781,504.4600302905884,494.1315207207492,494.1315207207492,1155086
2013-07-12,504.4601135253906,507.3266450370879,495.9516081528483,505.05163766024,1765166
2013-07-15,505.4838562011719,511.28512488997876,499.6598707643782,500.5243846578111,1359632
2013-07-16,509.41949462890625,514.083258414015,501.2294704209105,502.32148475707453,1068354
2013-07-17,506.3255310058594,514.856806428032,501.4342664304804,510.62527160177126,2560946
2013-07-18,508.87347412109375,515.2889814572973,505.0969410467535,509.6014651056715,2067200
2013-07-19,491.4696960449219,512.6044855350453,488.5349041510598,509.1464865471772,3133700
2013-07-22,505.0516052246094,506.4166095630543,485.9415444863809,491.46982316551646,2048418
2013-07-23,503.4591064453125,508.44135012593784,496.40658394201165,506.87161733400643,1785728
2013-07-24,512.9002075195312,514.515484326495,501.41142487161096,502.7764287505718,1756166
2013-07-25,498.363037109375,514.6065642686292,491.4924717910695,510.14752849753614,3198186
2013-07-26,508.3731689453125,511.5581792622364,500.95662270474935,504.5511454565694,2549844
2013-07-29,518.0191650390625,523.8886950135519,509.6471270209061,514.1516526079408,836269
2013-07-30,523.8432006835938,527.7107130756438,517.6551364225776,522.7966751135828,1805002
2013-07-31,514.4247436523438,528.8027815890522,509.60173830892774,525.9817941831433,3114492
2013-08-01,517.1090698242188,524.1615912340519,511.7855758801123,521.4315829463745,1343683
2013-08-02,505.2335510253906,524.9806223214995,500.91103785066883,524.9806223214995,1152598
2013-08-05,500.0465393066406,513.1506018620239,496.0425047641171,513.1506018620239,883575
2013-08-06,489.8545227050781,499.54607526768837,486.85152441060484,498.8180840966291,1041651
2013-08-07,475.0669250488281,492.5844780054937,468.83342842137216,491.8564869131292,1612383
2013-08-08,460.1884460449219,472.20049460868745,450.4514045749693,465.9214528128975,3169712
2013-08-12,492.9486083984375,502.3216276612178,474.11153625270737,474.11153625270737,3185173
2013-08-13,498.18096923828125,502.04848055813125,485.2134312834902,493.53992232916846,1503470
2013-08-14,501.00201416015625,508.6915486788502,489.5814904995016,496.952490723243,1488108
2013-08-16,493.631103515625,504.0506482364887,486.85157053709474,498.8181313568844,3335121
2013-08-19,473.29241943359375,497.77151621380636,465.8304133668944,497.77151621380636,2188987
2013-08-20,461.68994140625,467.741454672209,447.0388902873982,467.741454672209,2817923
2013-08-21,439.0309143066406,469.1974773975903,433.4343742025948,464.1014833269466,2632375
2013-08-22,457.00347900390625,461.3714819255364,432.5698949690173,437.711405929355,2846075
2013-08-23,461.68994140625,464.9204403446776,445.90138674977123,460.0519196494177,2992002
2013-08-26,470.471435546875,475.02144943030703,464.1014161100701,467.74142721681574,1994208
2013-08-27,452.1349792480469,469.97104293731314,445.9014533762232,465.8760295899805,2859676
2013-08-28,459.91546630859375,467.2864954522226,433.1613862419824,452.134952517093,2472852
2013-08-29,464.6929016113281,468.6514191525609,449.17736573616565,463.1914026187447,2769581
2013-08-30,474.2934875488281,492.3115325292666,457.73142488395763,467.7414560444418,3273711
2013-09-02,480.8908996582031,484.6673772374088,475.0668606247681,476.5683871771521,869098
2013-09-03,466.6494445800781,486.39651728843455,458.6414307078971,486.39651728843455,1987746
2013-09-04,473.0194396972656,477.34195295491674,455.00139554222596,465.0114262441549,1578579
2013-09-05,471.9274597167969,486.6695171177974,462.32694067791016,477.6605221531952,1488124
2013-09-06,480.9819030761719,482.9384310455587,470.19839358725875,472.2913886326912,1312068
2013-09-10,500.22845458984375,503.1859631241617,480.66339813204786,486.8514048800365,2074078
2013-09-11,510.8300476074219,518.6106159513645,494.6320089378687,500.5015380838298,2254248
2013-09-12,506.73504638671875,519.5206303982185,500.5015493076617,518.3831268770648,1469651
2013-09-13,513.0140991210938,518.6561278163132,503.5500474038119,505.0515743010324,1155839
2013-09-16,512.8775634765625,532.0331671346489,504.1415586837458,524.4346103165541,2130891
2013-09-17,495.4964904785156,512.2405630623301,492.5389815821792,507.7815274325284,1334776
2013-09-18,499.864501953125,503.73201365986375,487.35196407838185,498.40851976274627,2183797
2013-09-19,510.0118408203125,516.4566823594915,503.8869341888504,511.88586484289476,2484559
2013-09-20,517.5079956054688,524.5927635597354,509.3719729808208,514.6741107422096,2201410
2013-09-23,510.05743408203125,521.3016317263787,503.8868316898295,517.416437627585,1350380
2013-09-24,508.41204833984375,515.9538971480367,497.4877834523903,504.66394454537783,2809418
2013-09-25,520.1589965820312,521.073160020664,508.4577157267538,508.4577157267538,2326436
2013-09-26,531.4031372070312,536.6138793927228,521.0731026471072,521.0731026471072,2734235
2013-09-27,539.21923828125,546.2126103387567,535.6540346370358,535.6540346370358,2130839
2013-09-30,542.3731079101562,550.2349462487598,533.96279387644,541.1847067066764,2639756
2013-10-01,539.3563232421875,546.9895641425151,537.6651435301213,543.6529017221499,1138970
2013-10-03,549.32080078125,556.2684201940733,541.5504120028611,544.8413778729132,2598595
2013-10-04,548.9093627929688,557.6396111193052,546.6696515563024,551.2861650465128,1181436
2013-10-07,552.61181640625,558.3710350954306,545.6641963678909,548.4980808002482,1336202
2013-10-08,561.4334716796875,565.6842979912121,549.4122007101008,552.2003879072288,1463394
2013-10-09,589.9552001953125,595.9430138063335,559.0107981206448,561.296206126044,4011535
2013-10-10,584.653076171875,594.9831093983042,581.6363487051967,591.9206849298465,1838930
2013-10-11,572.2206420898438,592.3779356866247,570.0723244318322,589.6354452436311,1640315
2013-10-14,572.3576049804688,578.2082722673046,565.4099863989373,574.460225152865,1496466
2013-10-15,570.1180419921875,575.7401135750433,563.5817511887493,574.0946305702101,1455200
2013-10-17,567.0555419921875,578.2083465553216,562.6218718508775,572.2662844958597,1200221
2013-10-18,577.888427734375,579.6710017648326,567.8783271354566,567.8783271354566,1343916
2013-10-21,576.7913208007812,580.493670849341,571.9005138758095,580.493670849341,962849
2013-10-22,583.6476440429688,589.5440092347693,571.8549136593676,571.8549136593676,1672168
2013-10-23,568.0153198242188,589.6353032622745,564.1301259655138,589.6353032622745,2351330
2013-10-24,568.1525268554688,574.3231295204316,564.9986521119338,570.0265505796813,1978847
2013-10-25,558.4166870117188,569.4780975588671,550.8748390097971,566.7813043868376,1999798
2013-10-28,552.0175170898438,559.5136677260006,546.898224643548,559.4679707176789,1382259
2013-10-29,564.9072265625,566.7812501821079,549.9606230195536,551.5147118002408,1702397
2013-10-30,565.4100341796875,568.4724590956876,560.793520403407,564.0387891493407,1014012
2013-10-31,556.5426025390625,566.5070047676719,553.160187190152,566.5070047676719,1637900
2013-11-01,552.7032470703125,560.9764716409916,548.7266580393682,553.1146318174032,1261388
2013-11-05,541.0474853515625,556.7254070643413,538.8535270772421,553.8915233698084,1834400
2013-11-06,550.692138671875,556.1313670965752,534.8770647970778,540.7734307877741,2096377
2013-11-07,553.8001098632812,560.1535558873185,550.3263005208743,553.9829536804814,1170128
2013-11-08,549.8234252929688,556.1311174076717,538.9905587327896,540.3618034267802,1358157
2013-11-11,544.9327392578125,553.9372815452808,541.4132327521154,548.4066045522845,1181409
2013-11-12,546.6239624023438,554.668588371545,544.8413327885303,544.9327268010949,1467780
2013-11-13,555.90283203125,569.8895789729445,553.0689473467622,559.4680921920966,3626443
2013-11-14,547.3552856445312,567.4668786034953,545.7554998409773,565.8213957933457,1912214
2013-11-18,558.3252563476562,559.8336481674866,545.4355756542232,556.1769948307847,1630019
2013-11-19,554.1201171875,562.6218248805149,552.1546437365537,558.553786958666,732505
2013-11-20,545.8926391601562,558.5537785988254,544.8413290423895,552.1546354724886,1709590
2013-11-21,531.2659912109375,545.7554563001323,530.2146811626076,544.8412930567484,1452156
2013-11-22,525.5982055664062,534.3284540064359,519.5189972443001,533.8256753458039,2357262
2013-11-25,530.9918823242188,532.957356299688,526.2382764418003,530.21486561547,1461973
2013-11-26,523.7241821289062,540.453359527081,520.0217760899795,532.0430459237061,1596742
2013-11-27,521.2102661132812,526.5580994928135,514.3082880542266,523.8156093912885,1622703
2013-11-28,521.8043212890625,527.4721440481045,519.2446755967476,525.3695799364205,1932974
2013-11-29,522.9014282226562,528.8891869145868,518.604849383984,518.604849383984,1545324
2013-12-02,544.2470092773438,546.669563944363,522.9013220337384,522.9013220337384,2473184
2013-12-03,542.0074462890625,550.2349160406827,536.6138604667825,546.6696568298738,2312310
2013-12-04,540.1334838867188,545.069989125546,535.2427314599701,544.8414482496024,1827528
2013-12-05,527.1065673828125,547.5838488224956,525.1868466586373,545.7555221152419,1924907
2013-12-06,531.4031372070312,533.8713893787906,526.7866235094659,527.380851997592,1777758
2013-12-09,536.1111450195312,545.755557872973,529.757698136328,545.755557872973,1855333
2013-12-10,535.6083984375,539.3564463393805,531.4032130053234,533.8714655291494,2238009
2013-12-11,533.277099609375,539.3563074267761,530.3975189033132,535.6996544950691,1255720
2013-12-12,525.0498657226562,531.997542882948,522.535915705919,528.3865853360467,1992788
2013-12-13,522.1243286132812,529.3461843411393,519.7474708401397,519.7474708401397,1832997
2013-12-16,508.41204833984375,523.1300582410242,506.0351897832311,521.2103372264743,1869314
2013-12-17,519.3818969726562,522.7642565181592,510.46880487043217,510.6515928920598,2319899
2013-12-18,523.9528198242188,528.9349661432866,519.3362496226365,520.0676250420508,1508344
2013-12-19,532.8656616210938,536.9336425373174,519.3817566979264,521.5757145298081,1902173
2013-12-20,529.209228515625,535.51692266408,521.073151722912,535.51692266408,1648085
2013-12-23,526.78662109375,534.6027064383935,525.3239820781343,526.466686245366,917638
2013-12-24,518.6049194335938,531.7688955693063,516.730895500774,529.6663307716034,1898741
2013-12-26,520.9817504882812,526.8780598550728,517.9649665937008,520.1589810995581,2233222
2013-12-27,526.512451171875,529.0720976774426,520.1590040232653,524.5469774322538,1141946
2013-12-30,520.6161499023438,528.6607781094781,517.9650532472568,526.5582130706761,1104114
2013-12-31,518.7421264648438,523.6785762414703,517.0508903907948,521.0732323979271,930750
2014-01-01,523.2213134765625,524.7297051565138,519.3361196666057,519.4732664724546,425464
2014-01-02,524.5925903320312,534.7855335027024,521.07308392571,522.9928045480489,1311399
2014-01-03,529.9405517578125,531.4946407487015,521.0731553237828,525.6439724757457,1443488
2014-01-06,537.7566528320312,540.1334554984804,529.7120255808462,532.9572946894589,1832494
2014-01-07,543.1958618164062,547.5838346409531,538.6250451666486,542.0988546612441,2986634
2014-01-08,549.32080078125,557.6396652726125,546.9896395108493,548.4980314156844,2427891
2014-01-09,554.8972778320312,557.091292682268,547.766813262935,549.3209024655097,1867544
2014-01-10,557.0911254882812,564.6786695576629,553.1601787450185,554.8971112965113,2548423
2014-01-13,550.6463012695312,562.4390314393638,545.1613208735358,557.6396735928678,1570396
2014-01-14,551.7433471679688,554.668681410029,546.4869072534938,548.4980780321671,2626299
2014-01-15,551.6975708007812,558.5080987826459,549.5493092892603,552.1546524667306,1582614
2014-01-16,541.870361328125,554.211567364278,539.6763468254774,552.1546996915858,905324
2014-01-17,543.012939453125,548.9550002383864,539.3562866621949,540.9560722582268,1276748
2014-01-20,538.8079223632812,548.4980319424899,535.6997445304984,543.9272150096358,1022330
2014-01-21,530.5347290039062,543.0130822529088,528.0207795490317,543.0130822529088,1435394
2014-01-22,546.1669921875,548.4067039133292,527.1524026179783,530.5347629184134,3419248
2014-01-23,557.0454711914062,559.925108352807,547.1725171747744,547.1725171747744,2954935
2014-01-24,551.7888793945312,561.9361242853978,547.5837510372236,555.7655227503373,1467628
2014-01-27,546.4868774414062,561.1134920576827,543.1502144597323,546.6240242718766,2991060
2014-01-28,531.95166015625,552.3831881139309,530.260424530454,546.2125856815452,1935622
2014-01-29,540.6820068359375,552.9775169246582,535.6084106301995,537.5281316390372,2412064
2014-01-30,542.6472778320312,547.583781654534,530.4432208765331,542.0531052027184,1443395
2014-01-31,538.1677856445312,547.1722691502534,533.8712082544993,544.7497706041459,1585472
2014-02-03,543.2872924804688,549.3208043428232,537.7109181100296,537.7109181100296,1640565
2014-02-04,537.299560546875,543.3330169176862,534.0542915020279,543.3330169176862,1873420
2014-02-05,533.5057373046875,545.2984674694944,532.9572615837641,537.3909317501951,2300454
2014-02-06,534.6941528320312,542.0074594555716,531.585975198586,537.3908900125805,1773116
2014-02-07,550.0064086914062,551.9718264407064,535.7911237850983,540.2248495654429,3201995
2014-02-10,559.1480712890625,561.936258526572,552.1546988935738,553.5259440067201,1472255
2014-02-11,556.0855712890625,570.8036351422264,554.897170057715,563.9931068216712,2483629
2014-02-12,558.5994873046875,566.4613253593708,557.6396269748527,561.2962802664911,1815098
2014-02-13,562.4847412109375,569.7066545479473,557.9139241105786,562.2105033441374,3135266
2014-02-14,556.771240234375,572.7234036583013,553.2517332565944,569.0667498440424,3027378
2014-02-17,553.1602783203125,561.4791991485192,549.5036245398547,557.6397015198169,998680
2014-02-18,557.4110717773438,559.3765451893815,552.1546328060937,553.0687961054415,873040
2014-02-19,569.7980346679688,571.992049141048,558.7366798734494,560.382162830206,2157227
2014-02-20,566.4614868164062,574.8260501274979,564.7702507093142,567.1013566879424,1270381
2014-02-21,562.34765625,570.6208241317938,559.0566344245282,568.6096534266901,1461648
2014-02-24,567.3297729492188,570.3922537587325,559.467990176939,559.467990176939,1215618
2014-02-25,565.9127197265625,571.2606079424174,563.3073769161341,569.0665939365138,1202575
2014-02-26,574.1860961914062,579.5796833867953,567.421319484434,568.6097209252156,1924757
2014-02-28,589.3612670898438,592.2866016847394,574.871740969859,574.871740969859,2932048
2014-03-03,571.4434204101562,597.2685320036337,569.1123153016457,593.2919442182979,1842188
2014-03-04,566.2327880859375,574.8258898976121,563.4445452966654,571.4892272256907,1535706
2014-03-05,570.1636352539062,573.8202882864199,566.8269170432986,571.3520363302537,1050698
2014-03-06,567.6954956054688,575.9229665562726,565.6386278677677,570.6665267821479,1490879
2014-03-07,559.7421264648438,572.2661736937175,556.1311705994104,572.2661736937175,2382533
2014-03-10,545.755615234375,558.9195920911367,542.0075671634382,555.8114138400335,2709056
2014-03-11,530.443359375,544.84143418785,528.3864915445929,544.84143418785,3466509
2014-03-12,552.4288940429688,555.308530876364,531.8602189361521,531.8602189361521,2633927
2014-03-13,523.7700805664062,558.4168498298662,516.9595501348483,558.4168498298662,8061906
2014-03-14,532.0887451171875,533.6428339083463,505.1209273864874,521.0730883559013,7116344
2014-03-18,529.6204223632812,535.6996299015915,522.3985666323662,534.7854667106332,2274732
2014-03-19,535.059814453125,537.2081318709706,528.3864329470971,531.2660699087628,1529578
2014-03-20,539.5392456054688,544.7499881038013,531.1289312322431,531.1289312322431,2142868
2014-03-21,530.5804443359375,542.0531835149653,529.4834371284378,539.4020874131833,3117102
2014-03-24,529.57470703125,537.3450938854171,529.3004692426741,530.2603294007354,2238185
2014-03-25,529.57470703125,535.6082173603756,525.7352106029139,531.1287955613017,1847387
2014-03-26,517.96484375,533.8713056547255,514.9024193664796,533.5970678555599,2802852
2014-03-27,512.434326171875,524.5012952345321,508.2748935083222,520.1133217015961,4290306
2014-03-28,514.8568115234375,521.8501276956092,511.1544611033345,517.4164577523912,2223819
2014-03-31,525.4153442382812,527.4722116145947,517.416415552618,519.244742109341,2390417
2014-04-01,522.99267578125,528.3862602720113,521.3014964015821,525.6437710318452,1186522
2014-04-02,525.8723754882812,531.5858954305703,521.1644127373978,522.901345118291,3765317
2014-04-03,528.8890991210938,532.7742926543948,525.8266747721053,528.706255325014,2438673
2014-04-04,522.7185668945312,534.419846045014,521.2559279242585,530.2147171584046,2519378
2014-04-07,537.6195068359375,543.7444131581152,524.5012835441698,530.2148051514048,10031924
2014-04-09,575.9229736328125,580.4023968572891,542.0989259750124,545.7555797758556,13263006
2014-04-10,562.5762329101562,587.8071228639432,558.5538912439647,579.3968076139771,6187333
2014-04-11,574.2318115234375,580.0367272953406,564.1302604458657,566.7813568528151,4707211
2014-04-15,563.490234375,579.4880908172288,561.7533019285485,577.7511583707773,2743702
2014-04-16,561.1591186523438,570.1636606232222,559.5593328794369,564.4044429999774,1792061
2014-04-17,571.39794921875,572.2664158013143,561.3878466010209,561.7535343608748,2033985
2014-04-21,567.9239501953125,575.2372565962179,566.232770408543,574.7344779403757,1324788
2014-04-22,566.7356567382812,569.8437790715171,563.7646254484483,563.7646254484483,1194987
2014-04-23,571.9005126953125,580.4936696511064,563.5816493541844,563.5816493541844,3220766
2014-04-24,571.9005126953125,571.9005126953125,571.9005126953125,571.9005126953125,0
2014-04-25,568.6095581054688,578.3911163253453,567.6953948287719,573.1803744889532,1463948
2014-04-28,582.002197265625,583.9676152544419,567.7869106269638,567.7869106269638,2305579
2014-04-29,584.5618896484375,588.6756255983968,578.2084418553885,584.1505048942187,3027198
2014-04-30,578.4825439453125,582.3220410897399,569.0209758002071,574.094571121439,2049214
2014-05-02,575.83154296875,586.3444219772888,574.6430859222047,577.3855760983453,1531545
2014-05-05,572.814697265625,580.4022972369248,568.8838062636393,568.8838062636393,1359208
2014-05-06,572.3576049804688,575.8314700673328,566.9640751278873,573.1803742475888,960261
2014-05-07,576.6085815429688,582.7791846748198,570.2094375543825,571.3521418380586,1768031
2014-05-08,570.620849609375,577.2942317867215,569.7066861386122,571.4435632553954,1806184
2014-05-09,570.5294799804688,576.9743779921547,565.5015801845321,568.2440709823157,1831135
2014-05-12,560.7021484375,570.529405852722,557.7311171259213,570.4380118231178,2231158
2014-05-13,556.8168334960938,565.8670723184963,551.6518444235115,565.2271468610165,2154826
2014-05-14,559.6051025390625,565.6842551815799,555.2170739357368,555.2170739357368,1461829
2014-05-15,568.061279296875,575.7402200043006,560.6108236916976,566.7814279475785,2847444
2014-05-16,560.8391723632812,580.082298250919,558.5537641629419,568.792404059682,2621959
2014-05-19,534.1000366210938,569.112488281876,525.4154831801003,560.3822378241001,3938456
2014-05-20,536.9796142578125,548.4066569871998,525.0497370114464,532.0431094802743,3371837
2014-05-21,527.380859375,536.0654112072713,525.6439266901045,533.9627908636285,3153096
2014-05-22,530.3062133789062,537.3452833467297,522.9015114960947,527.5637229339967,2152294
2014-05-23,534.1455078125,536.5223654375549,530.2146174971699,530.2146174971699,2115095
2014-05-26,540.3619995117188,554.897220860952,535.0141655829854,552.1547304777841,3707295
2014-05-27,541.641845703125,546.5783506659516,534.0543002052398,540.5905354141183,1672637
2014-05-28,533.9628295898438,546.9439612714032,532.0431087324478,546.6697234055048,2276191
2014-05-29,536.2481689453125,540.3619037913522,531.9058932744929,534.7855299851606,3306080
2014-05-30,558.2339477539062,563.1703970361704,539.3564496960986,541.184776644221,9956155
2014-06-02,547.7666625976562,561.2962683297728,545.207016507164,561.2962683297728,1471220
2014-06-03,551.377685546875,554.0287259701682,546.2126399386359,546.6697216456976,1878542
2014-06-04,544.8870849609375,555.628504941496,542.3731356037855,550.326368365633,1591163
2014-06-05,546.5325317382812,551.1947982605012,542.0988618476813,543.0130251897516,2201960
2014-06-06,548.1781616210938,558.5538949619254,543.9729760700636,557.6854284832042,3261294
2014-06-09,548.8637084960938,551.9718304698038,542.5102619289204,548.4980208304319,1395182
2014-06-10,556.725341796875,562.2103205337901,550.4175939309871,551.24036305996,2676226
2014-06-11,561.2050170898438,566.7813923412067,553.8002589702982,564.9530652691383,3687253
2014-06-12,577.0199584960938,579.0311291675793,563.1703604454684,564.0388268486221,2985927
2014-06-13,575.6487426757812,583.6933699751042,571.3521632489274,575.9229805549188,3851552
2014-06-16,589.9552001953125,592.6519928009023,571.3520013498005,571.3520013498005,2457802
2014-06-17,594.0234375,598.1828703103057,581.4993862567034,590.9610120606606,2844843
2014-06-18,578.9853515625,594.8461196053073,576.7913929389323,590.5952375907316,1600870
2014-06-19,587.3956909179688,589.6354024430591,574.2774682363217,579.1225231746945,1386711
2014-06-20,577.111328125,587.48711592054,571.3978070248473,587.3956661052748,1819652
2014-06-23,579.5338745117188,583.1905279597983,574.6888198522341,578.6197111496989,1271054
2014-06-24,573.9119262695312,582.3222429788424,572.3121398877212,577.5685808565255,1371690
2014-06-25,578.4825439453125,581.7735654102938,571.3520811320054,574.0031771068985,1118293
2014-06-26,580.630859375,586.2072333504192,572.4033894332398,576.0142899374645,1832085
2014-06-27,604.1249389648438,617.0146780551232,594.7547628989381,595.1204506248333,4533478
2014-06-30,628.8987426757812,630.6813725230721,607.2330582307941,610.6611710924658,2956224
2014-07-01,620.9454345703125,628.9443636133603,619.7113364078256,627.6188156412921,1231691
2014-07-02,633.880859375,636.6690463020541,622.5452120500681,622.5452120500681,1901849
2014-07-03,646.1763916015625,658.1976629021771,633.8809382300673,635.3435773847403,4107204
2014-07-04,648.8731689453125,652.5298225384629,644.2109579324881,646.7249072777789,1825657
2014-07-07,661.3971557617188,676.4808503989937,646.4048551371387,654.6323249392887,2557235
2014-07-08,663.7283325195312,680.9603462717554,657.6948763333532,669.1676159670089,4496355
2014-07-09,662.219970703125,671.9100801528743,651.6613390924106,667.3392632810861,2606698
2014-07-10,663.9112548828125,676.9380850130433,651.8899823038386,659.3404372932579,1489631
2014-07-11,680.1832275390625,688.9134763483503,657.329143851868,659.1117735386897,3129956
2014-07-14,674.6526489257812,683.7942837350737,661.8543601927719,682.4230385136799,2311905
2014-07-15,676.2067260742188,683.4285839684989,670.0818197008147,673.9670144262287,1205297
2014-07-16,680.9602661132812,688.3649665425097,674.1954353586997,681.9658234272406,1970017
2014-07-17,679.223388671875,684.7997629495279,676.480898542648,677.7149967823583,842445
2014-07-18,678.5377807617188,680.9603360798492,669.4418438112156,680.9603360798492,1449855
2014-07-21,679.8633422851562,686.948108745054,677.4864839306232,686.353880207394,1201953
2014-07-22,686.1710205078125,692.7530080970216,681.5545065321114,684.7083813973685,779530
2014-07-23,684.5711059570312,690.1475350846587,678.3091102095188,687.4507424225851,1430470
2014-07-24,683.9772338867188,688.4109051398137,677.6237855476551,682.3317505245453,888943
2014-07-25,715.05859375,717.618240007366,685.6682193089638,685.6682193089638,2015432
2014-07-28,721.412109375,724.2459937534775,707.9738954916683,715.789981835245,1371299
2014-07-30,722.6005859375,731.3308366406751,713.4589504794916,717.6183834536624,2397895
2014-07-31,723.0575561523438,726.2571280689957,714.8757825205408,716.2470276276774,3352328
2014-08-01,702.8088989257812,721.9606357175231,699.4264827622474,714.9672625117856,2204427
2014-08-04,696.3182373046875,709.4364591049117,693.8499850917807,703.9057819771689,1318303
2014-08-05,707.3796997070312,712.9561304918631,697.049663395604,700.569170525124,1194951
2014-08-06,694.5811767578125,706.6481419582325,693.0270881841968,704.3627339958837,1290762
2014-08-07,693.7128295898438,698.4207931184418,683.9770234775688,690.4675608857522,1489169
2014-08-08,695.1298828125,701.4375768958682,679.4976549444514,680.2747273245615,1242359
2014-08-11,698.8778076171875,703.905705513714,693.4385250971802,698.4207259902305,819734
2014-08-12,717.8468017578125,719.4465876897783,700.2491565061883,703.4030313598563,1917318
2014-08-13,733.7073974609375,735.9014115654096,710.7619223504422,710.7619223504422,3490582
2014-08-14,744.906005859375,746.5057917700472,735.9015189091766,735.9015189091766,1775320
2014-08-18,746.14013671875,752.7678209999392,738.0955104056306,741.3864761440559,1077465
2014-08-19,740.2438354492188,747.6942897020997,734.0732323133345,743.6719483024877,1360329
2014-08-20,774.2507934570312,776.8561371336848,735.9016231769715,735.9016231769715,2512702
2014-08-21,786.1804809570312,792.9453120651027,766.9830506080805,772.4680307077807,2023695
2014-08-22,783.1181640625,789.8372432929016,772.1482023500986,779.8271420711133,2090452
2014-08-25,780.2841186523438,795.6878046252605,777.6330784067866,786.409024275553,1289107
2014-08-26,790.70556640625,800.3042811644369,776.3074942689695,776.3074942689695,1767734
2014-08-27,788.3743896484375,798.338735349696,781.6095594470656,790.888338523852,1717217
2014-08-28,781.8382568359375,792.031201181531,776.9017521007581,787.0946964463516,2416622
2014-09-01,770.0454711914062,787.1403368987767,766.9830463046974,787.0946398907562,1923611
2014-09-02,789.4259033203125,793.0368604145641,769.7256904542513,769.7256904542513,1949092
2014-09-03,789.1972045898438,803.0011045771901,783.4836836835173,792.0311444370433,2005404
2014-09-04,790.2943115234375,798.521782667117,785.3121095049873,790.4314583609427,1095221
2014-09-05,784.2149658203125,795.2306782395226,779.4613612897139,794.4079089497883,1179280
2014-09-08,793.4938354492188,797.4247269310478,784.4435954223117,784.4435954223117,1497366
2014-09-09,786.5460815429688,797.0589589035942,784.5806082397175,797.0589589035942,905961
2014-09-10,785.5405883789062,793.4024269956685,782.0667786627114,786.1805139099145,790089
2014-09-11,753.031005859375,779.0386664071418,739.9356217521491,778.3976218927312,4483422
2014-09-12,738.1956787109375,750.6500746519675,721.7119637633735,746.3459823480356,7549698
2014-09-15,728.305419921875,746.1169998607082,725.7412978086668,736.2725595434298,3131125
2014-09-16,731.0069580078125,742.4539820918684,727.3896872185164,728.9464936726824,2739568
2014-09-17,725.6498413085938,743.4155908209129,720.5215405006479,737.0968664687264,2736588
2014-09-18,737.2340698242188,745.1554322235163,732.7468702731398,739.9355784738656,2993635
2014-09-19,739.1572875976562,755.2746757193134,738.3788563962665,739.8441090669372,4584243
2014-09-22,731.0986328125,743.0493726485928,721.7579043293069,732.6096625990832,2569290
2014-09-23,714.8436889648438,739.3403188365729,709.7154448818744,737.1883008127857,3581317
2014-09-24,714.8896484375,728.9465731886285,708.8913624482036,708.8913624482036,2198773
2014-09-25,709.028564453125,723.2686490796826,704.26659197616,714.4315813605078,3043090
2014-09-26,738.6534423828125,752.2525385912069,684.989823488381,703.6713864864389,10008066
2014-09-29,765.3936767578125,769.056723840543,739.9355107115678,739.9355107115678,3873334
2014-09-30,785.036865234375,788.4251953415044,762.8296398252952,765.9890294642898,4054880
2014-10-01,788.2877197265625,792.5002574009621,777.8938460038985,787.5551214899556,2624246
2014-10-07,765.5311889648438,795.6139457093233,761.3644834034301,784.9453528669055,2390185
2014-10-08,733.3421020507812,761.9138838748208,727.3438729177602,758.2050594409429,2857203
2014-10-09,746.116943359375,749.8715444664971,732.1515755947472,732.1515755947472,2228504
2014-10-10,752.1610107421875,759.9908196660507,732.701070456843,740.0271656230904,1649139
2014-10-13,736.1810302734375,757.9303758860812,732.1516554656263,745.0638761876639,1376229
2014-10-14,735.2652587890625,746.895390313609,730.3201221250421,730.3201221250421,1349464
2014-10-15,735.2652587890625,735.2652587890625,735.2652587890625,735.2652587890625,0
2014-10-16,729.5418701171875,744.5145574953224,725.2835541651848,734.349620949722,1845073
2014-10-17,731.0986328125,739.0199971468252,725.2377890479163,728.030852207839,1611523
2014-10-20,734.029052734375,746.3460633637145,730.9154953313965,734.4411568315326,1411387
2014-10-21,730.1826171875,739.4318445023442,725.3748679461241,732.8383486497249,1306472
2014-10-22,738.3330078125,746.3459241763566,730.1827048106526,738.1040673449612,1356157
2014-10-27,737.3713989257812,743.9190621387031,723.4518086440243,737.5545624611327,2192544
2014-10-28,768.0037231445312,776.5202974511842,737.4172539900827,737.4172539900827,3457424
2014-10-29,760.4486694335938,777.939698568364,756.4192948999042,776.5660557810155,2776661
2014-10-30,758.8460693359375,768.1410184544546,754.1298735132693,755.0456353511726,2576515
2014-10-31,774.1851196289062,778.351825025267,758.7087214210867,759.8992006923797,1809448
2014-11-03,781.373779296875,786.5478559796006,766.0347686865936,776.5660297026077,1128086
2014-11-05,798.0864868164062,804.2678795714387,785.7237013063415,786.1815822511587,2418354
2014-11-07,818.9659423828125,820.9806299540732,765.6685830018162,780.2292211052653,3679261
2014-11-10,834.488037109375,853.9479776180984,820.9805489915552,821.4384299447016,4417508
2014-11-11,840.0282592773438,846.1638743065677,833.4347633637549,834.2589713130769,3176824
2014-11-12,829.72607421875,846.9423870899827,815.1196604550701,843.6456665442662,1547850
2014-11-13,831.7864990234375,846.8507930303401,824.8725080530726,828.0776746122574,2563302
2014-11-14,812.0518188476562,840.4862130540027,806.0078130073284,840.4862130540027,2904816
2014-11-17,809.39599609375,814.1121914387393,796.712718280881,810.4949213666628,2514180
2014-11-18,793.8740234375,821.3468807825236,792.13405344818,808.5262140215126,2217575
2014-11-19,778.4891967773438,800.1012119293356,771.3462648796738,793.5077148339199,3822835
2014-11-20,779.3592529296875,788.3337095122615,771.4837219456011,781.1450000405204,3411098
2014-11-21,770.1557006835938,784.8078899950534,768.3241770196613,774.9634503014165,1813772
2014-11-24,765.3936767578125,781.7858348104967,763.1500492409075,769.2398873734121,2455772
2014-11-25,769.1942749023438,773.818861654205,762.1886735014956,765.5770039561129,2901233
2014-11-26,768.8736572265625,774.0019573250208,764.2948477959762,770.0641923934508,1551361
2014-11-27,771.0256958007812,780.2290911550385,769.2399490260943,769.3315028530353,3360445
2014-11-28,768.9652709960938,777.4360684872341,767.4542415185845,771.0257352506954,2172117
2014-12-01,765.2564086914062,784.3500208161539,759.1665700602354,781.9690623748795,2948295
2014-12-02,769.6065063476562,775.9252314258346,760.9983200807256,760.9983200807256,1849996
2014-12-03,771.6210327148438,775.5588539985137,766.5385648339405,769.2858508121235,1359511
2014-12-04,768.6904296875,773.1318517850638,765.5768174027993,769.2398643760184,1007007
2014-12-05,752.34423828125,773.4983734089901,750.1464430806722,766.8590990999586,1735099
2014-12-08,758.0676879882812,768.8278902898184,750.9705332787568,751.8405182605939,1706311
2014-12-09,768.7363891601562,782.4728185719393,762.6923266827671,779.862863447496,3486844
2014-12-10,763.1043701171875,771.4378368344682,751.8405100731447,764.7527303369086,2464142
2014-12-11,764.47802734375,772.9030480510022,758.342411399682,758.342411399682,2333233
2014-12-12,772.307861328125,780.2292249957047,764.203389975253,766.813289321113,2549233
2014-12-15,773.0862426757812,780.183397726838,766.4927455141294,768.324269398273,1424914
2014-12-16,760.2197265625,778.8554579610678,755.5035306500657,769.239958480067,2031081
2014-12-17,743.00341796875,765.714358499415,731.0985129040542,760.3113407664304,2794594
2014-12-18,743.5987548828125,751.8406130034348,738.2415694618791,749.5512079699286,2210484
2014-12-19,739.7981567382812,750.9246851005914,736.5472134876154,747.444801397151,1835976
2014-12-22,745.8880615234375,746.8038234160384,737.4172640168791,740.8513711141325,1371848
2014-12-23,744.7891845703125,753.0768190592636,739.1572821002994,744.9723481394934,1483001
2014-12-24,735.814697265625,747.2617211807716,732.609530569384,743.644450444851,3936246
2014-12-26,742.8201904296875,743.8275060305276,735.8603673633793,736.7303522333757,687527
2014-12-29,751.5657958984375,752.7562751792326,741.7671324758861,741.7671324758861,875126
2014-12-30,751.2911376953125,758.9835046574475,747.8111975168382,752.7563344803835,1080563
2014-12-31,756.9229736328125,759.1666014261351,747.0785333851273,750.3294768928383,1282191
2015-01-01,752.9395141601562,760.0824464541225,749.1848564908641,756.8772795112436,587479
2015-01-02,756.648193359375,760.5401810407999,754.5877292927382,754.5877292927382,710310
2015-01-05,757.1061401367188,760.7234107693869,754.9998989751873,756.5108725526541,792287
2015-01-06,740.4392700195312,755.1372372753185,735.997847180275,753.6720405988157,1709888
2015-01-07,741.5840454101562,746.5291824942011,732.6095891221452,740.9430008409392,1730518
2015-01-08,749.8257446289062,751.840431751431,745.7964262775209,746.3458609956349,943536
2015-01-09,760.128173828125,765.5769684545925,750.9247776707725,750.9247776707725,1766875
2015-01-12,764.9358520507812,766.7215988134935,760.1738793147708,762.325953170125,1188646
2015-01-13,762.9212036132812,772.3535957384904,756.5567032309938,766.5384742357609,838422
2015-01-14,751.52001953125,767.1795255374835,748.1774662657403,760.9981327623382,996066
2015-01-15,756.327880859375,763.6539770792748,750.3754276807064,756.4194347046524,2224116
2015-01-16,778.1686401367188,782.4269551410065,756.6024595234903,759.0750277229585,2005202
2015-01-19,790.3024291992188,793.1871012113513,781.2363650699427,782.9763348381599,1382755
2015-01-20,798.8192749023438,800.833962716846,782.5187205735219,792.1342226987671,2053198
2015-01-21,811.3192749023438,813.1965756380893,799.460146995554,801.2916708145588,2358508
2015-01-22,842.5466918945312,849.2317423237915,810.7239671167519,810.7239671167519,4797782
2015-01-23,848.7282104492188,859.6258006070484,840.6695160276887,843.8746830277943,2835629
2015-01-27,837.0064697265625,860.7705048543179,825.1015637020053,860.7247279329588,2261868
2015-01-28,833.1143188476562,854.4973350668239,816.8595464821208,837.9220684205611,1939863
2015-01-29,842.3178100585938,854.4058786849611,815.9438777152201,824.1857350658789,2668139
2015-01-30,840.4405517578125,849.643948419084,833.80127744537,845.70618310906,1873464
2015-02-02,850.8343505859375,864.0671210898596,844.3324635171886,847.079749190238,1750030
2015-02-03,861.9608764648438,867.821774901329,841.6309513870186,857.153126556275,2275229
2015-02-04,878.1698608398438,884.5801939621418,866.3107333848584,867.6843761967795,2769365
2015-02-05,878.7192993164062,884.5344207809536,870.8895464341392,879.131403340456,1850360
2015-02-06,848.7738037109375,881.7870613834847,842.7297981760244,877.9866275482351,3120503
2015-02-09,862.14404296875,868.3254357294729,838.7005050363247,848.728108915787,1350099
2015-02-10,842.0889282226562,862.6477961134368,834.2591743729733,862.6477961134368,1515424
2015-02-11,847.8580932617188,858.0688603285383,842.6840723039428,846.8965544902443,1046438
2015-02-12,845.7977905273438,853.6733775399579,841.5853075369697,851.3381955367358,778562
2015-02-13,861.31982421875,871.8053089133003,849.8270238146457,849.8270238146457,2046667
2015-02-16,837.6932373046875,852.4828150406435,830.8707996510472,840.6694636192436,2869370
2015-02-18,840.486328125,849.3692304469539,834.9459793638923,842.4094618056133,1309654
2015-02-19,839.4789428710938,848.7281156811753,832.9312229445185,844.973514257757,1190354
2015-02-20,836.2738647460938,843.9662319654352,833.3434151842929,837.739061580156,1146633
2015-02-23,832.1069946289062,846.1639161160081,828.0776202899353,837.0062979762243,2440626
2015-02-24,833.7554321289062,836.9148218592117,828.7645186005884,830.5960423986008,1469026
2015-02-25,815.7150268554688,837.6017616932609,811.7314843891161,836.5486130030544,1407691
2015-02-26,792.775146484375,818.9201394791136,787.7384556628652,815.1197049563226,2614022
2015-02-27,804.8632202148438,809.4420300786359,795.3850502605891,796.8503029532077,2160310
2015-03-02,847.262939453125,853.490109329585,832.7939122977313,835.2664247664738,2019863
2015-03-03,863.6094360351562,871.2560830958195,854.4975919739869,858.4811906397023,2114707
2015-03-04,921.53125,948.6835586022725,858.8015556834508,867.1350230631679,7567230
2015-03-05,951.2476196289062,957.8410602197033,920.7985381823011,932.2455612825286,3792463
2015-03-09,953.3081665039062,961.4584700159235,923.0880228971542,938.0607080539397,3154190
2015-03-10,938.3355102539062,966.5867442294333,932.0167304021845,957.8870056503905,2094814
2015-03-11,924.7822265625,948.1799902059009,922.2181041600342,942.6854182461843,1845619
2015-03-12,948.8667602539062,952.2093137056399,924.9195630704062,927.3463545785057,1990646
2015-03-13,926.3847045898438,956.6964007594181,921.7601182289534,956.6964007594181,1499576
2015-03-16,943.0973510742188,945.890469527045,925.0568867280249,928.6741014441279,1445672
2015-03-17,954.13232421875,962.465734961328,939.709074622517,945.9820211370617,1818956
2015-03-18,956.5133666992188,959.7185335574736,944.1505802459498,955.5060509012369,1489193
2015-03-19,959.4895629882812,984.4440756023882,948.912467972685,961.5500273325653,2661474
2015-03-20,940.1669311523438,983.9861135733647,935.2675716900216,961.5499481172944,2371025
2015-03-23,937.9692993164062,957.8412915017943,928.0333032237121,949.5537118484966,1972135
2015-03-24,949.782470703125,961.3668810194926,943.2347508036703,946.8977983796068,2573597
2015-03-25,963.42724609375,977.8504944390913,954.3153491142956,968.8759840870584,4242685
2015-03-26,941.1284790039062,964.2973002587744,934.0771569458213,964.114192589997,2974909
2015-03-27,926.0184326171875,953.8118394629792,917.6849658975501,949.5535243249645,1999967
2015-03-30,925.6521606445312,939.3428128687327,924.0038003261528,935.1303302891353,1613058
2015-03-31,937.6485595703125,946.2109103185595,925.239942065816,929.498256930402,1939047
2015-04-01,990.075927734375,1001.8434449265483,933.1155305643881,937.6485628147726,4104961
2015-04-06,1070.8004150390625,1081.514784360552,998.180452966132,1009.8105841710769,4805720
2015-04-07,1055.00390625,1099.6473143050614,1040.0769374058684,1080.5994154866166,3978093
2015-04-08,1053.538330078125,1074.4635808483702,1041.2672089189089,1063.5201580640403,2732857
2015-04-09,1019.655029296875,1064.3900869475713,1012.8326479474273,1062.192236059295,3143647
2015-04-10,1025.42431640625,1033.5287863016927,1005.8269907479629,1019.2429240099632,2880186
2015-04-13,1053.995849609375,1060.360460289699,1018.967965723972,1025.7446244409637,2036205
2015-04-15,1023.1804809570312,1063.5655451817568,1018.647393962158,1063.5655451817568,3103257
2015-04-16,996.3030395507812,1032.292524232296,991.3121822856159,1027.6678822697488,2725037
2015-04-17,950.3319702148438,1012.1000694565329,942.0901126075842,998.1805324347672,3749872
2015-04-20,955.872314453125,977.0263919528633,950.3777430616427,959.718469712226,2941375
2015-04-21,871.9883422851562,892.1808775261852,851.6584204253038,870.8894170155527,265709391
2015-04-22,886.2744140625,896.439405358756,868.1423384260081,881.878767831483,10905987
2015-04-23,862.6477661132812,898.1793189740318,857.1531943545979,897.4467205849422,9450660
2015-04-24,867.5928344726562,875.4683643467596,859.2135908455514,866.3107454728395,10416821
2015-04-27,848.36181640625,876.6588245756915,844.1950551942058,871.3474169229453,7641311
2015-04-28,846.9424438476562,855.5048518867733,835.4038652707213,844.3325445652015,5553353
2015-04-29,861.2739868164062,867.2264386125855,850.7427259462429,855.5046985619194,7229944
2015-04-30,859.762939453125,864.3875812358984,843.4166137589115,847.995422736973,16367861
2015-05-04,867.9134521484375,876.6131913153172,862.6935974695742,869.0581546703953,7780934
2015-05-05,877.7119140625,879.1313336829426,870.0194925353082,874.4609708302179,4329997
2015-05-06,858.2062377929688,877.0251325814759,847.0797089877171,876.8877459468757,5151640
2015-05-07,849.7354736328125,857.1531225279907,842.5467093147253,854.4058368788625,3690081
2015-05-08,861.045166015625,866.5397376679449,842.5925405257815,854.7263862579879,4998817
2015-05-11,883.1608276367188,886.8696522744307,868.8749079927215,870.4317144524335,5241168
2015-05-12,869.6532592773438,884.076508349621,863.5634206449154,881.1918361776986,4197503
2015-05-13,873.6827392578125,881.8330435490243,863.2430858227109,872.629646476738,2584318
2015-05-14,864.8456420898438,872.9043363893433,859.900505007093,872.5380092374077,2701006
2015-05-15,866.63134765625,871.805425321564,848.224553785818,849.2777024448851,2563043
2015-05-18,876.3383178710938,879.1313803486763,863.8381461992939,867.592803339067,2137699
2015-05-19,876.429931640625,896.0272590253485,868.0049108240054,876.3383778063775,2047194
2015-05-20,884.03076171875,887.6938094592637,875.4684099827684,880.413546789931,2163245
2015-05-21,898.59130859375,903.5822218176666,881.0544469399057,884.7174943125171,4649220
2015-05-22,919.1961059570312,923.9123026065853,894.4705319985358,895.6152344966142,4813876
2015-05-25,917.7308349609375,924.9195437105257,909.8094719568389,918.5092102392646,2000807
2015-05-26,911.045654296875,915.7618501827833,899.2781368794932,915.7160732690077,2570872
2015-05-27,893.3715209960938,919.4249585398261,889.2963693138712,912.1904170862773,2738544
2015-05-28,874.3695068359375,896.3020169217224,866.8144706779766,891.1279394984977,7781595
2015-05-29,884.7174682617188,896.5308180480096,879.1313435404385,883.206494801208,7065774
2015-06-01,803.7184448242188,840.48625115817,795.8886359526249,838.4257869064179,14265602
2015-06-02,788.2420043945312,813.5628416477388,784.6705108582801,812.4639162601486,7192196
2015-06-03,771.4378051757812,790.3024769375655,769.6978353024609,789.0203879894698,6496553
2015-06-04,761.5017700195312,771.5293736510591,749.6426426523332,764.6611596422961,6628714
2015-06-05,776.4744873046875,788.1046179699044,760.082327994095,761.5017476688446,4696506
2015-06-08,759.6702270507812,782.0606153312103,756.0071796721808,778.3975679526098,2678221
2015-06-09,742.3624267578125,756.8314539921113,740.3935162618612,754.5878260974318,3709907
2015-06-10,753.763671875,760.9066601144376,742.8661377263966,742.8661377263966,4205596
2015-06-11,750.5128173828125,769.2401634942361,747.2618731086865,758.2510183014613,4107146
2015-06-12,745.01806640625,755.2746106425118,739.2487777401244,755.2746106425118,2398615
2015-06-15,767.1336669921875,776.4744484816489,741.9044407140018,747.6279519338109,3946889
2015-06-16,769.3316650390625,771.9873973042237,762.3718959143134,770.8884716809266,2221962
2015-06-17,772.8113403320312,777.4359258540595,766.0804581323526,775.3754619774832,3705966
2015-06-18,783.9379272460938,789.3867214791205,773.8187698954256,775.6502936111544,3919775
2015-06-19,774.6887817382812,790.1193472216174,772.2162134574598,788.4709869989599,2333016
2015-06-22,784.7164306640625,789.386794212024,778.5350375539335,779.2218590106146,2429207
2015-06-23,785.448974609375,793.6908315184058,783.892168236713,787.5094388366327,1899146
2015-06-24,797.7201538085938,806.557278335735,786.6394573833624,786.6394573833624,5168452
2015-06-25,793.141357421875,804.4052734810973,788.3336074578506,797.3996726046221,6719110
2015-06-26,794.1488037109375,799.8265391905256,788.4710682313495,796.4382086709588,2614534
2015-06-29,777.9854736328125,782.060625070991,765.8516290400835,780.2291013588809,1794757
2015-06-30,800.9254150390625,803.3979835937074,778.9471272531983,782.6560080320039,4010634
2015-07-01,799.5518798828125,811.7315607216809,796.3467124817805,807.1985270757704,2251368
2015-07-02,797.7201538085938,810.3118796980248,794.4234333877379,808.4345790168799,1914607
2015-07-03,797.6286010742188,807.4272644131067,795.5681368349341,800.7422138377169,1407939
2015-07-06,804.8632202148438,806.1452534405005,788.9289395313773,789.4325974376594,1381867
2015-07-07,810.7698364257812,816.6765123011356,801.2917224096061,805.4126512677127,2556817
2015-07-08,797.9033813476562,813.6544981747945,793.8740622761296,808.8925248232866,2485149
2015-07-09,798.9107055664062,810.7697774809467,791.4014467921731,797.6286165462918,2059496
2015-07-10,825.6051025390625,831.3286142253098,804.8631297243037,806.7862072934153,3549894
2015-07-13,838.3799438476562,847.5375620218524,831.5117302170091,833.2517000275726,3265149
2015-07-14,841.9514770507812,843.8745546007057,829.2681417444015,838.2884296081304,1706366
2015-07-15,851.4295654296875,854.4057913911249,837.4641974567886,843.8745302968077,2417317
2015-07-16,862.052490234375,864.0214007865355,853.4901383498158,855.596379658425,1756860
2015-07-17,867.8217163085938,876.3840670197106,863.1970743748003,868.1422105900582,2256640
2015-07-20,868.1421508789062,873.3620041040625,865.3948655913148,872.5835730697142,1378923
2015-07-21,737.4173583984375,781.328157947499,728.2597383003507,781.328157947499,32687596
2015-07-22,764.2492065429688,766.4470578172605,740.0272891767795,742.6830214754089,10872729
2015-07-23,759.0291748046875,768.4157336161879,752.298347672932,768.3241797901278,3645770
2015-07-24,765.760009765625,769.056729808199,755.7781840302631,759.1665137868139,3052640
2015-07-27,754.3131713867188,769.0569172450408,750.1006326460005,763.4707913965279,3606126
2015-07-28,751.06201171875,764.2031703005462,741.8127846294852,755.5034337902343,2689656
2015-07-29,759.8534545898438,763.7912196747266,750.6042815374211,753.6720616178866,2301293
2015-07-30,745.6591796875,765.1191214355619,741.9503549095455,764.6612404532545,4324642
2015-07-31,753.12255859375,755.7782343900951,743.5986131126726,750.0089459843336,3307416
2015-08-03,760.9522705078125,761.9138092084895,750.9246677295209,752.756191309349,2029186
2015-08-04,760.173828125,764.4779196522059,750.9246565421294,764.4779196522059,3069438
2015-08-05,770.9800415039062,773.2694464782097,757.4267193410889,762.8297374379155,2246991
2015-08-06,774.1851196289062,785.1742622445405,771.163060694671,773.8187925175838,3573927
2015-08-07,780.1832885742188,785.0368150094256,778.3975418582813,782.976350928036,2261385
2015-08-10,769.8811645507812,784.3959706469158,760.9982615108477,782.79338706371,2206976
2015-08-11,770.8425903320312,775.2840132529831,761.272867161649,771.9872927233768,2135240
2015-08-12,793.1871948242188,810.3577305094368,775.6503320202478,776.520317007033,5281162
2015-08-13,805.0006103515625,813.19669179103,769.2401138563798,795.7056591786721,2580690
2015-08-14,822.07958984375,837.6475444358244,812.8303597557807,813.1966869271835,4606523
2015-08-17,829.8634643554688,840.6694438493071,814.6617829239513,832.4275865566668,2930882
2015-08-18,814.7991333007812,837.9221207869793,811.1360857782153,830.7334123814112,1790875
2015-08-19,849.59814453125,851.6586089076395,820.7516432617978,821.4384647205942,5294282
2015-08-20,857.74853515625,884.6261286111353,853.2155018899106,866.3108878531408,7479776
2015-08-21,858.8932495117188,862.9683459214538,831.0998377431498,854.4059931068475,4481821
2015-08-24,816.0353393554688,860.8161149255517,801.4747598838851,832.4274983694962,6095598
2015-08-25,815.5775146484375,844.0119659701928,778.3976043734782,838.7005023077674,5366573
2015-08-26,799.36865234375,824.5062739057296,795.4308311264142,817.6838918897754,3455259
2015-08-27,826.0171508789062,829.5428114825087,805.870391101372,820.5225800304878,5115937
2015-08-28,811.7770385742188,839.2956688002291,792.1339372746297,834.2589790256505,4988409
2015-08-31,823.2240600585938,834.6253053532998,796.7127454535616,808.0682138381811,13512125
2015-09-01,825.9716186523438,838.8380646885354,807.7021539904893,809.2589607041278,4315484
2015-09-02,815.1654052734375,839.7535877480711,812.0060158201886,837.0063022919707,4877084
2015-09-03,810.4036865234375,825.9258653919788,806.8779688806939,822.3543708226921,2306749
2015-09-04,785.448974609375,815.0280721152741,780.8243883002638,815.0280721152741,3075607
2015-09-07,766.0348510742188,793.0498278903448,761.9139224073521,787.6926429808871,2479603
2015-09-08,773.4525146484375,778.397651497775,746.3459834949255,771.0715559542665,3192919
2015-09-09,768.3700561523438,787.5552802630684,764.8443949877054,784.4875000753273,2164371
2015-09-10,768.9652709960938,772.948812864189,755.4120061890031,764.6611789299695,2478514
2015-09-11,774.7803344726562,780.1833519714789,769.5604805302405,772.9030337802416,2710761
2015-09-14,784.853759765625,786.5937298096869,774.1393338852405,782.2438605932052,2590701
2015-09-15,793.69091796875,798.0865642869481,782.97649164124,786.2732124064698,3818309
2015-09-16,812.4640502929688,816.6765330977227,801.8870104665536,805.1379543586655,5674983
2015-09-18,828.947509765625,843.2333700616696,813.608501147275,821.4382525767159,5214357
2015-09-21,824.1400146484375,836.0449205266598,819.6985354576642,831.7866049127482,3137037
2015-09-22,824.7352294921875,832.4276525997548,816.4475946246876,832.4276525997548,3447182
2015-09-23,821.2095336914062,828.9477333950281,813.4713339877845,819.6069502690924,1895163
2015-09-24,816.76806640625,825.0099235611317,813.425513091524,825.0099235611317,4615659
2015-09-28,788.4710083007812,819.6069133904753,784.991124204785,819.6069133904753,3862676
2015-09-29,776.7951049804688,788.4710703073193,769.4690090891115,788.4710703073193,2137288
2015-09-30,795.24755859375,798.5442786711654,785.9067771828545,787.5551372215622,2861245
2015-10-01,815.94384765625,819.606895232709,799.689074035713,801.2916573504139,2278061
2015-10-05,822.308349609375,826.200337401936,806.0535770639729,823.2698883558627,3142118
2015-10-06,833.2975463867188,838.746340833201,826.2461686261928,829.6344988117619,2368600
2015-10-07,848.1787719726562,850.4681769629227,826.9330824842481,837.9222264375271,2899026
2015-10-08,838.5173950195312,855.2758263894958,833.8927527706649,851.6585557535291,2018360
2015-10-09,829.8634643554688,845.0650898933142,825.2846547484463,844.7903724956273,1963120
2015-10-12,816.8595581054688,837.8763034305255,808.8008651235203,833.3432711614087,2057784
2015-10-13,807.335693359375,821.2095089259072,800.3759250641125,818.6911636239321,1526300
2015-10-14,809.2587890625,818.6911253005396,807.3356555675385,809.6250602803476,1468468
2015-10-15,813.1964721679688,817.3174002363876,805.9161547350295,814.9822188430164,2180779
2015-10-16,815.4859008789062,816.8595436091908,806.7861635871044,813.1964963284321,1209569
2015-10-19,829.6343994140625,834.2589852446442,811.8685984465575,819.6067967002816,2000070
2015-10-20,826.5209350585938,836.1822124320764,823.9110358640423,834.2591346985831,1880891
2015-10-21,816.827392578125,829.0017041098012,814.5303526664879,828.6801409542024,1272841
2015-10-23,812.7846069335938,830.4718148414485,811.3604533570289,828.72609809859,1916780
2015-10-26,816.6434936523438,821.5132063064949,814.16267971002,817.7460838578285,1770689
2015-10-27,834.882080078125,838.373569240755,813.1520618684812,815.9085095358319,2896574
2015-10-28,828.3585205078125,833.8254867055334,822.3862167462853,829.6908148706299,1939812
2015-10-29,807.5474853515625,828.772114635812,804.4694177966054,828.772114635812,3272915
2015-10-30,817.3326416015625,820.5025675522409,805.5258801667974,808.7417356947176,2387217
2015-11-02,795.097412109375,806.8583019056966,787.9306584447957,804.0099386256179,1982404
2015-11-03,798.0374755859375,806.5365219884683,792.754284578959,799.369769751537,1547053
2015-11-04,783.2905883789062,803.504539046749,780.9935485302877,796.6134195008935,2275409
2015-11-05,749.7079467773438,780.9017620405526,743.3221641878966,779.155989161108,4038115
2015-11-06,738.1768188476562,755.5883377028805,735.5581595215097,749.7998079462571,3763950
2015-11-09,695.4976806640625,709.1880034131087,684.4718902771458,699.2188737036329,7903526
2015-11-10,672.52734375,702.1591580463604,665.2686753352957,691.9602673846845,7024856
2015-11-13,680.4752197265625,691.3172951840317,676.2486878594758,684.6098924104859,4665553
2015-11-16,678.6834106445312,686.8149092111894,673.0785998109508,682.6802375169414,3357919
2015-11-17,692.1900024414062,694.2114088319377,683.5531657983393,685.4367273585773,3853257
2015-11-18,692.5575561523438,699.4946056977878,687.7337721791433,693.7060761459629,2521801
2015-11-19,682.2208251953125,699.2189198298084,678.4537023299671,696.4624720512415,4059404
2015-11-20,666.9225463867188,680.8426307015129,665.1309001173545,679.7400403264669,5345428
2015-11-23,658.8829345703125,669.7250082903613,655.5752193852633,667.0604194445707,5781403
2015-11-24,648.867919921875,661.1340920257005,646.8465133516347,658.7911222629575,9846509
2015-11-26,676.1566162109375,679.9237388183084,658.3315660315108,658.6531291516266,8438968
2015-11-27,679.7859497070312,682.0829895534158,671.6544510828595,681.7614264069517,4475863
2015-11-30,670.2762451171875,677.6267728223794,668.3007683643868,673.0326930066345,8738130
2015-12-01,670.0464477539062,674.2270485876428,667.979112124909,672.5731913004586,3183165
2015-12-02,672.3896484375,679.0051359441779,666.1417098234492,679.0051359441779,5136352
2015-12-03,667.8873901367188,672.9408782676526,665.2228012356491,670.5978525428832,3079014
2015-12-04,694.0736694335938,711.0717664279397,662.9257827794895,663.8445988332379,24605807
2015-12-07,714.2416381835938,718.0547472452718,700.1837637529655,703.1699159328083,7139702
2015-12-08,708.3152465820312,716.538604566774,705.1912498834164,713.0011855498777,3655120
2015-12-09,697.5191650390625,712.4499245297617,689.2498213211368,709.7853357886218,4935349
2015-12-10,695.3599853515625,707.3505237592339,673.7678078682933,707.3505237592339,4496091
2015-12-11,696.2787475585938,703.8130499094098,687.7337700485551,697.9785907919307,2852880
2015-12-14,706.2017822265625,710.2445940685516,692.4655312544887,697.2433284203938,2629235
2015-12-15,710.933837890625,718.008731887587,706.7532365542621,712.0823578225969,3549320
2015-12-16,720.443603515625,721.729968348277,712.8174419279605,716.6764803458384,2864795
2015-12-17,737.1201171875,739.6468611230134,724.0269895216578,726.829367034121,3491346
2015-12-18,726.0025024414062,743.3221620294678,723.2919839596464,734.6852689879465,4125199
2015-12-21,692.9710083007812,695.3599073649328,671.6544668111429,678.0861785316328,12310649
2015-12-22,701.6998291015625,706.4776837809869,694.8087087216468,694.8087087216468,3734881
2015-12-23,726.232177734375,729.0804848588184,707.4883091887715,708.4071251747309,6651886
2015-12-24,726.6456298828125,733.5827357255409,722.5569434415704,732.2963708603793,2053955
2015-12-28,745.7110595703125,748.8350564710579,727.3807248311888,727.3807248311888,4287383
2015-12-29,745.4813842773438,753.3373064167712,740.1063327841285,748.8350853123088,2702847
2015-12-30,744.3787231445312,758.9419327143455,740.9790931015882,747.9161419243065,1919186
2015-12-31,753.5668334960938,758.0230678874044,738.8197944022295,746.0784619691786,2590518
2016-01-01,749.34033203125,751.4995831480351,740.7494253855264,744.2868443384538,986728
2016-01-04,734.2257690429688,754.6234933996977,730.5505054140111,747.8242893341696,2388588
2016-01-05,735.51220703125,741.4845110233839,727.7482006254604,741.4845110233839,1632394
2016-01-06,727.6563110351562,740.3818896543225,726.5537206666909,739.6468481020374,2168214
2016-01-07,720.16796875,734.1339831498424,715.4361000035266,724.0270071615467,2082334
2016-01-08,729.6776733398438,740.3818449843471,722.1893012825567,730.4586444270135,2315237
2016-01-11,718.7437744140625,739.1874292312091,715.8494817494927,725.4051900286383,3424538
2016-01-12,724.1648559570312,729.5399071481951,720.3517471085453,720.3517471085453,1787888
2016-01-13,731.9288330078125,739.3253469734218,718.0547332742137,730.4587497799102,3447651
2016-01-14,727.564453125,731.7451109382141,721.9137681714495,725.6808914738165,3233849
2016-01-15,723.2001342773438,734.1340683658908,716.8603367968279,732.9855482339042,2370237
2016-01-18,721.2246704101562,732.7558006335775,712.0824394871756,723.10823209859,4202772
2016-01-19,729.4480590820312,732.1125918860369,717.8250140229401,722.1893901081995,2169752
2016-01-20,728.253662109375,739.6470048647932,712.6337874724787,721.7300898401181,4222563
2016-01-21,710.382568359375,738.1767506193532,701.9753800536657,735.0527539828961,3264178
2016-01-22,725.1295166015625,729.5398216879438,710.5203214178482,715.7575832429575,1970106
2016-01-25,741.714111328125,748.7430751682177,729.953279403848,730.4586169165183,2905098
2016-01-27,754.485595703125,756.4150863976527,743.597595126678,750.6724878067199,3609838
2016-01-28,766.4304809570312,768.865310001651,750.6727622309211,750.6727622309211,4368190
2016-01-29,802.0803833007812,806.7203925659257,770.9784301899159,774.5618347757123,4709689
2016-02-01,801.4832763671875,816.1843340323616,791.9276225328751,809.2932132518113,3252050
2016-02-02,767.3493041992188,811.6361962700463,763.6280540532764,808.420339853612,2676955
2016-02-03,767.1195068359375,785.5876861484485,761.9741035476197,768.8652236015536,2630864
2016-02-04,767.7625122070312,778.9720769445825,751.729220271839,771.8053244337119,2287218
2016-02-05,787.9306030273438,790.1817133103475,768.6354681674399,770.8865784504436,2250196
2016-02-08,767.80859375,794.592045836315,762.6172610469869,785.5876604761129,1198192
2016-02-09,784.71484375,791.008767400411,760.8715558097074,762.6173287533442,2340243
2016-02-10,786.27685546875,795.4650162104239,770.1516445831287,781.9584087041467,3530848
2016-02-11,762.9846801757812,789.1709310737785,759.8606839524143,781.9122636559911,2067334
2016-02-12,778.5587158203125,812.8765270971138,737.3039110337926,776.3995206505347,5260215
2016-02-15,781.1773071289062,796.6134033832946,776.4913122844899,785.5876123330067,3592947
2016-02-16,760.5958251953125,787.5631067277163,753.6128464715969,781.544817446534,1957372
2016-02-17,786.3226928710938,789.5844783359728,760.779620219825,764.408954503314,1975343
2016-02-18,799.7833251953125,805.3421502703827,788.4359149861288,799.0942132584012,2342525
2016-02-19,794.0408325195312,799.7375031802151,787.4253458193849,799.7375031802151,1561649
2016-02-22,810.8092041015625,813.8872153214846,797.5323014614477,801.1616359387224,2302969
2016-02-23,800.3804931640625,825.5101412094798,795.9242585640153,812.8764228195748,2470030
2016-02-24,785.174072265625,799.3697883436027,780.6259225986907,796.0160880639268,1716644
2016-02-25,804.2854614257812,808.5579777173388,786.0929181431553,787.8386907543462,3898475
2016-02-26,801.1155395507812,817.7460835367489,798.5428103789712,813.1520044157559,2409042
2016-02-29,784.576904296875,809.293017881722,766.016812259137,809.293017881722,3546392
2016-03-01,797.8997192382812,802.1262497833477,782.1879343058232,791.7436417295428,2354037
2016-03-02,782.6932983398438,805.8933997068564,780.9935113647844,804.8827246535895,3184958
2016-03-03,800.1968383789062,802.9073005845936,783.3824615228516,790.0898628645928,2447143
2016-03-04,787.2415161132812,803.5045700857492,783.3824778025145,801.207530148397,1525260
2016-03-08,788.8953857421875,800.2887264380903,782.1421106549074,789.9979761450293,2297582
2016-03-09,791.0087280273438,793.5814016477397,768.957143715243,790.1817711836084,3139226
2016-03-10,794.8217163085938,797.5322345429284,777.7776918670379,794.2704491775754,2042250
2016-03-11,797.7160034179688,799.3698608796359,775.1130978416036,785.4957627377776,2329088
2016-03-14,792.2030639648438,805.3880494276724,788.8952931445723,798.4510007408176,2139517
2016-03-15,774.6996459960938,791.5598952742004,772.3566205946605,791.5598952742004,2357014
2016-03-16,767.9004516601562,778.650609791426,754.945168835342,776.8589074228682,2521867
2016-03-17,760.0904541015625,775.3887612852276,755.0828962251027,773.6429886413002,2605930
2016-03-18,749.753662109375,758.849960589051,733.5825271233551,758.0689335429821,5270631
2016-03-21,768.5436401367188,770.0137232773739,750.4888836401392,753.9344435761218,3177198
2016-03-22,776.031982421875,778.2371632858855,764.3630639167164,767.2573007106414,2105722
2016-03-23,777.5020751953125,782.8311965378887,766.8437764300846,776.1238512577459,2331768
2016-03-28,743.5517578125,777.3182417168675,737.8091585090361,777.3182417168675,4596334
2016-03-29,729.8614501953125,745.9407298213948,707.488303547623,743.5518307089791,7468509
2016-03-30,745.8030395507812,749.3404591035804,736.01762565421,745.9868139867895,3020735
2016-03-31,753.4290161132812,762.2956117227401,745.9866299715075,745.9866299715075,5230705
2016-04-01,748.9269409179688,757.1044262058656,743.6897342900756,754.3479780522034,1654746
2016-04-04,748.880859375,754.3478249864702,745.251525493095,750.8563359163104,1239310
2016-04-05,735.7877197265625,750.1672101771356,734.5932703403968,749.7537318295982,2570634
2016-04-06,743.827392578125,745.2515459916962,733.2610098424909,739.1873835493608,1809628
2016-04-07,745.8030395507812,756.093791086312,739.7388196430172,744.2410409648382,2221164
2016-04-08,745.8486938476562,751.0859549003571,741.5302485557778,741.5302485557778,1088142
2016-04-11,750.9483032226562,758.942013613536,743.5059160780899,756.1855656222035,2757166
2016-04-12,756.73681640625,759.9067427436739,750.075400571406,753.1534677431385,1942717
2016-04-13,765.4197387695312,768.0383982953307,756.1856482061173,759.0339556761967,2310970
2016-04-18,769.7841796875,772.8622475197581,760.1366098564102,765.5117181246421,2257502
2016-04-20,761.28515625,768.2222073891426,758.2071443919981,768.2222073891426,2134965
2016-04-21,765.2819213867188,769.8760017022109,759.6771097537691,764.1334013078457,1381380
2016-04-22,753.61279296875,761.1930239483404,751.7292316383204,759.860729711671,2527855
2016-04-25,743.1842041015625,754.4856843199658,736.8903377386906,753.4290236231001,3644370
2016-04-26,748.2837524414062,751.2239186972247,732.29633204503,739.6468598447291,4083983
2016-04-27,747.8703002929688,749.8457210604453,743.5059242586724,747.9162298773141,1364080
2016-04-28,736.8446044921875,752.5104082463789,735.0529018279647,752.5104082463789,4828596
2016-04-29,745.4353637695312,747.2729956565904,736.890386710721,739.6468345413098,2339763
2016-05-02,745.8948974609375,749.8917811370056,739.1875511586718,747.6866000688243,1083227
2016-05-03,733.44482421875,747.5486264679076,716.6764333111494,742.5870540391828,5809209
2016-05-04,738.9118041992188,740.9332105216291,723.1540880968802,734.1339500044512,2523074
2016-05-05,744.6544799804688,760.7796904645155,741.0251453618741,758.5285799228494,3065087
2016-05-06,739.0955810546875,748.8350078039106,737.1201043075918,744.194998419423,1464262
2016-05-09,739.9225463867188,745.8948506514869,731.3775684239127,739.6469127905148,2556690
2016-05-10,737.0283813476562,745.1598816687269,735.32853785856,740.5658010172551,2156929
2016-05-11,731.653076171875,740.5656014500046,727.7021790923122,734.1338902711584,2268518
2016-05-12,738.3145751953125,740.2900519995472,730.5505688885426,730.5505688885426,1962391
2016-05-13,730.5045166015625,739.9683084627403,728.1615474440966,739.9683084627403,2454738
2016-05-16,733.0772094726562,736.8903177133002,727.4265255970859,734.9608268445824,2035038
2016-05-17,734.9608764648438,737.4416345835187,731.8368799064092,735.9715515442984,2505291
2016-05-18,730.7342529296875,734.1798124550821,726.7833558899157,734.0879532997665,2244494
2016-05-19,728.16162109375,732.9394751232505,725.8645812795742,732.2962927592665,3114189
2016-05-20,727.1048583984375,733.1231467318014,725.8644795047279,733.1231467318014,2460489
2016-05-23,720.8570556640625,729.2642441937958,716.0332718375117,728.6210618009071,2403975
2016-05-24,709.6016235351562,723.1082306735372,708.4071738872899,722.1894146243967,2249441
2016-05-25,721.6840209960938,725.7727633134158,708.5908933121341,715.1144643226377,1556315
2016-05-26,716.0792846679688,724.0270661381938,711.2095706929542,717.6872127970828,1900809
2016-05-27,757.9773559570312,760.7797338572761,725.9565810953018,730.4588024354281,3675225
2016-05-30,746.1705932617188,773.64321932538,742.6331734201168,763.5362414007017,4888391
2016-05-31,700.826904296875,734.133984310984,694.6248962942477,727.7022723082596,15706495
2016-06-01,693.2925415039062,708.7746234102905,691.3630505031454,704.7777405086098,4921709
2016-06-02,686.1259155273438,696.9220045898765,684.1045089123847,693.7980074503868,4900285
2016-06-03,677.4889526367188,690.8577702508323,675.37568706063,690.8577702508323,5944789
2016-06-06,665.5902709960938,689.1119359788079,663.2472455497075,688.1012609047348,6330743
2016-06-07,678.8211669921875,681.6695298936756,652.497125443066,668.8979666155535,7369626
2016-06-08,678.0862426757812,684.4720254183512,674.7785273386635,683.5991389576982,3384926
2016-06-09,682.4046630859375,684.7476326996892,672.1139125391784,678.0862166150562,3948805
2016-06-10,681.2100830078125,686.3554292556131,678.4536355007618,685.2987686125498,2785032
2016-06-13,685.8502197265625,687.2743733215741,673.6299780479567,678.5456212539873,2918950
2016-06-14,692.5115966796875,693.7060462054832,685.9420401676981,687.2743345188098,2789220
2016-06-15,690.5820922851562,696.7841003670362,689.1120090977792,695.4518620135103,1417625
2016-06-16,693.3385009765625,694.9464289065454,682.4046247007248,690.9496019126183,2717995
2016-06-17,682.8639526367188,696.6002608444435,680.0155898465833,695.08419225614,3317924
2016-06-20,679.7859497070312,685.5285493229928,674.2730540757082,679.7859497070312,3323011
2016-06-21,676.524169921875,684.7016542744906,675.5134948131584,680.9344752472995,3703466
2016-06-22,679.9696655273438,681.2101005855652,672.021941991641,679.8778063734323,3715759
2016-06-23,691.5008544921875,696.2787085995204,682.6802438940917,683.5531302537128,3909660
2016-06-24,693.4762573242188,702.8941197125238,674.4108285869182,686.9986168487641,7640809
2016-06-27,710.933837890625,712.6336249579135,692.1440405875493,695.5436708022012,4493497
2016-06-28,702.986083984375,716.0792117015803,701.5619304311505,711.1635686397831,2788888
2016-06-29,707.7638549804688,711.5769632812693,705.2830409100726,708.1314037612942,2460436
2016-06-30,701.1483764648438,713.8280804886133,699.218885546481,712.0823078824216,4538392
2016-07-01,701.3782348632812,706.9830466203263,700.1837851708235,706.5695681667609,2656477
2016-07-04,708.2233276367188,711.8985914605523,703.9508670895574,705.8803581650399,1575107
2016-07-05,711.6229248046875,714.8387805010289,702.2050616939734,710.1987713551795,2746347
2016-07-07,715.022705078125,719.3870815826804,712.082482322197,714.8389306408636,2515212
2016-07-08,714.3794555664062,721.2705757165645,711.5770779213577,718.468198071516,2174896
2016-07-11,724.9458618164062,729.4480828832934,718.0547414569347,724.9458618164062,4771555
2016-07-12,719.4788818359375,728.6211125601163,714.9767169322269,728.4373381379062,3402732
2016-07-13,715.3441772460938,730.3208666555132,712.082391700128,722.9703387411894,3546248
2016-07-14,706.1559448242188,711.7607554312696,704.5939465868415,711.7607554312696,4148326
2016-07-15,707.8558959960938,711.8986529031881,702.0673101098935,709.325979220477,5462554
2016-07-18,713.6444702148438,717.5953681963227,708.3153480947035,711.4392891609522,3096502
2016-07-19,718.8815307617188,723.1080611649633,714.4711698956417,716.6763503286802,3030866
2016-07-20,732.5260009765625,733.4907464880804,718.1005796441075,721.6380546264381,4592908
2016-07-21,729.7237548828125,740.5657736029178,726.7835321586947,735.0528770252286,3452258
2016-07-22,722.7406005859375,731.3774929091051,718.5140696669852,731.3774929091051,2552125
2016-07-25,738.7281494140625,739.6469655202989,723.1082756080438,724.0270917142801,3836740
2016-07-26,733.5827026367188,742.4033136340028,730.55056503133,741.4844976517825,2827707
2016-07-27,742.3114624023438,744.2409535535998,727.013153702822,732.342275240647,2447955
2016-07-28,758.4366455078125,760.7796149901366,743.7815197276758,744.6084765238257,3981433
2016-07-29,762.5712280273438,771.6215417427848,753.9343365814881,758.0230783412821,3056996
2016-08-01,767.80859375,771.8054208186372,755.9099156296974,769.8759296986213,2052236
2016-08-02,761.6065063476562,778.6964593056999,759.7228889271669,770.8865243156132,2135409
2016-08-03,771.4378662109375,778.5586899805695,754.6235451709186,765.0980696640852,2105776
2016-08-04,779.661376953125,785.5418223234442,771.8973698264027,773.6431428182397,2609726
2016-08-05,773.5512084960938,785.0823380154434,769.0949172730254,783.6581844394418,1908271
2016-08-08,765.18994140625,776.2616628140318,762.9848166893908,773.6889892709906,3382787
2016-08-09,762.02001953125,767.3951267254293,755.8180115934045,766.2925363204635,1896252
2016-08-10,751.2699584960938,765.3737622960475,748.8810031409989,764.1793126585403,1315780
2016-08-11,742.6331176757812,752.3266163780811,721.4544176484617,748.191943901074,6662203
2016-08-12,735.55810546875,758.850123699843,726.3699458699147,750.4888648168575,8732728
2016-08-16,719.1572265625,742.7248210908168,717.7790026925373,742.7248210908168,5115466
2016-08-17,721.2705688476562,726.5996904970117,710.0610022941355,715.5279687772131,3550406
2016-08-18,724.7620239257812,729.9074269916694,721.7299424491395,725.8646143027628,1585900
2016-08-19,720.16796875,729.0804951556946,716.3089303384534,728.3913831564926,3217425
2016-08-22,707.580078125,721.2704570020348,702.8941396261869,720.5813451004406,5501620
2016-08-23,700.459228515625,708.1313743764459,698.3000337380674,708.1313743764459,3756220
2016-08-24,707.212646484375,712.4039229432109,701.5619059714038,702.8942003121936,3806381
2016-08-25,702.8482666015625,714.195621062155,700.1836779356375,711.1176100860647,2285008
2016-08-26,693.9358520507812,706.2480100902036,691.6388118255221,704.0428290419214,1978922
2016-08-29,697.656982421875,700.5053456896738,685.988007924941,696.370673661002,2362413
2016-08-30,711.944580078125,713.9200569792761,699.1730708793109,701.7916741389016,1726397
2016-08-31,712.6795654296875,718.5140238821239,708.6826826718145,714.8387603328547,3405144
2016-09-01,707.5342407226562,715.6657958688616,704.9615671708926,712.6336582427742,1183855
2016-09-02,718.8356323242188,720.627334633446,705.6506459420962,711.1635416135189,1867621
2016-09-06,719.1113891601562,724.9458485255095,715.1145057768915,722.1894004322567,1556462
2016-09-07,715.9874267578125,720.8571407414321,713.5066121382077,719.4329870405738,1353192
2016-09-08,743.4033203125,744.9673259289478,715.113421859502,717.5974241736083,3663747
2016-09-09,733.6513061523438,753.0172235169459,730.569283824798,746.1172489581469,4003165
2016-09-12,724.0833740234375,732.2253783131551,716.7693892045864,725.8773787755543,2621800
2016-09-14,717.4593505859375,732.5013292016482,712.4454138661721,731.3973220134644,3858523
2016-09-15,723.4392700195312,729.1892484998548,719.5753294024607,721.277300571783,1479337
2016-09-16,721.09326171875,730.4772374606353,718.7472818213115,726.8432399733205,2303954
2016-09-19,719.8973999023438,726.5213872085507,718.1033951513921,721.7833818601581,1283403
2016-09-20,716.447265625,723.669215600946,714.837271769663,722.1972436797753,2078649
2016-09-21,716.539306640625,721.7373097260192,714.2393152138372,719.4373182992315,1572757
2016-09-22,723.807373046875,725.7393435741327,720.6333733359745,723.1633641537425,1730313
2016-09-23,717.6433715820312,727.4873469123158,715.7573896905238,726.8893266323101,1768021
2016-09-26,704.8554077148438,721.5073234816176,703.4293680830347,718.5173345733418,2308824
2016-09-27,708.5355224609375,714.7455005496222,704.8555354454206,705.1775118484201,1556490
2016-09-28,703.6134033203125,711.8473842947634,702.3254417443734,704.901421048389,2342694
2016-09-29,676.9794921875,708.3973993058822,673.4375276518257,707.477402683407,5321213
2016-09-30,683.2816162109375,685.3975975635904,676.2896070277254,680.7516250789913,2051308
2016-10-03,696.4834594726562,700.1174575061715,689.9974942570678,689.9974942570678,1856097
2016-10-04,703.1534423828125,711.1574246278097,698.5074704381171,701.0374612760556,2557812
2016-10-05,698.6914672851562,707.0174257397574,696.7134520261997,707.0174257397574,1847125
2016-10-06,692.6655883789062,705.2235105579615,690.0895525094264,703.7975267994507,1755184
2016-10-07,691.1013793945312,695.7013618769867,688.8933653421007,695.5173513472624,1554398
2016-10-10,695.0115356445312,697.3575160578326,689.9975422735812,692.7115438369526,1365905
2016-10-13,680.5214233398438,693.5853848906074,676.2894057419774,689.2613901034499,2996697
2016-10-14,685.8574829101562,687.2374778455892,678.4055327196736,681.6255209023504,1849542
2016-10-17,675.2315063476562,687.6054716748566,673.4375017723438,687.5134383248633,1510291
2016-10-18,684.017578125,685.6735610312556,676.6576041841796,677.0716139487797,1901132
2016-10-19,690.2274169921875,698.277386867138,687.2834167789217,688.5254458223371,2267328
2016-10-20,685.8574829101562,695.4254702566795,683.5115027503479,694.3674516786592,1360596
2016-10-21,687.927490234375,689.0774860388458,681.303503170196,687.2374927516926,1807639
2016-10-24,687.3755493164062,693.4015164047945,685.6275331447478,689.9055402136194,1014731
2016-10-25,687.6054077148438,698.2773446719021,686.5473892772161,689.1693568457644,1924646
2016-10-26,679.6014404296875,689.0773933535219,677.2094157868477,689.0773933535219,1206610
2016-10-27,687.1455688476562,690.64154513399,678.2215894823341,682.6375624836053,2686399
2016-10-28,683.9254760742188,691.8374241555695,682.5914698105131,687.2374412821947,1900094
2016-11-01,675.0475463867188,689.0774953916897,673.5295294433578,689.0774953916897,2566651
2016-11-02,656.923583984375,674.1735208379253,656.0495759533675,674.1735208379253,3286334
2016-11-03,647.3555297851562,659.6374600320144,644.3655412982608,656.8774706594954,4374269
2016-11-04,599.377685546875,625.505607116753,595.32967871702,625.505607116753,17908933
2016-11-07,602.5057373046875,622.8376377298464,600.7577214735446,621.9176412191672,6663505
2016-11-08,584.5658569335938,610.0037290074544,581.7138338075224,607.197750632685,9896681
2016-11-09,607.8876953125,615.6156884742604,526.1460276810094,551.9979072077185,14963330
2016-11-10,612.9017333984375,638.1096060226826,610.9697068873534,625.5976749838594,9357587
2016-11-11,632.9576416015625,651.3575730434684,625.5976690248001,634.797634745753,13184334
2016-11-15,627.8515625,649.1034571529711,620.6756017179658,642.1115068837328,5816519
2016-11-16,614.0057373046875,639.167621198312,607.197740181196,635.7176340381915,4722902
2016-11-17,615.707763671875,626.8397007783403,607.1977945811543,615.2477653426469,3756250
2016-11-18,633.7396850585938,637.0976953723149,609.0837854789453,617.7777652599415,6150792
2016-11-21,635.11962890625,641.3296059421418,621.9636887865655,636.6376457536558,5090705
2016-11-22,634.7056274414062,643.4455944617212,630.1976219911279,643.0775733894867,3359143
2016-11-23,645.193603515625,648.5056249626258,635.7636383778138,640.3176327723547,4496512
2016-11-24,627.8977661132812,643.5377104706816,625.5977742960165,643.5377104706816,3783616
2016-11-25,657.0155639648438,659.6375316927271,630.2896190491707,634.3376263628107,4410579
2016-11-28,657.9356079101562,662.5815796294861,653.2435914379306,656.5556129745847,2607872
2016-11-29,649.9776000976562,663.7775491443157,645.8376153836584,662.3055770401932,3674024
2016-11-30,653.0136108398438,661.9375895739088,649.7936225653356,654.0256408459728,4359468
2016-12-01,663.777587890625,666.5375778610642,650.4376363668356,653.0136157754843,2796906
2016-12-02,662.719482421875,672.4714793973314,658.8094971428418,661.7534972892462,3163480
2016-12-05,656.0496215820312,666.9976047273789,653.5196306675481,664.2376146388518,2946490
2016-12-06,649.6556396484375,663.9615759465335,647.8156463971804,659.2235708636915,2939600
2016-12-07,610.877685546875,643.9975600644767,607.1976994893637,643.9975600644767,12922300
2016-12-08,621.6417236328125,625.2296767379921,606.1397469875859,610.8777520129994,6865033
2016-12-09,619.1577758789062,628.1737322615734,617.5477816622821,623.7577593549754,3298719
2016-12-12,622.2857055664062,627.3456867270812,616.397705027676,619.3417052970411,2155130
2016-12-13,629.5997314453125,630.8417607057859,613.2238010968272,621.917781311567,4508196
2016-12-14,624.125732421875,637.2356843189041,620.99772143822,631.071695705312,3202343
2016-12-15,597.9518432617188,619.7097306836588,593.3978485424764,618.9737445825613,9539189
2016-12-16,595.559814453125,599.7458441712508,582.9098603980277,598.7798027580588,10780836
2016-12-19,581.6679077148438,592.4778688309361,579.6898923689148,592.4778688309361,4214766
2016-12-20,577.6659545898438,586.9578988665289,572.3299287693429,584.1979087464669,3984283
2016-12-21,565.2919921875,583.1859395064876,564.0039743269521,581.4379232889073,7404147
2016-12-22,560.416015625,574.9979409465474,559.3579969528013,566.9479697732957,5479188
2016-12-23,573.617919921875,579.1378999050846,562.3019721867231,564.8779516151262,6105681
2016-12-26,562.3479614257812,574.9059383626486,561.1979655946446,574.5839058386463,3005547
2016-12-27,571.409912109375,572.4219421426773,563.5899403756011,564.8779581808437,2289086
2016-12-28,571.639892578125,578.3559130044383,569.5239115262809,574.0779061468156,2516753
2016-12-29,565.5219116210938,574.9518766105265,562.8998876644581,571.777877164144,4788982
2016-12-30,579.597900390625,581.4378937251985,567.3159673432036,569.4779370504713,3523510
2017-01-02,583.3238525390625,589.1198200827818,576.8378875222306,582.3578673071323,2266225
2017-01-03,585.2098999023438,590.5919144862962,581.2999137837404,586.0379194236116,2821892
2017-01-04,586.3597412109375,592.2937298096588,584.0137613887815,586.9577613910749,2500456
2017-01-05,591.9717407226562,596.0657362506038,590.1777363730918,594.4096976804652,2589560
2017-01-06,589.4876098632812,597.7675762913258,588.2916259429869,596.2495599853379,1864378
2017-01-09,581.4837646484375,595.1457460840406,580.5177795737089,589.8097215719611,1827405
2017-01-10,587.4638061523438,588.7058352292121,576.929834058973,584.1978295169673,2559697
2017-01-11,596.341796875,597.5837698023289,588.153804817977,588.7978136570915,2784843
2017-01-12,593.1677856445312,595.145800721338,578.677839736968,578.677839736968,6269913
2017-01-13,600.7577514648438,604.8057587747711,591.051799023059,595.2377721251974,3524996
2017-01-16,592.017822265625,602.5058061465702,590.8218378955158,598.9177968841054,1349694
2017-01-17,597.7217407226562,600.4817302385508,592.8917590698408,593.3977459173287,3016496
2017-01-18,597.9518432617188,601.6778185221388,592.9378502102728,597.0778352001041,4013631
2017-01-19,591.9717407226562,601.4017045540268,589.8097153236992,595.2377169655346,2089653
2017-01-20,590.2236938476562,595.6057066125918,588.7977106226671,591.4196779669335,3671360
2017-01-23,582.9557495117188,593.6276854408161,581.8977311760034,588.7977042729519,2955807
2017-01-24,590.0857543945312,592.9377209717131,585.1177510287192,585.1177510287192,2187797
2017-01-25,584.9797973632812,594.9617938525361,583.4618367120129,592.4777918797562,3068071
2017-01-27,589.2578735351562,591.5578652351373,583.0938845487786,587.2338696087446,2362371
2017-01-30,593.1677856445312,602.5057732458146,587.8778053925637,588.8437905559745,2406083
2017-01-31,580.9778442382812,597.0777844982495,579.5978493588555,592.937799859972,1926978
2017-02-01,575.5038452148438,586.4518268982997,568.92590340683,580.5178377699077,3507275
2017-02-02,590.0857543945312,593.121731494915,570.3978076066131,576.1017969131049,3819377
2017-02-03,595.4678955078125,597.8138759862206,589.027918267867,592.9379044492624,2048060
2017-02-06,621.1355590820312,623.1135175461842,593.3976466276574,597.997628384461,5835962
2017-02-07,616.0298461914062,634.3837939206603,613.8218875219351,620.9978514639778,4274151
2017-02-08,609.2216796875,622.8376163476884,606.4616902502133,615.155668208092,2959209
2017-02-09,603.0578002929688,615.4777549900779,601.0797850470179,611.7977684131566,3295494
2017-02-10,602.6437377929688,609.1297023363225,598.0897435724407,603.0577474770411,2814314
2017-02-13,602.32177734375,606.6917611363853,596.1577889742374,603.9777599715846,1885766
2017-02-14,597.3538208007812,609.8197643278196,589.6258825390971,606.2777996435651,3393607
2017-02-15,573.203857421875,599.607770474501,571.7778739545874,598.1817870072134,10352763
2017-02-16,597.3538208007812,599.8378230160918,573.571929573039,574.0779165061983,6158072
2017-02-17,621.457763671875,623.7117667912687,597.169828611555,601.2178365056556,6165104
2017-02-20,625.2756958007812,631.485672693365,618.6976978166721,623.7576789884068,4597889
2017-02-21,619.3417358398438,630.1976847258618,616.4897126264442,627.1617071101647,2972142
2017-02-22,616.7195434570312,621.3655700418681,609.727593513948,620.0775526645053,2662258
2017-02-23,620.5836791992188,626.7936560881078,613.6837048782309,619.985715116014,4522397
2017-02-27,620.4917602539062,630.657712144109,617.4097377432454,620.169727730747,3477074
2017-02-28,624.677734375,627.7137121334343,620.9977477218337,620.9977477218337,2711558
2017-03-01,639.07568359375,641.605674334577,624.6777138260067,626.6096842945101,4972108
2017-03-02,622.0557861328125,645.1936692593189,619.0657968820045,643.9976847894239,4783045
2017-03-03,631.5316772460938,633.3716704459355,617.409695746027,618.2377151468103,2495214
2017-03-06,628.357666015625,629.7376608897442,621.0896705510763,629.2776625983712,2858145
2017-03-07,625.2756958007812,630.0596330778046,621.2276884025395,628.9096373569557,2152337
2017-03-08,625.9658203125,633.7397480419388,619.1578218021087,620.9978153290094,3480865
2017-03-09,630.3356323242188,631.1176068981528,622.0096189733183,625.91960414725,2408830
2017-03-10,628.3116455078125,635.8095835851262,625.5976444961161,625.6436330924909,1987748
2017-03-14,651.5416259765625,670.7235332918395,622.9296970316722,638.0176642564876,9857280
2017-03-15,649.3795166015625,660.0515098495797,647.9075446407957,655.9575141340254,3046871
2017-03-16,653.9335327148438,661.9375138838238,650.5295342691703,654.1175432542026,3087300
2017-03-17,650.8975830078125,659.0855750641006,645.837601797151,657.7975573859871,3067000
2017-03-20,650.0234985351562,654.1174940815637,648.1375169908039,652.2775011305606,1418664
2017-03-21,642.20361328125,649.4256202587097,629.4156942747129,647.6776042636211,3691911
2017-03-22,645.3316650390625,646.7576486242357,635.5796668023777,638.477678727197,2414239
2017-03-23,646.8956909179688,648.597662322782,643.3076813889436,647.6776656386361,1294418
2017-03-24,647.5855712890625,652.8755512659942,644.1815729430455,647.2175502211192,1357525
2017-03-27,635.9017333984375,647.0796596671365,634.3377277703157,644.9176898723587,1859318
2017-03-28,642.7095947265625,646.343592484173,638.2016451309581,639.2136189181803,1626424
2017-03-29,632.6356811523438,645.285634336388,630.1976677142009,644.9176132374523,5152744
2017-03-30,632.0836791992188,638.5236556681912,630.3817078789885,634.6136699548865,2558208
2017-03-31,633.0956420898438,638.5235879899484,629.829609447898,630.3816410637252,2898457
2017-04-03,637.0055541992188,638.2935155172349,630.2895353004957,633.6475447498573,1347390
2017-04-05,635.4418334960938,640.9618145784652,631.5778355080035,638.9378102844988,1977427
2017-04-06,631.9456787109375,637.5116468374954,628.4956915061947,637.5116468374954,2015425
2017-04-07,612.6717529296875,630.1056998988355,609.2217656462996,630.1056998988355,6076717
2017-04-10,614.32763671875,616.305651570384,608.3016711307438,613.6376393731281,2138613
2017-04-11,616.7658081054688,619.157777056718,612.8097773868102,614.6037821763182,1344759
2017-04-12,628.5877075195312,634.3376865491647,610.325796582271,618.927742749747,2653626
2017-04-13,637.3275756835938,643.8595283759045,626.9776150535823,633.4175905567005,2918733
2017-04-17,622.8836669921875,628.3576578185447,616.6736901396616,627.4376612478001,2411262
2017-04-18,611.9356079101562,625.1375333575951,610.8316010358333,623.7115502146505,1734258
2017-04-19,610.2797241210938,621.9177036095531,608.4857756670061,615.4317387890228,2241129
2017-04-20,603.4718017578125,614.2817621796386,602.643782328477,612.7177566754148,2071407
2017-04-21,588.4298095703125,606.6917759786345,585.6698197390218,606.6917759786345,6091210
2017-04-24,591.4197387695312,593.6277528722176,581.483787611705,584.197788568552,4428981
2017-04-25,591.143798828125,597.0777880756367,588.7058415511469,593.6278008564014,1825996
2017-04-26,591.373779296875,594.7777778094285,584.2897945333738,591.5577898398492,1915462
2017-04-27,586.0379028320312,594.3178732017146,582.1279168241252,593.397876493972,2432744
2017-04-28,590.5919799804688,592.6619728610476,586.2679836217184,586.2679836217184,1903299
2017-05-02,582.173828125,592.7078002603254,577.2978574518497,591.0058290378554,2415773
2017-05-03,578.539794921875,584.6118057058248,574.077834216144,580.5178099204917,3807210
2017-05-04,580.9778442382812,586.2218360105265,573.7098487457843,577.7578561862877,3150744
2017-05-05,579.7819213867188,586.9578842902465,575.9179240841603,579.5979108195223,2538263
2017-05-08,586.1759643554688,588.6139221042196,576.5619868803582,580.4719731521185,1544639
2017-05-09,589.0738525390625,590.91384586647,580.0119078624369,586.957871442972,1589995
2017-05-10,591.373779296875,594.8697550048486,586.3597867995319,590.6837818748223,1381364
2017-05-11,596.5717163085938,597.9057224073413,588.9357569134526,593.2596953580352,1674209
2017-05-12,602.689697265625,604.1617253876203,592.3397364246498,597.9977374785688,1992719
2017-05-15,602.0917358398438,604.2996938042492,597.5377418195685,602.9657437673118,1224004
2017-05-16,600.1599731445312,604.0239714701455,596.158008971097,602.5979874630688,2325051
2017-05-17,598.8258666992188,600.7578372832239,592.5698442989053,599.9298178031408,1920624
2017-05-18,601.6316528320312,602.8276369133002,591.9716906991207,596.801671765576,2149513
2017-05-19,600.8958129882812,604.3917889032327,594.9618235768818,603.057782577858,2223401
2017-05-22,588.935791015625,601.6777202762185,585.3937707447387,601.6777202762185,3156574
2017-05-23,564.9699096679688,580.3798532653598,541.9699938509673,577.7578853230768,11623535
2017-05-24,555.2179565429688,566.9939019716134,551.5379700870087,566.6719256175718,3751856
2017-05-25,544.2240600585938,560.5540021858529,535.760078824177,560.324003000962,7237706
2017-05-26,522.2359008789062,550.0197430852423,518.8778920598711,543.3497701819904,10814562
2017-05-29,462.39031982421875,486.6782256596967,453.23634196748856,486.6782256596967,42138319
2017-05-30,467.3583068847656,469.7042871554324,461.8383268821897,461.8383268821897,10937265
2017-05-31,461.4703369140625,471.084285303813,459.7683374533483,471.03829670057894,14794419
2017-06-01,466.852294921875,482.032239115212,461.93030740154893,461.93030740154893,14169918
2017-06-02,473.6602478027344,476.51227107897853,467.35829327746654,473.79826975963636,7715676
2017-06-05,471.77423095703125,480.2382106510397,470.716240514297,478.3982175067828,5257958
2017-06-06,463.9542236328125,475.0401702253134,462.75823941346215,474.7181939112256,4813209
2017-06-07,470.624267578125,474.48826467698376,464.41429028957504,468.1862821096859,4217463
2017-06-08,486.54022216796875,491.8302030824355,470.67030750063907,472.8782939192893,10616075
2017-06-09,482.7221984863281,491.1401331834446,479.9622088507884,487.5981689453551,4635649
2017-06-12,489.9441833496094,497.62618873320827,480.1462531459006,482.99822017560655,7634053
2017-06-13,494.22222900390625,507.83816867267285,493.30223232152827,507.05619395350806,9578458
2017-06-14,496.38409423828125,497.71810037729693,489.99010741151113,496.7981038886143,3182248
2017-06-15,500.47808837890625,505.4000471181044,493.90009104322144,497.48809979943667,4179924
2017-06-16,486.8162536621094,504.1121795886002,483.9182417308123,504.066190986164,4986232
2017-06-19,482.86016845703125,491.23217078192613,479.8241910620811,490.3581628260122,4118410
2017-06-20,481.8941955566406,491.0941613219531,478.168220652116,484.01017645223556,4464038
2017-06-21,485.7581787109375,492.1981545650597,481.3422064985374,485.7581787109375,4257922
2017-06-22,495.6020812988281,496.752076820613,486.6781048193526,487.13810302806655,5201690
2017-06-23,500.2939758300781,501.8579807677523,494.03801223149947,494.95800852988214,3920128
2017-06-27,500.524169921875,505.44618572723806,494.26820388580967,503.2381712899728,4675855
2017-06-28,501.8121643066406,504.29616639471914,494.95817830232414,500.2941474327768,5278948
2017-06-29,493.94622802734375,502.7781734812546,491.37019246382494,502.3181751523605,6060935
2017-06-30,511.2420959472656,516.0720778525443,494.95814572189914,495.6941317341816,6561625
2017-07-03,507.8381652832031,513.542155906305,504.8481760854306,511.5181519881538,1580045
2017-07-04,508.2519836425781,512.161968044337,502.0420084162553,511.5179593830351,1980453
2017-07-05,506.5960998535156,515.7500201911537,504.84808402655773,508.3440595283429,3121863
2017-07-06,501.9501037597656,508.2981025236293,499.97214483489086,506.7800857294472,4155333
2017-07-07,505.07818603515625,508.0681752967487,501.39819925165784,502.31819594753244,4482328
2017-07-10,518.60205078125,524.3980176405348,513.1280602438743,513.1280602438743,1025468
2017-07-11,518.6940307617188,526.146036322697,517.1300254351827,519.7980378246931,2824262
2017-07-12,517.4061889648438,521.6381515073969,515.1981743282931,520.7181547675249,1383094
2017-07-13,523.7539672851562,525.8699478878343,515.2440001302833,515.2440001302833,4364882
2017-07-14,526.7440185546875,532.6320189923548,523.0180437216618,523.3860648060661,3111057
2017-07-17,525.732177734375,531.5281462904094,522.0981791775116,528.9981551137784,1878995
2017-07-18,531.9878540039062,536.3578363757498,523.4778883324213,524.3059074531965,1868904
2017-07-19,542.0159301757812,543.027903808432,536.3579295558083,537.277926004446,1772229
2017-07-20,535.4840698242188,544.1780498991906,533.5980878132384,544.1780498991906,1054118
2017-07-21,529.8718872070312,539.4858598993103,528.9978794800752,536.0818623139712,2584036
2017-07-24,525.134033203125,531.6660425697355,523.8000269404124,530.8380231922906,1496356
2017-07-25,520.6260375976562,527.4799665454864,518.4180235546727,525.3639858430361,2272849
2017-07-26,533.1380004882812,533.8739864975279,521.1780453435916,523.0180384427746,1896905
2017-07-27,526.330078125,535.6220782835406,522.0981158581953,533.5980743572745,5119717
2017-07-28,506.734130859375,524.2600553711601,505.07814816140456,523.4780806991606,4094196
2017-07-31,489.1161193847656,509.4020292249177,486.5861292285712,508.75802050018865,5404990
2017-08-01,491.0941467285156,498.54615246825455,487.64415966904386,489.1161878390317,3699349
2017-08-02,481.6641845703125,494.3141371866054,480.0082020036972,494.03814945085844,3483902
2017-08-03,474.58013916015625,487.5981111934353,472.8781682140108,484.83812188479317,4531774
2017-08-04,465.8861999511719,472.6941681139829,453.2362486744385,472.6021909291849,7344699
2017-08-07,465.104248046875,472.0962555696407,463.90826375349496,468.18624212728264,2279879
2017-08-08,460.3203125,468.2782776143824,458.15831483686134,468.2782776143824,3042569
2017-08-09,436.4003601074219,454.0182880613576,433.6403705143437,449.4183054062274,11025555
2017-08-10,423.9344177246094,446.6123561441044,414.96445096612064,432.85839588399455,10149400
2017-08-11,413.99847412109375,425.912441440117,409.0304980468543,421.3584469943576,7851424
2017-08-14,434.0543518066406,438.7923563989917,398.08250992932193,398.3584976580119,20846332
2017-08-16,446.8423767089844,447.7623733436942,430.28243728420773,439.7583913912911,7588306
2017-08-17,449.1883239746094,451.16631097904866,442.1043391761242,446.8423439584715,4484873
2017-08-18,432.536376953125,446.1983314806851,429.8224039474909,446.1983314806851,4513543
2017-08-21,423.70440673828125,437.36636134238904,422.6464163038496,437.36636134238904,4215469
2017-08-22,432.81243896484375,434.6984208832213,424.8544454126865,426.8784492906131,3797497
2017-08-23,431.6623840332031,437.87236062403593,430.1903839668296,436.03236756008545,3682870
2017-08-24,444.3583068847656,449.37229901068224,431.93835420786223,434.1463401796543,5680084
2017-08-28,453.7423095703125,459.9062696080409,444.5883326698091,449.6943022905308,6388051
2017-08-29,443.25433349609375,452.5923210855779,441.2763464978534,452.5923210855779,2605383
2017-08-30,445.50836181640625,449.83235714706524,442.93238251903625,445.27836266213865,2523480
2017-08-31,442.6563415527344,448.3603314851071,438.51635701099946,448.17632094171427,4398132
2017-09-01,447.3023986816406,452.6383682147192,442.33439413062257,442.5184046977235,3998817
2017-09-04,460.64227294921875,468.92224170390045,439.89633439046,445.27831969621633,4489406
2017-09-05,452.5003662109375,464.18430703443374,450.89037204393026,462.7583234312268,5266455
2017-09-06,436.30841064453125,447.9923793134104,435.15841483366006,447.9923793134104,7344173
2017-09-07,442.0123596191406,444.81833790392994,436.308369702045,438.83836024855134,2916205
2017-09-08,433.6404724121094,445.55441344282053,429.86848013333855,440.63245330611124,3557040
2017-09-11,430.0523986816406,438.2863509614437,428.90240299372954,436.53836313103227,3437220
2017-09-12,444.7262878417969,446.70427463645694,432.85833899777214,436.9983231114597,5892218
2017-09-13,463.08026123046875,469.65823083657085,441.5063312671969,445.27832267365386,11440036
2017-09-14,482.6762390136719,484.97623051540074,472.51023165432133,478.3982323596017,10997664
2017-09-15,482.3541564941406,485.7121661993084,472.97018090973665,476.7422002727119,7483452
2017-09-18,482.585693359375,488.0964712764601,473.2776030783133,486.2441127516917,3689242
2017-09-19,477.72332763671875,490.3194015110321,473.83339107955817,485.1327629053131,4355599
2017-09-20,468.18365478515625,481.0575701793772,466.4239196980632,480.501828659558,5024973
2017-09-21,481.2890625,486.244098799781,467.72051408359886,470.96214140893073,10217874
2017-09-22,475.917236328125,489.48578641578405,471.1474465939028,480.64078493025437,7990848
2017-09-25,468.6004638671875,476.56558384265213,464.47895436206227,474.2038377534913,4345197
2017-09-26,470.1286315917969,476.98235295213976,467.8594809369013,468.64673901705385,3615167
2017-09-27,458.1809387207031,466.7480977637331,453.3647947635859,466.7480977637331,7594880
2017-09-28,462.3487243652344,469.57291170088666,457.0694909751234,458.1809174566466,5557091
2017-09-29,466.0997314453125,468.64672451331967,461.4688349580268,463.32119355294105,3478824
2017-10-03,465.54400634765625,471.9809636068117,463.2285581630317,471.42525038955216,2880625
2017-10-04,479.66827392578125,483.4655863794145,464.94200069437943,466.8869828442579,6203591
2017-10-05,475.8709411621094,486.2441612411543,474.2038296294686,480.687085112684,3576059
2017-10-06,491.0604248046875,493.6537163237497,477.72341623591694,479.76102261857847,6323391
2017-10-09,492.1717529296875,497.3120372641033,483.09514963849807,488.8374731912391,5049020
2017-10-10,488.2817077636719,495.50589454648804,487.2628766796177,492.63476150764274,2244596
2017-10-11,487.2166748046875,493.79258263434843,482.6784295437162,491.61602706972945,4031497
2017-10-12,499.7200012207031,504.76768942081026,492.7273592144423,502.91533092752286,8970339
2017-10-13,495.2280578613281,503.00792966845904,493.6535418254043,501.29452066228913,3819414
2017-10-16,507.4999084472656,509.3059692091833,494.39445003922737,498.65490831471163,5322443
2017-10-17,506.80535888671875,513.1033672510479,504.350960962255,506.5275163836385,4477156
2017-10-18,500.3220520019531,508.84291257553787,499.0716760721493,508.79655838852943,3499930
2017-10-19,496.2006530761719,502.9154542610571,492.72748004950716,500.3221630403825,434929
2017-10-23,500.5072937011719,503.37842678955315,493.93138705080503,496.47838001064173,2878772
2017-10-24,495.0892028808594,499.2107126492638,494.1167257854958,497.8214435045998,1940555
2017-10-25,484.62335205078125,499.21067702889843,483.6971726870913,495.4133642495704,2055745
2017-10-26,491.01397705078125,499.11804590175,480.68705527460463,486.61462538882677,3566575
2017-10-27,509.3060607910156,516.7154957890765,493.1905170584319,493.1905170584319,8848376
2017-10-30,512.2696533203125,516.1596169655969,503.9340411644836,511.3434741918871,5360570
2017-10-31,512.0845336914062,517.4563620748935,505.601278893871,512.177129005287,2907328
2017-11-01,508.1944885253906,514.8629894175469,506.0642878801218,512.2233450386275,3304676
2017-11-02,521.8558349609375,530.0525006787942,507.22221060484696,507.5463508083407,8413439
2017-11-03,510.55633544921875,525.8845914479624,509.5838584971198,523.2913007325326,3595527
2017-11-06,501.2482604980469,514.8631078407623,499.48849717400554,512.1771651944887,3987042
2017-11-07,488.65216064453125,509.2133517614436,475.3615107208326,504.76770256766446,8930638
2017-11-08,498.0992736816406,505.13827109117193,493.09793880251806,493.65362383480783,4530173
2017-11-09,494.4871520996094,514.0295127659384,488.1427899612857,514.0295127659384,4591954
2017-11-10,488.8836669921875,494.7649388164572,485.0863548926528,490.87497487943864,3187021
2017-11-13,493.23681640625,501.6187284705399,480.7796924673038,487.9112849832008,5498679
2017-11-14,487.2166748046875,498.19193489939033,478.92735765202315,494.02412749040326,5853721
2017-11-15,467.3963317871094,481.61318828659563,464.1084069037436,477.9084714536218,8629268
2017-11-16,471.0085144042969,473.09241801819513,461.4225803921664,467.72058889715817,5351102
2017-11-17,478.9273376464844,483.60458876702074,472.39778428438876,472.53673380401983,3515919
2017-11-20,478.9736328125,483.32663016444815,476.33398797133304,481.61322112417037,1977341
2017-11-21,498.33074951171875,501.5260793285758,476.56553646606494,479.760866282922,7852414
2017-11-22,495.7375183105469,504.4436271850651,491.0140260351297,499.9053255639751,4294740
2017-11-23,504.5362548828125,507.0832483677647,492.58851737796084,495.50600525434544,3972361
2017-11-24,508.9355163574219,510.32478528287436,501.7113292509685,505.4623440437907,4099139
2017-11-27,510.8340759277344,513.0106307501476,498.5159050920175,501.1554929391402,3833249
2017-11-28,503.0543212890625,515.2798431142336,501.1556084556158,510.3248063539938,2493500
2017-11-29,506.7126770019531,509.0744794619168,501.5260954868343,502.91536444940175,2174433
2017-11-30,500.09051513671875,513.9832043810234,498.0066117500731,506.66636543389075,5950729
2017-12-01,487.1241149902344,505.1846150793008,483.6972395648685,503.84164351036566,3164938
2017-12-04,482.3078918457031,490.6898035761997,478.3716296462903,490.6898035761997,3306680
2017-12-05,484.5307312011719,489.022678266632,479.4367449692278,480.27027243493734,3479216
2017-12-06,473.6017761230469,487.6333864329837,472.44405203369985,486.98504963705,3859141
2017-12-07,472.6756286621094,477.4917442390634,468.6467429070924,472.35146024232637,4470510
2017-12-08,483.32666015625,485.3179683251091,473.2776370498679,475.5930853720297,3394236
2017-12-11,490.50457763671875,491.8012513821075,483.32668743293095,486.24417509530406,2581923
2017-12-12,482.4004211425781,494.34815561850405,480.9648546663527,492.72734199352533,2669035
2017-12-13,478.6957702636719,487.4481763507914,477.4454507638695,482.5394371444733,2072867
2017-12-14,476.4266662597656,481.2427535147223,473.4628811209079,479.9461363805031,2301593
2017-12-15,480.08502197265625,485.31795767773673,477.8159278903193,480.2239714807376,3053990
2017-12-18,490.6897888183594,494.30191075157205,462.62656693481966,478.83470491551907,4063126
2017-12-19,488.55963134765625,495.8301169938245,486.3831323790466,493.65361802521477,3216333
2017-12-20,488.3280029296875,493.1904439261424,486.89243641758543,489.76356944178957,2558514
2017-12-21,489.2079162597656,498.93279888380124,486.9850633339011,492.7273862844694,5492286
2017-12-22,491.75494384765625,494.1166899162383,487.21664235939886,489.2079506006653,2982469
2017-12-26,501.34088134765625,504.21207131048254,489.9488864099973,491.0603129591719,4858794
2017-12-27,533.7572021484375,538.758593756689,502.96173564252604,503.6563702253661,23356359
2017-12-28,526.4403076171875,542.3705454725722,524.5415949335966,537.4155091034082,11062915
2017-12-29,528.9873046875,536.257789235457,526.2550645763425,530.4228712284315,5197225
2018-01-01,531.6732177734375,542.1853867839865,529.0799270299998,529.3114718558335,5314142
2018-01-02,529.9136352539062,539.0364809188204,525.3290353216325,534.4055833164251,3839130
2018-01-03,527.04248046875,536.211680953448,525.1438236292563,532.5532602942194,2182632
2018-01-04,538.2955322265625,540.8425258303681,518.7531110214753,529.7746695915654,6246746
2018-01-05,536.0263671875,543.9914880017225,532.8310367165064,541.8149888633909,4600683
2018-01-08,547.9276733398438,559.9680047248528,542.8800411751134,544.5934503373337,10475190
2018-01-09,543.2041625976562,553.855224609375,541.212854479318,552.9290453040081,4025566
2018-01-10,541.9074096679688,550.150426891438,538.4805919631127,547.186642242017,2929462
2018-01-11,544.5470581054688,554.3182371112221,537.6470119349447,542.5094526113589,5930449
2018-01-12,540.3793334960938,547.7887680277958,536.8135092100125,546.445796713025,2842683
2018-01-15,533.8961791992188,543.4821143247655,532.0901178848304,543.4821143247655,4456611
2018-01-16,535.0537109375,540.842330675595,529.9134279159695,534.7295143144729,4868363
2018-01-17,540.6572265625,542.6485348909774,534.1276730765112,539.9625920101713,4812606
2018-01-18,534.127685546875,545.9364732121645,531.9048323157241,542.7411428909496,3679687
2018-01-19,529.8672485351562,537.7861281728627,525.6994409487879,537.1840889096951,4693971
2018-01-22,533.6182250976562,536.165218166885,526.8570709993779,530.7007376974677,3072409
2018-01-23,536.5819702148438,542.6021358373055,533.0162024194933,536.2578300623572,4790590
2018-01-24,543.2505493164062,552.4660462214758,532.6457832255325,534.405546806021,7168397
2018-01-25,537.0451049804688,552.0029249719639,535.3316956942872,547.3720279503871,4213982
2018-01-29,544.5470581054688,550.3356779583428,535.6557040937597,538.1563991760995,6006564
2018-01-30,548.2518920898438,550.8451830327733,537.2303349205142,542.4632709987048,3542190
2018-01-31,537.0914306640625,550.9841209913326,532.5994268738775,546.4458195392904,4781423
2018-02-01,513.3812255859375,537.184047261891,508.981873474741,537.184047261891,8789899
2018-02-02,510.5101013183594,525.4678648493161,504.4436374980238,511.251033539327,10873325
2018-02-05,516.2987060546875,519.0772441912852,494.16299628799163,499.0254380270375,4734366
2018-02-06,511.0658264160156,513.5665223211367,491.98655171525775,497.3583814002713,6325143
2018-02-07,508.9355163574219,516.2986529682195,502.5448566885416,514.9556817010492,5110233
2018-02-08,540.9814453125,543.6673885834055,494.39462587607665,500.18324798620665,13707589
2018-02-09,539.684814453125,542.7411955453449,528.0149186516786,528.0149186516786,3796079
2018-02-12,545.6585693359375,563.9969085776705,541.8149025436995,542.741081864287,10261511
2018-02-14,532.3678588867188,548.1129072396668,529.033635964953,547.325677433819,6630066
2018-02-15,533.2478637695312,541.7687267413993,523.6619282571248,523.6619282571248,10715444
2018-02-16,532.7846069335938,534.9148078761907,521.7630513839259,532.9235564311631,6640151
2018-02-19,519.9570922851562,534.6370118791326,512.6865507134918,532.5531084114357,3518880
2018-02-20,518.197265625,524.8194695580102,515.8818176105898,522.967111146482,2481944
2018-02-21,486.93878173828125,521.4389617092769,473.5554791416192,518.7067213855397,21898950
2018-02-22,501.47979736328125,506.6200812141244,485.31795714113565,488.55958471746004,12473655
2018-02-23,527.5980834960938,532.7846651868513,505.69391949938426,509.3986368583541,30844893
2018-02-26,514.909423828125,529.6819958494305,512.5013235869096,527.922232462754,8083731
2018-02-27,504.5825500488281,521.8558193002523,502.03555657649787,514.9094734666244,6920945
2018-02-28,495.8302001953125,511.5752525680051,493.32956063031924,502.9154963748296,8366660
2018-03-01,495.87640380859375,501.5260747442372,493.8850957661394,498.2381496413792,4264631
2018-03-05,508.05560302734375,511.8992694263675,488.1427496718343,495.5984811339286,7343286
2018-03-06,492.4958801269531,521.4389854470609,490.8750662290271,519.586626706574,9825945
2018-03-07,486.1051940917969,494.7187070020565,481.70584231635235,492.7273988497922,6282066
2018-03-08,476.61187744140625,491.3381519203777,471.88838530335994,490.597219736106,9316674
2018-03-09,469.3876953125,481.52067902637583,467.7205837456438,476.05619810942756,4996423
2018-03-12,474.8059387207031,477.90861740406115,469.15620990732896,473.27771994859546,4632925
2018-03-13,484.66961669921875,486.7072224664432,474.8058410655046,474.8058410655046,4795084
2018-03-14,481.7058410644531,484.6696261903184,478.0011237894964,484.6696261903184,2469628
2018-03-15,478.3253173828125,489.94885645209956,476.75080124521406,481.6132426372245,3013808
2018-03-16,465.9144592285156,483.4655672775359,464.2936455451139,474.25007245743865,8924919
2018-03-19,460.9131164550781,471.00846502894944,459.38492628470175,469.3876512769369,5580228
2018-03-20,471.19378662109375,473.2776903457079,457.3010951236659,460.0796334231515,4615574
2018-03-21,467.2574462890625,477.5380136749022,465.4513853889834,476.0098517821406,3986735
2018-03-22,470.8695373535156,482.5394018614642,467.8131570545343,481.61322258725795,8691889
2018-03-23,465.3125305175781,469.34141660910706,460.82055472046545,464.75681721792716,5098042
2018-03-26,466.053466796875,469.4803134813404,459.47758766621035,465.31250634757765,4203954
2018-03-27,467.8131408691406,474.4353167976518,466.0534059619817,468.6466965341373,4458072
2018-03-28,458.55145263671875,467.4427810346587,455.68029068069853,466.7944441119351,6856832
2018-04-02,470.3602294921875,472.3515096150651,459.43129525204586,463.9232711434927,2924481
2018-04-03,472.3514709472656,474.3890768337228,467.25748449587354,468.6467535280714,2709038
2018-04-04,465.1736145019531,476.93610446225904,464.01589022494477,476.93610446225904,3120925
2018-04-05,470.08233642578125,475.1300253893269,467.81321388715895,468.64676968226,2409577
2018-04-06,474.7594909667969,477.26018640586517,469.5729094505431,470.499088759124,2772128
2018-04-09,473.1387023925781,479.52933392765493,469.89707483343415,474.2038029376327,2395291
2018-04-10,470.73065185546875,477.815946452895,470.03601734707405,474.5743187470531,2645876
2018-04-11,482.9561767578125,484.29914796380785,472.6292556038939,473.2775923788049,5693850
2018-04-12,477.8159484863281,483.00253022594717,471.9810016321307,483.00253022594717,3619891
2018-04-13,475.13006591796875,481.4280749790109,472.62937005460407,476.61193045132865,2130074
2018-04-16,481.05755615234375,482.5394204363179,473.7407169926615,475.1299859574493,2687330
2018-04-17,474.3427734375,483.3730220376183,472.8145549087565,483.3730220376183,3104869
2018-04-18,474.2038269042969,479.20521800297865,472.95347912962643,476.3803257636391,2412444
2018-04-19,471.6105651855469,476.98239443836934,468.97094822356854,476.98239443836934,1936774
2018-04-20,467.9984130859375,471.4252879783206,464.9420325444341,471.4252879783206,4431085
2018-04-23,476.2877197265625,477.4454438872979,467.7205609371202,467.7205609371202,2424057
2018-04-24,479.57562255859375,484.85485579000044,474.66688365305674,477.81591583445646,3432552
2018-04-25,476.10247802734375,482.9562277494757,473.4628895223271,476.51927003589924,2112975
2018-04-26,474.7594909667969,484.11393590116376,473.5554691715414,476.0561646106097,3304748
2018-04-27,485.4569091796875,487.54081263247343,477.2138906879791,479.297794140765,3998704
2018-04-30,489.3932189941406,491.7549651651037,486.3367817416541,489.02272462126206,1689385
2018-05-02,477.1675720214844,491.5696483885807,472.76822048150177,490.87501393489924,5805988
2018-05-03,496.4320983886719,499.48847873329964,473.879627071983,478.8346919159391,7457111
2018-05-04,479.714599609375,493.65358734579036,478.2790329408174,490.87504933071085,5429919
2018-05-07,475.7783203125,481.6132386284449,469.1098180102064,479.76088001833546,3837196
2018-05-08,473.6944274902344,480.91861492563424,471.0548107587325,476.05617346514396,2519096
2018-05-09,468.78564453125,476.7970897803911,467.90579115981194,473.69441175380825,2477607
2018-05-10,460.49639892578125,471.6568491460664,458.7366354924237,470.4991249213583,4218689
2018-05-11,437.20294189453125,459.5238694246773,433.22038207711415,457.53258951596877,9906203
2018-05-14,438.82379150390625,451.7903031952049,437.1566798780688,438.08285928459014,6746471
2018-05-15,434.053955078125,444.5660965558863,425.1163298315663,439.0090203489377,5493167
2018-05-16,436.87884521484375,438.08286715906263,428.35798321578534,431.5996111968778,4675165
2018-05-17,444.4270935058594,450.1230899166705,433.7760327362262,438.0827603509983,5939278
2018-05-18,430.5807800292969,452.8554106591693,428.6821236418254,452.8554106591693,8722402
2018-05-21,410.99212646484375,430.67343956316023,407.7967960912157,429.932507317125,5809871
2018-05-22,419.5592041015625,422.33774187706956,402.8879774485203,412.010848797718,4466739
2018-05-23,418.8645935058594,427.4317521347797,416.27130274030225,420.48540730051997,4549341
2018-05-24,428.68218994140625,435.02652520951546,418.1237492275249,421.3190515638973,6237036
2018-05-25,432.0163879394531,434.7486001821648,422.3378020042875,431.1365062127101,4971624
2018-05-28,462.8117980957031,467.6742393217317,444.56605495118225,449.19695135692376,16007675
2018-05-29,462.62652587890625,472.30511014863805,453.87412084016324,459.9406117619881,8258927
2018-05-30,458.0420227050781,466.5165870441082,456.0044449317003,458.36619115633795,3851368
2018-05-31,444.8902587890625,459.3849600406198,437.9902112890037,458.366157097257,18790216
2018-06-01,448.5950012207031,453.4111171759681,443.7325593362586,449.1970121820172,3793797
2018-06-04,443.2694091796875,454.5687794398651,441.6022695163918,450.1231302005737,2995860
2018-06-05,438.5459899902344,447.57624004811146,435.44328303534616,441.0003599940397,3076737
2018-06-06,453.68896484375,455.865491991236,438.17546057418605,441.6949308339181,4126448
2018-06-07,452.6701354980469,457.43995326773626,449.7063504149732,454.429870525294,2197858
2018-06-08,489.2541809082031,494.25557138919976,450.3546530366565,451.0492874629341,29224236
2018-06-11,496.1542663574219,503.84154330414043,487.30926527627287,490.8750329985192,16452353
2018-06-12,500.5537109375,504.72151859471563,492.12544375742505,496.15435841043904,8140874
2018-06-13,505.9718933105469,519.5404467710277,502.3134726631922,511.43637544502747,20167822
2018-06-14,517.9658203125,520.5128136175682,501.98922594434515,505.69394347898975,12154425
2018-06-15,529.1263427734375,531.4880892181083,519.5867051260451,520.5128846360737,15166730
2018-06-18,528.0148315429688,535.6095136155226,522.272564723491,529.7745949421649,6090932
2018-06-19,518.6140747070312,533.9423297629303,517.1321540111547,527.9221647265746,6719183
2018-06-20,522.457763671875,523.9396845919769,512.2697905303745,517.7342714635259,4435880
2018-06-21,513.56640625,525.560439126571,511.80664302165496,523.2912886045988,3243433
2018-06-22,534.6371459960938,538.8512516486704,507.22225388900034,512.1772918767256,9935404
2018-06-25,529.5892944335938,548.2981269635885,526.0235268615919,534.3128426207414,14303449
2018-06-26,530.654296875,533.9422211896118,524.0320940697884,529.1723764804614,4726890
2018-06-27,534.3128662109375,538.75851559021,526.5329374000866,534.405461530079,8539318
2018-06-28,525.4215087890625,540.147782360689,522.5503755533485,535.1000938389996,5516028
2018-06-29,522.3651123046875,529.6819512058604,518.7993446995127,526.9960086903674,4416940
2018-07-02,521.5780639648438,530.5619608545652,517.2713062162323,524.4954957849693,4132132
2018-07-03,531.2564697265625,534.2202550482978,519.3087896429308,523.1061024889178,5950013
2018-07-04,536.53564453125,545.3806453317632,530.7470240427601,533.4792642192267,9406196
2018-07-05,525.0974731445312,538.1102836727111,523.1988164959943,538.1102836727111,3833300
2018-07-06,516.900634765625,530.9322735022545,514.0295016027061,525.5141473133762,5609846
2018-07-09,526.8108520507812,530.3303226027481,519.216169367375,519.216169367375,4117856
2018-07-10,522.3189086914062,529.7746419088727,516.8081296943199,526.9961035771828,4594276
2018-07-11,519.3550415039062,527.6443575293065,518.2899126990985,523.2450058625324,3519985
2018-07-12,522.7820434570312,528.5706654801414,516.8081742232791,521.4390718417674,3736611
2018-07-13,518.4288940429688,525.1436943677771,515.9281984781742,524.9584471908477,2012823
2018-07-16,494.5334777832031,518.660438668957,491.52339488021363,518.1973489915739,4267330
2018-07-17,508.1483459472656,511.0194794501819,493.65361585309824,495.50597463678713,3699579
2018-07-18,509.3060607910156,517.9195176703608,502.7764509753721,513.983255327641,5720388
2018-07-19,504.721435546875,512.9180999789004,502.22074005811305,511.6214828388201,2767826
2018-07-20,518.7529296875,521.4388718880623,504.76764685434097,504.76764685434097,2702091
2018-07-23,520.2813110351562,525.1437531943633,516.3450483348458,521.1611928270096,2459719
2018-07-24,521.1610717773438,526.5329000853321,517.7804949257719,520.6053303133826,2480730
2018-07-25,516.9469604492188,525.4677641517262,514.492562875011,524.5879391057783,2161490
2018-07-26,514.3999633789062,522.1798349391426,510.78784179521153,513.0569921988406,3113443
2018-07-27,515.9281005859375,519.5865196505158,512.4086310100674,514.8630284473074,2638153
2018-07-30,521.1610717773438,524.9120864087282,511.2046449067768,514.3073227616206,3441224
2018-07-31,526.5330810546875,533.2478828799232,518.799504322946,520.9760036820787,5998010
2018-08-01,532.2289428710938,534.2201943941988,522.1798638219011,527.9221866315116,3672172
2018-08-02,537.5545654296875,544.1767144567594,532.8310164045212,533.3867579819265,5898107
2018-08-03,542.6021728515625,545.8901549086467,540.7498140721365,540.7961682652252,3298774
2018-08-06,533.6182250976562,549.5948179864544,532.6456916112613,543.2041582191358,3867267
2018-08-07,527.6444091796875,539.499494052099,526.3014377598373,537.6008376106919,3076068
2018-08-08,531.6270141601562,535.6558722305771,522.6430620226282,527.9222962914444,2970652
2018-08-09,529.2651977539062,541.7223212441195,521.4852686478137,532.738370296001,4595269
2018-08-10,513.103271484375,527.644296079632,508.3334260419926,524.310017076479,6086714
2018-08-13,522.2726440429688,525.6068676399819,511.80677044168306,515.7893875258236,3254839
2018-08-14,557.374755859375,564.9694383031211,518.7530632793098,523.754454689205,25001972
2018-08-16,573.953369140625,575.8057278878728,557.745230102207,564.9694179105727,25169096
2018-08-17,577.4728393554688,586.6420377645741,573.3050321748759,577.0097496687363,14161255
2018-08-20,580.1123657226562,584.3728243012283,574.4626947624262,578.8620463144158,9494515
2018-08-21,588.494384765625,592.2453998473907,574.6942897646333,580.6218602483012,7752348
2018-08-23,592.4304809570312,597.8486060530767,587.4753888791787,592.6620257308706,8942755
2018-08-24,583.3076171875,592.5694086846959,573.0270512374082,591.1338423085283,7909136
2018-08-27,575.8983764648438,589.6058211560586,574.8333040043942,585.6232607871223,8253456
2018-08-28,575.3425903320312,586.6882867149516,573.3975798915461,578.8620603530784,4181613
2018-08-29,575.3889770507812,584.4192265900089,571.2674672372325,577.843375178374,4435825
2018-08-30,592.70849609375,594.6071524865996,576.2225146983086,577.472834229587,9022572
2018-08-31,604.6561279296875,610.7226475134706,595.8111270005082,595.950076506052,12972927
2018-09-03,607.7588500976562,623.7817402106801,603.1742513915448,610.16689359506,12185947
2018-09-04,606.9715576171875,614.4736435679282,597.5245743547301,609.4259552768334,7989190
2018-09-05,614.751708984375,622.2074434522182,605.4899129921433,605.8140532400648,9140409
2018-09-06,627.3939819335938,629.1536889705858,614.2885201065511,618.6878724932924,7815292
2018-09-07,615.2146606445312,620.540192144277,592.7548104064736,602.0166043190746,22074525
2018-09-10,590.90234375,617.9930859987265,588.4479461994291,608.0366593603056,9930755
2018-09-11,583.863525390625,601.4609342624486,581.2238801421483,595.5333633990849,8273963
2018-09-12,601.9239501953125,606.0917570488681,574.3237618081675,578.8620629938385,11215125
2018-09-14,616.140869140625,621.3738055602361,609.4260682368001,615.9093242818725,7444874
2018-09-17,600.3018188476562,620.7856435577168,598.4438745347263,614.0505954233457,6264996
2018-09-18,596.8646240234375,609.1270681060126,595.0066796685007,600.487638195549,5780144
2018-09-19,602.7634887695312,610.5668766281765,596.0284414427084,605.6433361292485,7659788
2018-09-21,589.804443359375,608.4767609781084,570.8533887344238,603.8319002072831,9635852
2018-09-24,579.6787109375,597.2827472330476,572.2469325921475,592.684323041867,5305739
2018-09-25,595.56396484375,599.1869785568664,579.7250025645245,579.7714398275225,7213759
2018-09-26,594.4028930664062,603.6461786295407,587.6214067351509,603.6461786295407,4850782
2018-09-27,586.4136962890625,598.2116544692469,580.7934258666014,596.1214670369294,4070395
2018-09-28,578.9818725585938,591.1513846247277,572.3396992347373,585.2524343552573,6693066
2018-10-01,589.61865234375,593.6132213666317,566.6730282216671,579.6786387054431,5527208
2018-10-03,576.7522583007812,595.2388242545276,574.5691967248151,591.2906931533465,4723773
2018-10-04,556.500732421875,576.6594385947395,548.883149762549,574.1047652864261,4851894
2018-10-05,555.47900390625,572.5720603841677,549.0690722895496,552.738524252734,6804502
2018-10-08,561.3314819335938,565.5118570576337,547.2575296693392,549.951571873707,4400199
2018-10-09,566.4407958984375,573.45452463066,555.1537610492583,564.8150945571955,4516779
2018-10-10,560.1238403320312,575.4983200274772,550.880554925414,566.6730834814546,5566798
2018-10-11,545.0279541015625,560.4024313463739,541.3120656218517,548.0935507573321,4591533
2018-10-12,548.6509399414062,555.2931136250193,541.2656565630753,549.1154260255761,5795641
2018-10-15,557.3370361328125,560.5884397277368,544.9817138120958,551.5309582847333,3422475
2018-10-16,559.8915405273438,568.5309704042792,550.7411305948142,559.1948113969464,3557343
2018-10-17,551.2986450195312,566.1157651423862,549.0226514527026,566.1157651423862,2629035
2018-10-19,566.6266479492188,568.0665436290536,548.1865143527267,549.8587098002436,4841857
2018-10-22,563.7932739257812,572.9900650620605,560.5883083646677,567.3233570902106,4362446
2018-10-23,534.9485473632812,562.5854666283452,532.0687566072401,562.0281060626456,4538253
2018-10-24,530.1643676757812,542.5196847732635,521.571376093328,541.5907127102956,5820242
2018-10-25,519.0631103515625,531.7900382227679,512.8854238078899,525.1014284138179,6105402
2018-10-26,514.6971435546875,521.6179992299689,510.93481669898995,519.0633251464739,4002009
2018-10-29,532.8584594726562,536.5743484695366,515.0686749200714,515.1151121925391,3640433
2018-10-30,522.1287841796875,534.995082442965,519.8992850455897,531.2791938528419,2783468
2018-10-31,539.0360717773438,540.6617729847721,520.6424351704308,522.5932539393616,5896444
2018-11-01,531.2327880859375,542.9843103832882,527.6562674041193,539.9651504025428,2779373
2018-11-02,531.2327880859375,538.571691949891,527.9349477546557,533.2301012147261,2688591
2018-11-05,531.0005493164062,542.4733913562544,524.1726255230327,530.4431886108138,2962317
2018-11-06,538.199951171875,544.2847636479694,534.1589453090843,535.1343546518315,3500726
2018-11-07,540.9405517578125,542.148204391762,538.8039268362144,541.5908436991604,298414
2018-11-09,555.0143432617188,561.8422649111792,541.6835607890287,545.9568660900109,6848765
2018-11-12,547.629150390625,558.3123314415024,545.3067197273908,557.7549707623131,4284490
2018-11-13,521.8502197265625,550.78773122628,516.7408717808642,547.6292025434956,9176639
2018-11-14,483.1584777832031,519.1097176714101,479.3497139761713,517.6233846491465,25499010
2018-11-15,478.5135803222656,490.49734495280353,472.0108029626471,484.92351148743074,11390206
2018-11-16,482.8334045410156,488.22143311701456,476.9344524853917,481.5793144819383,5732203
2018-11-19,493.7950744628906,495.1420952552643,482.7867785147765,487.7103189662547,5239761
2018-11-20,488.12841796875,494.77053469079675,484.2731609419981,492.35522982822687,3084743
2018-11-21,495.0026550292969,498.2076194294285,488.17473423331893,488.17473423331893,4029454
2018-11-22,488.593017578125,494.67777511513356,487.47823942096966,494.67777511513356,2263069
2018-11-26,474.4725646972656,490.63670411877376,470.4315298418886,489.56836337828486,5189359
2018-11-27,458.7729187011719,482.46168104126855,440.79730127223417,482.0436889184724,39588964
2018-11-28,451.48046875,466.71560646992157,447.30009403935185,454.2673852237654,11393583
2018-11-29,449.994140625,456.5434118285892,444.69901594654715,454.2674185347921,7391256
2018-11-30,457.6116943359375,458.86581242919596,447.5323406715738,452.36300727153946,6544665
2018-12-03,423.0539245605469,428.25617443188486,409.81607101248966,418.0374804649635,61492013
2018-12-04,411.4418029785156,431.69341499536387,410.1876847736906,425.23704653162446,36233775
2018-12-05,383.6191101074219,413.62490307833264,372.9823662795071,411.5347154715359,48891969
2018-12-06,390.3076477050781,400.8514874005582,383.6655024250997,386.4524189076065,56087131
2018-12-07,382.0398254394531,395.7421656831782,379.1600058877246,394.8131934632646,23905860
2018-12-10,370.659912109375,380.1818772700795,368.84840495832134,376.2337453741776,24690744
2018-12-11,392.30499267578125,394.62742343599774,362.8565876462266,362.8565876462266,24688467
2018-12-12,400.8050231933594,402.8952104147525,393.04810050174905,396.3924057259738,16244450
2018-12-13,392.1191711425781,398.80775397007454,388.3103794540137,392.0262682526167,16853821
2018-12-14,390.77215576171875,395.74216277168824,387.4743157452809,391.97983664871083,8144364
2018-12-17,391.05078125,395.18468970883384,390.1682464953178,391.84038478316444,6151952
2018-12-18,402.6629638671875,404.00995638809087,389.0999656792611,391.0972500033443,14402058
2018-12-19,393.69842529296875,403.545536740005,392.7694530498518,402.6630301190337,7882841
2018-12-20,398.57550048828125,400.38700757018046,391.6546747920103,392.0262579921488,6156074
2018-12-21,395.0918273925781,402.2449239858986,392.95520287767926,398.99352159802186,7315242
2018-12-24,394.2093505859375,403.1739264605126,392.30494060534045,396.7175584640672,7052582
2018-12-26,384.26934814453125,393.3732927923359,380.8786052555453,393.3732927923359,8406699
2018-12-27,381.9469299316406,393.2339369518055,380.8786175280828,392.95525662043667,12839897
2018-12-28,394.99896240234375,398.2503648687554,384.1299771032044,385.5234353030951,12805576
2018-12-31,399.9225158691406,401.5946544212842,395.27765505765234,397.69298834962234,6368707
2019-01-01,402.75592041015625,407.6330248772034,399.13293419034665,401.7805108567405,8487116
2019-01-02,408.794189453125,409.86253012177457,398.7613014213057,399.9225166263765,9656878
2019-01-03,405.124755859375,412.0920469082636,403.17390869569016,410.6521230815054,9479511
2019-01-04,402.9881591796875,408.65489569378303,401.5018262284355,407.91172921815706,6228693
2019-01-07,400.20123291015625,406.88984443260324,398.8077745388117,406.0537750797931,4118235
2019-01-08,416.2259826660156,417.1085175955758,401.64113614315266,402.9881288225035,12368631
2019-01-09,416.87628173828125,421.42823992459137,412.1849833896316,418.50198311553356,9034282
2019-01-10,413.0210876464844,416.1795877765776,409.1658582957831,413.48557379355645,3672333
2019-01-11,412.83526611328125,417.80527336752755,410.2341551288075,413.4390924114644,3778103
2019-01-14,418.8271179199219,419.89543026941635,412.23140969480863,415.25056931510863,5784064
2019-01-15,420.3134765625,422.21785820229786,417.57299727597996,421.05664297071837,4291873
2019-01-16,421.5675048828125,424.9118099322748,415.38984642129265,419.3379776331633,5879148
2019-01-17,396.25311279296875,423.05396861238756,392.4907864170123,422.68238537216706,8343750
2019-01-18,362.99591064453125,393.9771411897554,343.90554203891975,393.93067556675896,82906214
2019-01-21,370.0096740722656,377.67369592677517,362.3456522177561,362.39211784504784,48936782
2019-01-22,389.19293212890625,393.4197444900458,380.3212302077478,381.8075914649559,38255365
2019-01-23,400.3870544433594,403.545554539273,382.41143507619546,388.0317344049385,26921274
2019-01-24,392.9552917480469,406.8898765618074,387.4743607246315,400.3870703153858,18446490
2019-01-25,392.3979187011719,399.2258712085936,389.56456434672504,395.18483577767165,8720973
2019-01-28,382.5042724609375,394.58091008569085,381.01791139097196,393.8841809919551,5809082
2019-01-29,392.3979187011719,394.58100941442734,377.395020776012,381.34315330105335,7472930
2019-01-30,388.26397705078125,395.74219258953343,386.6382755554017,393.8842480233854,4351530
2019-01-31,393.3733215332031,400.71219684213264,384.3158418440219,389.23938356583966,16672076
2019-02-01,393.18743896484375,397.60005641335647,387.38136337469547,391.2830575112665,3950126
2019-02-04,385.3376159667969,392.9551985312716,380.13539488371805,392.3049067208974,3679517
2019-02-05,380.78564453125,388.77480997614356,377.6735824373116,385.33760198881265,3523707
2019-02-06,387.009765625,389.23929289761617,374.65442022470734,380.8785443628225,5638849
2019-02-07,404.0099792480469,414.1357699349299,391.19017501694435,392.95521641833096,18187249
2019-02-08,400.4334411621094,404.93896184111884,394.34868480951667,403.1739203941819,6133747
2019-02-11,398.1110534667969,402.80238042259106,390.9579840247692,401.54826219282495,4945054
2019-02-12,405.58929443359375,412.4636834884038,393.93067555923545,396.8569608585657,8559968
2019-02-14,409.5838317871094,413.29972053700374,398.2039224905579,401.3159849885907,9040227
2019-02-15,392.8623962402344,409.44455815070836,386.8705416675326,409.44455815070836,10206627
2019-02-18,385.1983337402344,397.6001188172648,383.944215545931,394.3487159764694,6210412
2019-02-19,384.26934814453125,392.39785496400935,383.0616956142016,387.5207508723225,4742270
2019-02-20,392.3514404296875,394.30228784940687,386.49889817052946,388.31040542097963,4385350
2019-02-21,399.17938232421875,401.316007133315,392.67657665307706,394.9990072499134,4736317
2019-02-22,399.9225158691406,405.72859188350094,398.01813427642264,400.38700195028946,4373261
2019-02-25,405.124755859375,407.58652635998635,397.1355897866533,400.7585754620795,4849697
2019-02-26,404.7995910644531,408.7477224747203,392.8158566891673,399.92248755765246,5255113
2019-02-27,411.2560119628906,419.5702962982253,405.03188676662165,405.496372875299,12232682
2019-02-28,413.5319519042969,419.4309307981428,410.6985981525187,414.8789728780816,10862473
2019-03-01,415.5757141113281,418.9664569286703,413.4390610682219,416.0866374749071,5608805
2019-03-05,423.5184326171875,424.44740484418287,413.7177869623795,416.04021752986785,5251255
2019-03-06,427.8381652832031,436.0131382247624,415.204165159856,424.5403250826204,13004184
2019-03-07,418.87353515625,430.1141037980747,416.9226879787465,426.8627012855623,10701581
2019-03-08,422.6358947753906,425.3763456324964,415.5292350841286,417.57298517246204,5040326
2019-03-11,426.8163146972656,428.67425921073726,421.7534045580621,423.6113490715337,4628360
2019-03-12,436.89569091796875,438.14980927784114,429.18523164613885,430.11420400900926,8660320
2019-03-13,424.0758056640625,441.26179121671345,420.35991689592174,439.40384683264307,7156428
2019-03-14,433.0403747558594,435.223465042397,423.6113128267514,424.44738211628163,8039525
2019-03-15,431.3682556152344,436.570505712265,429.46384555606284,433.08685989059035,5877969
2019-03-18,431.87921142578125,436.5240728701325,426.0731346203422,432.90108661353537,3785329
2019-03-19,435.64154052734375,441.4940542622634,433.5048873788939,434.2945194478866,6725926
2019-03-20,441.0295104980469,442.93389198906317,432.90100451203756,437.31362204729976,4235163
2019-03-22,439.6361389160156,445.62802156294725,436.01315263298045,442.00500692992745,6125288
2019-03-25,431.64697265625,436.1060566972663,428.44203523769124,435.22352167404864,4043446
2019-03-26,436.4311218261719,438.01038588302794,429.2780530009553,433.83001104427154,3843580
2019-03-27,431.832763671875,443.44491700095637,427.09499944361306,438.28910391285405,6016947
2019-03-28,441.6798400878906,445.7208464436681,431.97206934014633,431.97206934014633,10590187
2019-04-01,444.8383483886719,449.85479265222637,441.81918870644216,446.7891956994936,3583589
2019-04-02,436.3382873535156,449.5296766015453,433.92295377712077,447.7646349553281,4034802
2019-04-03,429.1851806640625,440.2399447990493,426.53760407438494,437.545930936739,4715586
2019-04-04,432.52947998046875,436.52404926662473,426.86274365477226,430.11414649000994,4151406
2019-04-05,430.25347900390625,436.61694439541026,428.7206805074082,433.92293062126487,2205935
2019-04-08,429.6031799316406,434.0157976217916,427.7452356410507,431.6004643740287,2274003
2019-04-09,437.49945068359375,438.84644330742697,422.49652759932195,424.7725207343918,4345243
2019-04-10,438.4284362792969,445.81374817759803,434.15515853657934,434.75898478990234,3887388
2019-04-11,432.4829406738281,437.4529469737752,428.8135179663741,432.2042603897099,4429596
2019-04-12,432.01849365234375,435.22345895905687,429.4638202006097,433.8300007126565,3332732
2019-04-15,426.0731506347656,433.64426940363,425.00483813240805,432.25081091795,3770497
2019-04-16,429.69610595703125,431.5076131974228,426.07311982623145,426.8163146415131,2825105
2019-04-18,430.2999267578125,432.9010375317447,424.26160756477316,430.95019027630497,3567327
2019-04-22,422.21795654296875,432.01860404021966,420.26710882953836,431.04319435849834,1828896
2019-04-23,435.2699279785156,438.84647674183464,420.8244211104139,420.8244211104139,5292341
2019-04-24,436.0131530761719,436.6169793989608,429.64968717450927,435.7809100020235,2821522
2019-04-25,428.2561950683594,440.89022297898424,426.8627367329959,432.2043270185557,5244937
2019-04-26,431.1360168457031,436.05955831594764,429.7425585031831,431.043113952872,2903286
2019-04-30,425.1441650390625,431.0431447809539,414.32164347479625,431.0431447809539,6586352
2019-05-02,420.0812683105469,428.9065048015249,418.5020041247995,424.4938865560359,3732218
2019-05-03,421.0566101074219,423.79708918004866,416.96913848128384,422.6823113047478,2585548
2019-05-06,420.9637145996094,423.5183879544398,414.7396183451011,416.17951380510465,3104707
2019-05-07,416.3653259277344,423.61129730479814,414.7396246771129,423.61129730479814,4189396
2019-05-08,407.9580993652344,417.8981123535853,402.6629753102081,415.9472652385844,4885249
2019-05-09,408.1439514160156,411.2560140297908,400.897951074243,405.0318888022405,3550114
2019-05-10,406.6575927734375,411.20955102026534,403.59199576128356,405.960863602495,3482485
2019-05-13,369.8239440917969,406.6576966695365,320.07745156688884,406.6576966695365,24079258
2019-05-14,389.65740966796875,394.3487080467892,374.6080483389111,377.2091592192503,18797497
2019-05-15,380.64630126953125,394.34863914317515,378.18453098256697,390.1682648766397,7581005
2019-05-16,383.1081237792969,389.79673485749237,352.12689571081876,382.2720544820178,25156049
2019-05-17,380.04254150390625,386.45244416256776,373.1681527344724,379.9960758828396,7747301
2019-05-20,384.1299743652344,398.52904232813916,381.0643776873174,390.168293188388,3809738
2019-05-21,379.8103332519531,393.65201495133647,376.83761053061573,384.78034076263367,6228488
2019-05-22,391.2831115722656,393.46617361579786,379.02066689166014,379.9496391144338,7277731
2019-05-23,383.6191101074219,396.6711591565369,381.0644363657814,394.813214617162,5906044
2019-05-24,386.2201843261719,388.31037173383004,382.41139271333185,387.1027192382866,3010407
2019-05-27,385.3841247558594,391.56178424657406,382.31849947063023,387.334972055554,3886561
2019-05-28,383.43328857421875,390.63282336876796,381.0644207237472,387.3814205583264,7987111
2019-05-29,393.69842529296875,397.41431426543653,374.8867373698506,388.35683489504635,28086149
2019-05-30,383.43328857421875,392.67657361818146,381.99339295530194,391.32955254243404,9082367
2019-05-31,380.7392883300781,387.47433724867176,377.20917671448024,385.33768403002426,5643400
2019-06-03,387.1955871582031,388.8677540657365,378.5561573608796,381.80755993943933,4611475
2019-06-04,381.9469299316406,388.21749253728586,380.04254818399335,385.3376729298819,3279047
2019-06-06,375.444091796875,384.12998713980255,374.00419629269135,382.0397997853538,3483633
2019-06-07,370.8920593261719,377.99868923249556,367.0368313175103,376.23364815804536,4668474
2019-06-10,373.4932861328125,376.9769321109819,366.061508046051,373.4468488597637,4966075
2019-06-11,362.2527160644531,369.5451250605471,356.72532020564915,367.8729864620757,13833555
2019-06-12,363.5997314453125,368.80198169335137,357.88655780192346,363.2281482168775,7739283
2019-06-13,362.06689453125,365.7827831216926,358.0258600191477,363.2281097157633,4090663
2019-06-14,364.6679992675781,366.8046521822848,349.80444514779435,362.29913166972943,9786375
2019-06-17,355.70343017578125,366.47951277398573,352.8700764613736,363.878402096824,6558933
2019-06-18,351.569580078125,358.2117263871943,347.71432233336435,354.31003136718937,3761637
2019-06-19,348.55035400390625,354.96025602149297,342.0010834870406,353.00940888136324,7197444
2019-06-20,362.7636413574219,364.34290542547495,341.86176701544497,341.86176701544497,8109029
2019-06-21,355.6105651855469,363.8784408725274,353.98486375158734,361.2773015682023,5389874
2019-06-24,356.2144470214844,358.02592603334455,350.68705038404636,354.6816200153142,3702836
2019-06-25,358.3509826660156,359.97668381874547,350.73340021037603,355.3318233823745,4480306
2019-06-26,371.0779113769531,374.88667425248826,357.329107483634,357.65425338397876,9571797
2019-06-27,374.1900329589844,376.6053666209807,366.71181724682646,370.7063868166776,7651785
2019-06-28,372.4714050292969,380.6927861007783,369.870265928449,376.1408281117706,7283442
2019-07-01,376.5589294433594,377.62724192394677,372.98238039966697,373.44686655209495,2254468
2019-07-02,367.4549255371094,378.09166807983905,363.36745371435046,376.0943836113298,5539613
2019-07-03,367.59429931640625,370.799236295598,365.17896600239015,369.17353499673845,2683086
2019-07-04,364.2500305175781,369.7773984804089,363.41396114966915,368.5233086035373,3308295
2019-07-05,348.5968017578125,366.38661288638303,346.87819759813766,365.5505436154543,5446432
2019-07-08,340.74700927734375,353.8455236460984,339.44645379994597,348.3645930520757,7355520
2019-07-09,358.9548645019531,366.9440313610769,340.93280888484867,340.93280888484867,15428006
2019-07-10,364.3428649902344,369.12706558311163,353.5667830776512,358.58322669299804,10202064
2019-07-11,369.8703308105469,371.9140812947261,362.5778922851629,366.85117071118293,7759443
2019-07-12,378.7419738769531,382.2720568652423,369.1271060233475,372.0533627570584,13549864
2019-07-15,392.9088439941406,397.3214624008251,384.2693846300097,386.6847182699813,18269604
2019-07-16,402.5236511230469,404.10291523522346,388.9142137856962,390.91149838640257,8630766
2019-07-17,399.50445556640625,405.3105314137845,397.6929769120121,402.24493470636065,6500759
2019-07-18,395.927978515625,402.1520754898604,394.4880545391355,399.50449894597705,4711395
2019-07-19,391.4224548339844,398.90066994651323,386.498885004322,396.67114226420506,5104476
2019-07-22,399.69036865234375,411.81344693678363,389.2394293209344,389.3323322294333,10420113
2019-07-23,399.69036865234375,404.5674736736681,396.7641113095466,400.38709794110434,6698368
2019-07-24,395.3240966796875,401.7340273501217,391.74757649543585,399.4580341874335,5319256
2019-07-25,406.1002197265625,408.469116010855,395.3241357891517,395.5563788552597,11412685
2019-07-26,408.7012634277344,410.791450533536,402.33779923563185,405.9607845490259,5094438
2019-07-29,400.4334411621094,410.3270174185871,398.7148653335012,408.74775339502315,4448863
2019-07-30,381.2037353515625,409.95540698211136,376.23372857568995,399.45803280875725,9461831
2019-07-31,396.43890380859375,398.34328556246726,379.9496465324308,380.8786187733414,7746831
2019-08-01,394.9060974121094,397.3678681314721,388.310388963075,394.6273887354,3635110
2019-08-02,390.77215576171875,396.2066488782278,387.70655879855065,392.8623432411467,3490912
2019-08-05,387.520751953125,393.6519742126278,381.8540157988878,387.9852380583906,4784904
2019-08-06,388.4962158203125,392.44434797966534,385.059007071,386.4524654801833,3204070
2019-08-07,391.1437072753906,398.52904711079236,388.4032564789057,391.0972700084932,5431353
2019-08-08,396.1601867675781,397.785888038532,388.4497008724945,393.8841936482506,3157083
2019-08-09,392.0262756347656,399.7831993179144,388.7284356038973,397.6001089376296,3434604
2019-08-13,408.05108642578125,412.9281910444161,390.86509872202043,391.56182795325395,13211835
2019-08-14,387.520751953125,409.67674484429233,379.067099167294,408.74777263376103,16173302
2019-08-16,385.2447509765625,391.4688471943661,380.8785706558814,389.61090294726426,6536156
2019-08-19,395.74212646484375,403.3597092532199,391.097265825585,394.5809113050291,11584821
2019-08-20,393.5448913574219,398.7809422615969,390.1788565951535,398.31343822612024,5151625
2019-08-21,389.89837646484375,398.17320383046655,386.71935464175107,393.6384088529957,5120294
2019-08-22,387.60760498046875,393.4046667418533,381.9508172645207,389.6178952671024,5299316
2019-08-23,399.9964294433594,402.00671956346395,382.3247831347727,388.02833790478775,5479802
2019-08-26,392.0956726074219,401.86649063442803,388.1218879780491,400.1834873815438,6258106
2019-08-27,389.6645812988281,397.7991622561108,388.1218238163585,396.4901282378413,6738413
2019-08-28,386.2518310546875,394.2929059892931,384.7558124682663,389.8048502300294,3441725
2019-08-29,406.40118408203125,410.09447675571823,393.7318382619758,400.1833871612445,19967263
2019-08-30,421.127685546875,423.9327101333784,401.8197720166136,404.8118096558915,12308149
2019-09-03,410.7958068847656,426.36368575653967,406.0739989461192,420.75363725974313,9396440
2019-09-04,398.73419189453125,401.5392160273547,375.2187167536828,396.95765378306487,33952423
2019-09-05,403.7364807128906,405.74677092808304,395.8356794951197,400.1834613945559,8793166
2019-09-06,397.471923828125,399.4354464205286,387.5140939010122,389.61786199269153,12513040
2019-09-09,400.93145751953125,404.3909988656969,398.31344628158814,398.31344628158814,5488753
2019-09-11,394.7604675292969,406.7285608960111,393.8721983389533,403.92353633810757,7742635
2019-09-12,399.9964294433594,411.21652596108817,392.1891351104512,397.14466632544236,9896642
2019-09-13,395.3681640625,404.7182446668671,393.73189995673573,402.4742310286553,6847742
2019-09-16,399.0614013671875,401.5859343706164,392.6566194205178,393.63836640286263,5239616
2019-09-17,393.3111572265625,399.76270750270567,391.9086450563495,398.96797343359816,3367950
2019-09-18,389.71136474609375,397.00444504809616,387.3271055042788,396.34992796428907,3728621
2019-09-19,384.4285583496094,391.6748708181426,381.6703016917734,389.71134818434894,4238714
2019-09-20,386.8128356933594,393.45136991795044,381.4832784774289,386.99982017994773,11785529
2019-09-23,382.839111328125,396.72395999602554,379.052311072546,390.8334198662608,7342291
2019-09-24,383.02606201171875,392.4229105262757,379.9405466989882,381.4833043553535,5860106
2019-09-25,380.314453125,385.8777613944632,375.63941375038416,382.9792312753662,5031063
2019-09-26,385.17657470703125,386.1583217384566,378.95874839406724,380.3145214700175,5309789
2019-09-27,375.59271240234375,385.6907870496074,374.2369394341948,385.2232830653049,3835936
2019-09-30,364.1388854980469,376.8082327795687,361.4273394075246,376.7147262705541,6674624
2019-10-01,361.4273986816406,370.63723491347787,355.39661307258297,363.25067603681214,4308157
2019-10-03,362.92340087890625,366.0089448362913,353.10581548885006,357.17310657156725,5216456
2019-10-04,360.9598693847656,368.39319527155783,359.2301272089334,363.7181547224264,4024033
2019-10-07,355.2095947265625,362.4559079757303,348.38404656360086,360.9598892110007,5151963
2019-10-09,358.9963684082031,362.5493877448341,349.88003950939685,353.43305884602785,4991946
2019-10-10,361.89483642578125,364.4661084360086,354.0875424220711,359.97808143182914,4581317
2019-10-11,361.193603515625,364.04539522980303,356.705576224507,362.2221180923092,4273739
2019-10-14,369.00091552734375,373.0682061888706,361.84810976213765,361.84810976213765,4372357
2019-10-15,371.01123046875,374.00326802663704,366.756954708621,371.3852565641246,2892153
2019-10-16,373.72271728515625,376.0602373368918,368.6269121587006,372.17993122366653,5503380
2019-10-17,375.40576171875,376.38750883510073,371.01121212306384,375.49926823796994,2934902
2019-10-18,375.54608154296875,380.0808775477316,371.66580276807696,374.9383318490538,4647037
2019-10-22,379.0990295410156,381.483288681603,374.8914932687921,375.8732403186383,2944611
2019-10-23,378.8652648925781,384.6155585660363,376.80823581441035,379.23926239746845,3374975
2019-10-24,379.56658935546875,381.24959269803344,372.78777992061714,378.6783201537794,3017220
2019-10-25,390.3658752441406,392.2358914129748,374.98498084180636,378.6782741889268,4845146
2019-10-27,390.5996398925781,392.5163951139253,389.01011468400986,389.01011468400986,359071
2019-10-29,394.52667236328125,397.8459396470159,387.09334668358304,390.55288800722997,3863059
2019-10-30,401.7261657714844,404.4376831585323,390.92683520779144,399.20166139078947,3511610
2019-10-31,405.23248291015625,411.91778475664603,400.93144017600537,401.67946373604707,6710116
2019-11-01,409.11279296875,412.2450758888906,404.9520239402445,406.4012751178012,3545584
2019-11-04,409.48681640625,413.64758540793883,405.46626438114345,411.3568326409461,4646694
2019-11-05,401.9599609375,411.21653506266864,396.4901580572062,407.19601180183406,6719996
2019-11-06,400.0899963378906,423.46520094438324,394.66696028285844,404.29753316705927,15917528
2019-11-07,411.964599609375,415.1436216357851,395.8824478980987,403.64303272035943,14294406
2019-11-08,394.6669006347656,413.7410590040482,393.4981405810819,413.27355498257475,11902470
2019-11-11,394.0592041015625,395.7889463862625,380.64183117424574,388.0283899999377,10249882
2019-11-13,385.223388671875,399.15500551652053,383.3533722220115,392.7034544713289,6033467
2019-11-14,383.54034423828125,390.2256466243162,381.06254988001,386.3453686129127,4750176
2019-11-15,388.0750732421875,391.6748598812609,383.49353958072174,385.92456617686094,5416931
2019-11-18,396.9576416015625,402.0534467001552,389.94508148469936,390.8333505131741,7710740
2019-11-19,398.2199401855469,401.959972548941,394.19941680857124,397.3784386106197,4163853
2019-11-20,420.7536315917969,430.6647228427955,396.3031762627988,399.43545900481854,23107507
2019-11-21,418.0888671875,424.914443453998,414.769599838398,420.7536459855786,7480460
2019-11-22,422.7171936035156,431.8802621309775,416.1721365027044,420.75367076643533,12114721
2019-11-25,429.1219787597656,433.75025173265,420.7536448539964,423.55866915302306,8251208
2019-11-26,421.4548645019531,437.02274230916595,417.4810804217905,433.6567077344274,11278843
2019-11-27,428.93499755859375,431.0387659389901,418.4628946513912,420.70693708449517,6481012
2019-11-28,427.6258850097656,432.3476636703917,425.5688561379849,426.5506315907711,4005893
2019-11-29,420.6133728027344,430.61794171740667,418.3693592119599,428.60768013679996,3198828
2019-12-02,411.4035949707031,420.37967911326456,408.59857045953925,419.8186685041948,4933088
2019-12-03,405.4195556640625,413.46063178056784,402.5210245769962,412.71260811032,3602073
2019-12-04,414.8631286621094,415.79813681457375,403.6430308325371,405.3260340932992,4318531
2019-12-05,408.31805419921875,413.22684679052657,405.0922647969718,411.40356955722467,4096921
2019-12-06,400.744384765625,415.3305134620009,399.24836644447794,411.6839598872748,5805588
2019-12-09,399.2484436035156,406.35451060165576,396.06942189055815,403.78323842388136,4959765
2019-12-10,399.85614013671875,407.42971016328494,397.6588657692206,401.6794170347695,5578960
2019-12-11,401.8664855957031,403.83000838890496,397.5187034684459,401.2119970207584,3322986
2019-12-12,405.93377685546875,409.4400573682147,402.28725082904975,402.895000411089,2794856
2019-12-13,410.70233154296875,413.18009744361933,397.93947595086075,409.15957379608705,5386394
2019-12-16,406.8687438964844,408.78552750369136,398.6874235264303,403.2222182383822,8290756
2019-12-17,401.1651611328125,409.0659899524223,398.5471502107886,405.7934620328029,6407264
2019-12-18,411.1697692871094,412.7125267851028,399.5289082369974,402.053441258572,5341984
2019-12-19,405.4195556640625,411.9646129742576,399.71600001548404,411.21658930400974,6465219
2019-12-20,402.3339538574219,408.31802822493654,400.230185737831,401.2587003031339,7157364
2019-12-23,400.5574645996094,403.92349946868495,398.87446143216295,399.34196548247394,4534617
2019-12-24,401.8664855957031,404.3442799844156,397.752455502537,400.1834823639209,4210004
2019-12-26,394.71368408203125,403.3625094534562,393.311171859638,402.8950053793251,5296867
2019-12-27,398.31341552734375,399.388669040828,394.0123729392265,394.5733834566645,3413181
2019-12-30,402.1937561035156,405.32603916026466,398.96799505769906,401.071763427043,4758825
2019-12-31,404.437744140625,407.10252294497576,400.8379857660662,402.1469914053769,2957369
2020-01-01,406.0739440917969,408.0842340256023,403.22218123816066,404.8117061778723,2321850
2020-01-02,406.6817626953125,413.8345685698179,403.9234775345867,405.79349363428383,4555670
2020-01-03,415.70465087890625,421.1276870180839,404.90528906262915,406.40130788749445,9457180
2020-01-06,411.3567810058594,415.798069005775,406.8219864991095,412.2450214853347,4794923
2020-01-07,417.3875427246094,418.88356114983725,409.11271666916645,412.7125029796335,4504083
2020-01-08,411.4970397949219,417.4810854813231,410.4685252548731,414.161818387809,3881918
2020-01-09,411.26324462890625,415.93828428926855,410.46848217980914,413.9280229421483,3934566
2020-01-10,414.7695617675781,419.818599349128,411.4035272018181,411.4970337102909,4334013
2020-01-13,415.70465087890625,424.1664636640786,413.7878669509212,417.9486648491113,4823348
2020-01-14,417.0135803222656,420.28610841896506,415.5175617712241,417.94858834989407,2708589
2020-01-15,419.8653564453125,421.40814256620473,414.8163186459946,418.5096118836133,3054107
2020-01-16,419.8653564453125,426.6909323796964,418.3225988586017,422.8573936404097,4416809
2020-01-17,425.0546875,426.597445156469,417.01361214199494,419.07064137340876,3216737
2020-01-20,420.2393493652344,426.5506532503674,417.15380590088404,424.68063728440205,2824739
2020-01-21,418.3226318359375,422.3899229100319,417.01362616020856,418.88364242101665,2573651
2020-01-22,417.2940673828125,424.3533950453629,416.40582688544777,419.257589929157,3412716
2020-01-23,420.6133728027344,422.8106474051477,416.0785780986433,418.1356072017921,1875787
2020-01-24,418.6966552734375,423.41846374448454,417.7616470852126,420.75368470120645,2153164
2020-01-27,419.257568359375,422.38985076808814,413.4605360614824,417.94856290721725,3530914
2020-01-28,423.4651794433594,432.4412632633379,418.93038427311245,419.1173973141431,9487290
2020-01-29,420.8471374511719,427.0649354015224,420.2393879133208,425.28842577773395,3103817
2020-01-30,413.3670654296875,424.25990352690286,411.68403381584886,422.1561354102405,3486193
2020-01-31,406.0739440917969,416.4525381157191,404.531186670417,413.83452725120645,3757229
2020-02-03,390.4125671386719,401.0249133234602,387.0933002530719,396.256366961333,4032780
2020-02-04,397.98614501953125,399.1549050063936,386.01805416773254,389.85159263147693,4848610
2020-02-05,398.5471496582031,403.3624350264166,394.4798592569083,401.5859255793507,3826307
2020-02-06,402.6612548828125,409.53357050566916,396.44345637991717,400.3705020313165,7745520
2020-02-07,402.80145263671875,413.03980209902574,395.6954143526824,403.92347369955655,7402556
2020-02-10,392.9838562011719,404.62471736931644,391.11384017635703,400.6976723035332,3638523
2020-02-11,391.34765625,397.0979792950795,389.71139196040156,394.57344583459655,4683072
2020-02-12,387.654296875,393.9188329402789,387.0932864052583,391.58131309483656,4439987
2020-02-13,391.7216491699219,392.7969027623328,385.22333155644964,387.65435828767147,3924569
2020-02-14,391.34765625,397.1447182896798,389.43090092443,392.70342950362686,2862205
2020-02-17,384.6139831542969,394.12574523904476,383.57804354780797,391.959713212893,2625157
2020-02-18,384.84954833984375,386.92142822939195,375.80866232937285,383.2956527927748,4187206
2020-02-19,380.0464782714844,390.07622525327895,377.2683090583628,386.4975271490149,5910512
2020-02-20,381.3650207519531,387.5335258891094,380.0465361893469,380.32908091284025,4000525
2020-02-24,374.6784362792969,390.4999596152624,372.74781508247383,382.82463745370876,12668574
2020-02-25,366.2497253417969,378.9634599000708,362.8593903782218,378.9634599000708,10050971
2020-02-26,352.8768310546875,364.41336972453814,350.8049513893357,362.67111119778974,12146582
2020-02-27,365.8730773925781,367.94495702317727,347.93259436013403,353.15934111252716,15164166
2020-02-28,351.1816101074219,363.1419501670874,349.4864569251884,357.5384776510645,8439591
2020-03-02,347.9796142578125,361.305485483385,342.1878077523009,355.9845580228772,6915567
2020-03-03,370.62890625,373.3129227097019,351.511227413851,352.2175460221842,14474553
2020-03-04,381.83587646484375,388.85195786179486,364.79004717275853,374.8197663277129,26369149
2020-03-05,381.3179016113281,390.64130234108336,378.3513689346124,386.07379791733996,9874059
2020-03-06,377.5508117675781,379.71687261429264,367.3327307637574,367.3327307637574,6500912
2020-03-09,370.4405517578125,380.3760881463312,363.0948213857641,372.98328136568693,13151861
2020-03-11,363.47161865234375,372.2299591359402,357.915221823634,371.42945885212765,9127352
2020-03-12,334.13580322265625,350.99329826515316,326.22503996382267,344.21262762033587,11662910
2020-03-13,361.8235168457031,379.4814833353064,306.0714191531237,321.1395505575852,15802632
2020-03-16,347.0849609375,373.3129316354067,341.6698514774728,354.1010707774327,14480298
2020-03-17,348.5918273925781,372.5595875133401,342.98838277747734,354.10111917025824,12903597
2020-03-18,341.622802734375,363.8953794389039,334.4183579216449,361.07010470919164,12342300
2020-03-19,339.4096374511719,352.6413569343157,327.40222082855837,331.21635864690734,8728092
2020-03-20,343.9772033691406,357.39725853138634,341.104852181364,343.9301269523631,10630619
2020-03-23,305.60052490234375,334.04163301490445,296.70089873654314,324.90656730757655,8018903
2020-03-24,315.6302795410156,327.7318791006716,310.78023018167136,310.78023018167136,6408582
2020-03-25,327.4022521972656,330.3687849578665,310.35642200277476,312.6637412277872,6174391
2020-03-26,318.5968017578125,346.5670330399929,316.52495086961665,343.7417583141234,11670467
2020-03-27,318.5497131347656,331.96976756838103,313.60548255396,326.7900974361084,7745135
2020-03-30,313.3229064941406,323.96476068330753,293.828503875558,302.9164630711102,11648241
2020-03-31,331.7814025878906,334.32416122567884,309.13212935867347,320.29196978424255,9954142
2020-04-01,323.541015625,334.5595979763083,318.6909666803462,332.44064204260894,6702159
2020-04-03,354.0540466308594,367.0973761765954,320.19782403465183,323.91778083936276,28550430
2020-04-07,393.0428161621094,398.22248660005687,365.6847214230232,374.8197880551122,29675052
2020-04-08,411.2657775878906,422.61395130227663,389.0873568826847,394.5966475669168,27810872
2020-04-09,427.9820861816406,446.2992685252393,417.57563935171135,427.9349810208526,31862948
2020-04-13,435.42193603515625,450.0662654409216,417.29308958111267,435.9869967376043,30510226
2020-04-15,423.03778076171875,460.0488652855493,418.2348083546118,447.24094844665694,32508955
2020-04-16,436.6933288574219,440.36618042598946,423.0378337059456,423.7912288389197,16932965
2020-04-17,430.4776306152344,449.1715345335035,422.33142884828106,449.1715345335035,19774082
2020-04-20,445.8282470703125,447.3350656711344,424.30907026841356,430.71304213686284,17893064
2020-04-21,445.5929260253906,462.12080114252876,437.21128305149216,440.601618619637,30021752
2020-04-22,446.7229919433594,454.3041336861883,441.68458000549555,447.2880525911889,13336137
2020-04-23,449.6424865722656,459.4367665940324,446.7230302582305,449.17160744871745,13748820
2020-04-24,457.2707214355469,468.05386523945003,445.96962207362856,449.1716232183176,23394027
2020-04-27,461.36737060546875,475.3995630767981,458.63627737121243,462.40331045023675,19310626
2020-04-28,446.3462829589844,466.54697786358435,442.9088427480646,466.17028035476756,12847910
2020-04-29,449.830810546875,456.70566283537306,445.59289853320996,448.27691522323386,10166496
2020-04-30,437.3996276855469,456.75274809321814,431.7019730683168,455.810989849727,18471206
2020-05-04,438.3413391113281,446.8642388085497,431.3252294506128,437.39958096842287,16097066
2020-05-05,429.7242431640625,444.9807370741032,427.5582108606198,442.43797850903684,7850482
2020-05-06,427.93487548828125,436.03400090760243,421.9076293879177,432.83202911117587,10829910
2020-05-07,425.8630676269531,438.5768032699582,423.9795512353968,435.0922864495073,11216033
2020-05-08,441.6845703125,443.944784114038,427.6052745388769,433.20874700159914,13693803
2020-05-11,436.8345642089844,447.85311834353956,434.4330634592698,446.1108885963227,10294818
2020-05-12,436.8816223144531,441.4962317367259,428.7824960634265,437.91756208031336,9507971
2020-05-13,426.0043640136719,442.1084363613377,423.9795894582461,441.68463363895887,10010310
2020-05-14,429.3946533203125,435.98696057498887,422.66105934660715,426.6164551954845,11764703
2020-05-15,422.47283935546875,432.17293973223525,419.6004588868747,429.39476959529077,7863358
2020-05-18,415.0328369140625,428.1232697258409,408.95848522296944,420.96590188754715,9067298
2020-05-19,415.974609375,429.4417401693259,413.0551532003744,417.9522786073204,10126393
2020-05-20,429.206298828125,431.74905745932773,411.7837721614869,414.27942563867214,7967084
2020-05-21,439.2830810546875,441.6845527344652,426.6164230036519,428.9708182740915,8987658
2020-05-22,442.06134033203125,444.4157360823512,431.37237787754236,439.80112615976066,10194204
2020-05-26,432.4083251953125,447.8060794153599,430.3835505632376,443.56816699187067,9801056
2020-05-27,424.6387939453125,437.823409593365,417.57560699099866,437.823409593365,13253937
2020-05-28,432.36114501953125,434.7626166538078,418.7998342667833,427.46399145373357,12632972
2020-05-29,446.6288146972656,453.5507430347055,431.32524434654226,433.2087606974005,12662824
2020-06-01,438.29425048828125,455.5284423974607,431.6077616734688,455.34007926570536,18563612
2020-06-02,445.5458068847656,452.9856908619045,440.8840923330465,442.6263507382435,10978049
2020-06-03,448.41815185546875,453.55074543478946,445.4516193352045,447.2880592830808,7767457
2020-06-04,466.0290222167969,468.9955546154252,444.6040244908914,445.4516010704741,19100026
2020-06-05,465.4640197753906,481.2384706226092,463.5334268394155,471.82088802725485,22798341
2020-06-08,460.519775390625,469.70191815148104,456.7998188786163,469.70191815148104,9176155
2020-06-09,471.5854187011719,482.83944068846483,463.3450344502777,463.3450344502777,25883378
2020-06-10,470.0786437988281,477.4714521091061,464.8047916369633,473.23353981227973,10636465
2020-06-11,446.06378173828125,465.0402044033124,441.77879327011243,461.4615346105679,18547382
2020-06-12,452.13812255859375,453.8332758412326,428.4999857296476,428.4999857296476,11498488
2020-06-15,457.5061340332031,460.89646938993695,445.16912428258587,452.9857060510115,10727187
2020-06-16,455.24591064453125,464.75767426506394,448.74778477670304,460.8964598757174,11247556
2020-06-17,457.3648376464844,461.2260517913439,451.19633328909293,455.9522004281342,8222223
2020-06-18,456.0464172363281,460.0488896643186,454.86921946338975,457.3648729939831,4077225
2020-06-19,459.6721496582031,463.2979242119221,456.9410568253341,458.4478468433464,8114839
2020-06-22,464.4751892089844,472.0092553519351,457.69451818425614,463.5334309411155,9203804
2020-06-23,471.30291748046875,473.7043894697802,460.99065337069067,464.4751703161429,10732649
2020-06-24,456.1877136230469,474.081121277982,452.98574115914755,472.76266540933904,8567595
2020-06-25,459.2484130859375,463.8159464282418,449.21869329192145,452.3264840764848,6954147
2020-06-26,451.9968566894531,462.40327323669186,444.6982306862263,461.69695459121834,7489306
2020-06-29,453.9273986816406,458.9658102034243,447.3350920617828,447.80597110605834,5727377
2020-06-30,445.4045104980469,455.76384972845545,442.4379494535612,455.245865522829,8339357
2020-07-01,440.8841247558594,448.0885697145513,439.00060823122453,445.9225372072938,5983810
2020-07-02,445.4516296386719,447.28806962902576,440.6957622136543,440.74283862769227,3731827
2020-07-03,449.0774230957031,451.43181869886797,444.50988987752714,449.2186810838569,4666364
2020-07-06,452.2323303222656,453.22116500438443,443.94484034664805,450.16045064331587,5995257
2020-07-07,451.3376159667969,457.6944837973151,448.41815980770815,452.04393461463224,6793452
2020-07-08,454.39837646484375,459.5780470773964,451.99690431327866,454.4454528834304,6279449
2020-07-09,453.8803405761719,458.8245707404431,452.37352182569185,456.3288887130025,3184268
2020-07-10,465.13433837890625,469.84312906656515,454.91625683865107,456.42307560673737,14898919
2020-07-13,470.59661865234375,472.48013519089193,463.6275844675701,466.1703432906828,7504299
2020-07-14,463.439208984375,474.55194408084316,461.5556926127581,470.87909290422596,6996801
2020-07-15,466.2644958496094,470.3140446594085,463.533402786709,465.41691920804436,4710170
2020-07-16,470.59661865234375,476.4826078353069,462.02661265391305,467.1121015599569,11263548
2020-07-17,474.2694396972656,479.87288379548886,468.383450892296,470.5024068620851,9592466
2020-07-20,455.6225891113281,472.6684176600954,453.55073839070536,472.6684176600954,16111398
2020-07-21,449.45404052734375,459.7663029270796,447.335084862207,459.57793981633057,8470749
2020-07-22,446.6759033203125,459.5780021724553,444.13317342125293,451.7143154446243,9848007
2020-07-23,448.27691650390625,453.78620788544623,446.44047646333286,450.1133565444797,5416291
2020-07-24,457.3177795410156,468.8072121327286,453.2211256957816,461.4615097993413,19812185
2020-07-27,447.8060302734375,459.2013103985683,441.6846018890477,456.61147531286497,6112617
2020-07-28,454.4925231933594,455.57553939945126,445.6870780791531,447.8060340763598,5917155
2020-07-29,464.2867431640625,467.394533397082,455.95217823346746,457.4119205321459,8531803
2020-07-30,480.2496337890625,483.31034811880505,458.9187863142502,464.475183012697,17534819
2020-07-31,500.73284912109375,509.49118893198585,477.9422890628148,484.2991569469015,41253676
2020-08-03,489.1492614746094,508.73782171599413,486.7006555192099,502.99306186246474,25348229
2020-08-04,498.1430358886719,501.39211333455887,487.12445291061937,491.59780458065404,11950138
2020-08-05,498.04876708984375,506.66587702393554,496.35361394159673,506.5717242025043,10928555
2020-08-06,501.25079345703125,509.91498024630096,495.5060915265105,502.8047174528458,10919796
2020-08-07,495.3177795410156,504.26448321327905,492.1628548104728,501.2979216350672,7275403
2020-08-10,512.1751708984375,518.7204018438786,495.36481012493437,495.36481012493437,16271180
2020-08-11,509.53826904296875,517.5902902584925,503.9347961861958,516.0835001116242,7774058
2020-08-12,501.1565246582031,509.2556201746214,498.8962825473984,509.2556201746214,7405695
2020-08-13,490.4676513671875,504.7353108654336,488.8195745430502,501.15664125766415,8729438
2020-08-14,500.4031677246094,504.7823660942484,491.59775205447323,493.01038927302056,11787355
2020-08-17,497.577880859375,506.19499066942404,496.3065303865795,504.8765063062365,6657699
2020-08-18,495.3647766113281,502.8046888339443,493.62254706215634,500.73280945090585,5555588
2020-08-19,495.7422790527344,502.8189195554485,494.75150331047615,500.0825955251266,5414452
2020-08-20,492.81719970703125,499.98822948458303,491.63775970314225,494.8930256318448,4886692
2020-08-21,502.29986572265625,508.29145525658765,494.7042839194887,496.8272758415453,9833484
2020-08-24,503.337890625,508.2443731737258,498.24268613404416,508.2443731737258,5675533
2020-08-25,495.4591369628906,504.9418807266119,493.9023107017181,503.47932904057114,4414315
2020-08-26,495.50640869140625,500.08261334361066,492.7700845635861,496.3555710280798,5205745
2020-08-27,502.2055969238281,506.68746932474534,494.79873609719925,499.091886563266,8564601
2020-08-28,524.3790893554688,532.8710584138569,504.56449488589635,507.72537144391157,29017731
2020-08-31,490.8829345703125,529.3326790849502,485.0329005740429,529.0024589164677,20056792
2020-09-01,492.0151672363281,497.8652007419341,477.62600025060567,491.77927925295563,13860865
2020-09-02,485.4575500488281,495.9309552063617,480.45673549243685,493.949518854347,9636136
2020-09-03,493.9023132324219,497.11035552602516,483.6175732441724,489.27888532801364,10052098
2020-09-04,483.52325439453125,500.4600250297496,479.56032430873773,488.75995669832986,12380025
2020-09-07,484.2781066894531,488.948701019138,475.7861379408801,486.87287491818375,6320017
2020-09-08,473.5687561035156,488.42972930834935,470.5022120189308,483.09863732536377,8519561
2020-09-09,480.55108642578125,483.8535188679629,465.737335319236,468.94540678979877,10532163
2020-09-10,479.27728271484375,487.53336327980617,475.2199915602508,483.7591550215376,8572739
2020-09-11,477.01275634765625,483.42889915959665,474.22929490795894,478.380918421269,5189670
2020-09-14,467.81304931640625,480.26794668151797,466.114667309764,477.0126809080463,8041379
2020-09-15,477.814697265625,483.47603770775606,468.0017628361099,469.88886671851355,11686574
2020-09-16,489.2317810058594,490.64710920549055,474.98413803725316,481.3531149355937,10080107
2020-09-17,483.0986633300781,492.43985192650143,481.6833352148533,487.6277017808279,9959257
2020-09-18,493.8079528808594,504.80035753413057,485.9293161309855,488.2410302208404,25685130
2020-09-21,475.219970703125,498.4313562317271,470.8324595544379,494.23253821071745,9977984
2020-09-22,480.12646484375,485.9293041734384,465.7372961279346,480.7397679152755,9862141
2020-09-23,474.5122985839844,491.5905956704847,470.12478751020916,491.1188196669621,10846053
2020-09-24,458.3775634765625,472.9554538205207,455.73562931732965,469.4171337171253,8768744
2020-09-25,462.01025390625,468.0018151617612,456.53766355337615,468.0018151617612,9665092
2020-09-28,481.305908203125,483.0986513456182,460.925178090497,467.0582664376582,12221177
2020-09-29,477.578857421875,488.61839896980723,476.02200232093975,488.61839896980723,8592449
2020-09-30,472.2007141113281,487.06166139046763,470.172053827757,479.3245217652618,12981899
2020-10-01,478.28656005859375,481.68335342251726,473.0026624697045,476.5881777740947,6733075
2020-10-05,493.572021484375,495.4591254588362,475.3614796487936,478.3808575259,8831627
2020-10-06,491.6377868652344,497.818041309092,489.7035166699602,496.3083810566456,8537178
2020-10-07,482.86273193359375,493.38335968093224,480.4566858718249,486.967160063091,8346531
2020-10-08,494.51556396484375,496.30833574205406,482.8627201825022,485.55182025847586,9392711
2020-10-09,483.9479064941406,499.4221267437286,482.20230051422544,495.36486413639125,11468529
2020-10-12,484.891357421875,488.14656549211594,480.5509840118218,485.83490934712495,7092628
2020-10-13,474.7481689453125,490.59985935161455,473.285674906704,484.98571360033486,8851580
2020-10-14,473.85186767578125,478.85268219850525,465.45423109980885,474.74822487781887,7640368
2020-10-15,462.6235656738281,476.21073843761116,461.39695950803394,476.21073843761116,6605127
2020-10-16,459.4154968261719,466.82238632985474,457.85864167066603,463.2840660696487,9085611
2020-10-19,456.34893798828125,463.1896902723042,453.75416988054843,462.2933331120412,5158764
2020-10-20,458.8965148925781,460.9723119881839,453.28236904882584,457.57554786902506,5550859
2020-10-21,462.5292053222656,464.41630933615505,454.3202913438778,461.3969313959631,7269981
2020-10-22,458.1416931152344,463.66147844811314,454.50904070510643,463.47278531228477,6428694
2020-10-23,457.1509704589844,466.5864910050934,455.6412814126222,460.45340265012254,6578265
2020-10-26,447.7154541015625,459.8872699609342,444.5073828448564,459.8872699609342,6499259
2020-10-27,443.89404296875,449.8384089577214,440.87466509805,447.8097779484643,7693069
2020-10-28,437.24200439453125,448.8948777093982,435.3549003368985,446.30010963015314,7723679
2020-10-29,430.5899658203125,437.8081329428207,426.7213968176523,436.86458093216805,8297097
2020-10-30,439.4593200683594,442.5258639013646,430.1181615360353,432.7600954741947,8680701
2020-11-02,442.9032897949219,444.41297870875536,433.1375211280064,441.4879618372507,7737909
2020-11-03,458.1888732910156,462.90663345917903,439.45935966442227,445.403725958339,16853462
2020-11-04,476.1634826660156,488.99579486031126,467.199739200173,471.6816109330943,48182254
2020-11-05,483.57037353515625,484.9857014576982,474.13485405154347,479.32438976753053,14095319
2020-11-06,480.4095153808594,486.63696460350496,478.1449962439673,485.9293005735435,9251548
2020-11-09,481.3530578613281,488.7599469868116,475.9748286173843,483.57041087015625,9718357
2020-11-10,463.1897277832031,485.2216754411699,461.39698452257085,482.1551310655086,12767338
2020-11-11,477.4844970703125,479.6546840335682,464.22760246109004,467.05825857365767,11754997
2020-11-12,480.50390625,488.4769330017697,473.8518754723146,475.503091644995,10911897
2020-11-13,479.7490234375,486.6841075657057,476.06914762058875,483.05145542042527,9501329
2020-11-14,484.9857177734375,486.40104574359344,481.40023176701095,482.1550618331256,1766237
2020-11-17,489.1373596191406,493.85511942414837,485.03287403487906,487.8163638378019,12411197
2020-11-18,484.04217529296875,489.09015544965774,480.26796729848166,484.98572729159054,6483702
2020-11-19,478.71112060546875,487.01439561505066,476.49376761106646,483.0986317165664,6843207
2020-11-20,474.8425598144531,483.57041610513113,468.00180758662447,481.2115360265695,7594535
2020-11-23,483.9006652832031,487.2503212674018,472.71959607661216,475.550252340544,8931512
2020-11-24,490.78863525390625,493.2418476149999,479.51317643034264,484.51399091401714,9096230
2020-11-25,477.62603759765625,496.3083558236183,475.6917387058011,491.77931770669477,10673809
2020-11-26,482.8155822753906,484.04218838881627,473.946170212445,477.4373242197681,7494355
2020-11-27,482.7684020996094,491.4018976245221,480.4567168469953,484.98575518287373,12954065
2020-12-01,508.9048156738281,512.1129159353425,483.7120200037034,488.7600008374157,25388623
2020-12-02,513.9056396484375,516.122963897984,505.7438914978418,510.36731951202535,14234038
2020-12-03,517.3023681640625,520.3217459896005,510.46161637347524,518.9535841135146,9345458
2020-12-04,536.9282836914062,540.5609936456415,514.4245902863581,518.9536286181471,16177536
2020-12-07,549.4303588867188,558.1110494493786,535.0411898180746,538.1549001313526,21232768
2020-12-08,536.5980834960938,549.1473147375912,533.8617594073379,549.1473147375912,10673103
2020-12-09,537.4000854492188,550.9872586850138,534.7109850081039,538.7682475081463,11144200
2020-12-10,533.2955932617188,542.3065031974884,528.4834435859215,537.8246312702364,6755693
2020-12-11,536.0319213867188,540.6081835950025,530.2762766511778,535.8432570398612,6968494
2020-12-14,543.7218627929688,545.9864107238368,536.267778644554,536.267778644554,8582193
2020-12-15,539.3816528320312,547.2602908803134,536.8812163981006,542.5425297520349,5896090
2020-12-16,544.0521240234375,545.8448960698058,538.7682552391688,538.7682552391688,5135499
2020-12-17,539.0984497070312,553.2045646073539,537.5416233525197,546.7884220785006,9025916
2020-12-18,542.5422973632812,544.335068860067,535.9374346127718,541.5987455417799,4940687
2020-12-21,521.359619140625,552.8271112684397,509.2349996031057,541.4100981045108,12715463
2020-12-22,536.2205810546875,538.8625150922414,509.89551525177967,521.7842472156939,8012096
2020-12-23,542.1649169921875,544.0048547772192,534.1447255716531,537.8246011417165,4958783
2020-12-24,557.1202392578125,561.4133889494583,539.853250745906,542.1649068638271,7486583
2020-12-28,553.81787109375,565.6122713743484,551.5533232039371,565.1876614462778,12299793
2020-12-29,557.2617797851562,562.356983544483,550.2323635627246,556.5069497144746,7430043
2020-12-30,551.034423828125,561.4134968796822,548.6755435891347,561.4134968796822,5589703
2020-12-31,558.9130249023438,561.3191286634965,549.194450459708,551.647720304642,8835267
2021-01-01,562.5928955078125,565.8953275988437,552.7799314013818,559.0545754102791,8229768
2021-01-04,570.2828369140625,575.0477628714159,561.6021472232304,566.131185186756,11329298
2021-01-05,569.3865356445312,574.3401842511506,566.1312693279255,574.104296222264,7790158
2021-01-06,571.1320190429688,576.463110925213,562.4985527218835,569.999745115165,6422080
2021-01-07,567.9240112304688,573.6796557937764,564.2441351392735,571.8397177481788,4555702
2021-01-08,585.7570190429688,587.6441228785387,569.9053583421482,572.7360140955033,11451416
2021-01-11,585.94580078125,592.5506648802335,579.3881027650045,588.4934027373982,7516087
2021-01-12,575.2364501953125,588.6820650350093,572.7831806531137,585.9457414352056,6747035
2021-01-13,568.3014526367188,579.8128004699596,563.5365257618931,576.5103679204968,6186661
2021-01-14,572.783203125,577.1235766746343,562.734409351835,568.3013313359314,6730284
2021-01-15,570.1884765625,581.9828768620298,564.3384424959642,574.6231825930922,8389544
2021-01-18,548.6283569335938,573.0663207394148,545.7977007529302,569.9997765436958,7414570
2021-01-19,562.8759765625,568.9618989397757,550.4210777045552,553.77073362923,5500391
2021-01-20,561.1304321289062,569.5280110665683,559.4792159929232,567.2635206339862,5182972
2021-01-21,549.9965209960938,564.9517981705998,547.8735288526552,564.2441341227869,4546393
2021-01-22,542.7310791015625,553.8178142269228,538.3907056900711,549.9964404463622,5591688
2021-01-25,553.2989501953125,560.469922804686,534.9940172226549,544.5238699785128,8149590
2021-01-27,537.6358642578125,552.8270844908835,531.9273867472727,552.8270844908835,8534047
2021-01-28,532.4935302734375,542.0706057876062,519.3310263875441,523.5770102448882,9863454
2021-01-29,553.1101684570312,566.1311739396756,522.822116097354,535.9375113295595,22539938
2021-02-01,556.8372802734375,565.56513696995,546.8827598071581,562.3570368779953,12621971
2021-02-02,575.0478515625,582.077326380711,558.1110794754933,563.2534500520289,15788247
2021-02-03,593.6830444335938,611.799257846002,576.0386071121865,577.9257114761903,23788455
2021-02-04,595.8531494140625,604.8168943379478,590.8995009034943,596.7967015113136,7926593
2021-02-05,598.9195556640625,607.8832985215789,587.9743768950295,597.7401158143892,10981738
2021-02-08,598.8253784179688,608.4495640090463,596.8438844040371,604.7225791918405,6479801
2021-02-09,593.542724609375,608.4384245686284,591.0680667299464,601.442714648995,5794015
2021-02-10,596.8740234375,601.1095469485239,584.5006179092388,593.0192433338915,6902162
2021-02-11,612.6263427734375,617.480501513338,592.0198411426531,592.0198411426531,11433578
2021-02-12,596.9216918945312,622.8582548713456,592.3530031340745,622.8582548713456,15471776
2021-02-15,597.2548828125,606.5825171724258,593.2573086315892,601.5379855577689,7310676
2021-02-16,600.7288818359375,603.9173901304372,592.9716848719659,600.5860885300328,6137454
2021-02-17,591.3060913085938,601.9186906716113,589.925968893319,598.397017020209,4700733
2021-02-18,586.356689453125,597.016866727175,584.5006668498224,592.0199140762103,5633766
2021-02-19,578.0284423828125,592.3054501384885,572.2224824661548,586.213961685376,7301975
2021-02-22,566.6068725585938,581.4073599302859,561.9430845815995,578.6947515198555,5330343
2021-02-23,574.93505859375,579.0277889698166,563.4658746225405,566.3212760142087,7564187
2021-02-24,572.46044921875,579.9796386657753,567.1303313125436,577.8380874402367,3296243
2021-02-25,580.1700439453125,589.0694144087448,573.6502330744977,577.1719069121496,6261754
2021-02-26,565.9405517578125,591.4012150291204,561.5622927129605,575.7917217486676,15404415
2021-03-01,575.3158569335938,581.3597672188992,568.2725095911709,571.0803328463244,5274758
2021-03-02,584.5958862304688,586.6422224757879,575.3634096431769,579.646511948213,4776776
2021-03-03,594.256591796875,595.2560287508626,582.7398295101839,586.7849814504343,6626297
2021-03-04,589.1168823242188,606.0589182030312,586.3090594630031,592.0198619902401,11530735
2021-03-05,581.7405395507812,589.5928945171426,577.6478085809133,589.5928945171426,6127488
2021-03-08,585.1669921875,591.9248112448836,581.835690116385,582.0260618533939,4554461
2021-03-09,583.0729370117188,590.972927283391,578.2187779159134,588.2126827193982,4035628
2021-03-10,595.8272705078125,597.6357151731944,585.6905692658438,588.2128644949331,5825924
2021-03-12,584.0247802734375,598.8253249465606,582.0260224035637,597.730731102924,4264170
2021-03-15,576.3152465820312,584.4055514473447,567.749041430523,584.4055514473447,4030762
2021-03-16,573.2694702148438,580.5507677938962,570.3664901024849,576.7911439334266,4189930
2021-03-17,556.5653076171875,574.8874660979585,553.9478564056487,574.8874660979585,7667561
2021-03-18,546.8569946289062,563.0376039861574,544.4299148439776,559.0876665578644,5537584
2021-03-19,550.4262084960938,554.5665754591049,535.0070290305412,543.4780765788058,6186643
2021-03-22,562.51416015625,564.9888185033742,550.7118093623526,550.7118093623526,7033955
2021-03-23,559.5159912109375,566.0358605467527,554.8997812764047,562.7045582577863,5341729
2021-03-24,557.0888671875,568.2249455788094,555.0901092092149,556.8033386325017,7299582
2021-03-25,547.9992065429688,559.6111857166859,543.954053911084,556.232305136948,4710869
2021-03-26,558.8973388671875,561.8478975686796,546.9046161308747,552.85337003977,5761818
2021-03-30,568.8912353515625,570.1285645240233,558.9449073735103,566.2737836780382,4637718
2021-03-31,568.9863891601562,576.7911657276053,566.9876311301027,569.36713263888,5269919
2021-04-01,581.3120727539062,583.1680950837708,568.557924629319,571.0802188331458,6033653
2021-04-05,579.4561767578125,582.4543717976703,564.1797891921052,582.2164216546117,5353987
2021-04-06,590.5445556640625,591.9246778296867,574.4115276515469,579.4084796319455,7444994
2021-04-07,591.11572265625,598.1114915866506,586.4519347959451,591.068144247192,4757224
2021-04-08,584.6434936523438,595.827150226076,583.7392715021913,590.639825558324,3222479
2021-04-09,606.05908203125,611.0560355933451,580.1225135422801,583.4538159170103,16755446
2021-04-12,589.4976806640625,614.7203966621034,585.5477430146881,608.2005857640802,15229597
2021-04-13,597.1121215820312,604.9168986227347,586.4043641432527,593.9236126042491,7399207
2021-04-15,602.727783203125,610.5801388469083,596.303128585484,603.0608902052368,8588761
2021-04-16,614.9107055664062,618.6703291854997,596.1602239708949,602.7276707026426,9804095
2021-04-19,609.7710571289062,620.0029132349464,604.3933606823666,612.9595657944002,11340358
2021-04-20,614.0541381835938,627.7124526188778,608.3433349755372,612.7691726058044,13831258
2021-04-22,609.1047973632812,626.2847863426223,607.343931421081,619.3366536751098,11295290
2021-04-23,607.201171875,614.6727829476,599.7771392111927,605.8210494602414,7668180
2021-04-26,604.1078491210938,612.9595830338232,600.586175301774,612.9595830338232,6527947
2021-04-27,608.4384765625,611.4842498158868,601.5379228588189,602.2041948350743,5112384
2021-04-28,612.388427734375,616.1004146028944,607.5342106232961,610.0565050323822,6069155
2021-04-29,613.435546875,620.5740520752522,610.1994012802307,617.6710715791438,5676290
2021-04-30,622.9059448242188,634.470287825137,609.2475706886906,611.0560151546621,10874266
2021-05-03,627.4269409179688,631.9479935790303,618.7655209639577,622.4299879767955,6567597
2021-05-04,614.0541381835938,632.8521987434464,611.0559432620463,630.091953955568,5604638
2021-05-05,650.4603881835938,654.7434897964973,611.2937801971738,611.2937801971738,25296369
2021-05-06,646.6532592773438,663.1193957062167,640.8948199884018,656.5995276637925,11153908
2021-05-07,646.700927734375,657.694213019294,644.940061772628,648.1762070421696,6466334
2021-05-10,664.547119140625,669.5916501599878,650.6507970176478,654.8387424450201,10924222
2021-05-11,673.969970703125,687.0572287410873,662.6435786026125,664.8327083284848,14760511
2021-05-12,668.972900390625,680.489720301585,666.2602924373023,680.489720301585,7250661
2021-05-14,658.1224975585938,676.7301865692293,653.8869735204789,669.1157822196459,6851035
2021-05-17,654.02978515625,664.8326983924522,647.2719662507568,654.8387924037326,6318234
2021-05-18,657.5038452148438,662.310426643389,651.7454631828915,657.6942169541849,4080423
2021-05-19,669.4964599609375,672.684968232044,657.5037394314957,660.835041007459,7745431
2021-05-20,653.7442626953125,667.8309589942288,651.9834547045991,666.260464661634,6226376
2021-05-21,657.123046875,661.0254054408632,654.8387025821654,658.4079542314141,3434231
2021-05-24,657.646484375,664.7374088267632,656.3615190056473,657.6940627753571,3722957
2021-05-25,662.54833984375,663.7857270338085,657.6941802744118,661.5013824757109,2800233
2021-05-26,669.8771362304688,672.1139021143551,662.6434761434684,665.7844059682636,6235460
2021-05-27,665.784423828125,675.5403785732833,661.0254215134136,673.1608774159276,9875654
2021-05-28,637.4683837890625,661.0254461239326,634.1846604509979,660.5495458747433,28316552
2021-05-31,636.08837890625,643.1317271321756,627.2366442554483,639.6100530192128,13947126
2021-06-01,638.7057495117188,640.847300756102,632.2810957785691,637.8015273676534,6443084
2021-06-02,644.7973022460938,645.4159377553208,637.8491697632248,638.6581770034816,4978457
2021-06-03,642.9412231445312,648.0333324665387,641.0376221877747,645.320724340477,3604574
2021-06-04,641.4660034179688,646.5105348018117,640.371409529164,646.1774278408518,3747803
2021-06-07,642.7984008789062,645.1303235645436,638.5629354155533,641.4659151251765,2793705
2021-06-08,646.0345458984375,647.1767180402305,633.0424467104575,640.5616933917472,5695920
2021-06-09,640.4190063476562,651.6978782409865,635.4220532298423,648.2237828360443,4492551
2021-06-10,643.4647216796875,648.1761458119572,640.5617417495554,640.6093201562868,3099864
2021-06-11,648.4617919921875,653.2683738099495,641.5612370587094,642.6558310785823,3822099
2021-06-14,644.4640502929688,650.7459680101141,639.1815695056405,649.1278956544878,3640962
2021-06-15,640.7521362304688,648.5569122903293,639.3720138264754,644.4641234867706,3862284
2021-06-16,636.326171875,647.7001987397114,634.7080995100417,642.4652963252097,4842448
2021-06-17,632.994873046875,641.0851768129934,629.758786396401,639.419526037616,2776147
2021-06-18,636.2786865234375,640.5617891253155,621.240249006614,634.8509856561448,4158743
2021-06-21,638.9912109375,642.2749341192816,630.0918999385239,630.0918999385239,2932177
2021-06-22,634.6605224609375,647.4622500114647,633.7563004233001,645.3206990191445,4577152
2021-06-23,633.1852416992188,639.9430015751155,632.2334412607381,634.6605207602059,2631031
2021-06-24,632.7570190429688,638.6581943049828,629.6160887224233,632.1859619277051,3460776
2021-06-25,639.8478393554688,644.7496348094901,632.7569145301198,632.7569145301198,3010243
2021-06-28,643.7026977539062,647.1292145760835,637.2780440672807,642.4653686625485,3342385
2021-06-29,644.9400024414062,648.6520476683146,640.6569001457241,640.799693459564,2937766
2021-06-30,642.8937377929688,650.5081427221189,641.7515654349364,645.3683961576229,3768943
2021-07-01,651.1744384765625,652.7448746943882,641.2281100571274,642.4654392844965,4102748
2021-07-02,648.4140625,656.2664162844037,645.606239528131,652.4592144495413,5071894
2021-07-05,647.4146728515625,651.9357249551442,645.8917572870143,651.0315029157701,1600769
2021-07-06,640.7996826171875,650.0797374341464,639.9906754345642,645.320734963911,2682423
2021-07-07,647.3194580078125,649.1279020867186,633.9942518066189,635.8026958855249,2576763
2021-07-08,634.755859375,648.0810681108337,633.0425717771815,644.3690224399601,2548016
2021-07-09,635.7076416015625,639.8955293699327,632.185967776064,634.3750975292231,1994075
2021-07-12,636.326171875,640.4189021440436,634.2798357871225,636.3737502782923,1555035
2021-07-13,650.0797729492188,656.123683179291,636.7545653045788,637.9918943957792,7744032
2021-07-14,652.8875122070312,659.0266365580965,648.1760884914098,649.0803105125149,2663467
2021-07-15,650.0797729492188,655.0291474073155,648.4617004022821,652.9351745873558,1905193
2021-07-16,655.409912109375,662.120153245931,649.7467446494932,651.8882961373382,3479357
2021-07-19,656.0284423828125,658.1699933372721,645.3682660130668,645.3682660130668,1940882
2021-07-20,643.845458984375,658.2652016841549,641.4183793312727,655.7905436247745,2724983
2021-07-22,654.1724853515625,655.0291290563223,642.9888292488415,647.2243531787435,2047831
2021-07-23,660.5496215820312,665.2610462076523,648.7472708121221,653.1255884624492,3956261
2021-07-26,669.4964599609375,671.0193174440623,661.6916846500225,661.6916846500225,4715053
2021-07-27,655.1243286132812,671.6856819683334,641.3707985922514,671.0194099426386,5327355
2021-07-28,654.6484375,658.598433205831,640.1334784289626,655.124337797411,3332667
2021-07-29,669.1159057617188,671.9237295027085,647.8907613370138,654.6485232076691,4397443
2021-07-30,736.64599609375,745.973629216814,662.5959300689402,669.0681617404565,35893710
2021-08-02,737.6453857421875,763.2488423684912,727.2707370795935,747.1633907195061,18661462
2021-08-03,756.4910278320312,765.580711013013,728.3653345994468,736.6460105905525,14678219
2021-08-04,747.8772583007812,759.4416578516265,742.1188767756668,752.8742110288488,5796169
2021-08-05,748.2579956054688,756.1103498279928,745.5453292908029,747.6393020354678,5026619
2021-08-06,747.3536987304688,758.0614534171827,743.8796039725755,748.5910276533872,4064324
2021-08-09,750.7802124023438,754.7777860657386,744.3079807104762,751.1133774287133,2873586
2021-08-10,755.1109008789062,760.2982252049869,744.4983601958434,751.8748140458474,5656020
2021-08-11,741.97607421875,756.6814036825601,736.027321045145,755.7296031747834,4275776
2021-08-12,741.1194458007812,743.5941037407146,735.8845433104466,742.4043531747294,2821380
2021-08-13,740.7864379882812,750.4948162855884,730.6497958709693,731.9347035175872,4319920
2021-08-16,743.1658325195312,745.259805276899,733.8857774729798,737.8357728583164,2310304
2021-08-17,746.3544921875,754.9682763273033,740.6912667828888,745.2598982184413,5686055
2021-08-18,745.1647338867188,753.2550392137335,741.7382167745913,750.0188938456076,4036305
2021-08-20,724.4630126953125,746.6399539169231,707.5209164113716,737.6454270905152,6238261
2021-08-23,724.65380859375,734.8172128228891,716.4944862564786,730.0456724798834,2375417
2021-08-24,736.10546875,742.4039366368329,719.786824888323,725.0832227559663,2732537
2021-08-25,733.91064453125,740.5430975828396,724.892421191056,734.8172488901887,2254852
2021-08-26,725.7990112304688,735.8669500004771,724.5584223541393,730.1888634226991,1735864
2021-08-27,736.534912109375,741.4973254216966,723.4608806939847,725.9898202246534,2432862
2021-08-30,751.2313232421875,758.6272107737489,733.0517661848437,733.8629047446071,3617125
2021-08-31,757.7683715820312,764.4008248451254,747.8913055707734,751.4699611178012,7435465
2021-09-01,752.4719848632812,767.168353839556,751.0405226219434,758.7226916678538,2811619
2021-09-02,753.855712890625,759.2952808372239,752.2810811902282,754.1896974349054,2679549
2021-09-03,753.3307495117188,760.7743401736533,748.1774630746594,756.7662349722002,2860730
2021-09-06,748.4161376953125,756.8617411976717,744.1217511863819,753.3308477762934,4613445
2021-09-07,734.7218017578125,747.223214097432,731.5725385496004,746.2689060334507,3851664
2021-09-08,741.9268798828125,743.3583421020553,728.6619733526238,732.2406289007308,2548562
2021-09-09,740.8294067382812,746.5075518918737,736.2010354996829,736.9167666136732,2008287
2021-09-13,744.6466064453125,747.2232499911024,736.3918762431537,740.829374006022,1935832
2021-09-14,745.6964111328125,751.9948216194109,741.7837127730252,748.8456163761117,1996844
2021-09-15,744.9806518554688,749.8475999341682,743.2151468982719,748.8455880645942,1393824
2021-09-16,745.3623046875,748.7023829247174,742.7379575011148,744.3602928656031,1353677
2021-09-17,734.7218017578125,751.8993469094776,731.6203005498729,749.1318302253948,4052622
2021-09-20,721.93408203125,739.3502049619443,717.257949014334,731.6680363595918,2206369
2021-09-21,729.568603515625,731.3340503498571,716.7331468470155,721.9341380766125,2123997
2021-09-22,734.9126586914062,738.6344836517555,729.5685565268309,730.0457105860374,1817865
2021-09-23,734.674072265625,741.6882717940598,731.0954168673453,735.8669573983849,2109768
2021-09-24,735.2466430664062,741.1633645797618,727.1827284572123,733.8628847553757,1777859
2021-09-27,728.1847534179688,739.1115923525,725.3695329921479,736.200964419231,2862731
2021-09-28,739.6842651367188,754.8577888689069,720.454989786541,731.6681111761865,4938824
2021-09-29,774.2301635742188,782.2940788111106,736.1055426556555,748.177563632706,18565413
2021-09-30,780.8626098632812,794.8909507089941,769.7448970995345,777.5702352393367,10478553
2021-10-01,788.8310546875,792.7437528578358,768.5043037416774,774.898179681421,5730355
2021-10-04,793.9843139648438,800.5690629440987,788.6879158274477,792.0756978255052,4007435
2021-10-05,783.009765625,796.2746709981101,777.7133675250682,790.1670760968922,2987134
2021-10-06,764.0189208984375,786.349750210223,760.8697163150664,782.9619686395308,2910453
2021-10-07,785.6340942382812,788.592425864906,767.3590719665741,771.1286003753213,4089061
2021-10-08,783.8687744140625,795.7021610803657,781.1966648718604,787.3996681373229,2753935
2021-10-11,794.5091552734375,797.9924029540144,780.4331115377942,788.2584491960301,2988841
2021-10-12,791.7894897460938,804.2431995493536,786.0636408024021,795.4158490944957,2407031
2021-10-13,804.0523071289062,808.1081167008098,789.4514043193232,790.1194316627882,4113083
2021-10-14,802.8594360351562,811.1619286006916,799.9488078229762,805.3406721763314,2300231
2021-10-18,797.7061157226562,812.1161438604213,794.1274605646344,811.1618358182822,2632795
2021-10-19,789.5467529296875,803.71826261852,787.9244758190339,798.7558490397337,2029762
2021-10-20,777.6656494140625,796.6563445677417,770.6037465803012,787.35184112606,2089252
2021-10-21,781.0057983398438,791.121441238077,773.0372904917492,785.443296204771,3155655
2021-10-22,775.423095703125,789.0696909520638,763.5897092846556,787.399651646339,1709523
2021-10-25,776.0433349609375,783.7255032829663,759.1997742098048,772.9895374845695,2129988
2021-10-26,776.32958984375,786.2544167493851,769.4585603126442,779.6696679807544,1628608
2021-10-27,787.3997192382812,800.1397694119648,778.5246641009898,778.5246641009898,3569869
2021-10-28,770.6991577148438,791.2645427849703,766.3570677375507,786.3021292767751,1647229
2021-10-29,758.675048828125,779.2403796974031,743.7401016124014,763.4465900157232,4321416
2021-11-01,774.707275390625,776.6635952742857,751.0404470317765,762.4444400559238,1935341
2021-11-02,778.1428833007812,797.8016077530964,746.9846991252825,777.4271521933473,17608860
2021-11-03,751.947021484375,784.4411981527483,745.6485535587025,782.5325820988486,9452138
2021-11-04,759.1044311523438,760.5835971386639,752.4719778467208,760.5835971386639,485870
2021-11-08,763.446533203125,766.3094577026367,747.2232943725586,761.5379168701172,4280584
2021-11-09,764.7347412109375,774.8981453568266,760.5835244450626,763.4464486274154,3232291
2021-11-10,774.0392456054688,777.7610703449197,760.5835252330074,763.2078724028829,2900645
2021-11-11,758.5318603515625,773.4191034329098,755.9075127639198,771.9876411123773,2107377
2021-11-12,769.6494750976562,771.6057950341907,759.7246476565081,767.216001115804,2076523
2021-11-15,773.6576538085938,782.1987236758553,769.7927173256996,771.3672908761793,2109222
2021-11-16,761.9673461914062,780.0992008551931,759.2952950481174,775.184490634628,1512946
2021-11-17,755.191650390625,768.2179785427116,751.422180198575,763.446438303316,1662900
2021-11-18,754.5236206054688,758.0545135012673,744.4556249138724,753.9032971257549,3177648
2021-11-22,735.5330810546875,757.7207477877677,730.0935123998876,755.6689617590706,2894426
2021-11-23,749.3226318359375,755.573337408044,726.7532249823663,734.8171390011921,2739763
2021-11-24,743.3583374023438,760.5358839246562,740.1136664273683,747.700427790659,2404041
2021-11-25,747.1278686523438,751.2790857769614,738.9684874304421,740.16137260951,1861259
2021-11-26,732.2406005859375,762.3967717863605,727.1827792561284,739.5887846765085,5432649
2021-11-29,716.7330932617188,739.5887841102663,714.8244770446601,737.6801678932075,4664270
2021-11-30,719.16650390625,726.8487300999225,711.9614899711281,716.6853263412874,5505266
2021-12-01,711.2935791015625,728.3757188325993,706.5220381986303,722.1727156587874,3687799
2021-12-02,731.2385864257812,735.5329729039751,712.0092547859978,718.5940040177661,4896650
2021-12-03,717.4487915039062,736.6304185551681,714.6813330636504,736.6304185551681,3135454
2021-12-06,703.46826171875,718.1645719811049,700.1758870191522,716.8762793034277,2577704
2021-12-07,709.7188720703125,716.6853088291041,701.4163808114401,707.2376363196394,2583462
2021-12-08,722.93603515625,728.6141795736426,713.2020816187684,715.9218944471024,2530785
2021-12-09,725.03564453125,731.7635055953007,721.600158359158,723.5564784917756,2604449
2021-12-10,726.5624389648438,739.5887676549817,719.7391710884779,719.7391710884779,2950388
2021-12-13,727.7552490234375,738.0140599039269,724.3197635619946,728.9481340095409,2491218
2021-12-14,721.5045776367188,733.6243013208152,719.1665113035665,722.6497589270729,3224172
2021-12-15,739.6842651367188,743.2629208993716,711.2458923254409,718.1169230390044,6231786
2021-12-16,729.5208129882812,750.5632942025425,725.274130443652,750.5632942025425,6186549
2021-12-17,733.815185546875,737.0597979639861,719.0711145482109,727.1827329605,7171030
2021-12-20,729.0437622070312,739.3025753734636,718.6417795118297,732.908698773952,7474026
2021-12-21,742.9765014648438,748.129788100116,729.1390350976809,729.1390350976809,5599344
2021-12-22,761.0607299804688,764.4008084192545,741.9745674731216,749.1318784133769,5871235
2021-12-23,756.2415161132812,767.2160599978622,753.903449462514,765.2119779059126,4277384
2021-12-24,749.5136108398438,758.4840721014696,742.069961005154,757.1480756989353,3076272
2021-12-27,757.8160400390625,760.2018102926124,745.4577967227491,748.1775515132584,3598487
2021-12-28,777.8565063476562,782.4372318090445,757.9115020737653,759.6292449986139,5477769
2021-12-29,800.4736328125,805.1020621041786,779.1925735610805,784.9184222339114,8748856
2021-12-30,796.3224487304688,803.4797598672762,789.5468259064827,798.4219383132017,5179861
2021-12-31,807.0582275390625,812.068344168389,795.8928131158681,796.3222633333628,3346523
2022-01-03,810.159912109375,820.752709230304,802.4777431841654,806.3903832838085,3726756
2022-01-04,799.4238891601562,814.9790991933844,794.3660679924167,813.5476370753632,3027262
2022-01-05,796.9426879882812,805.9609113746601,792.696063449893,801.6188210764318,2436343
2022-01-06,791.6939697265625,806.294930129428,784.4412515267986,799.5193077292615,2423850
2022-01-07,791.07373046875,797.8015910888305,787.49507500633,791.6939958010955,1475374
2022-01-10,788.9266357421875,796.8473825058494,780.1946920245704,794.0798653039946,4837873
2022-01-11,794.3661499023438,803.0503310152586,790.4534514284946,792.9346876367193,4950526
2022-01-12,797.992431640625,806.3903311321408,789.6899396589899,806.3903311321408,3953446
2022-01-13,825.95361328125,831.2023075308708,796.1314868629495,797.9923992007195,7395140
2022-01-14,820.4663696289062,829.19831183655,817.6511491510186,825.9536410745197,2351963
2022-01-17,814.2156372070312,823.9495909339942,811.6389938313145,820.4663432645181,1750754
2022-01-18,808.0127563476562,827.5760742481132,806.3904207749338,815.9335026775957,3354708
2022-01-19,800.1873779296875,809.2533052884615,795.8929912860577,809.2533052884615,1677779
2022-01-20,782.5326538085938,804.2431634112102,778.3814368094885,800.9507887672587,2886894
2022-01-21,771.7966918945312,782.2463774556953,764.4962114794638,779.1925798230415,3218477
2022-01-24,764.2576293945312,787.3041936339915,755.4302793446956,767.2637232505808,5300160
2022-01-25,771.1286010742188,774.6118487232786,748.940939115403,754.8576606203552,3779497
2022-01-27,774.9934692382812,780.051348011738,755.1438753651179,765.354982162943,3593525
2022-01-28,789.5467529296875,804.3862899121466,774.9935549633124,778.7153797089877,5073701
2022-01-31,796.3700561523438,810.9232537033602,782.580293380965,792.1710774948259,8041517
2022-02-01,851.0042114257812,854.105712616848,801.4755998760554,808.6806723169914,12337459
2022-02-02,849.9545288085938,857.3981203064405,841.6997404815244,849.3342052477966,4404741
2022-02-03,843.1788330078125,850.4793126038146,840.2205014668516,848.713807832441,2292825
2022-02-04,853.1036987304688,861.5970054852454,841.0793822711441,842.5586063557455,4222492
2022-02-07,846.5189819335938,860.2610417662536,839.5048407511729,860.2610417662536,3494623
2022-02-08,853.2468872070312,855.0123922190774,841.6997819773097,845.5170145486354,4766558
2022-02-09,852.6217651367188,860.4126336420411,851.5637075444391,859.787473829569,2874380
2022-02-10,860.172119140625,862.0477158703216,846.4178409661176,857.3828228428356,3159839
2022-02-11,846.5140380859375,861.6149142364276,841.2720652398372,860.460696298346,2682532
2022-02-14,831.845947265625,852.814072119398,829.2971106357204,836.7994386896775,5163415
2022-02-15,843.3399658203125,846.4178606912914,826.267332834778,829.5856873252715,3219287
2022-02-16,835.6932983398438,847.5239580207453,834.0100810834831,842.5704666125006,2136415
2022-02-17,829.6337280273438,839.0597329225576,828.4314299869859,839.0597329225576,2275289
2022-02-18,829.970458984375,834.7796514487509,823.7185087806863,829.6337802882911,1797851
2022-02-21,811.6472778320312,831.028344297746,807.4633044420807,822.8527182253723,2305713
2022-02-22,813.5230712890625,816.6009665319077,793.1320813494277,804.0970648064487,3171552
2022-02-23,808.1847534179688,820.4481935918207,806.0686970977591,817.4183790076615,1979574
2022-02-24,787.0243530273438,805.0107447277314,783.8983779007457,798.9030350260311,3679222
2022-02-25,799.8167114257812,803.1350656538058,785.8700545970624,789.188408825087,2098988
2022-02-28,811.6954956054688,814.6771713333957,789.6693715049798,789.6693715049798,4123139
2022-03-02,789.5731811523438,812.7053833738303,784.5716096354379,812.1282450992114,3807036
2022-03-03,789.5731811523438,801.0190231078071,785.8219878381748,801.0190231078071,2657776
2022-03-04,797.9892578125,807.5595029969351,778.46389118655,785.1486798560778,4082674
2022-03-07,791.2564086914062,797.3640592454626,778.2234509874642,786.783836505173,3065234
2022-03-08,822.3718872070312,828.8162166608399,794.6709511686182,794.6709511686182,4864275
2022-03-09,835.1162719726562,851.9965257922124,827.1811044013641,830.451378761615,7276355
2022-03-10,836.3666381835938,848.2453786300691,833.5292029276201,836.7033168750263,2899758
2022-03-11,867.5782470703125,872.3874391272433,835.8856596739471,838.7230947287278,7194497
2022-03-14,858.2003784179688,877.0043088432896,855.9881616689831,867.5302233568683,3861194
2022-03-15,857.6232299804688,873.3492642856077,847.716247528763,859.5949869526975,4039746
2022-03-16,855.2667846679688,865.6546284683972,846.8506980023037,865.6546284683972,3134307
2022-03-17,876.8119506835938,880.0822250569008,858.1523190589705,858.1523190589705,5484100
2022-03-21,878.927978515625,895.471611872507,876.5233823505538,877.6776002509802,3878744
2022-03-22,879.216552734375,886.8151003958571,868.0592495740359,878.9280129244628,2174495
2022-03-23,866.424072265625,890.6624131775229,861.61487996985,882.967705504283,2578669
2022-03-24,874.1668090820312,879.7935989631418,851.707905854419,852.1888250559178,3141478
2022-03-25,867.9149780273438,880.0341787842776,862.0958666354578,877.0524441040794,1571676
2022-03-28,871.3295288085938,876.1387213537213,864.9813594254472,874.2150443356702,1545077
2022-03-29,884.2662353515625,886.8151309565461,866.7126820544291,873.3974716265853,3177777
2022-03-30,885.468505859375,886.8151032512526,873.7341230414287,886.8151032512526,2084073
2022-03-31,879.8416748046875,891.6241951833236,876.0424013903848,885.4684059521024,1901705
2022-04-01,874.0225830078125,883.9295069814291,869.5980910572358,879.1203148868619,1184766
2022-04-04,890.7105102539062,893.3555660667528,868.1553862177136,873.3493374780514,1876408
2022-04-05,893.6441040039062,904.8014655420253,888.8830505154874,892.5861051633602,2911697
2022-04-06,892.6821899414062,902.9738724978487,889.700514402548,892.393650164413,1881754
2022-04-07,895.4234619140625,911.8227947407293,891.4798892870741,892.68218727592,2728625
2022-04-08,889.3157958984375,901.5311557968179,884.2180639204878,901.2426160067375,1453271
2022-04-11,890.085205078125,897.9241521649118,883.5446575353959,884.8912546661818,1102625
2022-04-12,886.1417236328125,892.7303520261605,876.6195585088321,884.8913454293756,1420380
2022-04-13,901.002197265625,907.0136877731352,886.1417809898675,886.1417809898675,1825531
2022-04-18,892.1051635742188,905.1380628480463,884.1699963510519,892.201323936964,1287320
2022-04-19,886.8151245117188,901.9640813566858,880.1303349881435,895.4235910949724,2001066
2022-04-20,888.2577514648438,895.4715393760363,881.0920437318679,882.9676403299692,1455897
2022-04-21,908.0717163085938,909.8992329650106,885.4685112613657,895.4716552752905,2410164
2022-04-22,889.5082397460938,906.2923334384685,883.3043696332606,905.0900353044296,1745381
2022-04-25,865.6546020507812,887.1516678526583,862.3843278495387,880.6111781561333,1146270
2022-04-26,883.0156860351562,889.4600147254256,869.549949126634,870.463707300903,3142879
2022-04-27,871.521728515625,886.5264423962659,869.1171325769924,875.3210018398557,1586283
2022-04-28,885.8532104492188,891.96086111054,874.5996888684439,884.8913720013911,3150038
2022-04-29,893.2113037109375,930.1458651177134,884.458538556731,888.7387314178467,4290688
2022-05-02,888.16162109375,889.7005390843775,868.1072548000029,887.2478628529582,2119174
2022-05-04,866.5203857421875,885.7571570211263,860.8455147325137,884.9876392051951,3925917
2022-05-05,844.638427734375,884.1218829345308,839.3001775656019,870.463765698403,4462293
2022-05-06,849.5918579101562,851.9002935822408,828.6237922615602,829.1047114677481,2350532
2022-05-09,851.6118774414062,857.3829087535297,834.9239433402695,834.9239433402695,2522123
2022-05-10,828.96044921875,856.853764422478,814.1962524122645,851.2270329413515,6975331
2022-05-11,822.1795043945312,833.9139453552552,818.5245299853774,820.4482069066122,2768829
2022-05-12,817.5626831054688,823.1894145597518,803.3274857761186,820.3520380949185,2700591
2022-05-13,848.8224487304688,855.0743987777754,827.3253824348069,830.0185184063005,4870689
2022-05-16,851.8040771484375,860.6049221312408,841.656693607724,848.2934021559978,2739020
2022-05-17,857.7194213867188,861.4224758660272,845.1674415954219,846.5621190624458,2317400
2022-05-18,864.8370361328125,874.3111210579327,854.1125143008187,856.998029551835,2878378
2022-05-19,850.8423461914062,865.6546831408695,844.8308553362613,851.2271050885216,2715634
2022-05-20,880.7073974609375,882.6791545360575,855.1224595476554,858.921733154424,2877917
2022-05-23,886.8631591796875,895.7601651240703,881.6211277199129,884.8914020359086,2195036
2022-05-24,875.1768188476562,895.3272871734728,872.3874638930675,892.5860711055861,2911410
2022-05-25,876.4271240234375,887.4401849696676,872.6278507660977,880.0820980446176,2405811
2022-05-26,865.6065063476562,887.2478710108546,859.4026367363475,883.7371372608857,4113170
2022-05-27,869.4058837890625,877.9662116108746,861.8073358057106,867.5302868862386,2374509
2022-05-30,854.4010620117188,880.5630789381847,852.6697645862379,870.463775465928,3541617
2022-05-31,827.7581787109375,849.1110048707818,818.7169321536443,834.1544281340447,24360628
2022-06-01,807.2229614257812,841.6086878135937,800.8267119160126,841.6086878135937,5999099
2022-06-02,826.7481689453125,829.9703627463973,801.0189922442898,804.8182655918002,3553217
2022-06-03,832.08642578125,841.6086499892266,822.227581595662,829.2490492974833,2618353
2022-06-06,826.9887084960938,840.5987463903853,825.2574109834745,831.9902803038525,2095566
2022-06-07,815.8795776367188,824.6804241493164,806.5978118328527,822.3719880688411,3031449
2022-06-08,814.9176635742188,821.410073404996,805.635898630056,812.8496873309194,3208941
2022-06-09,826.0748901367188,829.2008649510193,803.5679066973287,813.7152901225592,2297715
2022-06-10,813.4267578125,821.3619247216739,809.8679439423456,817.5626512482112,2124778
2022-06-13,797.844970703125,818.5244967671601,788.4670460926905,807.9442741297468,2191412
2022-06-14,793.5648193359375,803.7603423595477,790.4869244853012,794.478577625246,2461692
2022-06-15,790.9197387695312,798.3739866917715,787.889982902132,793.7571739133824,2008725
2022-06-16,783.5135498046875,794.4785312240614,775.7707623008988,791.2082571288914,2327414
2022-06-17,763.1227416992188,779.3777782400252,759.7563067184286,774.4724250361179,5719089
2022-06-20,774.5684814453125,782.4555683685847,764.1806380686423,770.4325879080964,2745302
2022-06-21,786.2548217773438,788.9960377696723,774.6165417663968,775.8188397816213,1342717
2022-06-22,778.415771484375,789.6692920155562,772.596661158947,782.9364235087244,2032073
2022-06-23,793.4205322265625,794.9594502085879,777.6463587339907,778.6081971492462,1778752
2022-06-24,793.1319580078125,801.9808834401393,790.1502823116618,796.3060718400526,1404748
2022-06-27,803.7603149414062,815.6389961793228,796.4022274015086,796.4022274015086,2980249
2022-06-28,796.9793701171875,805.5397563838311,793.564855129828,805.0588371262885,2823691
2022-06-29,806.6939697265625,811.5031622744661,792.4106326357102,792.5549318945328,2975927
2022-06-30,798.9030151367188,815.7833273648703,792.2182846894934,804.0969663924518,3809670
2022-07-01,797.6045532226562,805.0107212011889,793.5167397150334,798.229771712089,2316527
2022-07-04,797.7488403320312,807.6076845238674,790.5350518989804,793.8052674317205,2097164
2022-07-05,803.9046020507812,814.4848254914509,795.103815048711,797.7488709088784,2682730
2022-07-06,805.7321166992188,810.49322897705,799.5282466830122,807.9443334902018,2364840
2022-07-07,817.0336303710938,820.3519845506547,810.0122218803722,810.8778412059384,2327906
2022-07-08,824.9689331054688,826.700230748041,817.3223049193111,820.9291994688226,2927832
2022-07-11,824.5359497070312,830.0665203816483,818.6206201987543,824.1031106956527,1768048
2022-07-12,819.1016235351562,827.1810902243838,816.6008669773277,820.4482208853481,1695338
2022-07-13,827.3253173828125,830.3069929193118,816.9374157716197,821.9870673358553,2663538
2022-07-14,846.3217163085938,849.2553119808799,831.2208401767074,834.298735105812,4934156
2022-07-15,844.8789672851562,851.1789977592506,839.5407166112491,851.1309175751358,1413559
2022-07-18,849.1109619140625,861.4224821878087,845.0231485497276,854.6896131171394,2866600
2022-07-19,841.897216796875,857.2866326047227,840.1659192596846,846.4178694316228,1604458
2022-07-20,834.3948364257812,850.9384691312652,829.1528052511364,850.9384691312652,2885666
2022-07-21,836.4628295898438,844.3979967839869,830.739879084391,838.7231264597308,2321107
2022-07-22,841.1278076171875,842.7148646988516,833.4330992570532,837.7613727096287,1939758
2022-07-25,835.2124633789062,844.4942286684109,823.7185399193188,836.7995204345301,2419358
2022-07-26,834.5391235351562,843.9170480732932,829.1047130127245,836.0299613359249,1560211
2022-07-27,859.883544921875,862.7690601732907,833.0001494216606,834.3948268677032,2797789
2022-07-28,860.7011108398438,862.6247877338981,845.215535325091,861.807248536309,3183169
2022-07-29,907.2059936523438,915.6220796804635,845.4559564248334,862.7690476826798,11315800
2022-08-01,883.6409912109375,904.0800581683035,875.2729849977886,904.0800581683035,4219890
2022-08-02,882.2463989257812,891.2395657731373,877.2448267872984,883.6410765469878,2043767
2022-08-03,862.76904296875,882.7752699050949,859.4506887546019,880.0821341320025,2863168
2022-08-04,883.4486083984375,884.8913660604926,861.4224846086784,866.6164356744607,3151481
2022-08-05,880.9959106445312,893.5478902573312,877.1004767931048,884.4104252869926,3317738
2022-08-08,875.65771484375,884.698960704091,873.7340380173849,884.698960704091,2677742
2022-08-10,884.6028442382812,891.6242532617175,878.3508942423792,878.3508942423792,3077870
2022-08-11,885.9013061523438,891.5280963942985,882.4387111618801,887.776902899662,1526395
2022-08-12,878.5913696289062,887.5845359174451,872.5317989576047,885.9013185806413,1384417
2022-08-16,879.6973876953125,884.3623392147671,871.7141406208743,872.387439250131,1635836
2022-08-17,885.6608276367188,890.6623992875166,880.0821764018118,883.9295301784317,1828327
2022-08-18,881.765380859375,883.92951732726,861.0377744303792,875.2729714557199,2989998
2022-08-19,869.7993774414062,888.5685669539549,866.5666634479343,883.9365965682714,1708425
2022-08-22,849.7274169921875,871.8258541782368,847.411461383642,868.9791035252058,2860170
2022-08-23,857.3027954101562,860.7767587694752,842.0558057031238,843.551597189904,2314528
2022-08-24,850.1617431640625,868.4484348904075,847.3149922897322,860.7767024998226,3223687
2022-08-25,846.5911865234375,859.4739216202607,844.3717069591697,856.9166580339917,5016244
2022-08-26,849.341552734375,859.3292413000547,847.3632631171928,851.4162595274332,1542618
2022-08-29,848.4730224609375,850.161766037061,834.7218247696457,841.47679907414,2068888
2022-08-30,861.7900390625,864.1542920656483,851.1268404264677,852.0918368441847,3672052
2022-09-01,841.3319702148438,870.3301551016731,839.932772749329,861.7416647823253,2939235
2022-09-02,839.112548828125,847.266779614405,835.6868236287867,842.345321879998,1963435
2022-09-05,853.6358032226562,855.1315947814954,834.1911608435216,838.5818827421193,2808538
2022-09-06,856.6754760742188,859.5222269746787,851.657483471515,855.9517288401374,2252661
2022-09-07,862.4653930664062,865.0226566724594,848.7141965895432,848.7141965895432,1698682
2022-09-08,862.9962158203125,869.2204539983761,855.9517543120285,866.8079631463129,1772605
2022-09-09,858.8466796875,870.3301588517896,855.6622037785106,863.1891628994031,1405210
2022-09-12,856.6272583007812,863.8164927757811,854.1182324907312,860.0047454730508,1571387
2022-09-13,858.991455078125,862.0311579956984,852.5742063098618,858.7019090775672,2216354
2022-09-14,852.8155517578125,866.2772630532779,849.245053368166,853.6357751222276,1889322
2022-09-15,843.6962280273438,857.0614617210498,840.6082281801414,852.0917073654977,1780723
2022-09-16,837.6650390625,859.329218103813,835.49379735477,847.9422733719024,5625488
2022-09-19,844.2269287109375,846.2534561342469,826.8087585297908,841.8627350651201,1920725
2022-09-20,880.0283813476562,882.7303591888278,846.1087380828063,846.8324853026934,4408042
2022-09-21,873.611083984375,890.2090310862646,871.0538792884939,886.3972841598687,4153228
2022-09-22,876.2167358398438,879.3529741564512,863.961269715206,868.4002885179357,2317690
2022-09-23,888.8580932617188,894.2621080322705,871.005661211787,871.005661211787,4802181
2022-09-26,869.1722412109375,893.9243627329454,867.5799736428387,885.8184285737533,3760536
2022-09-27,865.7465209960938,878.0019278340437,863.0927809660534,873.5629680705489,3096645
2022-09-28,885.7218627929688,893.586606485121,860.8249691220439,862.7067237556136,5559336
2022-09-29,898.1220703125,922.0539668293244,892.7180556805074,892.7180556805074,8519098
2022-09-30,915.4437255859375,917.6632052041433,897.4465217779016,901.2582687845472,4182345
2022-10-03,911.43896484375,933.9716038878726,909.7502213938013,919.593194996099,4444578
2022-10-04,911.4872436523438,922.8259501806663,910.0397492019196,922.2469759599766,1856830
2022-10-06,920.5099487304688,928.3263948154862,914.3821871884663,921.2819339526549,3449485
2022-10-07,921.71630859375,927.8922500374613,913.079579281625,919.6415428337515,1762328
2022-10-10,912.9347534179688,920.847734992774,902.5128049798185,912.838277345802,1683827
2022-10-11,911.6802368164062,918.5799837876216,907.0965044799385,917.5184525389044,2426935
2022-10-12,922.1022338867188,926.3964793467644,908.109787063252,912.8865306896241,2875040
2022-10-13,934.50244140625,939.6651480568901,918.1939803605966,923.3566870112365,4498223
2022-10-14,942.1258544921875,945.5998764324298,930.2564120517646,941.8363673885086,3307000
2022-10-17,945.6964111328125,950.5213928222656,939.2309238892049,942.1259129028767,2647369
2022-10-18,944.1041259765625,950.5213750631189,938.7001701448212,949.3151296632926,2065146
2022-10-19,942.7049560546875,946.3719303978681,931.2697139900403,941.4504136831468,2424533
2022-10-20,946.0341186523438,948.4466094520883,932.7171812174942,936.0464303008819,1669666
2022-10-21,943.4769287109375,957.1798884506073,941.5951740775447,946.6614048373779,1791608
2022-10-24,952.4513549804688,955.2981058657736,947.7228495168303,951.4863586734976,191840
2022-10-25,956.842041015625,962.4390076093543,951.0038253540738,957.2280630836194,2119595
2022-10-27,976.2386474609375,977.9273911883408,957.7589425415844,964.0314192433681,4379157
2022-10-28,955.346435546875,968.373886940696,952.9821825882552,966.9263923413826,3934980
2022-10-31,981.3047485351562,991.3407334868544,956.504332161184,960.123068240109,3546309
2022-11-01,1000.315185546875,1012.2811637589886,983.4760464812857,986.1780244618171,5264069
2022-11-02,1015.1279296875,1033.4628615372294,996.5035695922757,1002.4383210925919,5923662
2022-11-03,1007.6491088867188,1018.6500904795881,1003.1619702426003,1008.4211530606543,2386317
2022-11-04,1003.4996337890625,1009.7721094756596,995.3453447180493,1008.7106371497144,1576349
2022-11-07,992.3539428710938,1013.1978398395468,985.2612434731524,1008.4211551708563,2853521
2022-11-09,978.072021484375,1000.3634721148014,974.6462962821337,984.344497648567,2268760
2022-11-10,975.2734985351562,986.5156696803454,971.5099895431287,974.6462274035857,2419991
2022-11-11,978.072021484375,995.3454205050054,974.50152327271,980.1950251966111,2390487
2022-11-14,981.3047485351562,985.6472318298662,966.9262802887481,982.9934920386546,1764788
2022-11-15,980.4844970703125,986.2262369418374,969.2905633416077,986.2262369418374,1703050
2022-11-16,982.9935913085938,986.9982909678087,971.8478359409651,971.8478359409651,1485506
2022-11-17,977.8789672851562,994.4286772244509,975.080513382308,987.4806921540599,1758031
2022-11-18,974.26025390625,982.2214734873636,970.7862907394261,979.712506633402,1130682
2022-11-21,968.0361328125,977.3483124503911,958.7238942759045,967.8913597974155,1108922
2022-11-22,974.7427978515625,976.9623365943698,961.3776218500668,970.9311093556618,1723123
2022-11-23,982.0285034179688,983.4277009271177,974.1155220172003,979.6642507148728,1311376
2022-11-24,998.8677368164062,1001.0872756258975,978.3133255490925,984.9235861405375,1994268
2022-11-25,997.661376953125,1001.617838127506,991.0028790854414,1001.617838127506,1948596
2022-11-28,998.5299682617188,1005.0436935922494,991.9679459949627,996.841224657507,1427648
2022-11-29,1013.101318359375,1014.4040397745018,997.8061509206987,998.7711471981848,1179559
2022-11-30,1009.4343872070312,1021.2555914191424,1002.9688415717659,1016.1410641104546,3060171
2022-12-01,1009.8204345703125,1020.8214170779127,1003.2102327969347,1018.0712009003656,1878374
2022-12-02,1003.59619140625,1013.1013817749918,998.5782575681806,1011.605708129704,2284133
2022-12-05,1003.0171508789062,1009.3378057959485,994.6699095482963,1005.6708906327339,2294634
2022-12-06,997.3719482421875,1003.5961271038245,987.4324394797966,1003.0171528976671,1321211
2022-12-07,982.1250610351562,1000.8460142768607,979.809046174781,1000.2670400111191,2954262
2022-12-08,946.4684448242188,982.3663222092487,940.871477557974,979.4713330475319,10021644
2022-12-09,958.0964965820312,962.1012545511259,945.6963184153494,946.4683036302349,4231753
2022-12-12,952.8373413085938,960.1712894068958,945.8411183455787,960.074813339299,1875104
2022-12-13,959.8336791992188,961.4741259369756,945.5034475233444,945.6964585803468,1863361
2022-12-14,965.237548828125,967.8912886524463,959.7370581397918,964.0313034534335,1570685
2022-12-15,967.1193237304688,971.7512942869523,963.1628034790568,965.9613163666726,1304660
2022-12-16,958.8685913085938,969.9177517584233,953.0303166096189,963.211074632572,2618988
2022-12-19,953.3681030273438,958.3860955495176,939.6169058004817,953.0303189843063,1547342
2022-12-20,953.7540893554688,955.9736280105296,945.1174194100407,953.368126166672,1352408
2022-12-21,970.4003295898438,974.1638390058116,953.8024390853304,957.2764024702973,2043630
2022-12-22,975.2734985351562,997.8544346899264,971.7994766428159,984.2479520176478,5163443
2022-12-23,966.4920654296875,991.8714572050447,963.5006003571987,976.5762888881644,3612433
2022-12-26,965.0444946289062,976.3832006439071,954.0918106760226,974.6462191617741,2307374
2022-12-27,965.14111328125,980.1950326299924,958.2413658888333,965.2375893557961,1870105
2022-12-28,960.1713256835938,975.2252445167408,958.2413330691544,963.9348348412307,1686511
2022-12-29,965.5270385742188,969.5317967886075,954.4778191321402,963.5970459694435,2162872
2022-12-30,966.3472900390625,971.5582345670192,958.9650450010843,968.8562567860012,1629162
2023-01-02,962.101318359375,966.3473256708925,952.6443663277591,966.3473256708925,1616012
2023-01-03,973.7777709960938,977.348269189327,953.4163720353855,958.2413536752407,1810117
2023-01-04,968.9527587890625,989.9897251941475,965.7200447518214,976.576253099019,2573870
2023-01-05,980.6293334960938,986.129824643856,972.9576004925336,973.777823856353,2246533
2023-01-06,973.3917846679688,986.0332127044396,968.9527663255902,979.4712496099455,1773153
2023-01-09,981.2564086914062,987.5288842872471,975.1287060918712,979.4711891966841,1567316
2023-01-10,976.4315185546875,988.1562475909556,974.6945369304594,980.4362769066512,1607654
2023-01-11,992.0162963867188,996.8895753118634,973.0540936210117,976.5763540305052,3258157
2023-01-12,996.6964721679688,999.2054391578325,985.4060618148777,995.8279518798676,1641398
2023-01-13,995.4901123046875,998.77112312855,984.4409523127061,995.0559111092415,1491367
2023-01-16,999.2053833007812,1003.1136654800537,990.1826913506526,995.4901710621872,1437532
2023-01-17,996.5516967773438,999.7362318936514,990.8583124745627,999.2054367751309,1245848
2023-01-18,1003.6926879882812,1005.0437064484134,994.0910213490474,996.5516913825029,1238451
2023-01-19,1004.1270141601562,1007.4562044985879,999.7362335828899,1001.7627023887791,824263
2023-01-20,994.2839965820312,1010.8337080586548,981.2565454519197,1007.5045176665902,2963571
2023-01-23,1012.5706176757812,1017.9745731452914,986.7086709180901,998.7711241077978,2106604
2023-01-24,1004.2715454101562,1014.1627569249284,998.3369127392076,1013.2460576108093,2088556
2023-01-25,1003.6444702148438,1009.0484260499471,994.235756090345,994.235756090345,1753333
2023-01-27,1006.877197265625,1014.2111458358804,997.80620817726,1008.3728709031157,3448013
2023-01-30,1014.8865356445312,1034.6207801534472,1003.789078478248,1005.4778219600737,3320916
2023-01-31,998.2886962890625,1023.1856485450538,990.1345244774845,1018.071120913447,5265462
2023-02-01,979.3748168945312,1007.4078901183276,969.9178055675844,1000.1704175101762,4717887
2023-02-02,972.3302001953125,980.1467051776568,958.2412784721197,974.5979767272895,2117181
2023-02-03,992.1609497070312,996.3103630362126,966.5885482647221,971.7512548077465,2332076
2023-02-06,987.529052734375,990.0380198411981,977.3001143466109,984.2963383199636,1215157
2023-02-07,971.1723022460938,992.4986969685833,966.9262949562669,990.3274552882923,2360600
2023-02-08,984.8809204101562,988.672687078018,969.7139724205668,976.9085259680679,1815142
2023-02-09,978.85302734375,992.8533329282069,973.6029572552761,975.1585203909136,1474402
2023-02-10,978.6585693359375,986.1934432643206,969.0334111481094,978.8530295635657,1530150
2023-02-13,987.0684204101562,989.1101043151168,974.1862174350914,980.2627282723861,1355766
2023-02-14,978.804443359375,989.7907639570055,975.4015970204052,989.742163734635,1832842
2023-02-15,967.7694702148438,978.4641295590905,963.0540620812329,974.1862420850207,2251350
2023-02-16,967.5264282226562,981.9641948762976,963.6860613349048,971.172334886801,1678410
2023-02-17,957.1719970703125,968.8388979995595,954.7413927100527,964.658270368098,1847026
2023-02-20,957.0747680664062,964.1235205007752,947.8870719906645,962.6651579281471,2157871
2023-02-21,944.6300659179688,963.2971194919625,942.2481210897091,962.5193379557393,1771813
2023-02-22,941.6647338867188,950.8524302806218,939.1855292955835,944.5814591329784,2605147
2023-02-23,945.505126953125,950.1232753881146,937.2896720795368,945.9912478410187,2835983
2023-02-24,943.5606079101562,956.0538905227248,936.9493759516655,943.6578083477074,1823835
2023-02-27,938.2618408203125,945.5536535711168,933.4006323197763,943.5605699540818,1548675
2023-02-28,930.0464477539062,948.9079617128484,927.5186429037473,942.102269364498,3819644
2023-03-01,932.6714477539062,939.2340792064749,924.6018535396732,924.6018535396732,1862513
2023-03-02,938.5048828125,940.1577055384047,924.699039073948,933.3520137713222,1510195
2023-03-03,940.0606079101562,942.831473267688,931.5534922709788,940.2064085736988,2215832
2023-03-06,938.4563598632812,952.310804958388,937.0465974415584,943.0745082283167,1989152
2023-03-08,930.9215087890625,938.2133221738331,920.7129700503834,933.3521132506527,4734482
2023-03-09,926.2546997070312,932.7687311076193,920.8587700222556,930.9214481008662,2994556
2023-03-10,929.025634765625,930.9215181328806,919.8379379404096,920.2268583945394,2001392
2023-03-13,927.6158447265625,933.2548944392012,921.2476730307274,928.5880864920618,1412106
2023-03-14,930.6297607421875,936.997931965441,923.9212693217075,927.0324546086101,1879695
2023-03-15,924.9908447265625,938.1161086359251,922.9977016231388,925.5741660528295,2189113
2023-03-16,940.5466918945312,943.0744967060323,925.2824845641967,928.7339309056055,2228093
2023-03-17,931.115966796875,941.8106264024045,926.3033581062009,941.6647663986847,2218687
2023-03-20,934.5186767578125,935.9284390047835,921.0530944317441,923.6295585155503,1955757
2023-03-21,929.6575317382812,938.2132468883528,926.7894068355672,938.2132468883528,1687239
2023-03-22,945.0675659179688,947.3523695980324,930.0464192554869,930.4353396855607,1626129
2023-03-23,950.51220703125,955.6650766354345,945.019017196974,947.9357425586932,1857923
2023-03-24,945.8453979492188,951.8247086705999,941.1300490226156,950.4635464335756,1534322
2023-03-27,956.1512451171875,963.4430588844025,936.268887710395,952.7969989160822,2473222
2023-03-28,956.88037109375,960.3804177629993,949.1996373005994,959.6026362077138,1394675
2023-03-29,964.3666381835938,968.8389266021343,951.8246955780126,958.2901271035503,3045795
2023-03-31,955.8109130859375,967.5750747565629,954.1581494584916,967.5750747565629,1822710
2023-04-03,951.873291015625,960.5748667067105,949.1024257134193,953.7691743312581,1671570
2023-04-05,969.4708862304688,971.2695097343467,948.227368355947,957.658125213545,1544121
2023-04-06,984.005859375,985.8531424512698,965.8249859761063,969.4708925680118,1423990
2023-04-10,980.60302734375,988.72128174319,978.7072033614003,986.825398419912,1110974
2023-04-11,981.2349853515625,993.8741280907949,979.5821625097851,980.60300447823,1786844
2023-04-12,988.4782104492188,991.881056613312,977.3460304156423,987.3115084676298,3246327
2023-04-13,975.6445922851562,995.4296880834172,974.186229665896,993.9227252450336,1445693
2023-04-17,970.9778442382812,981.8669636688428,967.4291381266718,971.7070255482618,1768817
2023-04-18,976.9085083007812,978.3182707205641,960.8665192653633,971.2695179625774,1217390
2023-04-19,967.86669921875,981.3808837980556,965.4360947505965,975.6446335168414,2174563
2023-04-20,960.3317260742188,974.2833705425217,956.4427593272717,971.3666454823115,1638094
2023-04-21,961.984619140625,966.6999679296684,957.6095312304466,966.6999679296684,1216575
2023-04-24,951.9705200195312,955.2275061003987,932.6228857270305,947.9356930767315,3485350
2023-04-25,945.505126953125,955.6164651576842,940.157797186295,952.7969402715296,2377746
2023-04-26,944.2898559570312,949.6857861228854,936.4633212713393,948.7135443149501,2911028
2023-04-27,951.5330200195312,954.3524855119798,936.8035336557025,941.1300213451544,2777173
2023-04-28,960.2346801757812,964.9500293789424,951.970624508556,957.6096153309467,2009995
2023-05-02,946.039794921875,961.4498618070659,943.3661301886417,960.2345596555962,3152556
2023-05-03,936.8521118164062,945.4078865544693,932.8659444405243,943.5606035221771,3087472
2023-05-04,946.9635009765625,948.8107841090897,938.3591848939993,940.789789362625,1197830
2023-05-05,943.511962890625,950.1231945351948,940.9840988841353,946.9634090327753,1062645
2023-05-08,935.1506958007812,942.1022479924106,934.3243140564568,935.2965557984511,2676958
2023-05-09,930.8729248046875,940.011962135116,923.1435906138264,935.1994126899683,6902170
2023-05-10,927.32421875,933.3035295678377,925.1852749177125,930.4354043841519,2180917
2023-05-11,934.3729248046875,937.1438494051522,925.5741488086728,927.3241720957978,1296607
2023-05-12,929.4630737304688,936.3659661274528,925.5741068947764,934.3242822750842,2014927
2023-05-15,926.54638671875,929.2200515282742,921.733778193421,926.54638671875,1814239
2023-05-16,914.8308715820312,935.8312693025066,911.9627465982119,926.5463726099105,2625163
2023-05-17,909.9696655273438,919.0601020310642,903.0667135907403,915.1225348647715,2956985
2023-05-18,903.8446044921875,916.8240086621139,896.8444517307172,916.8240086621139,3014019
2023-05-19,900.1499633789062,908.4626774713313,898.6430005967388,906.12927363119,1309343
2023-05-22,911.4280395507812,916.5809089527626,897.2332744095395,900.1499996568036,1382485
2023-05-23,905.7403564453125,929.6575381989329,903.309752161871,911.4766062906046,3057684
2023-05-24,925.719970703125,928.2963756378358,906.7125977425943,909.5321224464626,2953574
2023-05-25,918.7684936523438,925.2825255284353,916.5323493984129,923.3380419439858,2331464
2023-05-26,942.9773559570312,949.5885884017645,910.9905766478579,917.747669100572,4137189
2023-05-29,941.5675659179688,946.2343146047306,920.1296464868643,943.0259285913899,5344765
2023-05-30,932.9631958007812,940.5953294392767,929.75480976935,938.213325191072,2624815
2023-05-31,948.2760009765625,952.1163678943368,934.0812946562276,938.2133222412277,5595631
2023-06-01,960.2831420898438,962.956806773563,947.9356605913915,952.6024088984258,3261906
2023-06-02,971.8528442382812,975.8390710780283,953.7691711515947,959.165101077386,3734815
2023-06-05,980.7489013671875,989.4504772177638,970.7834230633326,977.4432555592932,3629780
2023-06-06,985.6587524414062,987.7490961060347,976.130794404055,980.8948030931965,1632644
2023-06-07,986.4364624023438,989.2559872325471,981.9641740588428,986.8253828413124,1608613
2023-06-08,959.6026000976562,987.7976106375063,955.9566935623308,986.8253688947528,3395935
2023-06-09,956.6372680664062,963.1998997848249,953.7691430768381,956.6858682850241,2306206
2023-06-12,958.0956420898438,962.4221297350715,953.8177546638132,960.4776462397716,593319
2023-06-13,960.672119140625,968.352853259275,958.1929143664306,962.5194023360262,2413311
2023-06-14,959.3109130859375,967.3805074608936,956.9289090134517,964.0748618899838,2139387
2023-06-15,960.9638061523438,967.186117985526,958.3387414588613,961.0610065946867,2731724
2023-06-16,964.4638671875,967.0403316981128,959.7971184080045,962.5193835842994,3611214
2023-06-19,973.9917602539062,978.7557685015547,966.1652261392778,967.5263883074421,1327862
2023-06-20,964.4152221679688,979.7766300515214,962.1304184357803,979.6794296122484,1445688
2023-06-21,964.3666381835938,966.2624621678244,956.2969839965532,964.4152384040484,1396686
2023-06-22,962.8109741210938,968.5472240690533,959.6997887144195,959.6997887144195,5384143
2023-06-23,963.9291381835938,968.3042262550239,950.1718930670585,966.4083428892181,1218237
2023-06-26,967.3319702148438,975.936286225563,963.9291239871808,966.4083286562924,2066932
2023-06-27,973.9917602539062,975.498723078064,958.6303526775627,972.1931367768351,4647465
2023-06-28,993.4366455078125,997.0826115478611,967.3805774996266,967.3805774996266,5296330
2023-06-30,1022.4095458984375,1025.7151920547037,991.7353261938039,993.3881492719369,4765060
2023-07-03,1004.0340576171875,1024.4025945003948,1001.4090522345595,1023.770613595137,2338356
2023-07-04,1019.6871948242188,1024.645604012612,1001.3118020137223,1011.1314199518841,1549174
2023-07-05,1015.7009887695312,1028.3401325152472,1013.7079642341326,1025.71512705619,1840716
2023-07-06,1013.56201171875,1027.2705964862014,1011.1314073741007,1011.1314073741007,2551103
2023-07-07,1006.9507446289062,1022.0204919279075,1000.1937118611287,1004.8118602269516,1721224
2023-07-10,1015.9926147460938,1021.8260651656886,1002.4784308709953,1007.2424391167016,1221769
2023-07-11,1042.4862060546875,1044.9168104054795,1019.930245152079,1022.7983108132723,4369937
2023-07-12,1048.8056640625,1053.6668722389195,1040.2985497537659,1045.1597579301854,5088473
2023-07-13,1045.7918701171875,1051.8683811011322,1041.9514439662214,1051.8683811011322,1541690
2023-07-14,1043.166748046875,1050.021099921885,1035.4374735340812,1049.9724403611835,2641580
2023-07-17,1047.687744140625,1051.0420495731785,1040.7848510693443,1043.8959773690633,1254025
2023-07-18,1037.5279541015625,1048.951796281004,1034.8056293435004,1048.5142162224558,2238739
2023-07-19,1051.8197021484375,1055.854529103759,1034.3193508373256,1037.5277960504372,2311282
2023-07-20,1067.1810302734375,1073.8408615862925,1052.2571452498687,1055.903051298713,5218991
2023-07-21,1066.6951904296875,1073.549424397787,1060.0838982469966,1072.771702111621,1879610
2023-07-24,1069.8548583984375,1076.611891170062,1062.1741247440089,1063.6324873866781,2130036
2023-07-25,1064.653564453125,1079.1885337182925,1060.5215362834829,1079.1885337182925,1702900
2023-07-26,1081.1328125,1083.4662164072338,1063.7296616559406,1066.5978459917385,1321572
2023-07-27,1103.4456787109375,1123.2794332849187,1085.313465807326,1096.688646314981,6366612
2023-07-28,1110.861083984375,1116.08095085347,1094.3720596684998,1102.4701363798963,2677679
2023-07-31,1115.5931396484375,1117.1542046730701,1099.5919551672926,1112.2758020325764,1718336
2023-08-01,1115.6417236328125,1124.6180549177482,1108.3729521768753,1115.593011072998,1448567
2023-08-02,1107.64111328125,1116.4710680570563,1099.0550785920504,1116.129484654523,1731918
2023-08-03,1113.2513427734375,1141.2533227731062,1095.0548793889393,1102.7627784133897,8460399
2023-08-04,1111.2510986328125,1117.1540124527908,1093.7865154661458,1101.5431266892583,3527805
2023-08-07,1132.56982421875,1138.375074795405,1105.933702404621,1111.2511127949485,3353219
2023-08-08,1120.71533203125,1136.2773870032058,1112.2268409634087,1133.9357301878838,3073468
2023-08-09,1124.764404296875,1131.1063268491525,1112.5683993886491,1123.1545078286672,1306791
2023-08-10,1122.3251953125,1129.7403424235056,1115.7880652673375,1122.6178279672445,1443067
2023-08-11,1104.8118896484375,1123.0083564291497,1103.006904381541,1122.0815075114997,1756630
2023-08-14,1106.6654052734375,1114.2269277692446,1093.2498008453929,1103.4944442268088,1824622
2023-08-16,1115.8370361328125,1117.6420212512173,1094.5671534303763,1107.3485442572717,1224080
2023-08-17,1116.9588623046875,1121.0078402945953,1109.8363484279823,1115.8368061321107,1964341
2023-08-18,1107.2998046875,1121.349627472039,1101.5432660137822,1113.2514318172944,1473774
2023-08-21,1109.739013671875,1116.0809368598784,1099.738288644639,1102.4701225569593,941384
2023-08-22,1109.8853759765625,1119.1055088578905,1102.518940723118,1107.3973431156983,1438879
2023-08-23,1096.3720703125,1102.9579133277032,1083.590680281096,1100.567543873943,3050418
2023-08-24,1091.103515625,1105.543515098633,1086.127449954077,1096.2745506473664,1575291
2023-08-25,1079.3953857421875,1095.9819542568093,1073.4924710713344,1090.8107999616013,1515282
2023-08-28,1089.8349609375,1096.811099324252,1078.2731725043661,1083.0540300835,1959645
2023-08-29,1084.56640625,1097.6893802698485,1079.5416279182846,1097.6893802698485,1749707
2023-08-30,1087.7861328125,1091.9327746307947,1083.4931151097073,1090.3228781045457,1543173
2023-08-31,1084.56640625,1091.6400897854533,1074.9071456019533,1091.6400897854533,4782404
2023-09-01,1082.029541015625,1090.3228242425257,1078.85857978181,1084.9565821545311,2715249
2023-09-04,1081.93212890625,1086.9080756296516,1075.199909644413,1086.9080756296516,1205294
2023-09-05,1104.3726806640625,1108.37294652751,1080.273303059407,1083.0052558499438,1698118
2023-09-06,1114.568603515625,1121.0569027084575,1101.5921242315844,1109.3487366227296,2960249
2023-09-07,1105.4947509765625,1113.6903712488845,1101.152901633025,1112.275682276109,1863837
2023-09-08,1102.957763671875,1110.373029341917,1101.0552346996096,1105.4457961140076,1789037
2023-09-11,1109.2510986328125,1112.2756841289809,1098.323406415489,1102.9578884326932,2032253
2023-09-12,1117.39794921875,1125.740064063777,1109.4461303439575,1114.2758196600919,3989578
2023-09-13,1120.8128662109375,1128.5694777967362,1114.5197752339018,1121.0567863123981,2115524
2023-09-14,1115.9832763671875,1122.9105833074516,1111.056042763028,1120.8128466511776,2065163
2023-09-15,1121.83740234375,1125.7401240508402,1116.1784082278232,1116.1784082278232,2404169
2023-09-18,1119.73974609375,1128.8623349194904,1114.7637993798573,1121.0568909442477,962842
2023-09-20,1125.1058349609375,1127.8865001765184,1111.299933997452,1120.0810572687226,2303191
2023-09-21,1118.276123046875,1128.8133999885135,1113.3977210086316,1121.0567883883514,2088934
2023-09-22,1104.8118896484375,1120.081314666085,1100.8604547292807,1114.7150714337997,1585418
2023-09-25,1096.7135009765625,1109.153424939049,1094.3718444103627,1098.8111183634662,1009279
2023-09-26,1098.4697265625,1102.5188239397687,1091.2984996253374,1097.640422063929,1966198
2023-09-27,1112.2269287109375,1118.0322990966813,1095.8842804773403,1098.76260938841,2332018
2023-09-28,1104.762939453125,1123.9837952556554,1101.39677068866,1115.153840195686,2685663
2023-09-29,1130.4720458984375,1139.0092488442654,1106.71425352094,1106.71425352094,2288577
2023-10-03,1113.6904296875,1133.6918794095438,1111.5439802848068,1131.3503415526498,1946966
2023-10-04,1096.4698486328125,1111.300145337312,1085.9324510627112,1110.4220090228653,1803871
2023-10-05,1091.8839111328125,1101.2017065875955,1084.7615156782597,1097.2989849900507,2348562
2023-10-06,1099.8846435546875,1104.6166700228255,1095.7867141119548,1100.567572244333,1056281
2023-10-09,1095.7379150390625,1106.2264792833375,1082.0295578512496,1083.9809186408822,1080276
2023-10-10,1099.1041259765625,1102.9093038948097,1092.5671140130921,1094.7135635558839,1092093
2023-10-11,1101.2991943359375,1106.8605246866264,1095.054816279736,1100.5674340739204,1456045
2023-10-12,1102.9091796875,1105.0069164281294,1093.9328482884755,1101.5432032679078,1221965
2023-10-13,1117.44677734375,1119.3004747686855,1094.7133770425967,1098.7136427462274,1934884
2023-10-16,1107.6900634765625,1119.3493972234246,1105.494782462178,1113.7392346311085,1144308
2023-10-17,1109.153564453125,1116.17841593374,1106.4216115986549,1110.9585494347925,798807
2023-10-18,1125.3499755859375,1133.5457160655587,1106.470580673244,1109.3487906688922,2178517
2023-10-19,1113.7391357421875,1122.0324188379461,1107.3972133748425,1119.4956737113296,1765065
2023-10-20,1114.422119140625,1117.1540719353477,1105.543451210195,1110.3243090501535,957910
2023-10-23,1095.1524658203125,1121.251917675701,1090.8107354887545,1107.39730302302,702730
2023-10-25,1093.0548095703125,1102.2261101313316,1085.7372065046402,1097.640459850822,1800673
2023-10-26,1076.8583984375,1090.7618439902894,1070.8092276621937,1088.8104832109505,2223975
2023-10-27,1084.273681640625,1092.5669650825398,1080.712424342304,1084.9566102834322,1250965
2023-10-30,1088.0787353515625,1092.713217255448,1077.0047866226007,1088.5665755519715,1078813
2023-10-31,1062.1256103515625,1092.371701348557,1042.3680831680417,1092.2253254750246,6475786
2023-11-01,1089.0543212890625,1105.0067897400268,1056.271486485446,1065.442905277939,3973264
2023-11-02,1105.299560546875,1109.885330067187,1083.5906707978613,1100.4211583560855,3454692
2023-11-03,1113.348876953125,1117.8369829580222,1103.9823689642938,1110.8121317418015,1741756
2023-11-06,1122.032470703125,1123.0081511124322,1112.2756666100543,1112.3732108306626,1428537
2023-11-07,1142.4730224609375,1145.0098870169816,1118.666513779232,1121.0568833397863,1811831
2023-11-08,1148.0831298828125,1154.1324200916754,1142.5217989971707,1146.4245207700046,1702301
2023-11-09,1147.5953369140625,1154.473931962559,1138.4727482147587,1152.278650874948,1849169
2023-11-10,1150.668701171875,1152.7664379346947,1141.6436571169484,1145.4976663094812,957539
2023-11-13,1149.1566162109375,1158.669501712347,1145.205062285084,1151.400610047727,816825
2023-11-15,1152.1810302734375,1155.595911738918,1142.5217703078986,1150.8150538669227,2246320
2023-11-16,1160.62060546875,1165.8404715096206,1150.9125145463186,1153.2541712015666,2205723
2023-11-17,1165.547607421875,1169.25524002712,1159.0593099134928,1160.8644136643793,891965
2023-11-20,1159.1083984375,1169.1091232556687,1156.4252771448207,1166.913842198022,1054810
2023-11-21,1172.1826171875,1175.6950432890337,1157.4010332793496,1160.0841547474367,999135
2023-11-22,1174.8167724609375,1185.2566244386483,1169.8408261284205,1175.6949086611733,1401782
2023-11-23,1169.6456298828125,1180.4756577499195,1165.6940768967586,1174.2801114607657,1177434
2023-11-24,1166.3770751953125,1180.1829765413602,1163.7916174417473,1170.81646861278,1376695
2023-11-28,1162.3768310546875,1171.1579547327628,1160.81576622113,1168.0358250656477,886708
2023-11-29,1172.9630126953125,1180.0855277627218,1155.6935160272376,1162.962287883764,1813462
2023-11-30,1196.037841796875,1201.2089957619257,1163.3525471048847,1163.3525471048847,4672807
2023-12-01,1201.306640625,1211.6488303199033,1195.2086373730965,1203.0629132021986,1749751
2023-12-04,1201.208984375,1209.84373235414,1190.8179639824418,1207.160611173516,1615837
2023-12-05,1209.4046630859375,1213.3560971653324,1190.8667358595565,1196.0866020740316,930042
2023-12-06,1210.1854248046875,1227.4062114485982,1203.3069479423689,1218.1860772941902,1704590
2023-12-07,1209.160888671875,1211.6976341460563,1199.0137876735266,1201.0626928987645,1478355
2023-12-08,1205.7459716796875,1217.2589297572015,1200.7211934421432,1205.9898917970283,1612113
2023-12-11,1211.2095947265625,1216.0391647562817,1185.5491542110747,1205.94089708403,1172972
2023-12-12,1188.378662109375,1219.6004331992765,1183.158796075603,1218.624752852717,2832873
2023-12-13,1203.111572265625,1209.4534953655834,1183.1589541533274,1188.6715726682307,2448178
2023-12-14,1201.35546875,1209.7462973795573,1194.4768734614809,1208.8681610935469,2341190
2023-12-15,1205.697021484375,1216.1855854989064,1203.0139004574019,1210.8193434449602,3474624
2023-12-18,1222.2835693359375,1237.0651505902556,1203.989562610694,1205.6970032383833,2135393
2023-12-19,1214.67333984375,1237.113990401717,1206.428887605492,1234.0406922370296,2187458
2023-12-20,1202.1846923828125,1224.4789668838403,1198.574603250551,1224.4789668838403,1837031
2023-12-21,1203.5018310546875,1207.843561402037,1179.158651549153,1194.3304110350014,1916222
2023-12-22,1213.405029296875,1220.5762568658108,1205.9898816126583,1209.8437717934496,2058127
2023-12-26,1217.161376953125,1219.6005781093438,1209.1608448013753,1213.405030992872,1796483
2023-12-27,1221.9908447265625,1224.8691733095552,1211.0632721073052,1219.6004754353528,2005268
2023-12-28,1231.4549560546875,1233.8941568870655,1219.1614076798228,1224.4299861964769,2043365
2023-12-29,1228.8206787109375,1241.0166841731589,1222.088578977084,1231.4062556892516,1840160
2024-01-01,1229.60107421875,1233.2110436180712,1222.0395520404559,1230.3328344295528,733452
2024-01-02,1264.6768798828125,1267.4088326284295,1226.5766319333552,1230.3329776323708,3174447
2024-01-03,1267.0186767578125,1272.9215914387344,1259.7499046546554,1264.6770197314293,1699057
2024-01-04,1281.01953125,1296.1914090835303,1265.5063081990133,1272.2872393262503,2851729
2024-01-05,1268.57958984375,1285.9467483498163,1255.7006563931816,1285.9467483498163,2960339
2024-01-08,1273.5557861328125,1278.0926051118295,1267.7017032162776,1273.653330361097,1678133
2024-01-09,1291.8009033203125,1301.0210358430927,1275.0679599441407,1282.970947692469,1712486
2024-01-10,1292.630126953125,1301.0697860560751,1281.2147141536816,1297.7037363874624,1278475
2024-01-11,1284.2393798828125,1299.5088025978487,1278.3364655767978,1295.7036250593542,1320281
2024-01-12,1293.703369140625,1297.6549223719508,1273.7995844095917,1286.9224380515811,1538242
2024-01-15,1297.0206298828125,1307.4116492738544,1289.4591072844003,1296.8742540122,1475983
2024-01-16,1281.50732421875,1299.1672340576165,1275.7509053624813,1297.7037135141707,824502
2024-01-17,1267.4088134765625,1288.3371099845504,1262.8718758897542,1280.092658415127,2544642
2024-01-18,1303.26513671875,1310.7291158420103,1258.62775696589,1267.3600491894647,2842572
2024-01-19,1303.1187744140625,1311.7048099436447,1296.825683204296,1307.4117921788536,1605745
2024-01-23,1344.7803955078125,1360.683915188274,1283.9954565720022,1283.9954565720022,4129729
2024-01-24,1348.4879150390625,1356.195814351021,1327.2668654260158,1346.4390099312295,1719845
2024-01-25,1335.0235595703125,1356.2933211577015,1315.705039711435,1349.9026859000116,1870910
2024-01-29,1366.78173828125,1386.295344478938,1322.2419083147067,1331.803622992214,3413149
2024-01-30,1338.389404296875,1374.928582601867,1335.8526594267096,1367.8061881241565,1935332
2024-01-31,1383.9537353515625,1403.9064698335626,1333.6574851140176,1338.3406793010247,5796356
2024-02-01,1373.709228515625,1395.6620384261446,1364.8793919903635,1392.2959885471782,2442481
2024-02-02,1382.1976318359375,1398.9792867032309,1370.9773074847008,1374.7336531210974,1775449
2024-02-05,1428.2010498046875,1430.3474990931038,1388.9786253672232,1392.1008741795545,3481964
2024-02-06,1439.2261962890625,1442.0556933914122,1411.3705911287032,1414.7366410132258,1893995
2024-02-07,1459.81298828125,1463.9596300421563,1444.3973091957896,1446.9340544527274,2259235
2024-02-08,1463.13037109375,1470.8382704274243,1449.2269247563763,1464.5451791995756,2213750
2024-02-09,1506.0107421875,1510.13191196876,1464.2588340710736,1472.7466039911415,6343881
2024-02-12,1505.667236328125,1525.9299142772393,1492.5676752572829,1510.9659688344648,4059288
2024-02-13,1513.2718505859375,1521.906830871901,1496.836041806373,1508.6600596167298,4687838
2024-02-14,1491.8807373046875,1516.8043143514665,1479.7624195021447,1516.8043143514665,2105672
2024-02-15,1481.57763671875,1500.3684489948828,1477.3092570616939,1500.3684489948828,2161691
2024-02-16,1481.626708984375,1493.4507261807462,1476.622397392836,1486.5820303310318,3480879
2024-02-19,1501.398681640625,1503.9989974533648,1479.1245313847187,1486.43473793737,777823
2024-02-20,1509.8375244140625,1513.0756720134739,1483.883712712306,1503.2632487189637,2230669
2024-02-21,1514.4493408203125,1520.4348947007138,1504.2443972740848,1511.1622031776828,1993748
2024-02-22,1528.824462890625,1531.7190794783833,1506.2067821904666,1520.5328944037267,1981678
2024-02-23,1531.9644775390625,1539.029373894757,1521.3180229803293,1528.7754401959069,1340283
2024-02-26,1527.7452392578125,1537.5086725747133,1519.6499898155357,1532.700561071067,974892
2024-02-27,1553.061279296875,1555.7105856440753,1519.9934610822268,1527.548979020951,2140963
2024-02-28,1544.3280029296875,1557.6728728107598,1533.3381382701082,1556.7407406387615,578316
2024-02-29,1548.3511962890625,1558.0165284995628,1527.303597451945,1545.4565794968285,2350244
2024-03-01,1530.001953125,1552.2271136777301,1519.0120880181387,1550.3627294773128,4069161
2024-03-04,1522.9859619140625,1539.6670789553568,1519.8460348537994,1521.4651084050918,2298105
2024-03-05,1544.6715087890625,1546.8303136168267,1506.5993811909898,1524.6542626260118,1408172
2024-03-06,1573.9124755859375,1576.6108916132823,1537.0177931318017,1545.456452024845,1761032
2024-03-07,1575.58056640625,1589.563267878529,1570.3800545690967,1580.5358874718013,2440999
2024-03-11,1563.7076416015625,1596.4811570421266,1556.6427452416842,1584.8534602170753,2994345
2024-03-12,1554.5821533203125,1573.716377302802,1550.5099740038268,1562.3338713144203,1294598
2024-03-13,1529.3642578125,1562.3339758475508,1515.0381438795944,1551.5403103147298,2881503
2024-03-14,1540.74658203125,1544.76977120862,1517.2458773086817,1537.8519652139248,3062556
2024-03-15,1519.1590576171875,1543.9845320698323,1512.29036252695,1539.3236318300283,3421374
2024-03-18,1541.7769775390625,1546.683189082544,1514.4983934450831,1519.2084044390476,2281873
2024-03-19,1519.404541015625,1550.1174718969055,1511.505612631529,1544.4753288594582,3692624
2024-03-20,1520.287841796875,1530.6889869613497,1491.979023382333,1530.6889869613497,3412218
2024-03-21,1535.84033203125,1541.3843747368362,1513.615290744956,1535.4479309530714,2567975
2024-03-22,1578.7205810546875,1590.5935875795867,1536.7233674741144,1539.470893514167,4941447
2024-03-26,1568.1231689453125,1584.4117658528314,1563.2169578418102,1565.1304520405029,3649049
2024-03-27,1574.0596923828125,1595.6470206908807,1562.2356760109494,1571.9499977056885,2530169
2024-03-28,1590.152099609375,1603.3497593243999,1577.788352030053,1579.7508364355906,4427587
2024-04-01,1598.68896484375,1603.1045550489346,1588.140610464698,1600.994860217014,1148498
2024-04-02,1591.8201904296875,1602.3685442882907,1579.701872976145,1598.688885965522,1921533
2024-04-03,1589.4652099609375,1598.3944903408133,1564.2963226841675,1578.8187556702956,2098379
2024-04-04,1588.974609375,1597.4623787711405,1557.3786569208612,1590.4955827706929,2439461
2024-04-05,1578.81884765625,1608.1089061131531,1575.973221053649,1580.7813322400366,1548980
2024-04-08,1569.6932373046875,1588.5331610678522,1567.0439310441975,1580.7813230508468,1170390
2024-04-09,1572.48974609375,1578.6715001269836,1562.0884828793908,1570.968772761308,1389391
2024-04-10,1573.9617919921875,1578.3282724058622,1554.0425249753089,1572.980549671761,1928878
2024-04-12,1511.113037109375,1565.0813598632812,1505.2255837180398,1565.0813598632812,8258068
2024-04-15,1511.162109375,1515.1360684465296,1475.592079357776,1489.1331499511796,2474028
2024-04-16,1508.7091064453125,1514.3512495213524,1496.5416782904379,1506.2068907341527,2058697
2024-04-18,1487.955810546875,1516.559046834244,1478.1923780371712,1516.559046834244,3266796
2024-04-19,1494.2357177734375,1499.6325500457233,1475.4938953306996,1476.7695581436399,2536516
2024-04-22,1511.2113037109375,1518.9631421521929,1493.4017312857932,1499.7798064950885,1680307
2024-04-23,1456.80126953125,1533.1418415222486,1449.9815643104523,1532.7003304404209,9160422
2024-04-24,1457.880615234375,1474.8070433769246,1451.6006411268277,1456.8012727582052,4652803
2024-04-25,1491.63525390625,1498.6511591202218,1460.7261266862852,1462.050779611034,3846327
2024-04-26,1478.2906494140625,1503.2632182807206,1471.912574401775,1502.2819759711379,1794350
2024-04-29,1493.0582275390625,1499.1420015362514,1481.7249510866986,1487.563294733624,1091667
2024-04-30,1473.9239501953125,1500.466600797629,1468.9196387089266,1498.3569060177226,1991646
2024-05-02,1490.5069580078125,1501.3006226148473,1473.8258399787585,1474.8070822157617,2494925
2024-05-03,1482.80419921875,1508.169286555722,1473.335187874702,1498.3568643920544,3183226
2024-05-06,1500.4666748046875,1505.2256759648935,1480.4493080912862,1489.5257992925087,1240626
2024-05-07,1486.9254150390625,1514.20399741795,1481.7738932422997,1507.1389813712035,1532550
2024-05-08,1493.2054443359375,1497.1795234947892,1474.071219815122,1481.6758475092922,1026357
2024-05-09,1466.61376953125,1501.2515494802706,1461.8547685209535,1492.6656796955167,1477007
2024-05-10,1478.2906494140625,1497.8172755503142,1463.0322835878292,1466.6138419739173,1528487
2024-05-13,1496.443603515625,1501.300704942925,1473.8259208001787,1484.6195859991146,1628326
2024-05-14,1516.2645263671875,1518.9138324243547,1487.6123017216169,1496.3943715968037,2206236
2024-05-15,1498.7493896484375,1521.1707504023389,1491.8315840904615,1516.2645393060566,1207536
2024-05-16,1507.4825439453125,1512.2415449880702,1480.0077604466946,1500.3194274780956,2684392
2024-05-17,1502.6744384765625,1508.4637918343121,1491.6354629225889,1507.1881289691883,1341676
2024-05-21,1512.0452880859375,1529.069937970908,1495.413278861219,1501.3007327150033,1791791
2024-05-22,1510.42626953125,1534.662905614346,1477.1621327232688,1517.9817870750596,3948239
2024-05-23,1467.0552978515625,1481.6758316698454,1439.4824139467967,1481.6758316698454,11618479
2024-05-24,1458.8128662109375,1477.456469741132,1449.3929641728446,1475.7884057585463,5307322
2024-05-27,1438.55029296875,1472.844662753556,1433.1534604270148,1458.8128502328236,3474806
2024-05-28,1437.421875,1451.3554678037474,1428.639684511391,1441.3958344626303,2616438
2024-05-29,1451.208251953125,1466.9572387833891,1438.1578012289365,1440.561796952179,2843365
2024-05-30,1431.7305908203125,1449.6873725070577,1422.3106888619184,1448.3136093550822,3133423
2024-05-31,1432.41748046875,1451.6498045590222,1412.9888360606965,1437.5198922423058,5503924
2024-06-03,1425.7940673828125,1469.9008576215206,1423.7824729030883,1468.4289942794428,1855318
2024-06-04,1403.029296875,1448.6080741688013,1351.3668651546072,1434.183740303603,5055952
2024-06-05,1459.4017333984375,1462.0510397192636,1405.1389858241514,1422.506926773024,2487724
2024-06-06,1445.075439453125,1465.975947663357,1427.7566092559734,1465.975947663357,3004955
2024-06-07,1478.5849609375,1481.7739984667194,1444.5359004608263,1452.1405284151185,3404664
2024-06-10,1484.7176513671875,1493.156310913675,1476.8677132252362,1490.5070047029867,1433942
2024-06-11,1471.6180419921875,1496.394408426795,1469.2630366719968,1495.413166191761,1441589
2024-06-12,1478.5849609375,1486.140598644292,1467.7912954539881,1471.8634750243334,994784
2024-06-13,1482.4608154296875,1486.1894640515413,1469.9008669189625,1486.1894640515413,1412477
2024-06-14,1487.563232421875,1489.5257168973656,1477.3092989496554,1485.4535376546135,937490
2024-06-18,1492.42041015625,1494.284794459729,1481.8720555592968,1494.0394838877069,1478241
2024-06-19,1475.788330078125,1501.1534180452334,1471.8633611151513,1496.3453071094812,1537367
2024-06-20,1443.4073486328125,1460.0393568452203,1439.4823796358505,1460.0393568452203,4168375
2024-06-21,1439.7276611328125,1460.0884373935082,1433.496796932034,1452.3365998248933,4426556
2024-06-24,1466.466552734375,1474.7090116473055,1447.3814387525272,1447.3814387525272,3726155
2024-06-25,1476.9659423828125,1479.7134688844776,1464.3080118487667,1469.9501553806538,1833311
2024-06-26,1492.6168212890625,1500.2214494843952,1467.2026205253226,1473.8260063728703,2563493
2024-06-27,1487.80859375,1499.3873004627148,1476.769618198681,1496.3944636232482,3881458
2024-06-28,1492.3221435546875,1510.082603033465,1487.170622116392,1491.4881116588808,2634599
2024-07-01,1491.58642578125,1501.3007486995348,1475.6412380908139,1492.3223575208087,1451094
2024-07-02,1495.462158203125,1506.108611656982,1479.9584842008237,1485.600626607026,1336816
2024-07-03,1505.176513671875,1507.433418777382,1470.1953230003573,1490.8504006618987,1061099
2024-07-04,1528.67724609375,1541.531494947195,1497.3755959830805,1506.2067757759035,2630823
2024-07-05,1538.98046875,1545.2113334858304,1527.7942824178047,1532.7004939862627,2481046
2024-07-08,1527.2054443359375,1545.2603254849207,1521.8576022664593,1541.1390362138713,1120204
2024-07-09,1555.6614990234375,1560.0770891822638,1520.7292986119448,1535.4479324746987,1492840
2024-07-10,1568.5648193359375,1571.116025185403,1538.1953003589401,1562.9226764966854,1899956
2024-07-11,1552.0799560546875,1572.440733097921,1542.8072645423988,1570.9688696972053,1707500
2024-07-12,1552.621337890625,1562.514021746186,1525.7484303753463,1557.2477528089019,1426598
2024-07-15,1561.382080078125,1569.7490880778787,1552.6214266537504,1555.2298683136,832804
2024-07-16,1554.590087890625,1570.0443953164204,1550.3080525023652,1564.1382721992427,688481
2024-07-18,1569.3062744140625,1571.619482149193,1545.6817797702254,1550.3574610018181,1665636
2024-07-19,1544.106689453125,1564.8765316374668,1540.6614509812073,1559.9054966352612,1649335
2024-07-22,1562.51416015625,1564.6305451018031,1530.7196008546932,1530.7196008546932,826636
2024-07-23,1576.541015625,1580.5276965629084,1549.668229090707,1562.1694742356256,1502677
2024-07-24,1594.11181640625,1599.5257626562652,1567.0913509135091,1576.9348895499006,2923358
2024-07-25,1639.7366943359375,1654.9941790383104,1577.1316932353147,1589.583793492231,5329712
2024-07-26,1687.4285888671875,1696.8292162072228,1638.9491617114581,1644.313842134589,4591049
2024-07-29,1696.287841796875,1701.7017881946017,1666.2650481367532,1688.4130106729085,3187339
2024-07-30,1674.9765625,1698.453378846854,1670.4485586183212,1689.2496939672749,1525840
2024-07-31,1692.4488525390625,1703.8673337375808,1668.6766818415629,1675.468747778047,1594881
2024-08-01,1688.36376953125,1719.124829057752,1654.9942682852115,1698.5026628153407,5258291
2024-08-02,1704.5562744140625,1714.547489472833,1657.504114913849,1673.4014527470208,2992406
2024-08-05,1693.43310546875,1730.494051595578,1688.1668364541615,1698.010374859142,5165558
2024-08-06,1680.83349609375,1706.869607849445,1677.2897260391114,1698.0104230336174,1710278
2024-08-07,1707.3125,1709.6749732899702,1682.6545079669627,1693.0886348239173,1922313
2024-08-08,1709.8719482421875,1721.2904291708571,1701.3079974253963,1707.8539747323841,2480113
2024-08-09,1708.1492919921875,1722.4224228842272,1702.9814342554146,1722.4224228842272,751683
2024-08-12,1706.721923828125,1721.1427319742554,1702.9814512394812,1707.8539548043084,1526788
2024-08-13,1712.874267578125,1724.440426377286,1698.6011354429904,1712.7758562161682,2076963
2024-08-14,1714.39990234375,1725.572294479582,1705.4914519606925,1720.1583483189215,2207250
2024-08-16,1715.4827880859375,1723.7513850171242,1701.6034218945115,1722.2255883822993,2180718
2024-08-19,1720.4537353515625,1725.4246502794774,1713.4155811763885,1725.4246502794774,1363446
2024-08-20,1738.7135009765625,1743.0939479624208,1717.845246195765,1724.3912237145853,1766597
2024-08-21,1737.0401611328125,1744.2258726201987,1729.8051838854922,1742.306430549004,1184193
2024-08-22,1723.2591552734375,1741.814202000164,1721.0443590290179,1741.814202000164,1369554
2024-08-23,1747.9664306640625,1753.5771998066004,1724.4896142786613,1726.3106449540192,3515492
2024-08-26,1744.7178955078125,1752.1498149781921,1736.8923306342808,1752.1498149781921,933372
2024-08-27,1761.40283203125,1764.5527163386162,1739.5009585105272,1750.1811739256343,1231023
2024-08-28,1783.5015869140625,1794.4771569141008,1758.4005625030316,1768.7855441960642,1768949
2024-08-29,1771.04931640625,1798.266723123745,1762.2393979230408,1781.581974207141,3205924
2024-08-30,1793.148193359375,1799.5464933075689,1763.2730784025766,1770.0158781620587,3036374
2024-09-02,1787.537353515625,1808.2580504430482,1776.9555494643116,1801.3183076289636,1617946
2024-09-03,1783.1571044921875,1810.7682796780687,1776.857215448379,1791.5241127108923,2148689
2024-09-04,1804.1729736328125,1806.2893584936423,1773.116681009439,1783.1570424584377,2473477
2024-09-05,1797.92236328125,1815.0501448392477,1791.52406305605,1804.5174862184558,1902919
2024-09-06,1796.0029296875,1821.0546880070094,1776.7587631635959,1791.081160260454,1701134
2024-09-09,1793.34521484375,1806.6832588937284,1784.4860293181127,1796.0030425976777,1544883
2024-09-10,1807.6181640625,1813.4258757955909,1797.1347715531685,1801.3675411621286,1460472
2024-09-11,1816.822021484375,1828.4374460564547,1802.4504779727529,1807.6676019260617,1701900
2024-09-12,1836.2137451171875,1842.2182797313092,1811.6048982065367,1826.1241178838206,2744070
2024-09-13,1824.7459716796875,1835.8199526271706,1822.4327641360678,1835.8199526271706,1322430
2024-09-16,1833.802001953125,1844.0393062773085,1821.9406098647519,1832.86691383675,1284085
2024-09-17,1836.9027099609375,1840.3972142201903,1830.1599100672588,1833.851237033913,738265
2024-09-18,1807.273681640625,1838.7730050679127,1800.973792923091,1838.7730050679127,1202676
2024-09-19,1817.16650390625,1826.96077681695,1806.289345613741,1816.3297069911462,1675819
2024-09-20,1836.5582275390625,1841.7260853413297,1813.0814118408396,1822.1374193539923,4229991
2024-09-23,1833.555908203125,1845.6635088855683,1828.4373161359695,1837.788677914323,812520
2024-09-24,1838.871337890625,1851.2250263338403,1826.9606807604155,1826.9606807604155,2528953
2024-09-25,1841.283203125,1846.647883720909,1829.4709565340347,1844.6791759557482,956893
2024-09-26,1868.6973876953125,1875.1940991247704,1837.8379182850995,1841.2831567874284,2452807
2024-09-27,1918.2103271484375,1928.6445742375151,1885.2837384543107,1887.9414458235608,3809008
2024-09-30,1896.5545654296875,1929.6780973997247,1890.9930621568226,1918.5057049356399,2608461
2024-10-01,1889.91015625,1904.478641525461,1872.5855522470085,1894.7335142236582,1275678
2024-10-03,1880.9525146484375,1906.0043920195017,1866.38414988543,1871.0598306341712,2492195
2024-10-04,1880.1650390625,1921.7047216965666,1873.865150659131,1880.9524500126854,2798189
2024-10-07,1875.440185546875,1887.9414314632731,1858.5093472751635,1880.1651321233626,1691999
2024-10-08,1887.154052734375,1891.3867022944673,1871.7981563388612,1874.209775264938,2309881
2024-10-09,1900.6397705078125,1916.5371105829906,1864.8585290187345,1864.9077947796193,1597182
2024-10-10,1858.2139892578125,1907.628504700873,1854.4242509491964,1899.4091740459926,2383012
2024-10-11,1872.19189453125,1879.4761375886474,1860.9210901846081,1869.288098524502,1019117
2024-10-14,1879.8697509765625,1885.7758740323861,1865.4489431498498,1873.2253625387607,676879
2024-10-15,1868.74658203125,1890.3532218699002,1865.0061093702523,1887.9907485174674,1383203
2024-10-16,1868.7958984375,1884.7423837179253,1857.4758284706675,1879.0823487345092,1401914
2024-10-17,1859.9859619140625,1893.5524059099712,1850.2408342609565,1893.4539945519375,1447059
2024-10-18,1880.46044921875,1887.8923692294302,1843.3995008440684,1870.2724103837372,1203693
2024-10-21,1867.3193359375,1890.5009181931828,1860.9703013886888,1888.7782988795873,660583
2024-10-22,1858.0172119140625,1876.1784929129958,1851.5696459440423,1862.3975386103818,1192915
2024-10-23,1810.5711669921875,1859.985800639733,1803.3361904784026,1850.6344393899815,1673366
2024-10-24,1819.9718017578125,1830.4551939724718,1800.8260478633456,1801.3674905284754,1739776
2024-10-25,1831.2918701171875,1846.2540001117834,1821.1529777105955,1827.748220398507,2148004
2024-10-28,1873.126953125,1886.0219644448168,1806.2893031086842,1834.0480334356298,2445724
2024-10-29,1842.316650390625,1892.6171083327952,1832.866877417755,1891.9281086986707,2295542
2024-10-30,1823.121826171875,1851.4712664318477,1791.5240901523641,1839.2652540932377,1900203
2024-10-31,1819.9718017578125,1843.2025278768144,1813.278147717927,1830.8981051273029,2572932
2024-11-01,1829.3232421875,1835.770687890946,1802.8933650102174,1830.8981843354968,107596
2024-11-04,1780.59765625,1816.1328052640115,1732.5611415750714,1816.1328052640115,5031861
2024-11-05,1775.380615234375,1804.320643033603,1771.2955226433294,1776.7587346839352,1658010
2024-11-06,1798.8575439453125,1811.2112338490374,1774.0026071764603,1787.1438282894937,2060619
2024-11-07,1762.928466796875,1816.1328400673362,1750.9686637344926,1816.1328400673362,1909269
2024-11-08,1781.2867431640625,1786.651543863973,1762.928519414806,1771.6401473123922,1644075
2024-11-11,1766.5213623046875,1789.2107661891127,1763.9128006186538,1788.964677731192,1069649
2024-11-12,1772.673583984375,1796.445753188785,1767.0135494195335,1773.7072035777592,2471888
2024-11-13,1751.16552734375,1769.1792511529236,1742.7492537265953,1762.977773733927,1810332
2024-11-14,1740.534423828125,1767.8995088330114,1735.5635089980697,1751.8544930661983,1473358
2024-11-18,1720.4044189453125,1770.8525531011971,1715.925560921955,1770.8525531011971,1533025
2024-11-19,1749.4429931640625,1778.4814336188888,1702.9322707406545,1702.9815365004965,1933316
2024-11-21,1752.14990234375,1763.4207061795037,1730.5433827919237,1744.2750713219802,2014349
2024-11-22,1767.2105712890625,1786.5530289296892,1740.3869280217095,1757.0716782467896,1420813
2024-11-25,1770.754150390625,1801.367530844485,1756.23493122125,1777.7430386366884,3137448
2024-11-26,1734.037841796875,1778.4814453261017,1725.7692448350947,1778.4814453261017,1589883
2024-11-27,1722.0777587890625,1750.771696948305,1713.021751622685,1732.5611511043055,1982546
2024-11-28,1707.11572265625,1733.1518348136656,1696.4355070511237,1722.0778536230166,3071758
2024-11-29,1753.035888671875,1767.7027858485048,1711.9882588489422,1715.6304403837553,2427677
2024-12-02,1780.2532958984375,1785.6179765952768,1764.1098678883209,1771.8370219798776,1948045
2024-12-03,1771.88623046875,1803.336288528219,1760.369218101897,1802.5980231262558,1543970
2024-12-04,1772.0338134765625,1786.4546219056908,1757.071682507599,1782.1727065434218,2320116
2024-12-05,1785.0765380859375,1797.38096187864,1747.6219441571845,1780.4008570447106,2742263
2024-12-06,1776.611083984375,1795.4122191417673,1772.8213455620303,1787.4389767112946,1590478
2024-12-09,1778.3829345703125,1791.4747688810555,1768.5885415154817,1786.405442603655,1528215
2024-12-10,1781.6312255859375,1794.4770915572894,1767.8995372665343,1792.5083838320484,2043634
2024-12-11,1785.617919921875,1797.7746661825408,1776.8080008508025,1795.7568128455632,1745911
2024-12-12,1777.2017822265625,1791.5241801928107,1769.9176591606868,1790.53982624765,1082394
2024-12-13,1785.0765380859375,1788.3742197906927,1746.2930904196505,1776.512707190372,1391111
2024-12-16,1781.483642578125,1793.9848883864042,1764.3065958304046,1790.2442956990042,1483330
2024-12-17,1761.0584716796875,1787.3406739218574,1755.2014936163112,1781.6806387435283,1608164
2024-12-18,1772.87060546875,1793.9356823941923,1764.7496859503647,1769.8682780674956,1732860
2024-12-19,1794.7724609375,1800.7769955181184,1762.780960132156,1772.8213215515254,1924091
2024-12-20,1780.5484619140625,1797.3808889474024,1766.0292424278111,1794.7724473375015,2513418
2024-12-23,1786.20849609375,1799.3988618924343,1768.5393923138286,1782.66484621838,1299181
2024-12-24,1790.5396728515625,1803.0901845771575,1774.937688189468,1786.503846054232,1121058
2024-12-26,1812.5400390625,1816.18222060748,1786.0117493851078,1791.5241072214037,1402706
2024-12-27,1832.1285400390625,1836.8042206650857,1808.0118715469432,1816.6249674369858,1668898
2024-12-30,1854.42431640625,1866.0888859644024,1825.9764649684644,1832.916207953389,6021550
2024-12-31,1856.8358154296875,1880.1158074439886,1839.5604778815998,1847.435308488695,1844944
2025-01-01,1860.3795166015625,1873.1761166918582,1849.2563901577657,1860.330371005137,1338092
2025-01-02,1848.6165771484375,1866.334946897464,1835.7707110162391,1862.3975313976803,2507223
2025-01-03,1820.710205078125,1854.5227373236849,1815.1485815418657,1848.616613956412,1515825
2025-01-06,1818.495361328125,1827.4529575024972,1797.0856646808427,1821.5468342894537,1397724
2025-01-07,1824.4014892578125,1835.8199701338065,1816.7727467545756,1819.6273970136701,1615649
2025-01-08,1808.996337890625,1833.4575077078648,1800.5800641761023,1833.4575077078648,1298188
2025-01-09,1797.774658203125,1812.1954663646106,1785.617911996417,1812.1954663646106,1199181
2025-01-10,1756.874755859375,1805.8955042742425,1745.0132441976593,1796.8886427386221,857827
2025-01-13,1719.5677490234375,1757.6130490134483,1715.1873023343808,1756.677840768189,1645287
2025-01-14,1743.14306640625,1756.136609882772,1714.8428919984221,1727.5410812430555,1962645
2025-01-15,1729.362060546875,1747.2281071961975,1720.355198666435,1745.0625767612908,857867
2025-01-16,1735.711181640625,1747.818661828744,1713.5632201448668,1747.2773393106322,2180496
2025-01-17,1758.597412109375,1763.912826750902,1739.943834626419,1751.1654925059195,1163986
2025-01-20,1750.4273681640625,1772.2799772477997,1740.6330946686899,1761.353672705931,1341246
2025-01-21,1735.1204833984375,1777.496964706741,1731.9705991424676,1744.3734336208743,2489267
2025-01-22,1770.8033447265625,1775.3806142498852,1746.0960866446023,1749.1968253642974,2262270
2025-01-23,1804.9112548828125,1810.9650552921403,1758.1052998671314,1760.1231532299835,1974760
2025-01-24,1793.6895751953125,1814.2625951258215,1779.9086210049752,1800.3832295804873,1277935
2025-01-27,1758.8927001953125,1795.70755920856,1746.539131141445,1789.6537588359963,1452975
2025-01-28,1678.8155517578125,1752.1499162292032,1666.6095395452621,1751.9530935162534,5972497
2025-01-29,1708.198486328125,1716.7131714456407,1669.4641850755772,1678.815546961319,1433336
2025-01-30,1711.8897705078125,1732.758144394765,1698.3057593629117,1713.2186241841073,2017991
2025-01-31,1716.6639404296875,1742.1587305399157,1679.3570236482724,1714.744498383712,4275269
2025-02-01,1714.94140625,1761.0092192446496,1706.1807522099102,1712.775875620844,1477972
2025-02-03,1713.3662109375,1757.9574864198523,1683.7864511591795,1753.5770398862974,2210231
2025-02-04,1737.630615234375,1748.4585074692302,1713.4155348139568,1721.9302195579874,2796294
2025-02-05,1725.3262939453125,1746.04699155307,1708.0508349790093,1746.04699155307,1787905
2025-02-06,1725.07861328125,1751.1726312742373,1719.434030122037,1735.971761815173,3421791
2025-02-07,1732.802978515625,1735.9718462530805,1710.5215372488285,1734.3874123843527,1371545
2025-02-10,1715.2747802734375,1733.0009282305343,1706.9563516410208,1724.3359235893818,1237839
2025-02-11,1683.239013671875,1717.3543258245982,1678.584716760651,1708.441749785153,2779274
2025-02-12,1677.3963623046875,1698.2913782758192,1671.6527745103654,1689.873945040826,1757284
2025-02-13,1729.3863525390625,1735.7242086574404,1683.437046786511,1683.486609452374,2750390
2025-02-14,1683.981689453125,1731.9610076703173,1668.6322532952165,1730.3765739212488,2123774
2025-02-17,1697.548583984375,1718.493161640431,1679.5749858623913,1683.981711172033,2277889
2025-02-18,1685.071044921875,1712.9476268063138,1681.9021773018378,1697.5486273920292,2163972
2025-02-19,1660.3138427734375,1682.4962781514014,1631.1003994506204,1648.9255513086105,2576319
2025-02-20,1653.0848388671875,1661.650717980516,1646.8459873142822,1650.955699312812,1670915
2025-02-21,1627.7830810546875,1668.0382427189738,1616.1472172053232,1661.7499489858033,2244190
2025-02-24,1623.57421875,1653.6789432928745,1611.24520396052,1613.9189283365738,2357441
2025-02-25,1597.9259033203125,1631.7937663322086,1590.6473234025875,1623.5743419259406,2836717
2025-02-27,1631.49658203125,1637.0421608038846,1589.458979455039,1613.1267239070628,2744489
2025-02-28,1577.7735595703125,1654.768315105597,1570.990122970159,1654.768315105597,3549979
2025-03-03,1569.7027587890625,1591.7861911944533,1566.8309043991671,1569.9008885758637,1425492
2025-03-04,1551.283447265625,1574.555174690293,1540.8854413950287,1569.6037433233423,1717135
2025-03-05,1567.0784912109375,1570.8911901349716,1537.9641709934328,1549.4019051118648,2428171
2025-03-06,1598.322021484375,1602.1841620700768,1557.274704416556,1582.7250129104102,2458676
2025-03-07,1593.667724609375,1612.9287439888355,1590.0531555879154,1608.224884259628,980890
2025-03-10,1595.8463134765625,1625.5053387117098,1587.181308671772,1606.1947565753194,1600589
2025-03-11,1639.2208251953125,1647.4401282749168,1589.755956069868,1600.4015329145766,3325416
2025-03-12,1660.5615234375,1663.9285209643763,1641.944213915485,1645.8557963652988,2389362
2025-03-13,1667.097412109375,1670.7615439253354,1647.2916862432883,1655.7586824048633,1666929
2025-03-17,1687.744873046875,1703.4408856424727,1671.949735120467,1677.5944391719095,2588408
2025-03-18,1687.744873046875,1687.744873046875,1687.744873046875,1687.744873046875,0
2025-03-19,1715.5223388671875,1731.0203426565547,1709.5311796627507,1730.8223337629315,2167448
2025-03-20,1733.24853515625,1740.0815345610301,1706.164229987911,1718.7903798654954,1602232
2025-03-21,1767.165771484375,1775.3851955195173,1733.2484682210857,1741.9134727044077,2483162
2025-03-24,1767.462890625,1802.3209171523695,1760.3327573231188,1777.068618587872,1182084
2025-03-25,1747.6075439453125,1778.5044245452243,1741.4182552927225,1767.462830296639,1471028
2025-03-26,1741.8638916015625,1753.5988799709714,1729.1387379005184,1750.776467547211,1762361
2025-03-27,1714.631103515625,1735.2786688284705,1703.2923741462057,1733.991248331399,3279881
2025-03-28,1717.8494873046875,1724.4349149589302,1688.6360433074972,1714.6310570338105,1956781
2025-04-01,1681.8526611328125,1717.1068281397131,1665.2653661235754,1714.1855319993706,4142445
2025-04-02,1697.0040283203125,1701.7573297106799,1669.523585338969,1678.5351658874724,3369489
2025-04-03,1752.806640625,1795.0918146184608,1733.000915872175,1737.9523470603813,5715573
2025-04-04,1692.7457275390625,1761.5706198924483,1641.9441169370045,1761.5706198924483,5345276
2025-04-07,1650.1634521484375,1675.5643183859863,1604.3627135400736,1604.3627135400736,5715334
2025-04-08,1671.9498291015625,1693.2409842799836,1629.0209427210527,1629.0209427210527,2807382
2025-04-09,1636.15087890625,1663.4333131976173,1624.0694351207574,1633.9722975300303,3481864
2025-04-11,1671.1575927734375,1720.1271989907707,1665.7604602343595,1693.389470509049,3801939
2025-04-15,1688.43798828125,1707.7485693788947,1680.3176897119565,1703.2922814332844,1993085
2025-04-16,1676.6536865234375,1686.1604106914103,1665.7605373782576,1674.6731139515866,2205374
2025-04-17,1734.486328125,1740.9231886061948,1671.0090050950514,1678.53515625,2683908
2025-04-21,1727.9505615234375,1743.89414652257,1714.4826922348705,1743.89414652257,1539511
2025-04-22,1730.42626953125,1737.9524210809573,1717.651552344684,1733.9912759616843,961907
2025-04-23,1771.424072265625,1773.89978786255,1725.1776323843349,1737.160071696542,1471029
2025-04-24,1786.37744140625,1790.3385865190153,1756.6688530605102,1772.6124379624794,2101177
2025-04-25,1770.0377197265625,1797.8647399968627,1747.063005516993,1788.457020343891,2036801
2025-04-28,1823.7110595703125,1828.0683430698152,1763.8977483287135,1770.0375953594596,3216482
2025-04-29,1787.9617919921875,1828.0683843907937,1779.5443590196405,1827.0780981587293,2886160
2025-04-30,1814.5015869140625,1821.037452140905,1785.7832849884787,1792.41815466574,2667314
2025-05-02,1806.876220703125,1833.2178100929195,1796.1812020112825,1814.501497161058,1885257
2025-05-05,1818.759765625,1825.39475626075,1803.7074624569946,1810.0453188536228,1219830
2025-05-06,1801.4296875,1810.144254826256,1781.524958114871,1802.3209692990913,1414772
2025-05-07,1763.996826171875,1808.658708849283,1761.4219853883812,1800.2412762935912,2015237
2025-05-08,1750.0338134765625,1771.5230976424903,1737.952369574651,1763.9969463158297,2647871
2025-05-09,1727.8514404296875,1749.1425941032496,1714.8785942744369,1734.8824483961403,1148956
2025-05-12,1669.820556640625,1695.7661278374987,1607.8286641572022,1679.2282756226243,9221075
2025-05-13,1683.4866943359375,1731.5155794390512,1674.8712519599235,1694.3798435345818,6988329
2025-05-14,1691.60693359375,1694.7759221426484,1675.6633490542597,1685.4672071623734,1639324
2025-05-15,1723.1971435546875,1727.4554229419255,1667.7411114916051,1684.575978367898,3880385
2025-05-16,1718.0477294921875,1724.6825993616694,1702.3021531137006,1723.0981654554037,1448249
2025-05-19,1713.3931884765625,1747.8551976682609,1709.8281822219678,1728.0494730487903,2074023
2025-05-20,1691.2108154296875,1731.020272191486,1686.7545275436112,1726.8611185182995,2706777
2025-05-21,1714.977783203125,1741.6163867307562,1691.2109131047398,1699.727350713084,2754306
2025-05-22,1702.0048828125,1723.0980277124547,1690.6165912500326,1717.3543192662605,2670554
2025-05-23,1667.2459716796875,1673.088684960634,1620.7025161051683,1641.8946668628182,8339783
2025-05-26,1659.8187255859375,1685.8633017834197,1650.807145071694,1676.6535914924873,2282131
2025-05-27,1667.0478515625,1675.5642889012822,1644.9644204412464,1659.8187137825698,2800622
2025-05-28,1650.2130126953125,1670.5138805929525,1646.846015306111,1667.0478787567702,2657712
2025-05-29,1683.28857421875,1686.7545760075059,1654.1741350162908,1658.7294274760316,2377583
2025-05-30,1661.30419921875,1696.9545044418328,1652.8867660410776,1685.4672080468613,3640641
2025-06-02,1658.3333740234375,1667.1469460589315,1644.37036170529,1662.6906578158278,1819538
2025-06-03,1651.30224609375,1678.5351167189842,1641.4983884917563,1678.5351167189842,2556920
2025-06-04,1648.7276611328125,1652.78781072701,1632.982085014284,1639.914089013738,1700482
2025-06-05,1666.750732421875,1677.842010747808,1645.8557171096074,1645.8557171096074,2037073
2025-06-06,1662.888671875,1672.5935257661272,1652.7878001797906,1668.63238064886,2500047
2025-06-09,1677.9410400390625,1682.2983237000342,1657.0460244174062,1663.5818894665877,2589656
2025-06-10,1672.3955078125,1690.319665194212,1661.4032334639328,1685.269229373942,2369135
2025-06-11,1674.177978515625,1678.5352623706667,1662.9878159638881,1678.3372534663927,1999978
2025-06-12,1671.009033203125,1710.7194874320173,1664.770181508742,1678.436180037128,3588365
2025-06-13,1671.4051513671875,1683.486595048421,1644.9644364318735,1650.6091404871777,2404272
2025-06-16,1668.929443359375,1673.385731425313,1639.6168740402327,1648.826584396991,2249326
2025-06-17,1634.1702880859375,1665.3643043250918,1625.158707571536,1663.680866088227,5408285
2025-06-18,1631.99169921875,1645.162554368449,1622.583980078836,1629.0208405429876,1455885
2025-06-19,1631.5955810546875,1639.2208576156943,1620.1082848742983,1632.0907241735367,1696525
2025-06-20,1648.9256591796875,1653.7780861242686,1629.615076736919,1631.5956492951518,2567882
2025-06-23,1646.350830078125,1650.8071180392387,1631.1994026565192,1647.0439820738125,840643
2025-06-24,1645.55859375,1670.0187363655616,1642.6868603667087,1654.2731610004403,2066326
2025-06-25,1653.3818359375,1662.4925416217097,1641.9935444956482,1645.5585506831444,1372945
2025-06-26,1653.5799560546875,1662.5915363574031,1634.3683794706653,1658.5313870874484,2102627
2025-06-27,1671.20703125,1679.228325601745,1651.9954540538424,1653.9760265300536,5313904
2025-06-30,1659.4227294921875,1687.9430237145828,1655.3625797780876,1679.5255900380948,2160184
2025-07-01,1651.0052490234375,1667.939241235612,1641.3995203951588,1659.4226824613615,3298070
2025-07-02,1661.205078125,1665.6613659649777,1639.9139251117736,1639.9139251117736,1611046
2025-07-03,1663.3837890625,1676.3566358267922,1658.2343488442164,1661.2052076358154,1553777
2025-07-04,1660.016845703125,1670.3157257254463,1655.3624279194328,1670.3157257254463,1264399
2025-07-07,1669.05810546875,1671.5419707006272,1652.267152244763,1663.891593016956,1550620
2025-07-08,1661.7059326171875,1671.1446210236827,1638.45692849627,1669.1575287275784,1860328
2025-07-09,1658.6259765625,1669.9524269938443,1636.3705184185847,1649.2866184425322,2178705
2025-07-10,1651.7703857421875,1659.818084868856,1636.569081949883,1651.273612693844,1741718
2025-07-11,1661.2091064453125,1669.0581450205405,1651.4723059926273,1655.0491690372774,1298302
2025-07-14,1671.74072265625,1685.948481071095,1664.686569269172,1669.554969645884,1309704
2025-07-15,1716.3509521484375,1719.7290332716816,1677.0065493687105,1693.9961640596734,3332578
2025-07-16,1690.02197265625,1720.1264690066841,1687.0413342565037,1718.834810520466,2285143
2025-07-17,1692.406494140625,1705.918697188592,1685.054228556699,1693.0025975593248,1461039
2025-07-18,1682.669677734375,1698.3677548795465,1675.81418527775,1697.9703121766654,1253929
2025-07-21,1681.378173828125,1690.4194194057986,1666.6736425079068,1670.250384339653,2390289
2025-07-22,1667.17041015625,1682.172932498894,1662.0040187807986,1675.2181095721396,1244491
2025-07-23,1671.641357421875,1678.6955106617793,1660.6130196769561,1667.6671729168602,1229173
2025-07-24,1681.080078125,1685.054262706856,1669.2568547374815,1671.6413897430925,1079045
2025-07-25,1688.034912109375,1691.0155505651303,1671.34328824415,1679.0929967421093,1088592
2025-07-28,1691.214111328125,1699.0631497208833,1682.9677515240733,1691.1147809753018,2168507
2025-07-29,1699.460693359375,1706.9122895009684,1686.1471506632306,1687.0413664567195,1325544
2025-07-30,1722.6103515625,1729.2670622088262,1701.050327485951,1708.8993662735888,2318723
2025-07-31,1695.6851806640625,1736.7186855343634,1683.0671929606474,1704.4284353742567,3233087
2025-08-01,1619.18212890625,1684.0607416859682,1597.6222257410245,1679.0930108845346,8774548
2025-08-04,1631.0052490234375,1636.7678649006018,1603.1859582998518,1619.2814778451302,1898762
2025-08-05,1621.566650390625,1633.9859772903794,1609.644096566861,1630.3099050410478,1622897
2025-08-06,1584.90478515625,1619.1821276597536,1580.7319397992544,1619.1821276597536,2376257
2025-08-07,1588.0841064453125,1595.038929127571,1560.860919118262,1570.7963800929167,3435674
2025-08-08,1576.6583251953125,1591.6608469998002,1570.6970486147889,1579.7382938387532,1654424
2025-08-11,1598.0196533203125,1649.2866104488512,1573.9757636996972,1576.6584110765473,1140902
2025-08-12,1611.73046875,1626.1368875025048,1599.7085849440618,1601.2982344809448,1679088
2025-08-13,1629.217041015625,1632.8931132931275,1606.8622524247546,1613.7176238999627,1313668
2025-08-14,1630.806640625,1640.4439895646522,1621.6659434674307,1629.216991074875,1738094
2025-08-18,1622.1627197265625,1638.953673598573,1614.9099057390576,1638.953673598573,3080173
2025-08-19,1616.10205078125,1627.4285004990954,1608.650455082994,1622.2621093279643,2656391
2025-08-20,1622.5601806640625,1625.9382618042353,1605.5705658879585,1623.4543964485918,1831706
2025-08-21,1629.6142578125,1641.8349233037904,1613.4195292205059,1620.2750215379986,1727099
2025-08-22,1631.2041015625,1640.7421202523267,1624.5472696533852,1631.4027622775534,2098310
2025-08-25,1646.0078125,1649.7833362781898,1623.4543640340632,1638.556216581851,1904984
2025-08-26,1589.971923828125,1636.7679223969371,1585.8982876602297,1634.3833874232264,4502371
2025-08-28,1575.466064453125,1589.6738227570108,1557.482903589684,1582.8183301398738,4993739
2025-08-29,1584.2093505859375,1591.3628344180145,1565.6300859249247,1570.7964774389259,3176534
2025-09-01,1553.210693359375,1589.8724480539984,1546.15641890205,1588.6802412264847,9366820
2025-09-02,1555.098388671875,1560.1655710733091,1547.944904890128,1555.8932741065087,2855840
2025-09-03,1568.51123046875,1570.8957654426454,1548.2429863968566,1552.0183889299112,2091370
2025-09-04,1572.088134765625,1586.6932147794025,1550.9255530811818,1586.6932147794025,2298657
2025-09-05,1583.3150634765625,1588.9783490975083,1565.3319030644045,1572.1873955095048,1814479
2025-09-08,1570.79638671875,1594.144720107675,1568.014409121119,1587.2892277497494,1369139
2025-09-09,1581.4273681640625,1586.6932113044306,1567.3190612603253,1569.802926650595,1709406
2025-09-10,1583.116455078125,1591.2634849715168,1572.1874474598008,1581.824796573873,2408379
2025-09-11,1599.3111572265625,1606.5640924898203,1580.731893105321,1582.2222123005806,1762484
2025-09-12,1606.1666259765625,1612.028572314202,1592.753753418016,1599.6092458711034,1878894
2025-09-15,1591.660888671875,1606.6634108691514,1585.1035085181136,1606.1666378077682,2005917
2025-09-16,1600.1060791015625,1604.5770367892105,1589.6738444970506,1592.1577098790772,1480567
2025-09-17,1609.743408203125,1611.6311701264297,1597.0260903751814,1602.1924817923948,2128406
2025-09-18,1637.9600830078125,1640.6427302584464,1617.1949451750547,1624.5472106020936,1832386
2025-09-19,1645.3123779296875,1657.3342617486428,1632.4956087001874,1637.9601123708476,3191406
2025-09-22,1633.389892578125,1647.200208505448,1624.7460894698136,1639.3511695583372,1785320
2025-09-23,1620.67236328125,1633.3898019799758,1614.6117562773588,1632.5949165803738,1967731
2025-09-24,1616.598876953125,1625.3421313727292,1614.512454345545,1619.4801849743005,1131058
2025-09-25,1616.89697265625,1632.1976070917785,1612.2272331438078,1617.3937457140107,2762750
2025-09-26,1576.4595947265625,1592.5551147894816,1538.0094080385923,1574.7706148198765,7256759
2025-09-29,1579.04296875,1608.4519109812734,1569.8029409013186,1570.7964870664462,4180922
2025-09-30,1584.0106201171875,1593.9460812700709,1575.7641388473005,1578.8441075481974,2257443
2025-10-01,1625.64013671875,1640.8414410892474,1601.4970384204441,1601.4970384204441,3109095
2025-10-03,1620.67236328125,1634.8801211423663,1589.6737732165213,1589.6737732165213,4041865
2025-10-06,1644.020751953125,1648.988482661006,1609.5447493534264,1619.4802107691883,1756916
2025-10-07,1642.4310302734375,1652.2671608996916,1636.3704233324065,1638.7549582239958,2174852
2025-10-08,1621.06982421875,1644.3188276700992,1618.4866285647079,1634.383366475718,1846507
2025-10-09,1647.7962646484375,1651.5717884738617,1621.8647347853546,1634.383391827965,2197566
2025-10-10,1660.1162109375,1665.7793752224488,1638.3575269836463,1644.3188036130591,1454056
2025-10-13,1657.63232421875,1664.1897041697284,1645.1136677155218,1651.770378019208,1375179
2025-10-14,1643.7227783203125,1659.1227436781396,1635.5756271034522,1656.8375390152728,2108287
2025-10-15,1644.418212890625,1657.9304163093134,1639.450482127689,1641.8350171503962,2088737
2025-10-16,1648.29296875,1652.1678227702848,1632.5948919631978,1643.3252382836047,2895957
2025-10-17,1668.2633056640625,1681.0800751745505,1646.0078477882328,1647.498167003813,1594147
2025-10-20,1677.7020263671875,1685.9485080320117,1671.9395313920309,1674.0259540775617,1647622
2025-10-21,1679.5897216796875,1685.0542253586216,1673.1316718773107,1679.0929486179662,74296
2025-10-23,1678.99365234375,1700.9509978610427,1671.3432742684568,1693.9961748557698,2687094
2025-10-24,1688.034912109375,1690.9162202064363,1675.1188121344358,1679.0929967421093,994307
2025-10-27,1682.669677734375,1697.473539118685,1679.092935973414,1690.0219432489805,2067904
2025-10-28,1676.1123046875,1691.7109302608092,1668.3625964373616,1681.0800352882336,2440939
2025-10-29,1704.8258056640625,1710.8864127185896,1676.4104109869058,1679.0929369886273,1016738
2025-10-30,1692.406494140625,1705.8193668325564,1669.2568209074827,1704.7264903511925,1986233
2025-10-31,1679.788330078125,1693.9960877138794,1675.9135973433574,1689.0283572513754,1560918
2025-11-03,1695.3870849609375,1701.7458042411731,1670.3496505354751,1677.3044732176897,1099955
2025-11-04,1679.093017578125,1700.156147747174,1671.343308983999,1695.983302370331,1597993
2025-11-06,1675.0194091796875,1712.77416131628,1656.24136346578,1688.0348389492265,3389867
2025-11-07,1680.48388671875,1698.9638198004336,1672.2374056301176,1683.0670823052249,1512908
2025-11-10,1686.8426513671875,1692.1083730346895,1674.9200979249385,1686.5445390181371,1235665
2025-11-11,1705.0245361328125,1707.9058442452217,1684.0607364721645,1690.618116853257,1315353
2025-11-12,1720.9212646484375,1732.8438184656877,1699.162579675458,1710.2903693410517,1833097
2025-11-13,1726.18701171875,1736.5199153752737,1714.2644585648725,1723.3057037833998,1727602
2025-11-14,1745.7598876953125,1748.7405260971425,1723.5044300384848,1726.187077369624,1667322
2025-11-17,1752.5159912109375,1756.5895059671477,1736.4204716107533,1754.4037530586884,1430618
2025-11-18,1747.448974609375,1753.1121390135681,1738.705720189144,1752.615365950657,1429522
2025-11-19,1772.5855712890625,1778.745629873463,1739.7985500161499,1750.6282267536994,2131124
2025-11-20,1765.928955078125,1780.4347046429366,1761.656658110908,1778.4476123386478,1513894
2025-11-21,1768.2139892578125,1775.864367185946,1762.2527125108188,1766.5250093591587,2199311
2025-11-24,1769.3070068359375,1774.374067871133,1760.3650916153026,1774.374067871133,3434492
2025-11-25,1765.332763671875,1780.533946272675,1754.7017476042085,1773.479793200475,1848114
2025-11-26,1793.25146484375,1795.2385571376026,1762.153421931962,1764.0411838676196,1158948
2025-11-27,1798.6165771484375,1803.1868650124306,1790.4694262511168,1790.4694262511168,2902053
2025-11-28,1819.779052734375,1821.170041561623,1795.8346154515186,1798.6165931060145,1623103
2025-12-01,1795.7353515625,1837.0668475095704,1789.3766318900682,1829.1184782396533,1869293
2025-12-02,1787.88623046875,1803.1868648665188,1777.0565535797946,1792.3571879775634,2948688
2025-12-03,1795.039794921875,1804.2798227031194,1770.9960264142678,1793.3508149664815,2114510
2025-12-04,1806.56494140625,1811.4332203221738,1786.694019194368,1796.7288106548715,1713961
2025-12-05,1793.64892578125,1808.4526664948564,1788.581743354456,1807.2604596194283,1777401
2025-12-08,1784.6075439453125,1794.3443447164593,1774.1753093830075,1793.6489109253014,2410074
2025-12-09,1764.5379638671875,1789.5752783550101,1760.563779263883,1784.4088868837098,2401728
2025-12-10,1773.9765625,1780.1364998103056,1756.4901753871322,1776.3610973977736,2321746
2025-12-11,1795.5364990234375,1798.8152497314682,1763.6436928373055,1766.525000840956,1280916
2025-12-12,1781.9249267578125,1800.1068688641526,1779.4410615128197,1796.3313451787706,1442309
2025-12-15,1785.501708984375,1792.953304888502,1766.127559633645,1767.5185484589124,1396948
2025-12-16,1769.8037109375,1780.3352753082418,1766.823072646772,1778.4475134676177,1533979
2025-12-17,1781.328857421875,1785.9984756587708,1760.0669462616247,1769.505634373104,1910628
2025-12-18,1734.6322021484375,1773.479831340348,1724.7960712643385,1773.479831340348,3461351
2025-12-19,1733.638671875,1748.6411942280731,1729.9624784130965,1735.7250944979794,2768986
2025-12-22,1758.3779296875,1761.755889388824,1731.850176147664,1733.6386076339388,1467257
2025-12-23,1744.567626953125,1763.1468905709062,1740.394660549985,1760.5636949589527,1124853
2025-12-24,1725.7896728515625,1747.647688282037,1707.9058420448107,1744.5677194551502,2224786
2025-12-26,1708.402587890625,1725.7896453422597,1696.9768072795507,1725.7896453422597,2507337
2025-12-29,1706.1173095703125,1716.3508828842944,1699.2619385257333,1708.4025141068273,1800816
2025-12-30,1709.0980224609375,1711.9793305250298,1695.9832619186739,1711.9793305250298,2639497
2025-12-31,1708.6011962890625,1714.4631425926211,1704.4283511414358,1709.0979693438983,1428439
2026-01-01,1709.9921875,1714.8605877007226,1697.8709734579827,1708.8993110343238,877515
2026-01-02,1716.84765625,1720.8218406394676,1708.3031840691413,1709.9921639216718,974123
2026-01-05,1717.741943359375,1734.7315580737024,1712.277439596829,1716.8477275780972,1416698
2026-01-06,1748.83984375,1751.2243787106395,1714.5625023779553,1714.5625023779553,1658801
2026-01-07,1771.0953369140625,1794.9404444357126,1737.2154375668824,1743.6734875206625,3059500
2026-01-08,1749.336669921875,1767.1211703866902,1746.3560314512074,1754.6025130663838,1910656
2026-01-09,1718.7354736328125,1753.8075792337372,1715.8541656008417,1753.8075792337372,1585689
2026-01-12,1724.7960205078125,1733.0425016073348,1703.037336776016,1720.9211664817421,2327272
2026-01-13,1717.5430908203125,1732.545733923659,1701.050249852691,1731.7508485323951,1770082
2026-01-14,1689.723876953125,1725.8889808162357,1678.2980963081786,1725.8889808162357,2479677
2026-01-15,1689.723876953125,1689.723876953125,1689.723876953125,1689.723876953125,0
2026-01-16,1658.129150390625,1696.9767795776202,1648.5911318579272,1696.9767795776202,3697596
2026-01-19,1664.587158203125,1676.4103810354632,1589.6737580963386,1639.3510630368492,2975272
2026-01-20,1603.384765625,1663.2955234676385,1592.4557583823232,1663.2955234676385,5019166
2026-01-21,1602.4906005859375,1634.3834075652107,1597.3240878654785,1626.4350384098784,3947877
2026-01-22,1623.653076171875,1635.8737423777015,1602.788606940213,1603.6828227352105,2279862
2026-01-23,1621.367919921875,1638.2582037789198,1614.9098702118285,1629.4156191502054,1678658
2026-01-27,1628.32275390625,1647.4981211771765,1611.8299126357558,1647.4981211771765,2666522
2026-01-28,1600.205322265625,1638.655629053745,1589.6737578761918,1629.316271469726,4124391
2026-01-29,1579.04296875,1614.5125183320524,1573.4790131992938,1614.5125183320524,5796513
2026-01-30,1585.004150390625,1596.1318182576413,1574.8699073464832,1579.042873758477,3962196
2026-02-02,1617.393798828125,1623.4544060753358,1587.8854054586088,1623.4544060753358,2721280
2026-02-03,1691.1148681640625,1713.8670991278223,1660.2156073290382,1698.8645766035488,8520586
2026-02-04,1693.4000244140625,1717.8412346118464,1684.3587790147078,1703.8322586323532,3952775
2026-02-05,1702.5999755859375,1710.0,1684.300048828125,1699.0,3074842
2026-02-06,1695.0999755859375,1709.0,1689.5999755859375,1709.0,1277116
2026-02-09,1704.5999755859375,1713.4000244140625,1696.0,1706.699951171875,2647031
2026-02-10,1707.800048828125,1719.800048828125,1702.0999755859375,1709.5999755859375,1869988
2026-02-11,1711.0999755859375,1716.699951171875,1702.5,1715.0,1175501
2026-02-12,1714.9000244140625,1719.0,1701.199951171875,1714.800048828125,1359444
2026-02-13,1697.5,1719.0,1694.5999755859375,1714.9000244140625,1148165
2026-02-16,1700.5,1715.0,1693.4000244140625,1697.5,1247403
2026-02-17,1717.0999755859375,1719.0,1693.9000244140625,1696.0,1053855
2026-02-18,1724.4000244140625,1730.5999755859375,1717.0999755859375,1720.4000244140625,1262429
2026-02-19,1713.4000244140625,1727.0,1710.0,1722.199951171875,1143429
2026-02-20,1724.4000244140625,1727.0,1708.0999755859375,1710.0999755859375,1203988
2026-02-23,1732.300048828125,1735.800048828125,1720.199951171875,1732.9000244140625,1550400
2026-02-24,1731.800048828125,1745.9000244140625,1723.699951171875,1732.0,2769363
2026-02-25,1764.199951171875,1770.4000244140625,1733.4000244140625,1742.0,1200997
2026-02-26,1785.699951171875,1792.199951171875,1760.300048828125,1764.199951171875,2076586
2026-02-27,1737.0,1788.0999755859375,1730.9000244140625,1779.0,3041489
2026-03-02,1752.5,1759.9000244140625,1712.0,1712.0,3919270
2026-03-04,1750.5,1757.199951171875,1721.0,1721.199951171875,4914857
2026-03-05,1784.5,1794.9000244140625,1748.0,1750.0,3600895
2026-03-06,1799.4000244140625,1805.5999755859375,1771.800048828125,1784.5,3669921
2026-03-09,1807.4000244140625,1815.0,1770.0,1772.9000244140625,4112775
2026-03-10,1812.800048828125,1825.0999755859375,1803.300048828125,1810.0,3298680
2026-03-11,1829.699951171875,1843.0,1818.0999755859375,1823.0,1484996
