Date,Open,High,Low,Close,Shares Traded,Turnover (₹ Cr)
2016-02-05,11250.2,11686.4,11145.9,11652.4,16222083.0,1602.17
2016-02-08,11657.1,11657.1,11470.4,11498.8,9128747.0,892.06
2016-02-09,11401.4,11604.25,11401.4,11557.0,12093603.0,1418.71
2016-02-10,11477.2,11477.2,11266.1,11352.75,21267191.0,1856.63
2016-02-11,11304.05,11381.3,11074.35,11100.1,18521281.0,1496.4
2016-02-12,11226.7,11283.35,10810.15,11081.05,20714052.0,1581.97
2016-02-15,11198.35,11331.25,11152.35,11191.7,12196559.0,1041.67
2016-02-16,11207.85,11250.0,10917.9,10936.35,10380831.0,875.86
2016-02-17,10983.15,11179.0,10875.7,11148.1,10838134.0,1049.0
2016-02-18,11315.75,11446.8,11252.45,11371.35,10766082.0,1092.35
2016-02-19,11367.9,11381.0,11250.55,11341.65,8245966.0,716.02
2016-02-22,11412.35,11515.15,11378.9,11487.7,8233313.0,715.03
2016-02-23,11539.75,11570.05,11320.8,11351.3,8738608.0,760.86
2016-02-24,11320.4,11326.25,11098.4,11130.2,10364240.0,845.99
2016-02-25,11150.1,11215.4,11114.0,11177.1,16609142.0,1328.26
2016-02-26,11283.05,11317.35,11144.5,11164.25,11339138.0,901.41
2016-02-29,11234.5,11320.6,10900.4,11167.7,18031304.0,1394.64
2016-03-01,11224.75,11331.6,11106.35,11294.4,11802720.0,951.63
2016-03-02,11402.4,11447.9,11262.6,11278.45,14337165.0,1160.66
2016-03-03,11379.5,11516.85,11348.3,11502.3,12624282.0,1184.64
2016-03-04,11555.15,11602.95,11460.6,11537.65,10101376.0,893.86
2016-03-08,11558.25,11706.8,11496.0,11570.35,9179927.0,887.96
2016-03-09,11580.35,11614.2,11416.55,11601.0,12823355.0,1033.71
2016-03-10,11640.25,11641.4,11529.65,11623.0,10362231.0,835.61
2016-03-11,11587.85,11710.75,11517.3,11695.6,10296082.0,915.6
2016-03-14,11716.35,11781.4,11685.5,11719.2,10056687.0,830.71
2016-03-15,11656.3,11656.3,11304.8,11325.6,13842024.0,1373.9
2016-03-16,11331.85,11407.35,11148.3,11381.75,11008934.0,1037.82
2016-03-17,11451.7,11454.75,11184.7,11227.4,12168754.0,1261.54
2016-03-18,11211.8,11213.6,10922.15,11092.25,23881043.0,2442.48
2016-03-21,11141.3,11254.85,11078.75,11235.7,14646720.0,1680.24
2016-03-22,11244.8,11300.5,11140.45,11217.5,12068560.0,1352.9
2016-03-23,11213.75,11237.4,11134.85,11198.3,12810594.0,1021.25
2016-03-28,11243.45,11243.45,10919.5,10960.05,13125604.0,1270.04
2016-03-29,10940.3,10940.3,10353.9,10665.25,39463825.0,4063.16
2016-03-30,10825.25,10926.45,10725.3,10910.2,19601297.0,1932.16
2016-03-31,10948.5,11047.6,10938.05,10989.15,20668067.0,1857.5
2016-04-01,10966.2,10974.3,10861.7,10928.3,9874008.0,923.39
2016-04-04,10983.25,10995.4,10910.25,10978.0,7106631.0,677.91
2016-04-05,10977.8,10986.25,10865.3,10876.9,10520477.0,1021.86
2016-04-06,10905.0,10928.45,10814.65,10905.55,9718522.0,791.41
2016-04-07,10918.55,11084.4,10891.2,10984.35,11275185.0,1129.26
2016-04-08,10970.8,11064.7,10970.8,11012.5,7585899.0,808.53
2016-04-11,11064.05,11070.7,10920.3,11024.75,9528364.0,760.47
2016-04-12,11062.85,11161.9,11062.85,11132.65,11648803.0,839.56
2016-04-13,11185.6,11253.55,11151.55,11225.75,11186597.0,982.14
2016-04-18,11228.55,11335.3,11191.65,11317.9,11759778.0,1096.99
2016-04-20,11347.55,11362.85,11234.6,11267.5,11501411.0,1039.29
2016-04-21,11319.05,11341.55,11243.2,11320.65,10190160.0,837.34
2016-04-22,11278.0,11344.85,11235.65,11286.75,9892315.0,823.58
2016-04-25,11296.05,11302.2,11154.05,11185.25,8408374.0,697.12
2016-04-26,11156.4,11307.55,11114.5,11295.6,9767219.0,848.58
2016-04-27,11270.15,11285.8,11212.15,11270.55,6227177.0,556.04
2016-04-28,11285.85,11326.3,11167.95,11179.4,13365901.0,1199.0
2016-04-29,11222.25,11321.4,11201.1,11293.25,8755413.0,909.04
2016-05-02,11313.05,11317.05,11246.9,11271.9,5384482.0,499.7
2016-05-03,11277.1,11341.65,11119.05,11148.15,14384605.0,1270.38
2016-05-04,11132.7,11204.7,11080.95,11182.0,7297107.0,657.0
2016-05-05,11324.1,11334.2,11204.2,11233.4,7507654.0,666.72
2016-05-06,11230.4,11232.5,11110.6,11121.4,5049682.0,457.58
2016-05-09,11133.6,11232.15,11091.95,11183.25,6411557.0,598.74
2016-05-10,11216.85,11320.0,11181.55,11266.85,7661695.0,688.63
2016-05-11,11198.25,11274.55,11126.2,11186.4,7397094.0,681.5
2016-05-12,11203.7,11273.25,11175.55,11264.6,7622780.0,985.98
2016-05-13,11227.4,11274.9,11143.85,11157.65,9898974.0,901.36
2016-05-16,11211.1,11258.55,11186.75,11205.4,8318411.0,850.94
2016-05-17,11252.7,11295.7,11226.05,11251.65,9088151.0,833.57
2016-05-18,11238.1,11294.05,11178.1,11271.3,6819685.0,644.38
2016-05-19,11315.6,11334.05,11230.35,11246.0,11441011.0,1280.28
2016-05-20,11255.55,11255.55,11057.8,11070.65,12224093.0,1337.34
2016-05-23,11109.55,11113.35,10933.1,10958.5,9865252.0,944.67
2016-05-24,10961.65,10986.4,10819.9,10851.15,11056086.0,983.78
2016-05-25,10880.65,10933.55,10822.6,10908.55,20671731.0,1237.9
2016-05-26,10928.1,10948.75,10841.05,10882.2,11068545.0,895.04
2016-05-27,10981.1,11247.5,10973.25,11206.8,12929230.0,1211.87
2016-05-30,11284.0,11318.15,11140.65,11175.0,10665500.0,986.82
2016-05-31,11123.7,11123.7,10946.55,10995.45,28232854.0,2449.59
2016-06-01,11031.1,11088.7,10945.75,10957.2,11763196.0,1055.01
2016-06-02,10937.15,10963.0,10863.1,10902.1,11194764.0,970.04
2016-06-03,10945.3,10954.8,10791.7,10808.2,12676929.0,1131.43
2016-06-06,10886.55,10886.55,10663.9,10678.85,13731654.0,1209.0
2016-06-07,10681.85,10791.5,10580.7,10739.35,16172094.0,1429.17
2016-06-08,10774.2,10790.4,10703.15,10716.55,8088098.0,702.16
2016-06-09,10694.35,10714.7,10622.05,10665.4,10824396.0,1029.91
2016-06-10,10657.3,10756.8,10620.4,10657.6,9391384.0,800.91
2016-06-13,10632.15,10721.85,10603.4,10706.6,8526436.0,766.54
2016-06-14,10734.75,10789.85,10716.3,10781.4,8579812.0,682.57
2016-06-15,10819.6,10820.65,10776.65,10790.3,6810466.0,559.51
2016-06-16,10799.1,10799.1,10664.95,10762.2,9132402.0,945.77
2016-06-17,10814.4,10820.7,10629.95,10653.45,8997299.0,937.67
2016-06-20,10636.7,10723.5,10569.65,10685.85,8307967.0,652.65
2016-06-21,10731.6,10738.15,10613.55,10627.35,8190689.0,665.72
2016-06-22,10672.15,10731.6,10632.0,10696.5,8124977.0,733.15
2016-06-23,10726.8,10821.1,10726.8,10793.1,9965326.0,835.34
2016-06-24,10632.0,10763.9,10499.0,10747.8,16359558.0,1274.69
2016-06-27,10750.05,10976.0,10747.2,10964.05,11777252.0,960.56
2016-06-28,10968.2,11068.75,10968.2,11035.35,9768349.0,936.61
2016-06-29,11101.2,11149.1,11067.55,11084.7,7593464.0,729.86
2016-06-30,11173.7,11203.1,11115.5,11142.0,13629152.0,1203.49
2016-07-01,11215.85,11281.6,11213.05,11250.9,7930684.0,747.98
2016-07-04,11346.15,11380.75,11305.75,11319.85,6545817.0,630.93
2016-07-05,11337.05,11370.45,11256.8,11361.6,8213492.0,739.24
2016-07-07,11386.2,11592.9,11370.95,11527.05,11352443.0,1136.28
2016-07-08,11623.7,11639.65,11503.35,11569.7,14627845.0,1324.01
2016-07-11,11679.7,11762.7,11646.8,11745.7,11911367.0,982.39
2016-07-12,11754.7,11754.9,11631.8,11680.65,8065791.0,726.94
2016-07-13,11711.6,11741.9,11612.55,11639.8,9201540.0,815.83
2016-07-14,11626.75,11626.75,11535.9,11590.65,8455920.0,721.77
2016-07-15,11609.65,11673.85,11572.75,11607.7,10256273.0,925.87
2016-07-18,11634.45,11651.7,11542.0,11556.85,7716771.0,689.02
2016-07-19,11574.4,11676.75,11561.7,11647.0,7021464.0,644.61
2016-07-20,11706.0,11937.8,11706.0,11925.35,15756285.0,1346.47
2016-07-21,11982.2,12011.8,11788.6,11820.65,11679181.0,1067.05
2016-07-22,11844.8,11844.8,11774.55,11815.75,7462354.0,708.14
2016-07-25,11815.15,11876.5,11785.75,11869.6,9088850.0,916.82
2016-07-26,11888.9,11902.55,11663.35,11691.15,10856190.0,1316.37
2016-07-27,11524.1,11593.3,11452.55,11569.9,13970821.0,2212.36
2016-07-28,11609.2,11673.75,11570.95,11615.75,12447491.0,1249.04
2016-07-29,11631.45,11764.65,11611.8,11697.25,9815682.0,944.67
2016-08-01,11772.35,11785.5,11592.7,11685.4,8950879.0,884.45
2016-08-02,11740.35,11800.8,11552.9,11567.8,7903493.0,726.73
2016-08-03,11603.75,11652.1,11478.05,11553.2,9260501.0,797.91
2016-08-04,11593.6,11691.75,11538.25,11591.0,12977838.0,925.81
2016-08-05,11653.45,11695.0,11617.9,11678.9,6651573.0,585.31
2016-08-08,11718.45,11742.25,11650.1,11692.65,7832915.0,747.13
2016-08-09,11731.15,11766.25,11554.4,11595.15,13840759.0,1748.06
2016-08-10,11602.3,11602.3,11337.7,11361.9,9536680.0,1053.93
2016-08-11,11363.8,11407.0,11200.7,11376.9,13005054.0,1261.28
2016-08-12,11435.35,11484.0,11299.3,11362.4,16506161.0,1419.3
2016-08-16,11418.35,11433.2,11320.3,11420.0,20425036.0,1555.27
2016-08-17,11402.75,11511.4,11383.65,11496.8,11530556.0,1005.26
2016-08-18,11557.75,11583.95,11501.9,11565.3,6719461.0,656.86
2016-08-19,11599.25,11626.1,11562.0,11587.4,8884146.0,774.08
2016-08-22,11590.9,11590.9,11444.2,11473.8,11132733.0,984.66
2016-08-23,11474.05,11474.05,11361.0,11409.05,9904238.0,903.94
2016-08-24,11462.6,11557.3,11435.65,11536.55,17026143.0,1472.73
2016-08-25,11588.45,11657.2,11463.65,11490.85,16150417.0,1424.79
2016-08-26,11526.65,11534.9,11377.7,11395.45,8884244.0,775.49
2016-08-29,11421.1,11421.1,11268.3,11382.35,8412790.0,789.13
2016-08-30,11443.1,11582.75,11435.35,11552.75,6851168.0,647.69
2016-08-31,11590.9,11654.45,11456.7,11489.15,13240559.0,1212.43
2016-09-01,11486.75,11512.4,11414.25,11463.35,5979969.0,589.53
2016-09-02,11508.4,11592.3,11446.2,11555.15,7231480.0,655.68
2016-09-06,11617.15,11634.7,11556.05,11612.7,6529088.0,598.38
2016-09-07,11640.9,11683.95,11588.55,11633.05,7025204.0,621.15
2016-09-08,11658.95,11946.55,11643.4,11936.65,11581949.0,1023.78
2016-09-09,11958.25,12042.7,11781.1,11818.8,11660320.0,1014.01
2016-09-12,11688.3,11749.35,11592.8,11622.6,7478738.0,672.33
2016-09-14,11688.45,11706.8,11600.65,11640.6,8578300.0,732.16
2016-09-15,11678.9,11794.05,11666.55,11715.65,6606304.0,598.85
2016-09-16,11751.6,11842.25,11672.6,11725.5,10086906.0,1005.18
2016-09-19,11737.1,11802.35,11711.5,11766.65,7472881.0,667.4
2016-09-20,11791.9,11851.25,11730.9,11746.4,9631155.0,815.11
2016-09-21,11787.35,11805.65,11703.75,11730.95,6920590.0,628.99
2016-09-22,11818.55,11854.55,11776.9,11844.45,15036445.0,1355.7
2016-09-23,11884.95,11895.95,11770.7,11798.65,10914741.0,1064.99
2016-09-26,11802.8,11831.75,11688.85,11708.7,9338418.0,918.74
2016-09-27,11729.35,11830.85,11722.4,11782.6,9808782.0,901.7
2016-09-28,11790.55,11867.1,11760.8,11777.75,10693382.0,1020.6
2016-09-29,11835.6,11849.55,11268.7,11432.2,17373608.0,1594.26
2016-09-30,11438.5,11489.0,11341.05,11461.0,13966115.0,1099.06
2016-10-03,11528.95,11668.35,11528.95,11638.25,6854279.0,644.28
2016-10-04,11685.45,11748.2,11645.9,11681.4,7290646.0,632.74
2016-10-05,11715.0,11723.65,11599.15,11615.9,5969811.0,548.12
2016-10-06,11663.35,11689.6,11474.8,11494.45,8514391.0,766.35
2016-10-07,11494.75,11544.8,11444.6,11480.1,24950072.0,2218.15
2016-10-10,11512.7,11577.25,11489.95,11547.3,6000705.0,591.1
2016-10-13,11536.05,11557.0,11300.85,11338.85,11978308.0,1043.44
2016-10-14,11384.5,11394.45,11320.3,11380.1,7309260.0,736.26
2016-10-17,11401.95,11404.3,11261.9,11279.4,5775329.0,516.69
2016-10-18,11299.95,11490.0,11297.8,11469.45,7555370.0,730.55
2016-10-19,11504.65,11585.85,11502.1,11527.75,6597742.0,625.86
2016-10-20,11570.55,11578.85,11471.9,11483.35,4317386.0,382.97
2016-10-21,11508.7,11515.2,11416.4,11494.55,5795886.0,531.43
2016-10-24,11535.05,11540.75,11450.95,11487.6,5050879.0,515.94
2016-10-25,11527.15,11611.65,11514.9,11585.95,7363659.0,858.25
2016-10-26,11588.2,11598.25,11413.45,11454.9,8692020.0,682.94
2016-10-27,11487.15,11563.85,11438.3,11534.55,9102317.0,978.53
2016-10-28,11545.5,11633.75,11535.0,11571.85,9835206.0,899.81
2016-10-30,11635.3,11654.3,11617.1,11636.0,1232823.0,128.04
2016-11-01,11666.4,11705.2,11510.3,11530.15,8668236.0,825.4
2016-11-02,11489.15,11489.55,11255.2,11268.9,7851798.0,755.36
2016-11-03,11263.05,11329.25,11087.75,11124.3,9569849.0,828.85
2016-11-04,10923.5,10923.5,10540.75,10606.0,31460013.0,2440.58
2016-11-07,10923.0,10951.95,10784.25,10818.75,17025623.0,1603.66
2016-11-08,10874.35,10889.9,10638.75,10665.8,15577793.0,1209.0
2016-11-09,10106.75,10922.9,9777.25,10871.1,29975394.0,2429.4
2016-11-10,11080.75,11171.8,10964.15,10990.55,21380264.0,1745.86
2016-11-11,11046.35,11172.15,10862.85,10901.25,19544986.0,1547.59
2016-11-15,10955.75,10991.6,10686.25,10747.9,14479652.0,1231.09
2016-11-16,10882.95,10907.25,10522.2,10559.25,14557635.0,1186.45
2016-11-17,10549.85,10681.55,10483.8,10595.65,9710104.0,801.36
2016-11-18,10609.55,10794.25,10530.15,10751.45,11563998.0,891.99
2016-11-21,10785.9,10795.55,10586.15,10642.1,10595467.0,879.96
2016-11-22,10725.7,10736.7,10624.0,10693.85,9465636.0,790.01
2016-11-23,10752.8,10962.6,10706.0,10934.2,11999216.0,1083.22
2016-11-24,10894.95,10898.1,10732.1,10762.45,12596777.0,1056.04
2016-11-25,10835.6,11116.6,10754.3,11085.0,10878897.0,950.22
2016-11-28,11100.9,11168.6,11054.15,11110.25,7768155.0,671.65
2016-11-29,11139.45,11160.05,11030.35,11061.3,8569650.0,743.37
2016-11-30,11117.15,11169.0,11054.25,11080.05,12134186.0,1150.47
2016-12-01,11103.25,11215.45,11076.05,11132.05,7658027.0,699.8
2016-12-02,11082.4,11129.2,11003.7,11038.05,7771898.0,693.3
2016-12-05,11082.35,11129.55,11018.05,11073.5,8179923.0,784.33
2016-12-06,11127.0,11164.25,11052.3,11069.85,6222118.0,528.93
2016-12-07,11065.25,11068.55,10804.9,10832.65,16805817.0,1247.42
2016-12-08,10824.3,10990.55,10770.25,10972.65,12773048.0,1038.75
2016-12-09,11003.85,11018.5,10908.15,10929.45,6664698.0,543.29
2016-12-12,10928.6,10960.75,10872.65,10895.9,5435232.0,442.92
2016-12-13,10909.65,10956.85,10833.65,10947.9,8015094.0,634.6
2016-12-14,10957.35,10988.8,10842.15,10859.25,8434612.0,646.85
2016-12-15,10810.3,10865.95,10630.75,10655.5,14017423.0,1023.68
2016-12-16,10657.7,10680.0,10538.85,10646.5,18960236.0,1367.74
2016-12-19,10637.25,10656.0,10525.95,10555.7,10386995.0,824.01
2016-12-20,10577.25,10585.65,10428.35,10436.75,11850352.0,903.38
2016-12-21,10483.95,10509.85,10350.75,10361.6,13245424.0,979.58
2016-12-22,10362.05,10397.65,10212.75,10226.15,11057306.0,819.13
2016-12-23,10252.1,10318.1,10075.2,10156.65,26613058.0,2100.87
2016-12-26,10144.55,10144.55,9870.05,9889.3,28274958.0,2126.71
2016-12-27,9926.15,10098.05,9920.55,10083.0,13320012.0,1030.8
2016-12-28,10121.1,10247.0,10101.1,10149.35,13617441.0,1072.16
2016-12-29,10162.2,10196.5,10100.0,10132.35,15382553.0,1138.99
2016-12-30,10174.0,10285.05,10162.4,10267.0,12107708.0,919.64
2017-01-02,10301.85,10364.6,10245.4,10310.2,7598290.0,579.5
2017-01-03,10350.15,10382.55,10280.0,10317.45,7819750.0,611.29
2017-01-04,10355.7,10392.6,10291.45,10303.8,10188218.0,822.27
2017-01-05,10369.8,10464.7,10342.6,10457.75,10315770.0,828.43
2017-01-06,10503.4,10559.55,10455.3,10472.7,9956357.0,811.61
2017-01-09,10507.15,10525.7,10307.45,10323.45,14036948.0,1059.85
2017-01-10,10355.45,10380.3,10321.55,10366.7,9907000.0,784.42
2017-01-11,10406.45,10475.2,10397.3,10464.65,8251033.0,688.9
2017-01-12,10277.35,10419.15,10230.1,10401.75,14032167.0,1091.75
2017-01-13,10421.0,10488.7,10363.05,10445.1,10395610.0,772.64
2017-01-16,10432.1,10480.2,10403.85,10418.2,5816287.0,464.31
2017-01-17,10420.55,10475.75,10408.9,10426.65,7738985.0,580.84
2017-01-18,10426.95,10502.9,10413.8,10452.45,10114095.0,812.04
2017-01-19,10452.95,10497.25,10368.6,10389.75,11064516.0,716.08
2017-01-20,10385.75,10434.05,10281.8,10307.85,10180411.0,769.04
2017-01-23,10268.9,10307.65,10195.45,10214.15,10466823.0,819.62
2017-01-24,10229.05,10359.9,10227.95,10339.45,8848746.0,670.46
2017-01-25,10373.0,10383.25,10315.8,10332.6,10633541.0,839.58
2017-01-27,10331.4,10402.75,10327.35,10367.2,9535604.0,747.46
2017-01-30,10367.05,10469.45,10356.65,10412.15,8492699.0,645.83
2017-01-31,10439.2,10446.2,10218.05,10236.35,10741503.0,675.47
2017-02-01,10222.85,10274.55,10065.65,10189.5,10663028.0,800.38
2017-02-02,10209.35,10434.5,10128.3,10402.0,16703077.0,1320.98
2017-02-03,10473.95,10576.15,10417.85,10555.0,14926328.0,1178.45
2017-02-06,10630.05,10774.65,10510.8,10710.8,23476529.0,1978.75
2017-02-07,10722.4,10806.8,10570.9,10604.0,10740701.0,879.07
2017-02-08,10623.4,10663.6,10523.55,10583.4,9680634.0,807.18
2017-02-09,10638.75,10659.0,10521.7,10542.6,17382530.0,1511.08
2017-02-10,10572.95,10595.6,10417.6,10438.1,11562441.0,962.72
2017-02-13,10465.9,10485.45,10341.65,10403.6,8651219.0,681.99
2017-02-14,10435.55,10440.1,10269.1,10322.25,9605318.0,767.85
2017-02-15,10334.2,10341.2,10124.75,10137.65,17812934.0,1281.61
2017-02-16,10157.5,10436.85,10105.5,10407.75,24394827.0,1801.19
2017-02-17,10485.55,10646.1,10431.8,10624.4,27186508.0,1863.99
2017-02-20,10646.95,10685.1,10574.2,10641.6,13569559.0,1177.57
2017-02-21,10645.85,10684.85,10607.2,10644.6,14139985.0,1368.12
2017-02-22,10657.85,10671.05,10529.95,10582.3,9870952.0,901.35
2017-02-23,10605.05,10644.75,10535.45,10561.6,16741826.0,1360.9
2017-02-27,10576.65,10646.65,10534.9,10571.7,12949236.0,1072.37
2017-02-28,10595.35,10641.8,10573.05,10585.15,9531929.0,872.56
2017-03-01,10619.85,10759.0,10609.75,10700.8,12972753.0,1209.78
2017-03-02,10743.75,10754.8,10512.55,10541.1,14201015.0,1126.7
2017-03-03,10530.15,10634.95,10513.0,10614.05,6881655.0,566.44
2017-03-06,10623.65,10633.65,10568.25,10612.85,7684501.0,605.1
2017-03-07,10632.75,10634.5,10530.2,10560.9,7832982.0,658.16
2017-03-08,10558.75,10656.5,10520.95,10584.35,12912566.0,1033.3
2017-03-09,10538.3,10567.3,10481.2,10499.05,10105601.0,1204.24
2017-03-10,10490.45,10549.4,10444.35,10468.35,7862336.0,671.49
2017-03-14,10602.95,10752.6,10468.85,10648.05,17619221.0,1379.7
2017-03-15,10694.15,10729.55,10656.35,10671.05,9806002.0,760.45
2017-03-16,10724.25,10775.2,10698.45,10731.2,10228535.0,848.59
2017-03-17,10776.65,10783.9,10643.8,10674.95,11678673.0,974.54
2017-03-20,10704.9,10724.15,10673.3,10710.6,9187619.0,761.64
2017-03-21,10669.65,10669.65,10425.15,10493.75,31516031.0,2431.33
2017-03-22,10417.75,10525.4,10373.3,10510.55,17253989.0,1358.25
2017-03-23,10541.55,10586.05,10499.75,10575.2,11554714.0,898.49
2017-03-24,10581.4,10620.2,10516.7,10556.35,8300124.0,629.06
2017-03-27,10526.5,10543.7,10427.55,10441.9,12444457.0,938.58
2017-03-28,10484.1,10525.05,10455.3,10497.7,9443124.0,634.88
2017-03-29,10522.65,10522.65,10401.75,10419.5,11085248.0,862.28
2017-03-30,10444.4,10469.2,10389.5,10407.3,14036646.0,1175.93
2017-03-31,10420.8,10461.55,10389.95,10411.15,10043779.0,798.74
2017-04-03,10439.6,10512.7,10398.65,10503.65,7799195.0,758.53
2017-04-05,10551.7,10556.9,10499.5,10541.15,10365278.0,979.91
2017-04-06,10542.0,10544.3,10434.9,10469.7,7609329.0,615.51
2017-04-07,10455.8,10455.8,10260.65,10285.8,15696797.0,1144.47
2017-04-10,10317.05,10335.6,10275.15,10315.8,13094711.0,987.73
2017-04-11,10340.85,10368.55,10321.4,10355.55,9299500.0,701.69
2017-04-12,10356.0,10481.1,10257.3,10445.2,8778463.0,708.9
2017-04-13,10494.85,10577.4,10448.05,10531.95,8068719.0,716.01
2017-04-17,10533.0,10542.85,10432.8,10448.55,6586678.0,626.23
2017-04-18,10474.7,10484.0,10343.5,10355.8,9370089.0,700.29
2017-04-19,10387.35,10411.95,10307.35,10321.05,8776614.0,665.27
2017-04-20,10350.15,10371.15,10282.45,10303.95,7057711.0,534.37
2017-04-21,10340.95,10340.95,10192.5,10208.5,10331166.0,755.39
2017-04-24,10175.7,10212.95,10103.25,10177.75,12693426.0,970.33
2017-04-25,10217.45,10252.35,10197.25,10241.45,9549523.0,823.65
2017-04-26,10230.5,10247.25,10137.25,10197.2,7721738.0,644.52
2017-04-27,10225.0,10226.05,10079.55,10100.0,12419890.0,1020.49
2017-04-28,10119.45,10162.2,10075.05,10120.9,10205295.0,856.5
2017-05-02,10132.05,10150.6,9979.65,10036.35,11133615.0,906.19
2017-05-03,10058.65,10092.6,9959.1,9981.8,10934399.0,843.37
2017-05-04,9996.8,10060.15,9942.65,9979.0,10052497.0,765.72
2017-05-05,9969.85,10048.8,9908.7,9935.15,9552933.0,672.52
2017-05-08,9951.05,10033.75,9924.5,10021.05,6319588.0,515.84
2017-05-09,10037.1,10040.0,9940.1,9997.7,10506301.0,804.18
2017-05-10,10029.0,10150.15,10023.7,10106.2,12018115.0,902.09
2017-05-11,10152.0,10197.1,10113.1,10178.85,9152697.0,691.32
2017-05-12,10133.8,10148.7,10014.35,10121.4,24389553.0,2168.83
2017-05-15,10159.25,10278.35,10114.05,10252.85,17489906.0,1749.04
2017-05-16,10268.15,10301.25,10212.55,10247.15,10603439.0,941.4
2017-05-17,10254.3,10263.95,10183.7,10222.6,12108943.0,1043.98
2017-05-18,10155.65,10229.95,10126.45,10160.3,12551770.0,992.0
2017-05-19,10209.6,10223.6,10114.05,10156.1,10930412.0,865.54
2017-05-22,10202.9,10203.25,9936.6,9959.2,12250230.0,981.29
2017-05-23,9904.5,9913.65,9528.95,9648.3,24849541.0,1708.26
2017-05-24,9633.55,9649.05,9385.55,9446.95,20831489.0,1590.5
2017-05-25,9421.8,9434.1,9082.85,9199.15,32748511.0,2520.85
2017-05-26,9173.6,9303.3,9033.75,9060.45,30321514.0,2018.63
2017-05-29,8913.05,8913.05,8634.9,8757.8,65775976.0,3675.07
2017-05-30,8742.05,9013.3,8725.3,8990.3,39476192.0,2351.16
2017-05-31,9063.65,9088.65,8958.4,9025.25,36794051.0,2398.0
2017-06-01,9044.45,9279.55,9039.05,9104.95,31362450.0,1945.25
2017-06-02,9182.4,9292.75,9169.65,9254.7,24316724.0,1508.0
2017-06-05,9267.5,9307.4,9218.85,9229.75,12872280.0,869.75
2017-06-06,9280.0,9280.2,9149.9,9174.6,13253179.0,861.91
2017-06-07,9200.0,9337.3,9156.85,9300.55,22384426.0,1367.03
2017-06-08,9319.4,9551.4,9304.05,9486.65,25342123.0,1722.81
2017-06-09,9520.8,9531.9,9406.05,9507.35,12969694.0,942.95
2017-06-12,9510.4,9614.3,9494.55,9583.85,16236200.0,1118.38
2017-06-13,9682.0,9707.5,9580.75,9592.15,18850989.0,1237.79
2017-06-14,9639.7,9658.65,9540.85,9576.0,11188249.0,916.61
2017-06-15,9578.3,9740.1,9554.65,9695.85,24282845.0,1726.07
2017-06-16,9734.2,9764.6,9506.15,9525.5,23741617.0,1766.78
2017-06-19,9560.35,9564.95,9422.65,9489.2,13620362.0,998.96
2017-06-20,9509.0,9546.55,9449.6,9481.9,12416507.0,894.01
2017-06-21,9499.25,9532.15,9402.5,9456.8,12068503.0,885.42
2017-06-22,9470.25,9536.75,9448.25,9471.6,15072959.0,1116.56
2017-06-23,9476.05,9541.2,9409.15,9478.15,12032103.0,886.77
2017-06-27,9510.45,9575.5,9399.55,9467.9,15462023.0,1142.75
2017-06-28,9458.7,9498.4,9402.6,9482.35,11668439.0,826.02
2017-06-29,9502.55,9513.8,9408.4,9428.2,18110906.0,1340.8
2017-06-30,9436.85,9632.2,9420.75,9606.4,13926952.0,999.12
2017-07-03,9637.6,9648.15,9563.45,9616.3,7015454.0,550.44
2017-07-04,9656.2,9659.2,9497.6,9517.95,7012663.0,572.83
2017-07-05,9518.95,9612.15,9498.95,9589.15,13808865.0,1133.7
2017-07-06,9627.0,9661.7,9580.1,9598.45,11527540.0,903.8
2017-07-07,9614.8,9778.1,9611.8,9723.85,17732268.0,1507.38
2017-07-10,9782.75,9919.5,9705.3,9884.45,4077405.0,311.01
2017-07-11,9911.15,9948.75,9782.5,9801.65,12498916.0,969.18
2017-07-12,9825.65,9859.55,9775.9,9817.8,7806016.0,620.39
2017-07-13,9827.05,9910.35,9820.1,9875.25,10332836.0,762.48
2017-07-14,9897.95,9994.65,9875.4,9958.25,16566583.0,1203.02
2017-07-17,9993.85,10020.35,9933.0,9994.75,12191401.0,888.0
2017-07-18,9983.05,10096.8,9968.95,10024.3,9454740.0,772.02
2017-07-19,10128.5,10245.45,10118.6,10234.6,19344385.0,1526.98
2017-07-20,10256.05,10259.65,10125.15,10140.75,7281445.0,569.27
2017-07-21,10130.65,10130.65,9992.35,10052.4,9524622.0,766.85
2017-07-24,10079.85,10092.0,9964.7,9980.5,9552375.0,824.54
2017-07-25,9987.1,10003.0,9907.8,9930.55,10771319.0,856.64
2017-07-26,9963.65,10044.35,9920.0,10036.8,7996388.0,620.45
2017-07-27,10051.6,10059.7,9845.95,9880.25,17771812.0,1620.04
2017-07-28,9821.25,9821.25,9641.15,9672.6,17150320.0,1540.55
2017-07-31,9707.95,9707.95,9456.7,9476.4,17258093.0,1585.69
2017-08-01,9488.9,9602.25,9482.35,9517.3,14167412.0,1300.96
2017-08-02,9555.1,9557.45,9434.3,9453.95,15022425.0,1380.12
2017-08-03,9481.7,9566.45,9308.4,9336.9,20164169.0,1746.75
2017-08-04,9285.8,9287.9,9104.2,9256.85,18648519.0,1483.3
2017-08-07,9280.55,9323.05,9210.45,9229.05,8101854.0,686.43
2017-08-08,9240.05,9264.7,9109.35,9125.85,10151298.0,878.24
2017-08-09,9070.15,9076.2,8714.9,8766.25,25645803.0,1680.84
2017-08-10,8757.3,8917.55,8390.6,8513.2,28282854.0,1982.25
2017-08-11,8445.25,8604.8,8314.5,8521.35,28479070.0,1912.77
2017-08-14,8494.05,8786.35,8483.65,8758.1,31831102.0,1815.46
2017-08-16,8807.95,8870.05,8679.2,8859.4,16687469.0,1132.21
2017-08-17,8881.55,8909.7,8779.5,8797.1,11664999.0,816.05
2017-08-18,8758.95,8758.95,8576.85,8639.4,11988307.0,800.22
2017-08-21,8691.8,8696.85,8468.7,8490.2,10728505.0,707.44
2017-08-22,8555.15,8630.5,8494.55,8566.65,12167832.0,917.51
2017-08-23,8619.15,8641.7,8580.85,8615.85,10757062.0,800.29
2017-08-24,8637.1,8921.4,8615.8,8902.05,23177987.0,1620.06
2017-08-28,8949.3,9031.35,8896.8,8975.05,17136665.0,1213.71
2017-08-29,8948.3,8956.0,8845.65,8865.05,9272725.0,688.18
2017-08-30,8937.95,8987.15,8894.6,8908.05,9043167.0,650.28
2017-08-31,8928.2,8939.5,8841.15,8859.65,13219581.0,990.43
2017-09-01,8936.85,9088.9,8925.4,9071.7,16245064.0,1649.03
2017-09-04,9093.95,9120.35,8929.4,9070.35,13845003.0,1044.69
2017-09-05,9126.75,9127.65,9003.95,9037.6,10830912.0,769.0
2017-09-06,8978.55,8980.0,8883.75,8897.3,14523775.0,977.47
2017-09-07,8937.75,8985.25,8873.0,8948.8,13852525.0,955.53
2017-09-08,8956.2,8998.55,8793.25,8840.3,12225668.0,1036.8
2017-09-11,8888.25,8917.65,8787.65,8804.45,11496484.0,756.98
2017-09-12,8856.8,9009.55,8795.85,8996.1,23874470.0,1714.63
2017-09-13,9008.1,9211.75,8967.25,9140.6,36033152.0,2655.79
2017-09-14,9257.65,9396.4,9246.8,9380.85,28726094.0,2209.58
2017-09-15,9321.8,9378.5,9237.85,9338.0,23953287.0,1893.52
2017-09-18,9378.95,9403.55,9217.55,9339.55,17700712.0,1440.61
2017-09-19,9357.4,9417.3,9269.6,9293.95,21498162.0,1745.8
2017-09-20,9327.4,9372.15,9231.8,9319.85,31410281.0,2797.6
2017-09-21,9364.95,9663.1,9363.3,9629.75,46697565.0,4341.44
2017-09-22,9629.15,9709.2,9428.8,9465.45,31604670.0,2653.53
2017-09-25,9468.0,9474.15,9239.4,9297.05,21014574.0,1681.77
2017-09-26,9294.3,9377.2,9234.95,9297.9,15754061.0,1418.19
2017-09-27,9254.75,9257.9,8997.25,9036.45,28247923.0,2297.91
2017-09-28,9037.65,9182.4,8977.25,9111.55,36153273.0,3133.36
2017-09-29,9131.1,9245.3,9112.0,9172.6,18972122.0,1560.41
2017-10-03,9308.95,9314.9,9196.15,9214.95,11101907.0,985.15
2017-10-04,9245.2,9407.15,9208.15,9372.3,17045673.0,1344.6
2017-10-05,9404.9,9508.65,9377.35,9394.15,16483467.0,1248.94
2017-10-06,9444.2,9497.6,9402.5,9477.75,13755529.0,1015.41
2017-10-09,9497.15,9568.55,9463.8,9505.7,13269293.0,1032.7
2017-10-10,9556.75,9608.9,9506.75,9530.3,10086624.0,849.95
2017-10-11,9563.35,9586.85,9385.15,9441.15,12003774.0,948.09
2017-10-12,9561.5,9592.6,9483.5,9577.1,16410014.0,1129.63
2017-10-13,9593.8,9613.8,9526.35,9545.6,9108421.0,691.82
2017-10-16,9588.1,9705.35,9579.45,9692.55,12638664.0,927.0
2017-10-17,9683.35,9752.6,9638.85,9740.55,,
2017-10-18,9760.8,9760.8,9611.6,9622.6,8818977.0,726.92
2017-10-19,9646.4,9655.65,9561.1,9593.5,,
2017-10-23,9637.9,9654.85,9495.75,9542.2,8711431.0,658.8
2017-10-24,9554.55,9561.85,9479.55,9490.0,6929971.0,508.34
2017-10-25,9527.7,9539.85,9332.65,9346.75,7757588.0,632.32
2017-10-26,9385.35,9474.85,9302.2,9428.35,12466437.0,976.16
2017-10-27,9497.2,9722.85,9488.05,9650.1,18349378.0,1289.62
2017-10-30,9686.05,9852.6,9599.1,9754.85,19097798.0,1698.26
2017-10-31,9753.75,9829.2,9697.95,9756.0,14010680.0,1367.35
2017-11-01,9750.05,9827.4,9694.2,9711.55,13851406.0,1214.91
2017-11-02,9782.6,10060.35,9782.6,10004.5,35808307.0,3064.03
2017-11-03,10052.25,10062.5,9845.35,9897.2,16412566.0,1345.57
2017-11-06,9886.7,9962.1,9854.2,9894.1,12907293.0,1093.26
2017-11-07,9953.5,9986.6,9364.25,9469.75,49481021.0,3881.75
2017-11-08,9553.05,9659.25,9483.4,9494.95,27444627.0,2126.05
2017-11-09,9616.65,9623.2,9289.05,9435.85,19437156.0,1417.8
2017-11-10,9460.4,9484.1,9262.5,9311.5,21351249.0,1630.77
2017-11-13,9334.65,9345.45,9168.7,9238.85,18025677.0,1228.62
2017-11-14,9240.9,9284.0,9174.3,9208.45,20513280.0,1347.38
2017-11-15,9170.65,9193.8,8990.15,9025.2,17782230.0,1149.04
2017-11-16,9045.25,9102.85,9003.6,9082.65,12715341.0,863.62
2017-11-17,9159.5,9221.3,9137.45,9161.8,11395879.0,834.19
2017-11-20,9184.2,9200.4,9119.9,9143.35,10960589.0,824.53
2017-11-21,9173.7,9419.35,9155.2,9346.55,19878038.0,1709.45
2017-11-22,9353.55,9365.5,9255.9,9278.0,12741089.0,936.29
2017-11-23,9290.65,9321.6,9244.75,9293.2,11672134.0,883.55
2017-11-24,9320.25,9371.05,9292.95,9364.3,11046009.0,807.17
2017-11-27,9324.95,9392.85,9294.35,9368.7,9800334.0,677.39
2017-11-28,9368.45,9396.65,9285.4,9318.5,10915916.0,815.88
2017-11-29,9336.85,9401.45,9327.8,9351.85,9126934.0,765.48
2017-11-30,9328.3,9364.5,9219.4,9238.75,20390826.0,1686.09
2017-12-01,9280.55,9301.2,9055.95,9083.85,11714463.0,919.73
2017-12-04,9137.25,9152.9,9010.7,9052.0,9895655.0,686.62
2017-12-05,9040.2,9074.65,8981.95,9043.15,9562026.0,656.03
2017-12-06,9047.85,9063.25,8923.55,8938.2,9626888.0,652.72
2017-12-07,8944.95,9016.15,8923.55,8960.4,11107963.0,746.43
2017-12-08,8986.6,9121.65,8977.85,9098.45,11022834.0,869.04
2017-12-11,9162.4,9206.1,9129.95,9186.1,10433948.0,791.71
2017-12-12,9271.65,9273.15,9099.2,9119.1,12478910.0,1148.81
2017-12-13,9135.8,9160.4,8982.15,9002.8,10989451.0,844.15
2017-12-14,9032.6,9087.95,8975.45,9070.85,10661906.0,879.38
2017-12-15,9152.4,9162.25,9081.1,9100.3,15011960.0,1126.8
2017-12-18,9102.2,9286.4,8921.3,9230.45,11878398.0,866.12
2017-12-19,9284.9,9313.65,9233.45,9299.65,10342367.0,764.53
2017-12-20,9314.65,9365.8,9260.35,9285.45,10685674.0,768.75
2017-12-21,9335.25,9418.15,9303.1,9321.6,14243379.0,923.34
2017-12-22,9346.95,9361.0,9309.2,9326.6,9578305.0,723.28
2017-12-26,9336.65,9436.1,9307.45,9416.0,10632983.0,746.28
2017-12-27,9447.75,9699.65,9438.5,9639.85,38496851.0,2593.56
2017-12-28,9683.1,9732.9,9559.65,9584.2,22513511.0,1636.39
2017-12-29,9635.15,9675.1,9590.75,9620.1,13063911.0,947.57
2018-01-01,9627.4,9740.6,9588.95,9618.15,10894193.0,752.74
2018-01-02,9662.2,9708.45,9531.0,9565.8,9652641.0,706.89
2018-01-03,9585.65,9605.15,9505.55,9519.55,11198773.0,993.53
2018-01-04,9535.9,9649.05,9476.45,9633.6,13215036.0,993.21
2018-01-05,9666.25,9717.15,9614.2,9701.05,13418674.0,1037.44
2018-01-08,9759.8,9939.05,9750.65,9838.25,22589673.0,1655.53
2018-01-09,9866.55,9875.7,9747.0,9770.2,10164458.0,787.76
2018-01-10,9789.75,9863.5,9716.1,9748.6,13185031.0,971.21
2018-01-11,9752.6,9849.8,9708.6,9772.85,12680535.0,873.08
2018-01-12,9795.85,9825.2,9656.0,9741.85,8857860.0,696.94
2018-01-15,9764.0,9776.55,9650.0,9659.75,8582072.0,596.04
2018-01-16,9675.6,9722.05,9589.4,9623.45,11977299.0,892.23
2018-01-17,9648.4,9757.95,9565.95,9744.3,12953576.0,1052.49
2018-01-18,9779.65,9819.4,9581.55,9626.45,12084824.0,978.95
2018-01-19,9648.6,9668.55,9566.7,9637.8,12639093.0,871.0
2018-01-22,9621.35,9680.95,9587.1,9654.8,8926182.0,765.96
2018-01-23,9688.0,9827.35,9670.85,9767.3,14085544.0,1134.66
2018-01-24,9752.25,9903.4,9717.1,9826.4,17427942.0,1519.34
2018-01-25,9857.65,9920.55,9715.8,9729.15,18844865.0,1882.55
2018-01-29,9716.2,9752.05,9592.4,9622.35,13711141.0,1143.13
2018-01-30,9602.95,9605.15,9500.2,9563.55,10124752.0,870.43
2018-01-31,9550.75,9565.3,9329.2,9384.75,13770662.0,1128.19
2018-02-01,9391.5,9391.7,9075.75,9158.7,18427372.0,1345.34
2018-02-02,9113.95,9305.6,9014.0,9042.75,21783989.0,1594.01
2018-02-05,8910.9,9095.9,8859.65,9069.5,11034640.0,823.59
2018-02-06,8773.1,8962.75,8729.1,8871.25,18342283.0,1317.44
2018-02-07,8967.55,8975.9,8879.4,8935.8,18893406.0,1303.54
2018-02-08,8949.0,9282.2,8927.85,9262.45,35208584.0,2249.82
2018-02-09,9052.8,9245.9,9044.3,9222.55,23245872.0,1489.39
2018-02-12,9298.05,9453.75,9271.0,9339.95,22125194.0,1446.85
2018-02-14,9367.5,9374.0,9212.25,9249.2,13662098.0,901.03
2018-02-15,9215.7,9327.7,9186.55,9207.5,17518332.0,1113.24
2018-02-16,9231.85,9262.15,9141.05,9180.9,12431151.0,853.37
2018-02-19,9188.3,9198.65,8941.9,9027.9,10480909.0,757.12
2018-02-20,9054.45,9086.5,8982.1,9020.75,9167223.0,675.89
2018-02-21,9054.5,9073.5,8753.55,8843.4,31143995.0,1835.02
2018-02-22,8832.7,8901.45,8787.05,8861.75,31118452.0,2032.58
2018-02-23,8924.3,9124.7,8909.8,9095.4,43212988.0,2674.76
2018-02-26,9091.75,9097.85,9016.7,9065.1,16516821.0,1175.34
2018-02-27,9081.5,9146.6,9002.55,9023.45,13167827.0,924.02
2018-02-28,8995.0,9093.05,8938.95,8960.25,16220954.0,1148.78
2018-03-01,8966.4,9003.9,8905.2,8917.75,12977997.0,881.7
2018-03-05,8888.85,8905.55,8770.8,8855.8,22779601.0,1494.4
2018-03-06,8945.85,8955.6,8723.8,8749.55,22185033.0,1439.59
2018-03-07,8753.6,8756.3,8600.95,8615.0,15401408.0,1030.03
2018-03-08,8672.65,8696.55,8499.85,8586.35,16836972.0,1068.28
2018-03-09,8611.55,8688.0,8491.5,8515.7,,
2018-03-12,8582.9,8618.15,8492.7,8600.7,11621098.0,767.4
2018-03-13,8594.4,8739.8,8593.2,8712.1,11753433.0,815.67
2018-03-14,8709.7,8726.8,8656.7,8701.55,7528558.0,520.08
2018-03-15,8708.25,8796.1,8644.85,8670.55,8843204.0,644.4
2018-03-16,8639.8,8738.3,8528.7,8546.8,19431956.0,1278.79
2018-03-19,8606.25,8618.15,8490.4,8512.9,11977410.0,813.65
2018-03-20,8471.85,8601.2,8395.3,8578.7,19206025.0,1177.05
2018-03-21,8639.2,8674.1,8505.5,8525.45,,
2018-03-22,8590.15,8625.7,8459.0,8474.0,14896837.0,906.61
2018-03-23,8378.2,8406.05,8280.45,8327.4,13137646.0,865.23
2018-03-26,8323.25,8406.25,8282.05,8390.5,15534378.0,912.45
2018-03-27,8422.3,8491.7,8417.7,8452.5,13667974.0,867.68
2018-03-28,8445.3,8456.7,8332.15,8358.05,24460028.0,1554.3
2018-04-02,8424.4,8637.4,8385.3,8620.85,,
2018-04-03,8583.1,8701.55,8568.55,8664.7,,
2018-04-04,8716.35,8732.05,8545.65,8569.5,13686740.0,881.56
2018-04-05,8637.55,8732.95,8621.15,8655.65,11205688.0,756.96
2018-04-06,8657.95,8808.55,8643.9,8772.4,17633926.0,1252.74
2018-04-09,8785.85,8841.55,8721.05,8738.15,,
2018-04-10,8763.2,8816.8,8698.75,8719.6,11657255.0,863.22
2018-04-11,8752.95,8789.25,8691.65,8761.8,13136133.0,843.85
2018-04-12,8752.6,8752.6,8669.2,8685.05,13901163.0,960.03
2018-04-13,8694.7,8787.1,8678.05,8730.6,11270888.0,799.56
2018-04-16,8707.9,8877.1,8696.25,8867.2,18147927.0,1217.74
2018-04-17,8890.6,8893.95,8803.45,8827.75,12894421.0,866.23
2018-04-18,8858.75,8904.1,8772.8,8790.0,,
2018-04-19,8833.15,8848.15,8768.9,8829.75,11081606.0,753.93
2018-04-20,8813.4,8846.35,8769.35,8819.8,12865608.0,826.89
2018-04-23,8781.1,8976.8,8781.1,8949.9,15842034.0,1072.05
2018-04-24,8988.7,9092.7,8950.2,8984.15,22448320.0,1581.57
2018-04-25,8964.2,8973.45,8859.8,8901.15,8893915.0,615.98
2018-04-26,8914.4,8996.55,8883.1,8896.6,16707318.0,1263.66
2018-04-27,8955.75,9022.05,8914.65,8987.4,13447849.0,928.73
2018-04-30,9030.45,9090.85,9017.95,9060.7,8238921.0,581.75
2018-05-02,9086.95,9110.55,8921.75,8961.05,12638019.0,802.04
2018-05-03,8968.7,8977.7,8796.85,8966.3,15587036.0,954.7
2018-05-04,8962.0,8963.85,8801.6,8817.45,11785618.0,772.01
2018-05-07,8828.75,8848.35,8674.2,8774.4,11996794.0,802.62
2018-05-08,8812.95,8882.35,8734.95,8753.25,9014834.0,631.16
2018-05-09,8754.05,8766.05,8693.5,8704.1,8414007.0,556.51
2018-05-10,8724.1,8734.35,8518.7,8544.95,13753974.0,911.12
2018-05-11,8555.4,8565.45,8403.35,8445.7,18014955.0,1121.57
2018-05-14,8458.35,8598.05,8438.0,8462.05,14936711.0,967.29
2018-05-15,8449.5,8520.55,8313.0,8401.15,18459590.0,1208.4
2018-05-16,8383.2,8425.1,8287.1,8399.1,16479599.0,1032.84
2018-05-17,8417.0,8461.25,8328.85,8403.0,15794190.0,1008.11
2018-05-18,8441.7,8443.75,8195.35,8211.85,20313069.0,1175.24
2018-05-21,8211.35,8218.15,7956.05,7983.2,14653361.0,865.15
2018-05-22,7993.25,8152.1,7900.35,8118.9,16551603.0,1204.62
2018-05-23,8100.85,8239.35,8050.0,8069.7,17857987.0,1094.28
2018-05-24,8115.05,8231.65,8063.3,8207.0,13601739.0,825.37
2018-05-25,8247.65,8320.1,8156.35,8297.25,17971232.0,1011.8
2018-05-28,8404.25,8553.6,8381.3,8498.2,32189741.0,1914.69
2018-05-29,8464.8,8556.3,8381.5,8410.45,25874727.0,1594.72
2018-05-30,8341.35,8411.15,8297.75,8321.1,18013713.0,1124.86
2018-05-31,8351.0,8355.35,8181.3,8220.25,42890632.0,2720.91
2018-06-01,8248.7,8297.8,8181.6,8213.2,14588456.0,928.84
2018-06-04,8263.7,8323.5,8176.8,8205.8,15473744.0,1131.78
2018-06-05,8226.65,8232.05,8019.3,8117.75,29801883.0,1879.05
2018-06-06,8126.9,8245.1,8078.3,8233.65,21619705.0,1303.81
2018-06-07,8259.2,8294.0,8210.9,8252.15,9836284.0,627.85
2018-06-08,8234.35,8647.15,8220.95,8603.95,51771240.0,3115.14
2018-06-11,8624.7,8780.75,8610.95,8647.15,31870854.0,2132.22
2018-06-12,8669.3,8902.6,8665.45,8870.45,36058755.0,2694.11
2018-06-13,8949.9,9084.35,8914.2,8948.95,45276304.0,3205.26
2018-06-14,8964.35,9133.45,8923.25,9112.45,37928305.0,2740.83
2018-06-15,9159.4,9352.2,9151.45,9316.25,53246874.0,4386.99
2018-06-18,9314.9,9390.55,9190.05,9319.3,21676233.0,1896.29
2018-06-19,9323.4,9424.15,9234.3,9253.95,27878540.0,2234.15
2018-06-20,9292.4,9371.55,9204.8,9291.35,25783354.0,1876.42
2018-06-21,9343.55,9345.85,9177.5,9198.8,17515075.0,1325.62
2018-06-22,9195.4,9389.0,9082.25,9360.9,27449427.0,2079.38
2018-06-25,9360.75,9469.9,9260.65,9286.8,33697139.0,2394.78
2018-06-26,9275.65,9305.4,9228.4,9247.75,16909061.0,1240.5
2018-06-27,9277.65,9305.1,9179.5,9263.45,24631444.0,1851.99
2018-06-28,9268.1,9344.15,9119.7,9149.4,25957341.0,2014.27
2018-06-29,9172.8,9218.6,9083.5,9173.15,16016282.0,1189.26
2018-07-02,9198.9,9223.75,9092.3,9133.9,13353159.0,1000.46
2018-07-03,9157.25,9348.35,9079.6,9325.3,23858870.0,1698.45
2018-07-04,9355.1,9460.95,9337.7,9399.6,29258297.0,2219.41
2018-07-05,9429.9,9462.4,9255.6,9274.25,17005978.0,1328.19
2018-07-06,9273.25,9360.0,9159.0,9189.9,16330062.0,1184.35
2018-07-09,9241.5,9336.75,9236.5,9307.6,13650731.0,1053.21
2018-07-10,9343.9,9356.5,9225.35,9276.1,14269149.0,1028.2
2018-07-11,9258.9,9330.55,9208.05,9228.7,14937555.0,1144.56
2018-07-12,9271.85,9348.3,9198.6,9244.1,16288371.0,1342.56
2018-07-13,9255.55,9275.8,9142.2,9164.0,11965096.0,889.11
2018-07-16,9132.3,9132.3,8753.9,8786.4,20767461.0,1885.98
2018-07-17,8785.3,8955.55,8743.85,8926.1,16388161.0,1267.27
2018-07-18,8970.1,8997.1,8833.4,8885.65,21453882.0,1576.84
2018-07-19,8910.8,8914.85,8724.65,8749.9,12723561.0,897.81
2018-07-20,8752.15,8914.5,8727.7,8895.25,17448294.0,1150.07
2018-07-23,8917.45,8951.65,8858.15,8937.4,12349533.0,869.25
2018-07-24,8943.95,9063.65,8929.45,9049.05,13514981.0,1153.8
2018-07-25,9089.0,9098.45,8942.4,8969.25,11451474.0,870.0
2018-07-26,8938.0,9054.05,8908.6,8994.65,17745773.0,1465.49
2018-07-27,9021.7,9106.4,8982.25,9039.0,24829125.0,1685.48
2018-07-30,9021.9,9156.7,8978.4,9115.55,16685886.0,1329.49
2018-07-31,9125.8,9210.75,9088.0,9179.4,18351922.0,1382.93
2018-08-01,9190.45,9313.05,9168.5,9301.7,16036089.0,1302.24
2018-08-02,9308.9,9518.7,9302.55,9424.65,25483373.0,2418.86
2018-08-03,9468.65,9558.5,9463.1,9500.75,17643877.0,1471.06
2018-08-06,9551.2,9597.4,9396.45,9408.6,17928907.0,1479.1
2018-08-07,9462.8,9462.8,9327.75,9371.05,14285430.0,1172.47
2018-08-08,9379.0,9442.35,9275.55,9307.25,27452763.0,2162.48
2018-08-09,9345.95,9434.15,9199.25,9249.95,32344986.0,2321.21
2018-08-10,9243.1,9281.9,9102.55,9138.25,20760778.0,1428.23
2018-08-13,9117.35,9245.15,9094.25,9186.6,17758992.0,1049.54
2018-08-14,9205.9,9529.45,9147.6,9481.15,46408692.0,2737.95
2018-08-16,9519.5,9613.0,9474.7,9595.35,46890035.0,2980.73
2018-08-17,9643.65,9780.95,9639.9,9693.85,40709279.0,2771.9
2018-08-20,9725.7,9824.4,9723.35,9799.15,33017491.0,2187.13
2018-08-21,9839.8,9992.75,9745.05,9950.5,29224870.0,2121.5
2018-08-23,10017.4,10142.45,9999.45,10076.8,33628981.0,2707.63
2018-08-24,10083.3,10086.35,9879.0,10061.1,24695390.0,1824.35
2018-08-27,10113.95,10152.7,10028.25,10094.2,22272991.0,1796.76
2018-08-28,10132.5,10243.2,10030.25,10050.1,20556535.0,1757.43
2018-08-29,10062.7,10136.4,9980.85,10008.9,20002089.0,1587.45
2018-08-30,10024.7,10148.3,10001.35,10120.55,27403764.0,2026.5
2018-08-31,10157.25,10445.05,10155.15,10390.95,42244106.0,3637.73
2018-09-03,10463.4,10577.85,10318.45,10359.9,35230498.0,3120.42
2018-09-04,10383.55,10422.45,10119.8,10205.55,24596324.0,2004.25
2018-09-05,10211.4,10378.7,10170.6,10303.4,29286198.0,2298.78
2018-09-06,10371.5,10595.55,10333.5,10583.15,47533018.0,3748.38
2018-09-07,10475.75,10704.6,10361.8,10661.25,78161620.0,6077.6
2018-09-10,10624.5,10786.35,10414.55,10446.5,42498212.0,3563.17
2018-09-11,10502.8,10577.85,10244.35,10279.05,31676747.0,2598.88
2018-09-12,10266.3,10417.4,10152.45,10391.6,34239956.0,2802.37
2018-09-14,10534.95,10673.1,10499.4,10652.85,29295161.0,2476.34
2018-09-17,10634.0,10739.7,10474.4,10504.15,28421098.0,2565.45
2018-09-18,10524.85,10652.85,10433.7,10465.4,25231393.0,2150.02
2018-09-19,10559.55,10636.85,10341.7,10456.95,28061478.0,2312.12
2018-09-21,10542.95,10605.35,9861.35,10252.35,36375381.0,3167.86
2018-09-24,10328.95,10375.2,9952.2,9994.75,22591076.0,1862.65
2018-09-25,10007.7,10269.35,9992.85,10245.15,26771104.0,2179.89
2018-09-26,10335.2,10440.4,10213.35,10289.3,25441296.0,2235.64
2018-09-27,10314.6,10336.05,10077.15,10092.45,24654225.0,2151.05
2018-09-28,10111.7,10149.45,9881.55,9972.45,25941893.0,2211.59
2018-10-01,9987.4,10067.55,9775.7,10034.4,19090232.0,1577.74
2018-10-03,10039.45,10142.55,9924.85,9950.9,20464347.0,1719.87
2018-10-04,9869.35,9918.35,9496.0,9630.75,21275656.0,1724.28
2018-10-05,9578.1,9776.45,9498.2,9547.35,20665614.0,1592.5
2018-10-08,9503.05,9644.35,9384.2,9505.8,17374521.0,1405.31
2018-10-09,9543.95,9724.4,9414.85,9638.75,20584516.0,1744.38
2018-10-10,9672.3,9828.3,9647.5,9771.35,20056701.0,1740.97
2018-10-11,9531.65,9725.7,9452.1,9488.65,17609745.0,1379.6
2018-10-12,9545.6,9676.95,9449.5,9525.6,18661893.0,1554.64
2018-10-15,9559.2,9793.2,9519.0,9774.1,17762414.0,1529.66
2018-10-16,9805.1,9881.1,9727.3,9836.75,16836084.0,1383.51
2018-10-17,9911.25,9925.05,9652.95,9686.4,14442789.0,1320.88
2018-10-19,9657.75,9805.3,9549.9,9650.3,21581714.0,1852.97
2018-10-22,9704.85,9751.8,9631.65,9646.65,18063692.0,1517.03
2018-10-23,9612.65,9633.95,9335.25,9368.25,17196383.0,1429.12
2018-10-24,9441.65,9494.05,9232.9,9334.4,19527878.0,1542.91
2018-10-25,9246.7,9345.35,9118.25,9142.7,27976744.0,2140.61
2018-10-26,9182.3,9191.0,9021.2,9115.1,22981762.0,1796.51
2018-10-29,9172.15,9612.95,9168.85,9590.4,23123551.0,2236.12
2018-10-30,9583.8,9626.55,9492.0,9535.3,17627852.0,1666.29
2018-10-31,9473.05,9778.25,9436.7,9757.5,26312203.0,2484.61
2018-11-01,9765.9,9801.95,9589.15,9609.15,17398315.0,1631.8
2018-11-02,9652.2,9690.95,9520.95,9547.85,13674927.0,1252.46
2018-11-05,9542.0,9658.6,9369.4,9460.5,23468864.0,1669.52
2018-11-06,9455.6,9507.25,9400.5,9454.95,30201812.0,1960.26
2018-11-07,9514.35,9524.05,9491.95,9511.6,2670486.0,204.08
2018-11-09,9554.35,9682.3,9513.95,9643.9,25082830.0,2018.98
2018-11-12,9683.9,9730.85,9539.75,9557.5,22880778.0,1725.46
2018-11-13,9568.2,9603.25,9327.05,9422.55,24446073.0,1791.32
2018-11-14,9437.4,9447.85,9153.4,9216.15,40009329.0,2600.26
2018-11-15,9233.95,9305.9,9162.55,9218.55,21655656.0,1472.58
2018-11-16,9256.85,9358.7,9230.2,9301.35,17138255.0,1301.85
2018-11-19,9386.2,9416.15,9310.45,9399.25,14832964.0,1185.18
2018-11-20,9363.75,9383.8,9200.95,9218.7,12046010.0,928.79
2018-11-21,9314.0,9415.85,9305.95,9375.1,18790054.0,2214.54
2018-11-22,9373.15,9381.55,9287.25,9302.3,11751849.0,1080.27
2018-11-26,9323.4,9352.4,9104.0,9180.5,16185037.0,1382.04
2018-11-27,9249.2,9274.4,8977.5,9058.45,53569210.0,3281.89
2018-11-28,9014.95,9090.95,8965.85,9014.8,25549274.0,1877.81
2018-11-29,9048.65,9127.95,9015.85,9090.65,27478658.0,2137.34
2018-11-30,9118.85,9289.55,9107.7,9275.7,37106230.0,3704.64
2018-12-03,9108.05,9150.4,8985.15,9053.4,76348552.0,4110.93
2018-12-04,9071.9,9157.6,9040.85,9064.4,55335813.0,3261.66
2018-12-05,9049.6,9075.95,8717.4,8812.2,63875993.0,3303.89
2018-12-06,8796.95,8854.15,8653.0,8686.5,70185349.0,3523.45
2018-12-07,8743.9,8811.85,8641.85,8682.6,42408660.0,2581.01
2018-12-10,8539.1,8615.85,8504.9,8535.3,38351097.0,2178.56
2018-12-11,8417.65,8788.8,8417.65,8746.6,39979774.0,2289.61
2018-12-12,8779.4,8859.45,8691.0,8801.5,31994002.0,2507.71
2018-12-13,8794.25,8870.05,8720.7,8810.8,32724989.0,2150.29
2018-12-14,8803.9,8860.45,8660.4,8726.4,24353563.0,1711.54
2018-12-17,8775.35,8829.8,8746.5,8771.3,21248666.0,1473.67
2018-12-18,8748.25,8853.1,8716.0,8840.4,23683132.0,1424.33
2018-12-19,8864.0,8893.85,8804.9,8823.45,17883209.0,1313.46
2018-12-20,8782.9,8877.85,8774.7,8853.8,17840188.0,1235.97
2018-12-21,8851.9,8913.65,8741.25,8774.05,18882469.0,1420.87
2018-12-24,8804.6,8850.9,8699.45,8726.35,19771906.0,1428.31
2018-12-26,8694.15,8710.65,8549.4,8684.85,18326964.0,1269.68
2018-12-27,8774.85,8779.25,8653.85,8665.75,22258878.0,1380.5
2018-12-28,8700.3,8840.45,8698.05,8814.2,22826561.0,1441.25
2018-12-31,8866.95,8905.3,8824.2,8868.7,17105079.0,1333.11
2019-01-01,8890.55,8929.7,8852.65,8881.95,15067976.0,928.68
2019-01-02,8856.0,8884.1,8765.3,8839.95,17507064.0,1137.12
2019-01-03,8856.5,8867.55,8704.5,8722.3,17524453.0,1162.22
2019-01-04,8744.7,8804.05,8683.8,8788.05,14334888.0,1002.66
2019-01-07,8840.6,8847.15,8711.5,8732.65,11250480.0,856.41
2019-01-08,8764.1,8873.15,8754.15,8864.75,24540974.0,1591.42
2019-01-09,8898.5,8930.45,8831.8,8906.7,18627451.0,1217.84
2019-01-10,8878.7,8945.25,8866.35,8934.8,14213671.0,1090.3
2019-01-11,8943.6,8968.65,8867.45,8902.45,14554810.0,1066.37
2019-01-14,8915.7,8961.25,8879.7,8949.3,15814303.0,1084.63
2019-01-15,8984.95,9035.4,8958.6,9027.5,12386216.0,879.84
2019-01-16,9019.4,9069.5,8989.75,9054.2,15568463.0,1193.54
2019-01-17,9069.6,9097.55,8905.4,8930.5,17945053.0,1270.43
2019-01-18,8911.75,8912.55,8616.85,8689.6,95830878.0,4259.31
2019-01-21,8694.2,8833.7,8694.2,8734.7,58196942.0,2796.72
2019-01-22,8791.85,8903.3,8783.05,8892.6,46972600.0,2462.55
2019-01-23,8905.2,8969.5,8855.1,8946.2,35862545.0,1990.64
2019-01-24,8956.45,9001.05,8845.95,8894.5,26561259.0,1534.67
2019-01-25,8928.8,8960.65,8851.75,8891.0,23387485.0,1549.47
2019-01-28,8886.15,8886.15,8638.25,8663.9,19761512.0,1465.04
2019-01-29,8635.15,8786.55,8562.35,8756.9,19234227.0,1399.0
2019-01-30,8771.5,8784.0,8692.9,8734.6,13831146.0,1094.88
2019-01-31,8748.45,8866.55,8713.8,8825.35,27552682.0,1824.29
2019-02-01,8810.65,8991.95,8806.4,8969.55,13283646.0,1292.93
2019-02-04,8992.1,8998.25,8772.9,8811.9,16734080.0,1782.42
2019-02-05,8828.5,8887.45,8764.5,8800.6,16548155.0,1479.92
2019-02-06,8803.4,8955.0,8703.4,8906.9,27887243.0,2046.91
2019-02-07,8937.95,9088.55,8937.95,9056.15,39478146.0,2236.43
2019-02-08,9060.8,9060.8,8921.6,8984.85,21851100.0,1620.06
2019-02-11,8924.95,8957.3,8772.6,8838.0,17150131.0,1532.25
2019-02-12,8839.9,8948.05,8795.25,8904.95,19299020.0,1465.5
2019-02-13,9000.1,9009.15,8803.55,8839.75,44822609.0,2551.77
2019-02-14,8835.5,8944.65,8809.7,8920.9,19213640.0,1266.99
2019-02-15,8890.95,8893.45,8252.1,8643.3,35521729.0,3497.71
2019-02-18,8703.6,8744.25,8560.5,8573.95,19994581.0,1813.29
2019-02-19,8611.1,8636.95,8539.75,8552.7,16696437.0,1603.79
2019-02-20,8600.95,8621.0,8551.45,8606.35,14220463.0,1255.62
2019-02-21,8632.25,8721.95,8606.05,8706.35,13874084.0,1178.74
2019-02-22,8718.6,8778.4,8698.85,8772.6,13065998.0,1168.72
2019-02-25,8795.35,8858.2,8738.1,8816.2,17236808.0,1419.68
2019-02-26,8733.95,8869.8,8659.1,8829.45,16631377.0,1310.64
2019-02-27,8859.55,8975.4,8799.45,8866.2,23523570.0,1511.17
2019-02-28,8918.95,8934.4,8871.4,8884.85,27133882.0,1670.22
2019-03-01,8909.0,8993.8,8882.2,8972.65,16221791.0,1206.72
2019-03-05,8975.2,9066.4,8937.9,9054.65,16054127.0,1159.33
2019-03-06,9088.45,9193.05,9026.6,9155.0,23513017.0,1692.73
2019-03-07,9129.65,9209.15,9021.5,9045.65,24337312.0,1727.9
2019-03-08,9038.85,9085.2,9007.8,9021.85,15832832.0,1204.68
2019-03-11,9052.95,9168.45,9047.15,9155.05,14435244.0,1224.71
2019-03-12,9212.6,9345.1,9202.7,9274.8,24787689.0,1785.07
2019-03-13,9298.7,9318.15,9070.6,9100.25,21196190.0,1526.23
2019-03-14,9102.1,9209.2,9077.35,9184.9,20139736.0,1492.33
2019-03-15,9203.95,9256.25,9178.6,9221.75,22485358.0,1760.76
2019-03-18,9224.05,9240.9,9133.8,9204.95,15522222.0,1172.08
2019-03-19,9230.7,9312.2,9216.3,9244.6,15986878.0,1233.57
2019-03-20,9259.3,9300.8,9231.65,9264.5,12715415.0,1141.42
2019-03-22,9298.5,9338.3,9188.1,9199.35,14418569.0,1071.96
2019-03-25,9159.95,9181.8,9081.55,9170.15,14737955.0,1210.48
2019-03-26,9210.6,9259.7,9164.4,9245.0,13186432.0,964.52
2019-03-27,9267.4,9322.05,9120.3,9148.8,14888686.0,1110.6
2019-03-28,9172.2,9235.25,9126.9,9199.4,26759764.0,1984.61
2019-03-29,9243.1,9366.65,9240.8,9346.55,20443327.0,1594.79
2019-04-01,9367.6,9416.95,9353.65,9375.4,18363013.0,1494.9
2019-04-02,9419.25,9425.95,9272.4,9296.95,12632975.0,1027.49
2019-04-03,9312.25,9341.25,9163.5,9180.3,14752757.0,1095.39
2019-04-04,9193.3,9278.7,9181.65,9263.4,15405348.0,1084.2
2019-04-05,9314.3,9332.1,9259.45,9271.55,17342544.0,1193.06
2019-04-08,9292.1,9329.4,9219.0,9243.9,11969717.0,880.21
2019-04-09,9231.95,9349.85,9207.45,9333.3,13959730.0,1022.79
2019-04-10,9308.2,9520.3,9305.5,9407.9,19982125.0,1568.68
2019-04-11,9386.75,9422.0,9355.9,9391.15,13254343.0,1030.96
2019-04-12,9398.25,9448.45,9383.75,9426.45,18467844.0,1399.2
2019-04-15,9431.8,9447.45,9358.75,9417.75,10236197.0,779.87
2019-04-16,9460.1,9474.1,9410.2,9417.8,11477368.0,959.54
2019-04-18,9442.55,9450.95,9338.65,9409.9,11800745.0,867.27
2019-04-22,9392.25,9410.65,9260.95,9285.45,8009109.0,682.79
2019-04-23,9294.0,9422.0,9290.55,9388.8,17092800.0,1268.96
2019-04-24,9383.4,9474.6,9358.35,9459.0,12745317.0,1062.77
2019-04-25,9435.45,9534.55,9423.5,9442.55,21484970.0,1748.06
2019-04-26,9493.6,9578.4,9440.15,9461.7,21921119.0,1979.6
2019-04-30,9468.6,9471.85,9307.2,9402.5,21185486.0,1599.08
2019-05-02,9379.15,9419.7,9271.85,9291.3,17481482.0,1331.83
2019-05-03,9307.35,9324.2,9193.05,9220.45,15816220.0,1071.61
2019-05-06,9121.35,9226.85,9110.95,9189.75,15765872.0,1015.66
2019-05-07,9215.45,9229.8,9126.85,9148.2,14305996.0,1074.58
2019-05-08,9144.1,9146.75,8973.4,9003.35,16196918.0,1094.69
2019-05-09,8963.55,9011.6,8881.6,8976.9,16033512.0,1165.73
2019-05-10,8964.7,9012.75,8914.95,8944.6,12715708.0,919.54
2019-05-13,8904.8,8906.4,8244.65,8553.5,36660458.0,1871.64
2019-05-14,8573.65,8762.2,8516.1,8683.9,30903142.0,1664.63
2019-05-15,8690.7,8756.55,8562.75,8595.75,22503895.0,1478.36
2019-05-16,8592.1,8606.8,8293.05,8577.35,53499767.0,2908.25
2019-05-17,8540.9,8542.7,8387.9,8448.95,32723259.0,2200.69
2019-05-20,8640.0,8675.3,8415.25,8505.95,23974986.0,2064.24
2019-05-21,8517.0,8725.8,8471.6,8488.25,26575270.0,2065.32
2019-05-22,8498.05,8584.95,8413.3,8510.85,24916807.0,1589.05
2019-05-23,8613.3,8626.1,8472.2,8497.6,25849311.0,1711.98
2019-05-24,8529.4,8620.2,8515.65,8608.45,15481725.0,1005.24
2019-05-27,8593.8,8607.45,8493.45,8525.0,20506658.0,1549.76
2019-05-28,8552.35,8599.15,8492.4,8513.85,46666310.0,2301.29
2019-05-29,8554.5,8567.05,8431.6,8484.65,53111661.0,2681.76
2019-05-30,8479.65,8531.3,8459.8,8474.7,29266365.0,1906.56
2019-05-31,8503.3,8544.25,8403.6,8455.1,21531503.0,1429.89
2019-06-03,8459.85,8547.35,8371.95,8536.6,19182139.0,1251.03
2019-06-04,8524.8,8602.05,8342.85,8432.95,16638900.0,1530.82
2019-06-06,8464.35,8466.5,8262.1,8279.1,19430068.0,1382.21
2019-06-07,8274.7,8289.85,8096.55,8179.6,23025772.0,1459.39
2019-06-10,8215.05,8265.4,8185.4,8246.7,16511501.0,996.81
2019-06-11,8237.85,8277.3,8114.5,8243.5,31240557.0,1685.57
2019-06-12,8243.9,8262.6,8137.3,8179.15,21120116.0,1120.51
2019-06-13,8163.45,8193.7,8062.55,8148.55,16851271.0,951.53
2019-06-14,8138.05,8142.95,7954.6,8083.55,26954806.0,1498.65
2019-06-17,8098.3,8131.2,7962.5,7975.25,17733198.0,1159.73
2019-06-18,7980.15,8032.35,7878.8,7916.95,17433336.0,1168.4
2019-06-19,7943.45,7958.1,7753.75,7790.5,22718386.0,1469.62
2019-06-20,7758.8,8043.3,7737.0,8029.0,21697549.0,1435.29
2019-06-21,8011.5,8033.3,7895.1,7911.55,26019026.0,1771.54
2019-06-24,7921.55,7935.75,7867.8,7902.0,26137478.0,1617.9
2019-06-25,7889.3,7961.55,7847.1,7947.2,24324361.0,1664.71
2019-06-26,7927.5,8121.25,7915.0,8086.3,28569020.0,1693.96
2019-06-27,8080.15,8140.95,8018.25,8088.0,23371314.0,1611.36
2019-06-28,8116.8,8202.65,8031.35,8065.15,22234676.0,1487.48
2019-07-01,8085.4,8192.45,8085.35,8178.8,12208252.0,914.03
2019-07-02,8185.4,8198.3,8068.0,8101.65,14258904.0,875.67
2019-07-03,8120.75,8120.75,8032.25,8092.2,16079644.0,1131.39
2019-07-04,8099.45,8138.9,8035.15,8046.8,16010962.0,1384.78
2019-07-05,8058.65,8082.7,7911.2,7926.5,16991468.0,1285.88
2019-07-08,7862.8,7922.0,7791.1,7801.75,19677002.0,1155.4
2019-07-09,7810.15,8053.45,7795.25,8012.05,28911612.0,1585.96
2019-07-10,8011.8,8060.7,7963.25,8009.5,20168825.0,1159.64
2019-07-11,8068.3,8152.9,8049.7,8110.05,23319681.0,1446.57
2019-07-12,8132.4,8189.0,8083.9,8144.3,25154226.0,1382.94
2019-07-15,8198.75,8276.55,8151.75,8231.85,30224279.0,1824.38
2019-07-16,8227.35,8360.15,8194.9,8347.95,23479056.0,1417.21
2019-07-17,8351.95,8363.75,8288.5,8330.75,19417871.0,1143.04
2019-07-18,8328.0,8329.95,8207.2,8223.15,16074397.0,1037.27
2019-07-19,8253.75,8288.0,8029.95,8040.1,31688302.0,1450.26
2019-07-22,8028.5,8189.2,7976.05,8120.85,24478258.0,1294.2
2019-07-23,8142.05,8165.05,8043.25,8063.65,18082819.0,1050.29
2019-07-24,8057.15,8071.25,7890.2,7920.65,16878490.0,1057.97
2019-07-25,7942.5,8116.6,7931.4,8094.35,26921697.0,1535.3
2019-07-26,8113.4,8210.1,8050.05,8178.9,23004486.0,1225.91
2019-07-29,8177.15,8184.0,7994.15,8039.8,17179701.0,1099.68
2019-07-30,8039.45,8205.25,7853.6,7877.75,29027907.0,2318.06
2019-07-31,7857.6,7999.6,7801.85,7987.5,23027885.0,1480.7
2019-08-01,7945.05,7963.15,7790.1,7878.75,16884959.0,1132.56
2019-08-02,7841.95,7963.95,7781.85,7868.2,19837745.0,1171.25
2019-08-05,7819.9,7881.85,7735.05,7807.95,17966004.0,1044.29
2019-08-06,7790.9,7905.9,7783.75,7818.5,20752016.0,1265.03
2019-08-07,7833.7,7959.95,7823.75,7879.75,25438202.0,1419.17
2019-08-08,7919.1,7994.1,7854.2,7964.8,33150899.0,1966.16
2019-08-09,8014.95,8049.1,7896.4,7924.05,23404494.0,1404.91
2019-08-13,7909.3,7984.85,7789.15,7851.95,32144659.0,1943.19
2019-08-14,7859.1,7866.2,7550.55,7744.3,36682894.0,2150.76
2019-08-16,7738.35,7756.6,7636.2,7684.3,24314700.0,1335.36
2019-08-19,7770.3,7851.15,7727.55,7741.35,27026444.0,1398.59
2019-08-20,7764.85,7772.1,7676.45,7749.7,24848681.0,1141.64
2019-08-21,7732.95,7765.0,7660.65,7677.25,21929032.0,1084.83
2019-08-22,7667.8,7746.35,7630.2,7670.85,21414739.0,1075.46
2019-08-23,7669.0,7793.0,7554.7,7780.55,19976325.0,1096.98
2019-08-26,7834.95,7858.0,7690.75,7824.3,20959542.0,1215.92
2019-08-27,7869.25,7896.3,7804.2,7812.1,23416802.0,1365.94
2019-08-28,7824.5,7897.1,7701.35,7738.65,17740897.0,962.62
2019-08-29,7802.0,7933.45,7742.15,7912.5,33594732.0,1828.44
2019-08-30,7916.3,8112.55,7875.85,8072.05,26149402.0,1548.64
2019-09-03,8032.9,8104.7,7939.7,7976.45,23724430.0,1342.65
2019-09-04,7931.6,7985.0,7768.0,7967.65,48471288.0,2434.02
2019-09-05,7998.95,8086.55,7969.1,8071.75,21299409.0,1320.79
2019-09-06,8028.5,8084.65,7966.2,8068.75,26418573.0,1531.05
2019-09-09,8067.4,8130.9,8047.5,8077.9,15734592.0,969.21
2019-09-11,8107.65,8157.85,8053.1,8082.9,19802529.0,1234.64
2019-09-12,8113.25,8168.5,8040.25,8102.15,21037191.0,1150.51
2019-09-13,8141.4,8141.7,7974.65,8033.05,20150637.0,1388.06
2019-09-16,8005.3,8119.4,7978.15,8070.65,17790093.0,1185.18
2019-09-17,8082.05,8106.0,7919.2,7933.85,14025483.0,889.54
2019-09-18,7973.95,7984.05,7882.55,7923.45,13303904.0,787.3
2019-09-19,7922.4,7938.75,7777.75,7799.6,14945082.0,931.67
2019-09-20,7839.55,8018.4,7745.55,7983.55,31980005.0,1872.1
2019-09-23,8063.1,8073.7,7802.3,7857.25,21304659.0,1403.38
2019-09-24,7831.0,7976.15,7773.85,7891.95,19665827.0,1222.97
2019-09-25,7860.9,7887.5,7759.75,7789.7,19504844.0,1069.84
2019-09-26,7818.7,7871.15,7788.6,7857.3,19791983.0,1131.1
2019-09-27,7837.25,7842.95,7683.25,7695.3,21665393.0,1298.65
2019-09-30,7688.15,7692.95,7509.1,7547.75,27825051.0,1628.43
2019-10-01,7552.35,7601.4,7388.6,7466.45,23157019.0,1461.58
2019-10-03,7418.8,7497.3,7323.3,7461.75,22004567.0,1410.12
2019-10-04,7490.1,7525.15,7383.05,7396.9,19850970.0,1243.88
2019-10-07,7396.8,7414.15,7126.55,7148.95,50425883.0,2542.8
2019-10-09,7154.7,7256.1,7047.1,7235.6,40573165.0,2263.13
2019-10-10,7200.25,7272.8,7130.5,7235.6,32158746.0,1738.8
2019-10-11,7256.6,7292.7,7115.65,7278.45,48444041.0,2312.47
2019-10-14,7296.05,7411.8,7281.85,7361.7,31876503.0,1573.68
2019-10-15,7371.75,7434.05,7349.25,7420.65,22620088.0,1142.68
2019-10-16,7448.05,7486.0,7387.9,7475.35,20010864.0,1027.06
2019-10-17,7480.15,7545.35,7428.65,7533.45,15309004.0,996.27
2019-10-18,7530.65,7651.95,7500.5,7608.15,21564016.0,1328.41
2019-10-22,7607.95,7799.4,7597.7,7746.15,19171658.0,1544.53
2019-10-23,7760.65,7785.8,7711.95,7761.85,17734493.0,1287.98
2019-10-24,7770.3,7800.25,7652.5,7728.15,23128385.0,1295.31
2019-10-25,7719.45,7757.1,7591.7,7736.55,30870565.0,2158.39
2019-10-27,7741.5,7776.75,7729.95,7743.55,1792013.0,114.59
2019-10-29,7745.6,7852.3,7722.25,7824.6,18518920.0,1171.76
2019-10-30,7871.4,7871.4,7771.75,7819.35,17770278.0,1204.7
2019-10-31,7840.65,7923.5,7829.55,7878.15,23956699.0,1546.72
2019-11-01,7902.75,7979.55,7894.2,7949.45,23682723.0,2039.25
2019-11-04,7983.6,8030.15,7925.25,7966.85,32032389.0,1744.27
2019-11-05,7960.35,8003.85,7847.85,7879.55,26308076.0,1399.42
2019-11-06,7877.0,8061.95,7861.65,7926.35,56678120.0,3096.45
2019-11-07,7942.3,7982.0,7871.0,7966.0,43836719.0,2511.71
2019-11-08,7955.55,7958.15,7771.0,7787.4,29443232.0,1547.48
2019-11-11,7728.55,7807.6,7675.0,7784.9,26513321.0,1375.98
2019-11-13,7795.3,7853.0,7642.0,7660.45,30299828.0,1743.9
2019-11-14,7634.4,7655.6,7553.05,7591.45,38599994.0,1872.34
2019-11-15,7620.45,7769.3,7554.5,7720.6,45815249.0,2291.84
2019-11-18,7757.95,7881.05,7750.95,7816.55,63328594.0,2633.76
2019-11-19,7839.65,7881.9,7823.75,7851.45,39897040.0,1806.53
2019-11-20,7866.0,8187.1,7843.65,8107.6,53413536.0,2824.58
2019-11-21,8107.8,8153.0,8058.45,8068.95,31476022.0,1719.99
2019-11-22,8076.7,8162.1,7995.05,8067.2,35669641.0,1844.09
2019-11-25,8072.15,8226.8,8047.8,8211.55,25645104.0,1419.97
2019-11-26,8242.8,8298.4,8132.25,8177.85,56364650.0,3058.88
2019-11-27,8178.25,8267.65,8165.2,8246.1,40465125.0,1906.74
2019-11-28,8247.1,8288.55,8216.75,8273.65,25051316.0,1406.2
2019-11-29,8286.25,8320.25,8159.2,8189.95,22403431.0,1375.62
2019-12-02,8195.45,8198.95,8056.2,8128.95,26352824.0,1352.79
2019-12-03,8167.6,8172.3,8027.05,8044.85,31300198.0,1350.44
2019-12-04,8032.0,8132.05,8021.8,8121.5,22103896.0,1376.95
2019-12-05,8104.35,8115.25,8030.15,8051.85,15365207.0,927.32
2019-12-06,8091.2,8152.25,7942.0,7957.55,24281681.0,1429.39
2019-12-09,7987.5,8043.55,7936.7,7960.35,18393071.0,1102.41
2019-12-10,7983.75,8016.95,7926.0,7940.5,21225874.0,1118.57
2019-12-11,7958.4,7980.9,7909.9,7967.85,20289214.0,1153.12
2019-12-12,7991.15,8073.6,7973.85,8045.35,19790043.0,1071.07
2019-12-13,8050.6,8066.0,7947.8,8045.05,18163252.0,1283.62
2019-12-16,8017.95,8091.3,7990.1,8025.85,27289914.0,1449.06
2019-12-17,8037.35,8068.2,7973.7,7999.6,22362391.0,1232.73
2019-12-18,8013.45,8100.4,7988.2,8091.1,18621966.0,1069.1
2019-12-19,8087.5,8128.0,8024.65,8073.05,22405464.0,1230.06
2019-12-20,8059.6,8090.15,8038.8,8049.45,21052325.0,1150.58
2019-12-23,8043.05,8096.0,8020.8,8051.5,16008323.0,848.01
2019-12-24,8060.4,8083.25,8020.85,8073.8,15424653.0,774.87
2019-12-26,8079.65,8097.75,7985.75,7997.6,15457680.0,847.27
2019-12-27,8013.75,8075.55,8010.35,8068.05,12047284.0,701.01
2019-12-30,8086.55,8125.05,8071.25,8083.1,12684688.0,819.9
2019-12-31,8082.2,8121.45,8028.55,8040.15,12246461.0,813.67
2020-01-01,8060.3,8076.65,8018.95,8047.1,8898088.0,613.47
2020-01-02,8056.75,8102.4,8027.15,8053.95,12949471.0,748.23
2020-01-03,8053.0,8189.8,8026.3,8111.95,26218452.0,1306.48
2020-01-06,8076.85,8085.5,7943.15,7987.35,17516389.0,957.16
2020-01-07,8014.1,8087.65,7973.95,8036.5,27939913.0,1266.69
2020-01-08,7975.7,8041.6,7960.05,7996.15,12772164.0,690.56
2020-01-09,8057.8,8090.95,8015.15,8033.15,13984986.0,797.77
2020-01-10,8048.55,8171.2,8044.35,8058.5,15905005.0,1186.75
2020-01-13,8082.3,8141.3,8042.65,8078.45,15316440.0,1012.3
2020-01-14,8104.15,8136.4,8081.3,8117.0,17191560.0,1056.99
2020-01-15,8135.75,8178.85,8080.35,8166.2,19694123.0,1402.89
2020-01-16,8188.05,8223.85,8175.35,8203.1,20295556.0,1150.02
2020-01-17,8208.3,8371.6,8200.0,8345.3,25015786.0,1744.77
2020-01-20,8353.7,8375.2,8251.0,8269.35,18242184.0,1271.08
2020-01-21,8249.15,8313.45,8214.55,8274.2,15648289.0,1085.14
2020-01-22,8295.0,8372.3,8245.45,8256.65,25047666.0,1399.19
2020-01-23,8245.95,8322.45,8208.55,8300.2,19859338.0,1331.44
2020-01-24,8291.75,8349.25,8273.95,8294.05,22172519.0,1183.73
2020-01-27,8270.05,8471.8,8240.1,8416.35,31445075.0,2690.34
2020-01-28,8427.8,8513.15,8395.65,8420.25,27888536.0,2044.13
2020-01-29,8446.2,8492.45,8361.25,8412.8,22104792.0,1519.31
2020-01-30,8426.25,8438.2,8207.6,8237.05,30302538.0,1756.14
2020-01-31,8256.2,8299.35,8122.95,8138.6,19900193.0,1402.13
2020-02-01,8129.3,8209.85,7975.9,8013.75,12340055.0,896.89
2020-02-03,8020.95,8122.0,7944.9,7967.55,21276658.0,1409.36
2020-02-04,8002.65,8166.8,7967.8,8122.4,35927209.0,2352.14
2020-02-05,8151.2,8185.0,8091.6,8125.6,25123590.0,1620.91
2020-02-06,8194.0,8281.25,8176.6,8227.9,43116500.0,2952.78
2020-02-07,8243.05,8363.3,8180.05,8341.85,53298851.0,3377.0
2020-02-10,8340.15,8371.2,8235.0,8261.25,26094576.0,1528.16
2020-02-11,8303.3,8359.5,8280.95,8324.65,23370221.0,1610.15
2020-02-12,8341.7,8375.0,8238.95,8265.05,22810042.0,1711.98
2020-02-13,8292.0,8351.55,8246.95,8335.7,20839474.0,1714.22
2020-02-14,8349.9,8384.1,8294.2,8331.7,18664002.0,1273.39
2020-02-17,8342.6,8377.35,8193.6,8204.85,28572499.0,1482.27
2020-02-18,8190.85,8213.0,8068.2,8198.3,22600610.0,1385.57
2020-02-19,8277.4,8390.4,8276.15,8378.65,45593806.0,2683.07
2020-02-20,8401.55,8473.8,8348.75,8364.35,36971243.0,2347.38
2020-02-24,8275.95,8281.95,8086.65,8115.55,50488414.0,2542.04
2020-02-25,8153.85,8153.85,7898.35,7938.45,39869569.0,2155.97
2020-02-26,7886.35,7931.7,7813.95,7839.2,44448864.0,2377.21
2020-02-27,7824.5,7903.55,7740.95,7885.15,40519410.0,2155.45
2020-02-28,7751.45,7786.6,7559.0,7576.75,35181304.0,2231.68
2020-03-02,7675.55,7768.0,7463.05,7535.1,28891044.0,1856.49
2020-03-03,7606.8,7966.15,7603.15,7920.6,41206044.0,2483.71
2020-03-04,7970.0,8131.85,7840.85,8086.55,57962920.0,3239.18
2020-03-05,8125.9,8281.7,8122.6,8146.0,40817153.0,2328.36
2020-03-06,7863.1,8057.95,7860.6,8018.3,27817586.0,1930.43
2020-03-09,7921.25,7999.3,7698.25,7756.45,33459937.0,2008.99
2020-03-11,7754.75,7779.1,7596.35,7623.05,36502334.0,2014.03
2020-03-12,7408.4,7423.95,6868.7,6942.55,52330391.0,2476.46
2020-03-13,6558.25,7469.7,6242.85,7268.0,51705471.0,2392.35
2020-03-16,7075.35,7406.05,6909.65,6959.35,47249630.0,2159.38
2020-03-17,7014.5,7289.65,6927.05,6979.1,40951602.0,2090.06
2020-03-18,7135.05,7145.4,6666.85,6705.75,44945057.0,2100.15
2020-03-19,6489.5,6871.4,6332.0,6655.5,35700672.0,1816.28
2020-03-20,6740.25,7088.15,6728.75,6951.9,50098202.0,2534.08
2020-03-23,6518.0,6850.55,6380.1,6432.3,33278043.0,1568.33
2020-03-24,6589.45,6828.3,6532.65,6611.05,34381735.0,1718.4
2020-03-25,6539.6,6746.3,6538.55,6695.55,30766064.0,1440.78
2020-03-26,6845.25,6963.25,6743.05,6775.0,43517854.0,2192.2
2020-03-27,6924.6,7058.8,6697.95,6813.05,40899569.0,2100.6
2020-03-30,6708.7,6970.5,6608.8,6896.0,38187086.0,1912.74
2020-03-31,7074.2,7224.35,6951.4,7176.5,39022078.0,2097.7
2020-04-01,7206.2,7208.25,6991.6,7026.7,31879062.0,1607.57
2020-04-03,7019.85,7452.8,6956.2,7361.6,90108092.0,4138.97
2020-04-07,7729.25,8159.75,7569.85,8124.85,103930843.0,5599.35
2020-04-08,8122.9,8564.85,8056.3,8412.2,127307172.0,6510.05
2020-04-09,8739.5,9032.4,8706.4,8800.45,121942870.0,7153.61
2020-04-13,9000.25,9229.6,8852.0,9044.35,121649029.0,6765.95
2020-04-15,9265.4,9382.15,8889.2,9038.8,115258180.0,6304.72
2020-04-16,9040.9,9251.05,8989.8,9199.3,74190433.0,4366.24
2020-04-17,9429.5,9454.1,9066.1,9157.75,70421787.0,4268.05
2020-04-20,9176.7,9212.55,9004.75,9149.2,61908115.0,3562.63
2020-04-21,9031.85,9561.35,8999.95,9381.65,125520844.0,7811.67
2020-04-22,9369.4,9513.0,9305.75,9377.0,79245371.0,5047.75
2020-04-23,9400.15,9580.85,9358.35,9388.9,75985091.0,4231.63
2020-04-24,9358.4,9638.7,9305.6,9518.45,104409591.0,6146.0
2020-04-27,9590.5,9753.5,9557.4,9602.05,75788241.0,4627.42
2020-04-28,9699.25,9701.0,9352.0,9386.2,51486443.0,3152.36
2020-04-29,9453.3,9498.15,9339.75,9385.45,47209223.0,2863.35
2020-04-30,9522.55,9556.5,9253.9,9327.1,68640854.0,4457.98
2020-05-04,9181.6,9507.45,9140.15,9364.6,87107464.0,5241.59
2020-05-05,9493.7,9503.75,9157.35,9181.5,52022881.0,3028.66
2020-05-06,9229.85,9289.9,9128.05,9227.15,50166933.0,3106.34
2020-05-07,9283.2,9373.55,9128.95,9148.1,42005200.0,2511.44
2020-05-08,9275.9,9385.6,9230.35,9343.35,44253004.0,3032.56
2020-05-11,9413.25,9416.5,9281.7,9307.3,47289876.0,2996.47
2020-05-12,9291.1,9368.05,9142.8,9246.65,54851247.0,3611.59
2020-05-13,9447.95,9447.95,9131.15,9147.75,46759973.0,2804.02
2020-05-14,9146.1,9279.65,9103.8,9172.2,60236390.0,3280.64
2020-05-15,9177.35,9211.0,9065.65,9093.0,70644388.0,3561.69
2020-05-18,9097.6,9201.45,8999.85,9092.65,61511159.0,3616.69
2020-05-19,9149.45,9231.5,9044.05,9084.6,45405467.0,2701.0
2020-05-20,9098.7,9495.5,9074.6,9456.8,54446440.0,4519.52
2020-05-21,9475.2,9549.4,9436.05,9520.55,56821496.0,3557.41
2020-05-22,9502.3,9619.6,9427.2,9600.65,49964360.0,3078.36
2020-05-26,9624.3,9679.85,9454.75,9483.5,48678400.0,2978.55
2020-05-27,9528.75,9537.8,9416.8,9463.7,43880429.0,2717.34
2020-05-28,9488.95,9507.55,9362.05,9464.5,39314551.0,2430.44
2020-05-29,9459.25,9812.9,9432.6,9768.6,105962179.0,6052.7
2020-06-01,9844.2,9872.4,9677.95,9802.1,75074106.0,4566.32
2020-06-02,9869.65,10047.3,9814.45,9833.6,65215107.0,4271.12
2020-06-03,9914.8,9980.85,9835.05,9864.05,37556423.0,2654.92
2020-06-04,9880.85,10114.1,9869.6,10077.85,76336928.0,5184.11
2020-06-05,10161.4,10234.8,10061.95,10081.3,57216602.0,3645.7
2020-06-08,10158.85,10158.85,9883.7,9939.1,39820958.0,2897.5
2020-06-09,9950.5,10227.9,9948.75,10122.05,69540564.0,5029.87
2020-06-10,10159.1,10237.05,10070.8,10149.25,44247700.0,3290.75
2020-06-11,10097.85,10177.35,9893.8,9933.4,46571644.0,2895.03
2020-06-12,9690.9,9997.5,9687.95,9982.8,44285250.0,2750.62
2020-06-15,10020.75,10171.8,9894.7,9989.05,44522484.0,3286.17
2020-06-16,10063.25,10092.35,9800.05,9926.4,36885401.0,2338.56
2020-06-17,9956.7,10020.25,9915.2,9977.2,35987916.0,2301.61
2020-06-18,9991.75,10050.2,9953.05,9975.3,28614612.0,1840.17
2020-06-19,10022.9,10098.85,9982.45,10002.15,40791414.0,2827.77
2020-06-22,10223.05,10291.45,10102.3,10218.35,147574050.0,8716.15
2020-06-23,10300.1,10385.2,10217.9,10360.8,106516425.0,6484.67
2020-06-24,10393.35,10404.35,10088.6,10110.5,57067474.0,3420.81
2020-06-25,10075.55,10239.6,10040.6,10193.15,50195319.0,3358.17
2020-06-26,10239.1,10285.2,10100.25,10137.85,28071726.0,1882.02
2020-06-29,10132.75,10264.9,10115.3,10135.9,26419220.0,1921.87
2020-06-30,10189.45,10198.4,9956.15,9985.15,25881875.0,1935.11
2020-07-01,10004.65,10006.6,9844.5,9882.85,23088077.0,1740.48
2020-07-02,9845.35,9976.15,9832.65,9943.65,28839411.0,2661.51
2020-07-03,10020.0,10046.1,9927.6,9963.4,27867457.0,1930.98
2020-07-06,10002.25,10012.95,9852.3,9901.25,27024581.0,1938.81
2020-07-07,9924.7,10000.95,9866.95,9878.0,27327847.0,2197.52
2020-07-08,9920.85,10035.85,9909.95,9948.5,31904189.0,2691.83
2020-07-09,10000.9,10039.7,9955.35,9987.55,23680920.0,1827.02
2020-07-10,9998.55,10161.15,9982.55,10072.25,40466674.0,2738.07
2020-07-13,10171.85,10185.35,10065.95,10106.6,39393407.0,2337.19
2020-07-14,10132.6,10203.55,10105.3,10155.05,49859052.0,3260.42
2020-07-15,10192.3,10261.2,10157.3,10210.75,27615516.0,2305.97
2020-07-16,10234.85,10398.5,10166.75,10382.3,44528571.0,3351.02
2020-07-17,10394.8,10497.15,10347.05,10472.15,47209645.0,3415.92
2020-07-20,10495.15,10495.15,10283.25,10304.6,38479617.0,2694.81
2020-07-21,10355.85,10381.3,10133.25,10153.8,25245752.0,1822.78
2020-07-22,10199.75,10355.5,10110.05,10175.2,37887448.0,2570.09
2020-07-23,10237.95,10335.3,10207.75,10322.15,27011020.0,2276.55
2020-07-24,10382.35,10476.0,10192.2,10237.95,46640404.0,3100.42
2020-07-27,10247.4,10265.55,9994.8,10062.05,25864305.0,1901.28
2020-07-28,10065.45,10168.55,10033.3,10128.05,23565507.0,1709.38
2020-07-29,10176.4,10469.1,10166.1,10441.15,35072071.0,4162.95
2020-07-30,10505.3,10788.3,10493.55,10766.05,53146327.0,6388.14
2020-07-31,10801.05,11194.45,10780.45,11148.9,107238762.0,8849.85
2020-08-03,11176.3,11389.95,11090.65,11128.4,71286493.0,6286.82
2020-08-04,11179.5,11337.7,11056.95,11316.95,43605920.0,4014.46
2020-08-05,11397.7,11413.85,11239.05,11263.75,51156254.0,3819.55
2020-08-06,11325.9,11478.5,11265.0,11403.65,49712577.0,4317.46
2020-08-07,11410.15,11468.0,11283.6,11333.0,49862705.0,5184.98
2020-08-10,11583.6,12027.95,11582.45,11941.4,122096029.0,11542.7
2020-08-11,12021.85,12045.3,11712.4,11772.25,48306319.0,4949.73
2020-08-12,11766.4,11766.4,11536.75,11590.25,40291481.0,3984.92
2020-08-13,11621.5,11718.9,11456.5,11477.95,50037872.0,4521.32
2020-08-14,11529.4,11800.65,11465.7,11640.4,77661408.0,7059.58
2020-08-17,11731.5,11751.0,11547.55,11595.35,33233917.0,2993.63
2020-08-18,11620.75,11694.2,11537.4,11581.7,28313443.0,2742.51
2020-08-19,11647.7,11704.85,11510.35,11537.9,31380149.0,2774.16
2020-08-20,11520.85,11650.75,11503.05,11540.9,27480973.0,2604.52
2020-08-21,11659.75,11733.95,11594.05,11614.9,32368722.0,3523.36
2020-08-24,11681.95,11696.45,11508.3,11572.25,25940619.0,2360.4
2020-08-25,11649.75,11674.55,11485.15,11500.0,28459950.0,2627.79
2020-08-26,11532.55,11536.15,11444.5,11484.55,22795505.0,2042.31
2020-08-27,11516.4,11640.85,11509.15,11588.05,32193454.0,2909.6
2020-08-28,11658.75,11697.15,11572.7,11622.9,49888061.0,3797.62
2020-08-31,11675.7,11710.15,11005.9,11079.8,52048257.0,4201.34
2020-09-01,11103.65,11401.5,11052.4,11339.5,52474562.0,3634.2
2020-09-02,11370.75,11467.95,11259.8,11404.25,37628003.0,3014.39
2020-09-03,11453.35,11567.15,11365.15,11511.85,34024584.0,2762.36
2020-09-04,11397.3,11616.8,11220.3,11281.45,44935016.0,3541.17
2020-09-07,11343.1,11415.75,11150.75,11269.85,25296883.0,2231.18
2020-09-08,11302.55,11367.2,11058.6,11093.2,26847256.0,2572.49
2020-09-09,11038.6,11343.45,11006.8,11304.1,42974968.0,3421.85
2020-09-10,11366.05,11402.45,11233.8,11303.4,31892445.0,2585.59
2020-09-11,11308.3,11375.9,11240.3,11313.3,24026034.0,1904.32
2020-09-14,11361.45,11376.55,11186.5,11233.3,23010093.0,1867.75
2020-09-15,11269.55,11604.35,11263.15,11450.5,55375991.0,5184.36
2020-09-16,11506.75,11727.7,11436.3,11688.55,51570157.0,4893.65
2020-09-17,11701.0,11785.05,11647.6,11735.95,43746549.0,6508.24
2020-09-18,11958.2,12528.85,11926.65,12320.9,140543375.0,20831.23
2020-09-21,12341.75,12496.7,11724.0,11799.55,62571000.0,10597.85
2020-09-22,11889.1,11952.1,11540.4,11876.85,55402738.0,7799.88
2020-09-23,12032.45,12052.4,11608.0,11685.9,37580548.0,5167.18
2020-09-24,11581.1,11717.45,11268.9,11334.6,42088468.0,6658.93
2020-09-25,11513.05,11666.0,11383.35,11595.9,45977253.0,5068.21
2020-09-28,11724.75,11842.35,11528.25,11796.6,44512505.0,4386.87
2020-09-29,11857.0,11874.1,11680.9,11709.5,37060611.0,3418.63
2020-09-30,11745.0,12015.7,11691.5,11772.85,57562209.0,6888.86
2020-10-01,11869.1,11893.2,11710.1,11822.9,32260934.0,3494.22
2020-10-05,11881.25,12073.4,11748.95,12024.0,35539615.0,3527.36
2020-10-06,12084.8,12161.1,11979.05,12009.45,32686129.0,3184.51
2020-10-07,12009.05,12119.4,11880.25,11915.0,30016668.0,3089.9
2020-10-08,11968.8,12255.7,11910.9,12209.2,47024974.0,4320.25
2020-10-09,12230.15,12343.7,12017.95,12043.95,51542542.0,4762.25
2020-10-12,12067.9,12184.0,11987.05,12154.55,33894321.0,3401.21
2020-10-13,12149.65,12331.05,11892.5,11937.1,48664706.0,5478.1
2020-10-14,11956.55,12011.45,11740.9,11857.25,33377564.0,3358.5
2020-10-15,11891.85,11932.3,11571.05,11637.9,28609029.0,2945.12
2020-10-16,11637.45,11854.7,11596.8,11814.1,40935700.0,4017.95
2020-10-19,11911.65,11923.95,11592.95,11616.65,24583363.0,2932.45
2020-10-20,11626.55,11746.2,11551.3,11644.4,26570337.0,2763.37
2020-10-21,11696.3,11712.55,11444.35,11645.7,29314908.0,2973.87
2020-10-22,11645.85,11645.85,11316.35,11545.3,42742446.0,5312.14
2020-10-23,11573.15,11681.25,11473.45,11503.05,36151682.0,3525.44
2020-10-26,11564.5,11578.75,11263.8,11334.2,36284291.0,3175.65
2020-10-27,11350.55,11539.05,11284.7,11511.5,34131934.0,3598.39
2020-10-28,11531.7,11625.95,11295.45,11325.1,31294626.0,4052.68
2020-10-29,11284.1,11394.75,11174.1,11226.0,27524738.0,2960.86
2020-10-30,11267.65,11301.95,11135.15,11243.75,27263588.0,2633.27
2020-11-02,11256.25,11281.6,11096.25,11175.3,23977624.0,2205.62
2020-11-03,11214.6,11400.85,11204.05,11361.0,65526075.0,4344.0
2020-11-04,11456.75,11681.0,11430.65,11608.65,77393024.0,5569.24
2020-11-05,11677.4,11721.85,11595.7,11704.95,39483404.0,3291.36
2020-11-06,11735.5,11753.45,11596.7,11623.35,33096212.0,3046.36
2020-11-09,11803.55,11809.55,11567.55,11674.35,57052246.0,6348.43
2020-11-10,11670.25,11673.7,11136.65,11168.9,64602238.0,5734.56
2020-11-11,11274.05,11601.7,11224.4,11570.35,61256937.0,5890.37
2020-11-12,11548.7,11788.1,11494.55,11600.8,63230335.0,5375.11
2020-11-13,11640.5,11744.75,11619.85,11726.45,39244561.0,3559.81
2020-11-14,11795.25,11804.95,11754.15,11772.45,4537061.0,388.59
2020-11-17,11816.6,11837.3,11633.05,11690.8,39655716.0,3747.4
2020-11-18,11688.5,11708.15,11523.25,11612.95,29463691.0,2797.14
2020-11-19,11581.55,11741.35,11539.55,11566.6,28528990.0,3003.92
2020-11-20,11600.85,11670.1,11454.8,11526.75,26918393.0,2444.75
2020-11-23,11569.7,11835.65,11525.4,11737.2,41520335.0,4298.34
2020-11-24,11808.9,11912.35,11680.0,11880.8,37391517.0,3721.45
2020-11-25,11977.75,12012.45,11600.75,11635.2,38065237.0,3817.06
2020-11-26,11665.15,11834.95,11604.65,11801.25,29269804.0,2924.92
2020-11-27,11840.4,11976.1,11792.35,11839.15,79016979.0,7297.92
2020-12-01,12021.0,12085.95,11875.6,12045.15,51369079.0,4230.09
2020-12-02,12073.35,12137.65,11986.55,12088.6,31968479.0,2832.73
2020-12-03,12151.55,12232.1,12083.1,12206.95,26527038.0,2423.21
2020-12-04,12248.55,12393.55,12131.9,12353.6,45529442.0,3828.74
2020-12-07,12376.45,12636.9,12314.8,12555.95,52173638.0,4900.33
2020-12-08,12588.8,12621.6,12327.55,12407.3,33751591.0,3104.73
2020-12-09,12463.55,12568.95,12408.05,12443.9,28980340.0,2710.71
2020-12-10,12453.1,12551.4,12338.1,12440.6,23504136.0,2311.95
2020-12-11,12460.0,12493.45,12277.5,12366.0,20739748.0,2181.07
2020-12-14,12399.75,12506.9,12395.55,12459.9,39248885.0,3617.35
2020-12-15,12498.35,12556.35,12400.7,12432.6,31233483.0,3137.47
2020-12-16,12492.9,12578.4,12437.85,12547.5,22536320.0,2357.22
2020-12-17,12585.0,12731.45,12561.25,12602.4,30506593.0,3416.44
2020-12-18,12632.6,12796.95,12559.4,12762.35,27910632.0,4096.24
2020-12-21,12752.0,12869.7,11949.6,12278.15,55190949.0,5382.04
2020-12-22,12328.55,12592.45,12020.7,12550.95,31680480.0,3342.67
2020-12-23,12558.05,12781.55,12481.35,12753.25,27901061.0,2589.36
2020-12-24,12815.9,12943.2,12694.55,12908.95,30550175.0,2674.24
2020-12-28,12989.4,12995.2,12842.55,12874.35,39198331.0,2857.27
2020-12-29,12932.3,13006.2,12802.85,12843.9,27309008.0,2464.56
2020-12-30,12898.6,12898.6,12753.85,12823.9,18469778.0,1633.26
2020-12-31,12829.75,12986.45,12797.95,12915.9,35016018.0,3399.73
2021-01-01,12933.1,13045.55,12875.55,13001.95,22979089.0,2071.34
2021-01-04,13085.3,13186.55,13028.2,13149.8,33417937.0,2902.57
2021-01-05,13148.05,13247.05,13073.0,13166.35,27960847.0,2807.16
2021-01-06,13181.0,13205.65,12965.65,13118.1,24307037.0,2297.98
2021-01-07,13168.45,13200.25,13010.35,13060.75,21168370.0,2175.81
2021-01-08,13141.0,13298.15,13104.05,13271.55,32926401.0,2998.99
2021-01-11,13315.45,13423.8,13222.8,13412.35,30582768.0,2924.42
2021-01-12,13445.65,13476.8,13220.05,13244.7,23359635.0,2403.2
2021-01-13,13285.95,13304.75,12994.25,13122.55,24099130.0,2492.5
2021-01-14,13140.4,13278.6,13020.3,13232.55,27373208.0,2548.4
2021-01-15,13262.05,13268.55,12946.8,13014.25,29532920.0,2702.72
2021-01-18,13000.8,13013.45,12592.8,12653.5,25806650.0,2600.94
2021-01-19,12714.95,12914.5,12699.2,12866.05,19726714.0,2158.06
2021-01-20,12919.0,12992.9,12862.4,12881.2,17928805.0,1851.76
2021-01-21,12967.1,12967.1,12655.55,12697.15,20326982.0,1972.33
2021-01-22,12670.0,12700.5,12468.75,12542.1,50902635.0,3421.04
2021-01-25,12604.6,12867.85,12390.55,12756.75,56441956.0,4727.78
2021-01-27,12764.5,12764.5,12403.8,12495.9,39053127.0,3375.4
2021-01-28,12331.75,12513.4,12213.6,12395.95,33625898.0,2787.8
2021-01-29,12467.85,12482.55,12101.45,12170.25,52733649.0,5076.36
2021-02-01,12212.2,12218.75,11934.25,12103.55,43558269.0,4371.24
2021-02-02,12228.3,12416.3,12125.35,12361.55,45297703.0,5018.33
2021-02-03,12468.05,12899.8,12445.6,12706.65,67625168.0,6747.18
2021-02-04,12772.25,12866.55,12661.9,12739.05,28542430.0,2741.39
2021-02-05,12812.75,13041.0,12669.6,12950.65,48932410.0,4964.11
2021-02-08,13039.55,13118.7,12907.25,12971.0,28591917.0,3876.11
2021-02-09,12954.85,13013.1,12771.05,12812.8,27831592.0,3424.93
2021-02-10,12842.7,12945.8,12689.4,12905.55,26712557.0,2839.46
2021-02-11,12833.65,12961.95,12807.6,12929.8,32225299.0,2830.57
2021-02-12,13012.35,13013.75,12738.35,12785.75,29121313.0,2383.15
2021-02-15,12817.95,12863.3,12723.4,12745.1,19328352.0,1981.72
2021-02-16,12789.05,12821.0,12695.15,12804.15,24863387.0,2188.36
2021-02-17,12794.9,12837.1,12551.25,12584.35,25408863.0,2397.88
2021-02-18,12593.5,12648.1,12491.05,12517.5,23393805.0,2331.22
2021-02-19,12499.9,12545.7,12236.15,12347.4,27821177.0,2664.79
2021-02-22,12365.8,12387.05,11950.45,12032.3,24406874.0,2548.82
2021-02-23,12059.35,12122.35,11935.25,12029.5,31168857.0,2495.52
2021-02-24,12101.3,12135.45,11916.8,12035.85,11432011.0,1163.87
2021-02-25,12097.35,12291.75,12058.2,12141.7,28226224.0,2908.52
2021-02-26,12043.6,12322.1,11860.7,11927.9,44644630.0,4198.76
2021-03-01,12007.2,12126.4,11949.75,12092.7,18030301.0,1712.06
2021-03-02,12156.3,12273.95,12099.85,12257.3,20639823.0,2445.18
2021-03-03,12347.5,12399.15,12236.05,12379.6,20939749.0,2061.8
2021-03-04,12315.85,12447.3,12265.85,12351.75,25370268.0,2504.94
2021-03-05,12320.8,12336.0,12150.45,12192.75,18527435.0,1758.98
2021-03-08,12224.3,12347.85,12202.3,12239.85,15039713.0,1370.36
2021-03-09,12316.8,12333.25,12053.1,12133.85,15420892.0,1400.65
2021-03-10,12218.45,12335.9,12180.15,12313.25,22335088.0,1845.27
2021-03-12,12365.8,12377.3,12148.55,12184.25,17072475.0,1629.78
2021-03-15,12213.75,12215.15,11848.3,12024.5,16755834.0,1724.28
2021-03-16,12059.2,12099.9,11953.25,12013.0,16718169.0,1728.88
2021-03-17,12028.7,12032.5,11747.6,11787.5,19770701.0,1843.46
2021-03-18,11830.95,11849.2,11466.95,11514.45,19449523.0,1936.03
2021-03-19,11466.7,11705.95,11280.8,11667.1,25593868.0,2689.53
2021-03-22,11685.1,11884.75,11669.05,11850.75,23238144.0,2107.92
2021-03-23,11869.1,11943.35,11811.3,11907.2,16741915.0,1569.85
2021-03-24,11874.0,12056.25,11850.9,11916.3,25113189.0,2247.99
2021-03-25,11929.45,11986.35,11717.35,11816.8,22012395.0,2123.18
2021-03-26,11887.9,11944.15,11765.7,11883.2,22200668.0,1907.74
2021-03-30,11989.1,12219.6,11958.0,12206.6,20930766.0,2008.84
2021-03-31,12231.05,12327.4,12191.9,12272.6,21159046.0,1935.16
2021-04-01,12319.0,12400.55,12273.6,12377.1,14702245.0,1331.16
2021-04-05,12383.55,12383.55,12129.25,12331.5,16785000.0,1695.04
2021-04-06,12345.1,12562.1,12321.7,12548.6,22715192.0,2047.61
2021-04-07,12597.0,12695.1,12549.5,12616.35,18351007.0,1863.79
2021-04-08,12630.15,12739.05,12592.75,12611.7,15873043.0,1645.17
2021-04-09,12603.6,13074.0,12582.6,12995.35,64843281.0,5428.4
2021-04-12,13026.3,13301.6,12758.65,12961.85,89494723.0,8775.01
2021-04-13,13155.0,13205.5,12733.0,12807.5,38826633.0,4656.0
2021-04-15,12914.65,13054.5,12798.6,12987.05,46300023.0,4202.19
2021-04-16,13016.45,13309.7,12892.0,13234.25,53088388.0,4495.85
2021-04-19,13233.2,13342.25,12999.8,13256.25,59334166.0,5455.04
2021-04-20,13426.05,13583.05,13324.25,13426.9,71771304.0,6821.72
2021-04-22,13496.55,13633.4,13347.2,13378.95,58909921.0,5717.91
2021-04-23,13373.1,13476.55,13169.0,13319.75,57789638.0,5323.21
2021-04-26,13418.6,13418.6,13186.25,13203.85,57498904.0,4559.94
2021-04-27,13247.55,13310.65,13145.05,13296.75,35539847.0,3065.96
2021-04-28,13347.65,13367.4,13227.2,13252.95,39404012.0,3203.6
2021-04-29,13301.85,13401.5,13222.6,13298.65,38814417.0,3166.5
2021-04-30,13271.35,13619.55,13263.35,13469.25,44768895.0,4397.04
2021-05-03,13502.65,13580.5,13408.2,13507.45,30198409.0,2932.16
2021-05-04,13573.85,13573.85,13200.7,13234.75,29092905.0,2686.49
2021-05-05,13293.0,13809.15,13210.5,13779.7,101236858.0,9172.45
2021-05-06,13897.55,13960.8,13651.2,13747.75,59021615.0,5500.34
2021-05-07,13799.25,13924.7,13718.65,13747.1,32932167.0,3269.61
2021-05-10,13965.5,14228.4,13861.45,14131.85,55078744.0,6051.42
2021-05-11,14112.65,14282.9,14013.25,14066.65,46933774.0,4204.64
2021-05-12,14135.1,14224.5,14000.1,14065.05,52764034.0,4555.53
2021-05-14,14141.1,14252.35,13848.95,13885.5,53065876.0,5803.43
2021-05-17,13921.3,13958.6,13741.25,13858.7,34369106.0,3488.57
2021-05-18,13934.35,13995.35,13804.7,13832.4,21810905.0,2323.0
2021-05-19,13859.6,14039.1,13839.2,14001.35,30992965.0,3568.53
2021-05-20,14025.35,14056.2,13903.1,13970.2,31295755.0,3137.46
2021-05-21,14036.75,14085.65,13974.45,13993.7,20191351.0,2210.16
2021-05-24,14028.85,14171.4,14015.6,14034.65,30652852.0,2962.51
2021-05-25,14120.9,14127.6,14025.95,14090.1,16292205.0,1964.13
2021-05-26,14138.75,14228.6,14088.3,14127.25,25447688.0,2365.52
2021-05-27,14157.1,14169.7,14022.75,14100.05,38749598.0,3573.04
2021-05-28,14092.35,14098.4,13893.55,13934.1,43114247.0,3581.02
2021-05-31,14001.2,14074.75,13849.3,14051.75,37718876.0,4369.46
2021-06-01,14086.05,14109.05,13939.45,14058.05,23158901.0,2599.07
2021-06-02,14058.1,14189.5,14052.25,14151.85,27732708.0,3022.24
2021-06-03,14176.25,14206.95,14079.65,14114.4,17816327.0,1832.82
2021-06-04,14150.25,14156.65,14050.45,14101.55,17864251.0,1735.87
2021-06-07,14126.95,14151.2,14049.05,14069.0,15290175.0,1483.99
2021-06-08,14064.4,14207.3,13920.2,14189.85,25967132.0,2239.48
2021-06-09,14220.35,14362.45,14046.75,14118.9,33224911.0,2903.06
2021-06-10,14140.9,14369.35,14138.5,14313.9,25519917.0,2549.75
2021-06-11,14331.95,14530.95,14300.1,14464.05,29963921.0,3313.22
2021-06-14,14447.75,14525.35,14217.45,14449.6,20452857.0,2584.3
2021-06-15,14464.5,14505.0,14309.55,14322.65,13803681.0,1690.65
2021-06-16,14336.1,14354.0,14183.1,14215.7,18971303.0,1929.78
2021-06-17,14193.45,14245.85,13987.05,14081.6,18811143.0,1977.35
2021-06-18,14110.5,14194.9,13855.1,14030.6,25168344.0,2808.93
2021-06-21,13949.55,14103.2,13899.65,14082.95,12754335.0,1275.62
2021-06-22,14126.1,14146.1,14028.15,14095.0,15850724.0,1553.78
2021-06-23,14115.45,14179.6,14003.8,14018.05,12756830.0,1266.07
2021-06-24,14019.25,14058.65,13900.05,13967.95,13421434.0,1336.65
2021-06-25,13982.9,14133.45,13968.95,14069.6,12300244.0,1264.75
2021-06-28,14120.35,14308.9,14095.0,14247.6,17630889.0,1794.09
2021-06-29,14241.8,14353.25,14205.6,14330.2,18793479.0,1899.89
2021-06-30,14379.2,14422.45,14288.15,14308.9,18359927.0,2010.44
2021-07-01,14327.4,14465.35,14294.4,14442.45,17441130.0,1840.98
2021-07-02,14489.95,14575.3,14461.05,14529.65,21574116.0,2490.52
2021-07-05,14575.35,14597.9,14500.6,14528.5,9775773.0,1111.28
2021-07-06,14519.35,14539.65,14377.05,14406.95,12969843.0,1162.74
2021-07-07,14354.0,14471.4,14320.2,14453.2,12764705.0,1377.27
2021-07-08,14424.15,14484.3,14240.3,14269.3,10632290.0,1149.46
2021-07-09,14260.45,14390.5,14243.85,14360.2,10096088.0,1274.55
2021-07-12,14409.15,14447.85,14322.8,14372.2,9436695.0,882.29
2021-07-13,14405.55,14519.95,14372.7,14460.05,17358399.0,1673.98
2021-07-14,14457.0,14547.55,14424.05,14507.0,14912961.0,1483.71
2021-07-15,14530.6,14564.2,14444.3,14467.45,10082121.0,1040.6
2021-07-16,14486.1,14715.15,14478.15,14635.05,18476150.0,2300.19
2021-07-19,14556.75,14707.0,14549.85,14669.9,11750348.0,1209.52
2021-07-20,14680.6,14689.4,14453.95,14479.2,13477569.0,1385.41
2021-07-22,14549.5,14590.55,14457.65,14575.4,11598492.0,1120.19
2021-07-23,14557.15,14630.05,14500.05,14597.85,15190170.0,1247.06
2021-07-26,14604.65,14711.2,14591.85,14652.55,14243445.0,1436.89
2021-07-27,14702.95,14713.15,13866.8,14018.65,32649725.0,5396.67
2021-07-28,14075.0,14092.0,13794.9,13964.75,24488683.0,3772.13
2021-07-29,14032.15,14072.6,13834.85,13920.35,24202908.0,2388.33
2021-07-30,13962.35,14479.1,13903.8,14425.3,53619408.0,4986.79
2021-08-02,14516.0,14588.65,14381.65,14474.95,28923287.0,2749.47
2021-08-03,14498.7,14690.4,14457.95,14647.85,24136624.0,2478.11
2021-08-04,14654.65,14743.3,14562.35,14594.35,15100534.0,1867.36
2021-08-05,14640.3,14689.55,14540.5,14579.85,15501220.0,1716.05
2021-08-06,14599.3,14612.55,14490.25,14517.5,18703317.0,2063.28
2021-08-09,14589.75,14595.35,14409.35,14533.45,12652292.0,1787.52
2021-08-10,14582.25,14622.15,14375.0,14502.9,15099485.0,1794.66
2021-08-11,14477.75,14480.75,14145.45,14291.15,25388475.0,2674.75
2021-08-12,14291.5,14291.5,14120.05,14133.05,25887892.0,2554.99
2021-08-13,14083.6,14190.45,13930.3,14049.05,42651257.0,3769.69
2021-08-16,14036.4,14074.5,13900.7,13965.4,22501830.0,1887.9
2021-08-17,13986.75,14118.8,13969.75,14041.25,24718771.0,2275.41
2021-08-18,14070.6,14184.15,14024.7,14071.35,22384565.0,2189.62
2021-08-20,13983.95,14017.8,13601.3,13711.15,28917181.0,2776.09
2021-08-23,13856.8,13911.2,13625.4,13700.6,49252651.0,3455.94
2021-08-24,13758.3,13902.35,13578.9,13876.05,30810408.0,2496.23
2021-08-25,13874.4,13902.85,13767.9,13830.5,16396294.0,1484.27
2021-08-26,13821.95,13874.2,13729.1,13758.6,14875732.0,1386.1
2021-08-27,13778.9,13965.8,13738.45,13948.7,18367338.0,1765.35
2021-08-30,13975.1,14246.45,13960.8,14222.5,16751297.0,1861.0
2021-08-31,14251.35,14370.25,14185.95,14344.75,21119285.0,2307.38
2021-09-01,14375.9,14452.95,14277.75,14319.85,16559898.0,1767.7
2021-09-02,14373.55,14500.4,14364.0,14458.5,16425442.0,2021.2
2021-09-03,14506.05,14553.4,14399.25,14485.65,14047925.0,1540.61
2021-09-06,14540.95,14562.25,14449.25,14481.55,13765839.0,1478.62
2021-09-07,14488.05,14503.3,14341.5,14387.35,11239908.0,1159.2
2021-09-08,14396.8,14410.9,14248.0,14349.45,11626553.0,1407.11
2021-09-09,14300.3,14339.65,14247.8,14329.85,12768965.0,1376.28
2021-09-13,14339.3,14389.7,14258.05,14377.05,8022836.0,889.27
2021-09-14,14440.7,14505.15,14373.35,14410.95,9801556.0,1109.13
2021-09-15,14457.55,14505.6,14410.35,14487.9,13067595.0,1309.69
2021-09-16,14494.05,14538.8,14456.2,14491.35,17141294.0,1507.64
2021-09-17,14550.75,14557.95,14288.05,14355.15,32691795.0,2274.68
2021-09-20,14281.0,14372.65,14040.5,14097.25,17075702.0,1608.2
2021-09-21,14093.85,14300.0,14033.4,14278.95,14450603.0,1343.35
2021-09-22,14267.35,14386.4,14242.7,14334.25,11558298.0,1082.4
2021-09-23,14393.1,14407.05,14311.3,14380.5,10595156.0,1174.51
2021-09-24,14402.8,14457.7,14247.5,14289.15,10828554.0,1149.79
2021-09-27,14297.55,14316.15,14106.7,14156.7,13335024.0,1241.11
2021-09-28,14196.95,14273.75,13956.15,14171.6,18593250.0,1936.84
2021-09-29,14203.5,14515.45,14172.5,14404.95,34475769.0,3638.91
2021-09-30,14427.7,14604.7,14398.0,14466.5,30810886.0,3072.79
2021-10-01,14424.3,14603.9,14397.55,14587.65,21734990.0,2129.52
2021-10-04,14649.1,14938.25,14643.95,14812.4,32387638.0,4298.82
2021-10-05,14816.9,14849.85,14619.65,14738.25,20244044.0,2276.08
2021-10-06,14750.05,14775.3,14435.75,14461.95,19944480.0,1992.89
2021-10-07,14564.45,14591.35,14489.9,14562.2,26689580.0,2514.09
2021-10-08,14624.1,14656.5,14468.9,14514.8,17984970.0,1755.66
2021-10-11,14588.5,14651.25,14502.8,14615.35,17779719.0,1880.69
2021-10-12,14650.55,14726.1,14521.0,14629.2,21325324.0,1930.06
2021-10-13,14680.4,14725.25,14626.85,14679.4,20491231.0,1746.4
2021-10-14,14711.0,14802.4,14698.75,14728.65,16605167.0,1616.33
2021-10-18,14771.25,14795.9,14570.85,14598.2,21819893.0,1976.32
2021-10-19,14626.3,14682.95,14357.15,14384.35,17881320.0,1716.75
2021-10-20,14360.4,14424.15,14127.6,14177.35,19647568.0,1980.66
2021-10-21,14300.9,14306.15,13990.9,14169.95,27440977.0,2355.65
2021-10-22,14207.65,14215.05,13891.85,13949.65,27659445.0,1980.98
2021-10-25,13945.1,13983.25,13637.55,13943.85,22274563.0,2155.53
2021-10-26,14004.25,14036.6,13882.1,13970.65,18729921.0,1707.39
2021-10-27,14002.25,14202.15,13993.85,14094.25,22933786.0,2256.07
2021-10-28,14092.6,14129.1,13736.75,13780.6,24049122.0,1971.76
2021-10-29,13735.5,14092.8,13587.25,13879.35,40581494.0,3782.29
2021-11-01,13952.1,14072.55,13830.15,14049.45,20513678.0,1768.89
2021-11-02,14060.8,14098.45,13878.3,13993.2,32554011.0,2725.87
2021-11-03,14022.85,14053.85,13818.3,13888.3,22720905.0,2151.05
2021-11-04,13969.15,13969.15,13931.7,13948.2,2620742.0,187.1
2021-11-08,13912.2,13915.45,13639.55,13851.25,20934987.0,2938.41
2021-11-09,13920.1,14061.25,13851.2,13878.7,27766917.0,2671.12
2021-11-10,13849.7,13957.65,13823.9,13911.3,27125226.0,2289.44
2021-11-11,13896.2,13901.35,13685.7,13717.8,21351418.0,1766.59
2021-11-12,13806.6,13807.5,13685.15,13774.65,18649278.0,1809.72
2021-11-15,13790.45,13996.85,13770.9,13974.35,38957809.0,2549.36
2021-11-16,14008.35,14016.95,13776.05,13798.8,26344745.0,1945.42
2021-11-17,13796.3,13800.6,13592.45,13621.9,24678715.0,1751.57
2021-11-18,13603.65,13620.4,13388.65,13481.4,22896708.0,1889.9
2021-11-22,13513.35,13544.25,13176.3,13245.35,22173107.0,1776.38
2021-11-23,13206.0,13534.35,13152.55,13489.95,27829892.0,2135.34
2021-11-24,13518.4,13557.8,13379.9,13408.1,21499283.0,1701.63
2021-11-25,13414.4,13583.45,13385.35,13566.5,25301360.0,2310.39
2021-11-26,13487.3,13990.4,13455.25,13797.1,63440303.0,6073.08
2021-11-29,13910.95,13998.15,13622.5,13648.8,38164704.0,4026.69
2021-11-30,13656.8,13777.7,13600.95,13662.8,46887908.0,5356.85
2021-12-01,13721.25,13782.65,13380.5,13442.1,23890478.0,2187.39
2021-12-02,13510.85,13585.3,13472.35,13557.0,23524889.0,1890.82
2021-12-03,13608.0,13610.25,13426.45,13443.85,18159745.0,1724.02
2021-12-06,13463.55,13467.8,13168.5,13192.25,16128667.0,1476.49
2021-12-07,13238.6,13280.85,13132.55,13234.35,18509558.0,1910.51
2021-12-08,13300.2,13456.95,13280.2,13433.85,31640922.0,2378.65
2021-12-09,13482.2,13504.9,13400.8,13449.4,26635053.0,2081.63
2021-12-10,13428.1,13527.2,13427.65,13446.1,26170936.0,2040.68
2021-12-13,13537.6,13552.3,13398.75,13432.9,23174194.0,1873.06
2021-12-14,13419.25,13601.4,13402.3,13575.9,34385950.0,3250.0
2021-12-15,13569.0,13576.3,13406.4,13512.05,21662680.0,2164.94
2021-12-16,13603.2,13604.5,13316.55,13393.65,22140093.0,2007.19
2021-12-17,13410.5,13420.75,13152.95,13230.7,25178482.0,2158.19
2021-12-20,13177.15,13259.05,13005.2,13184.45,34667555.0,2817.79
2021-12-21,13217.9,13335.9,13181.6,13282.85,21522381.0,1928.49
2021-12-22,13339.45,13564.6,13269.95,13547.7,23618835.0,2113.95
2021-12-23,13618.15,13668.35,13588.9,13644.5,26095411.0,2262.2
2021-12-24,13676.8,13677.8,13467.55,13491.25,21636701.0,1622.87
2021-12-27,13491.4,13723.8,13472.1,13710.15,27200251.0,2211.95
2021-12-28,13739.0,13857.5,13705.3,13836.15,21636452.0,1974.82
2021-12-29,13881.8,14112.45,13857.75,14072.9,31936996.0,2814.94
2021-12-30,14075.4,14174.2,14036.6,14135.5,27760644.0,2423.12
2021-12-31,14164.6,14254.1,14133.4,14223.0,18048856.0,1641.95
2022-01-03,14247.65,14280.0,14148.05,14156.4,15146817.0,1379.04
2022-01-04,14207.05,14239.45,14017.55,14040.65,19660267.0,1610.5
2022-01-05,14090.3,14136.15,13968.95,13999.85,21530434.0,1900.44
2022-01-06,13988.5,14066.8,13878.3,13912.25,15178653.0,1576.67
2022-01-07,13949.9,13961.75,13841.95,13857.95,13698343.0,1276.98
2022-01-10,13896.05,13905.4,13800.4,13858.95,22788536.0,1919.99
2022-01-11,13881.7,13974.6,13834.15,13854.25,21836310.0,1873.87
2022-01-12,13935.2,13939.25,13765.25,13833.7,18417745.0,1659.89
2022-01-13,13856.5,14097.45,13843.6,14051.15,26484878.0,2404.68
2022-01-14,14024.55,14082.85,13935.65,13964.15,29361798.0,2080.3
2022-01-17,13954.75,13970.15,13819.7,13862.45,29060266.0,1921.74
2022-01-18,13887.2,13962.9,13676.8,13697.6,27502819.0,2136.88
2022-01-19,13701.05,13726.25,13536.2,13682.7,27752744.0,1861.99
2022-01-20,13695.9,13712.75,13415.75,13454.9,18487863.0,1689.42
2022-01-21,13409.65,13417.6,13150.7,13243.05,29965653.0,2429.63
2022-01-24,13225.1,13238.6,12846.55,12998.6,34612992.0,3080.44
2022-01-25,12910.3,13120.45,12776.0,13092.1,25165609.0,1992.63
2022-01-27,12973.8,12981.0,12767.4,12847.9,39921703.0,3753.15
2022-01-28,12850.85,13208.8,12834.2,12983.05,35243485.0,3062.44
2022-01-31,13081.1,13260.65,13068.85,13179.9,28894150.0,2613.04
2022-02-01,13280.05,13495.0,13222.7,13477.5,30349208.0,2557.56
2022-02-02,13517.2,13656.95,13484.2,13643.65,23496633.0,1801.7
2022-02-03,13656.85,13667.05,13561.25,13617.6,21407680.0,1606.41
2022-02-04,13637.85,13688.55,13554.4,13580.3,23543715.0,2393.97
2022-02-07,13569.15,13590.55,13313.5,13381.7,23251278.0,1819.64
2022-02-08,13390.7,13508.55,13318.2,13444.7,27907524.0,2174.36
2022-02-09,13467.4,13612.2,13447.1,13570.3,17372226.0,1678.73
2022-02-10,13602.8,13646.5,13505.85,13613.05,29500754.0,2428.26
2022-02-11,13524.9,13583.25,13452.8,13510.3,27298973.0,2890.17
2022-02-14,13334.6,13482.7,13218.25,13252.15,27989640.0,2745.76
2022-02-15,13192.95,13368.1,13162.55,13356.9,27025743.0,2326.22
2022-02-16,13421.05,13519.75,13332.7,13425.1,18241941.0,2018.31
2022-02-17,13472.15,13475.75,13310.0,13324.4,17706288.0,1664.79
2022-02-18,13303.75,13303.75,13189.5,13208.8,19844844.0,1857.6
2022-02-21,13168.4,13221.6,12999.25,13029.9,15612817.0,1467.32
2022-02-22,12807.3,12976.35,12768.45,12954.5,20826080.0,1777.91
2022-02-23,13010.9,13077.65,12952.5,12976.3,14988951.0,1325.79
2022-02-24,12677.75,12808.7,12467.9,12500.1,28138484.0,2319.78
2022-02-25,12622.85,12925.5,12593.1,12899.85,20880649.0,1648.16
2022-02-28,12807.4,12946.2,12707.9,12927.6,33549954.0,2432.8
2022-03-02,12841.25,12938.85,12637.8,12689.55,30296498.0,2468.75
2022-03-03,12793.6,12815.3,12617.15,12643.75,19830135.0,1829.5
2022-03-04,12558.5,12731.05,12478.1,12600.15,22704725.0,1958.95
2022-03-07,12436.75,12570.7,12290.9,12546.85,20405285.0,1715.22
2022-03-08,12534.0,12873.75,12524.85,12844.85,28371208.0,2372.9
2022-03-09,12929.75,13130.5,12864.3,13059.25,29238088.0,2449.59
2022-03-10,13170.55,13227.1,13041.55,13077.05,22646448.0,1887.03
2022-03-11,13073.65,13426.5,13031.1,13399.0,41681630.0,3542.86
2022-03-14,13420.35,13452.4,13315.1,13351.9,25296261.0,2217.91
2022-03-15,13358.6,13556.1,13250.1,13318.85,30223603.0,2530.49
2022-03-16,13446.5,13447.3,13256.1,13374.5,17914209.0,1543.35
2022-03-17,13439.65,13566.15,13436.35,13546.05,26580227.0,2485.74
2022-03-21,13632.1,13749.4,13530.9,13549.55,30965222.0,2348.56
2022-03-22,13554.5,13577.75,13400.9,13513.15,20482786.0,2032.76
2022-03-23,13582.45,13725.15,13541.45,13569.65,24958787.0,2512.2
2022-03-24,13501.9,13783.45,13474.6,13724.5,27346551.0,2789.15
2022-03-25,13771.8,13785.65,13530.3,13607.05,19667997.0,1874.77
2022-03-28,13642.2,13722.05,13491.9,13562.25,20956619.0,1809.25
2022-03-29,13602.95,13791.7,13564.05,13771.4,22729323.0,2189.41
2022-03-30,13831.35,13840.9,13703.35,13745.6,21248964.0,1967.69
2022-03-31,13755.35,13800.65,13542.3,13584.1,17835146.0,1851.3
2022-04-01,13609.9,13647.05,13524.0,13579.9,15247803.0,1342.3
2022-04-04,13630.45,13806.5,13571.45,13789.25,15072036.0,1356.44
2022-04-05,13837.2,13903.55,13777.45,13809.25,17302485.0,1613.6
2022-04-06,13786.55,13907.65,13744.5,13758.45,18277919.0,1708.73
2022-04-07,13786.7,13972.45,13779.15,13815.0,20186565.0,1746.44
2022-04-08,13875.05,13923.1,13715.4,13838.6,13854510.0,1456.35
2022-04-11,13827.0,13948.25,13818.9,13837.85,13514697.0,1159.85
2022-04-12,13801.0,13879.5,13661.5,13744.65,14906891.0,1477.52
2022-04-13,13761.15,13849.15,13698.7,13772.75,12069363.0,1208.93
2022-04-18,13699.4,13823.45,13612.3,13717.3,12919826.0,1250.47
2022-04-19,13774.35,13853.15,13413.45,13522.45,17937157.0,1532.7
2022-04-20,13572.9,13722.35,13492.05,13660.65,15563466.0,1425.03
2022-04-21,13703.6,13838.1,13670.25,13821.3,20889281.0,1987.43
2022-04-22,13786.8,13786.8,13516.6,13569.85,21386929.0,1711.82
2022-04-25,13441.95,13516.8,13263.1,13296.75,16461591.0,1227.66
2022-04-26,13384.4,13505.65,13376.05,13444.1,19191943.0,1530.93
2022-04-27,13365.65,13416.45,13258.8,13358.15,13123126.0,1222.11
2022-04-28,13473.35,13547.15,13377.6,13480.0,19847668.0,1798.2
2022-04-29,13507.1,13765.95,13429.25,13462.85,21128109.0,1811.93
2022-05-02,13397.3,13479.5,13323.5,13460.25,16224406.0,1264.54
2022-05-04,13462.2,13510.7,13068.2,13108.8,17734404.0,1537.47
2022-05-05,13181.75,13284.55,12968.15,13008.5,14204767.0,1332.41
2022-05-06,12840.85,12896.4,12726.55,12820.9,13509931.0,1302.57
2022-05-09,12727.65,12856.65,12665.3,12785.0,13439157.0,1186.85
2022-05-10,12753.9,12869.4,12557.75,12596.3,17342108.0,1529.4
2022-05-11,12530.15,12632.2,12407.6,12557.65,23885838.0,1935.94
2022-05-12,12514.8,12521.6,12299.2,12424.45,17446337.0,1478.64
2022-05-13,12534.25,12764.6,12521.9,12629.5,16704766.0,1552.79
2022-05-16,12634.7,12687.4,12536.55,12608.25,13443930.0,1039.67
2022-05-17,12627.45,12759.15,12548.65,12745.95,15452185.0,1335.42
2022-05-18,12767.8,12942.9,12756.3,12881.55,28170396.0,2040.86
2022-05-19,12646.75,12743.4,12574.05,12600.85,24635266.0,2316.05
2022-05-20,12718.8,13089.4,12707.95,13065.5,34836643.0,3009.54
2022-05-23,13121.0,13253.8,12854.0,12889.2,21154909.0,2356.94
2022-05-24,12908.8,12926.2,12666.3,12691.6,25977567.0,3666.96
2022-05-25,12749.0,12808.3,12526.05,12543.85,18857861.0,1901.2
2022-05-26,12606.4,12655.25,12398.4,12557.5,26659357.0,3091.21
2022-05-27,12635.4,12688.05,12555.85,12669.95,17386309.0,1548.36
2022-05-30,12731.65,12822.65,12662.9,12671.15,19928632.0,1765.37
2022-05-31,12608.25,12690.55,12527.8,12604.45,58103503.0,4779.07
2022-06-01,12665.85,12665.85,12393.9,12443.75,22327730.0,1792.15
2022-06-02,12407.4,12518.6,12376.7,12500.35,20159346.0,1716.04
2022-06-03,12556.8,12622.35,12401.65,12418.8,14930508.0,1249.67
2022-06-06,12406.6,12463.8,12360.6,12412.4,14022317.0,1107.57
2022-06-07,12352.85,12362.7,12189.65,12279.65,13785220.0,1318.08
2022-06-08,12279.9,12341.15,12170.45,12317.8,14918357.0,1268.59
2022-06-09,12284.8,12481.95,12228.1,12465.9,21435893.0,1623.68
2022-06-10,12363.7,12447.65,12330.2,12419.2,14167968.0,1133.23
2022-06-13,12288.25,12410.75,12130.65,12191.85,14765044.0,1316.55
2022-06-14,12140.3,12283.35,12135.75,12218.5,15454461.0,1233.34
2022-06-15,12248.4,12299.55,12204.75,12261.35,12718870.0,1060.14
2022-06-16,12321.6,12330.5,12022.45,12066.65,16234608.0,1319.44
2022-06-17,12000.65,12038.25,11745.05,11803.95,24864846.0,2263.08
2022-06-20,11815.0,11886.1,11726.4,11847.9,15746521.0,1112.14
2022-06-21,11887.0,12118.05,11882.7,12098.35,13504663.0,1053.37
2022-06-22,12050.65,12147.65,11893.15,11939.05,14561278.0,1231.53
2022-06-23,11969.95,12145.05,11947.9,12127.2,15785814.0,1063.86
2022-06-24,12173.25,12270.5,12150.55,12178.4,20248933.0,1203.77
2022-06-27,12275.8,12325.75,12200.1,12221.55,16653413.0,1173.78
2022-06-28,12224.4,12235.95,12100.85,12214.55,21905880.0,1406.5
2022-06-29,12139.45,12249.8,12099.35,12210.95,17976256.0,1487.01
2022-06-30,12176.15,12252.6,12110.2,12159.35,19725222.0,1646.3
2022-07-01,12124.45,12296.3,12084.0,12260.9,11405043.0,982.85
2022-07-04,12240.3,12344.55,12143.95,12218.2,9979317.0,907.22
2022-07-05,12254.65,12373.9,12217.4,12233.75,12477686.0,1152.74
2022-07-06,12264.0,12350.7,12220.4,12331.15,12714468.0,1109.85
2022-07-07,12408.7,12450.85,12370.6,12389.7,13086779.0,1209.58
2022-07-08,12449.3,12460.05,12392.35,12449.45,11163043.0,1046.16
2022-07-11,12447.85,12598.7,12386.9,12564.85,14386829.0,1317.08
2022-07-12,12516.5,12587.3,12428.75,12450.65,10729214.0,1001.6
2022-07-13,12494.7,12639.15,12442.55,12622.3,16675891.0,1375.36
2022-07-14,12664.4,12855.65,12630.5,12721.0,27541923.0,2110.26
2022-07-15,12775.4,12800.75,12665.0,12732.0,12415599.0,986.51
2022-07-18,12827.35,12869.4,12668.45,12713.45,16223606.0,1243.99
2022-07-19,12680.4,12820.25,12663.15,12682.2,15392340.0,1190.18
2022-07-20,12786.4,12786.4,12685.6,12711.5,13274424.0,1081.52
2022-07-21,12710.1,12756.35,12599.5,12651.75,17916000.0,2249.53
2022-07-22,12687.8,12711.15,12573.9,12617.55,12923822.0,1122.39
2022-07-25,12612.35,12640.8,12454.25,12488.8,13113035.0,1063.84
2022-07-26,12495.65,12508.8,12325.0,12341.9,12520377.0,1219.42
2022-07-27,12341.65,12647.75,12301.85,12628.95,20886284.0,1646.13
2022-07-28,12665.6,12682.2,12500.2,12660.65,28727024.0,2171.43
2022-07-29,12677.75,12835.45,12526.3,12776.55,33384631.0,3103.42
2022-08-01,12835.4,12883.75,12707.7,12766.85,20075128.0,1856.62
2022-08-02,12765.5,12792.95,12699.95,12780.4,16528484.0,1407.03
2022-08-03,12789.05,12829.1,12618.2,12682.0,21592181.0,1811.53
2022-08-04,12720.05,12992.25,12681.3,12982.35,37886996.0,2836.7
2022-08-05,13003.85,13068.3,12920.0,12939.75,21551158.0,1907.89
2022-08-08,12952.05,12962.95,12878.1,12940.25,14135752.0,1399.35
2022-08-10,12986.25,13053.1,12915.5,12950.7,21924330.0,1707.9
2022-08-11,12998.4,13033.75,12961.4,13014.2,21490694.0,1488.59
2022-08-12,13016.5,13017.5,12830.45,12864.0,29623383.0,2741.81
2022-08-16,12896.75,12962.6,12867.85,12933.85,19940210.0,1709.16
2022-08-17,12987.0,13011.9,12936.35,12979.25,21239734.0,1663.88
2022-08-18,12934.35,12948.35,12797.45,12935.75,18516504.0,1740.72
2022-08-19,12935.95,12982.05,12771.75,12799.95,17777816.0,1416.95
2022-08-22,12723.35,12794.6,12565.5,12588.25,15215194.0,1456.32
2022-08-23,12499.45,12710.05,12498.8,12683.55,14102531.0,1425.32
2022-08-24,12716.1,12760.75,12585.85,12644.0,17987032.0,1955.74
2022-08-25,12710.75,12717.6,12563.75,12593.25,17392541.0,1762.14
2022-08-26,12662.95,12683.25,12569.05,12580.45,11717999.0,1006.41
2022-08-29,12380.65,12565.9,12352.65,12545.75,13477872.0,1081.75
2022-08-30,12588.9,12715.75,12560.9,12699.4,15595891.0,1438.35
2022-09-01,12619.3,12701.95,12546.35,12555.0,15612977.0,1285.89
2022-09-02,12587.65,12634.95,12485.45,12506.15,14412476.0,1227.08
2022-09-05,12507.95,12579.8,12444.9,12565.55,13545449.0,1159.03
2022-09-06,12597.2,12624.3,12567.35,12598.0,11021922.0,971.52
2022-09-07,12542.55,12717.45,12539.9,12696.3,14296011.0,1102.06
2022-09-08,12775.6,12776.5,12638.65,12689.95,11555244.0,1031.22
2022-09-09,12716.8,12814.25,12662.9,12689.3,15643360.0,1138.0
2022-09-12,12707.85,12759.75,12695.1,12715.25,11217263.0,1012.27
2022-09-13,12729.9,12762.9,12718.35,12745.6,12626723.0,1221.27
2022-09-14,12587.3,12776.15,12587.3,12682.2,12936131.0,1113.19
2022-09-15,12704.45,12732.8,12480.7,12518.85,14592816.0,1116.06
2022-09-16,12548.0,12556.75,12315.5,12346.85,25803609.0,1983.17
2022-09-19,12366.95,12396.15,12185.4,12369.6,17082816.0,1247.26
2022-09-20,12422.2,12763.9,12417.3,12750.7,23442879.0,1908.26
2022-09-21,12793.65,12834.85,12549.45,12573.55,19747265.0,1771.88
2022-09-22,12506.15,12644.95,12500.75,12612.85,15482090.0,1399.6
2022-09-23,12602.85,12740.1,12594.5,12610.65,20284801.0,1788.87
2022-09-26,12570.85,12614.05,12441.2,12475.5,16878958.0,1666.33
2022-09-27,12532.25,12611.85,12457.8,12598.0,15678217.0,1384.74
2022-09-28,12548.35,12750.65,12525.7,12705.4,24283167.0,2242.27
2022-09-29,12782.6,12962.85,12778.25,12874.3,36358659.0,3302.56
2022-09-30,12918.3,12998.3,12813.7,12971.9,29824004.0,2248.93
2022-10-03,12981.5,13241.1,12958.45,13118.95,38534608.0,2948.98
2022-10-04,13244.5,13246.05,13140.9,13233.45,23597723.0,1752.42
2022-10-06,13310.75,13310.75,13150.65,13188.0,19839527.0,1595.35
2022-10-07,13169.75,13200.3,13097.85,13134.7,17722614.0,1334.49
2022-10-10,13016.05,13084.5,12933.45,13028.4,11922945.0,1069.88
2022-10-11,13064.7,13065.75,12805.3,12826.8,17794543.0,1798.42
2022-10-12,12861.45,12884.65,12742.9,12839.35,16271202.0,1268.23
2022-10-13,12847.85,12936.35,12810.75,12867.15,17712655.0,1398.83
2022-10-14,12989.65,13034.4,12933.0,12950.45,14539298.0,1201.52
2022-10-17,12932.55,13022.7,12925.2,12982.4,13252186.0,1068.62
2022-10-18,13044.25,13064.8,12949.45,13008.25,11795227.0,956.32
2022-10-19,13027.65,13091.35,12955.15,13021.75,14672361.0,1078.22
2022-10-20,12962.6,13101.3,12941.65,13089.2,17215688.0,1283.0
2022-10-21,13110.7,13150.4,12956.35,12979.4,12546800.0,1038.38
2022-10-24,13080.75,13087.95,13050.7,13061.1,2685977.0,177.48
2022-10-25,13079.4,13148.35,13033.85,13112.2,20697135.0,1626.89
2022-10-27,13170.6,13244.95,13121.65,13228.05,26063995.0,2527.84
2022-10-28,13218.4,13218.4,13026.7,13048.3,16412227.0,1513.32
2022-10-31,13121.1,13274.55,13112.05,13212.25,23330469.0,2792.01
2022-11-01,13254.05,13517.25,13246.2,13492.05,25667544.0,3023.25
2022-11-02,13511.5,13736.05,13486.85,13556.9,25381506.0,2478.86
2022-11-03,13509.75,13576.45,13487.25,13559.95,17780096.0,1532.99
2022-11-04,13578.2,13595.4,13388.35,13422.15,12828280.0,1220.0
2022-11-07,13458.85,13493.85,13196.1,13230.0,19190374.0,2338.75
2022-11-09,13252.65,13317.7,13053.05,13079.5,18936184.0,2497.83
2022-11-10,13076.4,13235.9,12934.0,12983.1,42889301.0,3301.3
2022-11-11,13061.35,13165.45,12987.35,13015.65,24659463.0,2023.81
2022-11-14,12975.2,13042.05,12811.8,13019.85,27440889.0,2367.25
2022-11-15,13054.7,13074.6,12954.55,13036.9,17005220.0,1342.91
2022-11-16,13010.55,13099.2,12948.35,12998.5,16356926.0,1539.03
2022-11-17,13021.9,13053.8,12924.55,12948.25,10156152.0,922.48
2022-11-18,12980.15,12991.4,12840.3,12861.4,12645399.0,1048.54
2022-11-21,12834.95,12857.4,12754.55,12794.6,10556472.0,1019.4
2022-11-22,12826.05,12851.6,12766.45,12836.35,12842034.0,1198.03
2022-11-23,12890.2,12908.15,12845.1,12876.95,11981592.0,1123.53
2022-11-24,12918.4,12942.5,12854.8,12888.15,14055936.0,1279.14
2022-11-25,12908.8,12979.15,12830.9,12968.45,13958285.0,1205.0
2022-11-28,12965.6,13027.05,12940.95,12993.95,11380672.0,1015.29
2022-11-29,13006.35,13102.75,12992.3,13087.35,28978037.0,2303.04
2022-11-30,13110.1,13200.55,13059.65,13144.2,28926882.0,2607.76
2022-12-01,13215.55,13215.55,13091.1,13120.65,13055879.0,1185.76
2022-12-02,13120.8,13125.0,13006.6,13086.95,15137265.0,1457.62
2022-12-05,13123.35,13138.8,13000.5,13052.9,12928464.0,1165.95
2022-12-06,13037.75,13056.15,12914.05,12955.35,11503486.0,936.09
2022-12-07,12973.85,13000.95,12855.55,12869.8,11032549.0,1028.07
2022-12-08,12880.7,12892.95,12702.75,12728.7,17792253.0,1661.27
2022-12-09,12766.95,12822.2,12711.1,12774.7,13202125.0,1245.01
2022-12-12,12765.05,12799.75,12687.75,12758.05,14215589.0,1140.79
2022-12-13,12749.55,12803.95,12702.0,12797.75,17960450.0,1262.85
2022-12-14,12846.55,12900.85,12810.65,12883.6,15700951.0,1147.75
2022-12-15,12882.85,12944.25,12793.75,12816.1,11165003.0,836.95
2022-12-16,12762.65,12818.6,12616.55,12636.2,16587233.0,2534.9
2022-12-19,12636.6,12662.2,12529.55,12646.45,11277566.0,959.01
2022-12-20,12640.4,12647.75,12529.35,12618.45,11487595.0,906.16
2022-12-21,12652.85,12943.6,12645.4,12920.4,33575709.0,2605.34
2022-12-22,13027.0,13061.7,12836.95,12892.75,23826204.0,2089.55
2022-12-23,12881.1,13094.1,12746.7,12784.45,33131383.0,2740.39
2022-12-26,12863.8,12890.5,12644.7,12677.1,16090985.0,1421.2
2022-12-27,12688.65,12766.55,12640.7,12694.75,14012162.0,1096.05
2022-12-28,12685.55,12745.95,12609.4,12624.15,11131800.0,923.51
2022-12-29,12646.85,12747.75,12528.75,12634.3,17238650.0,1594.54
2022-12-30,12699.85,12700.6,12573.4,12597.6,10152357.0,847.38
2023-01-02,12618.75,12622.1,12474.15,12551.4,10168465.0,770.42
2023-01-03,12544.4,12660.85,12515.3,12641.75,12063951.0,963.8
2023-01-04,12659.05,12708.5,12591.65,12622.75,10239327.0,951.9
2023-01-05,12660.15,12768.1,12640.15,12753.2,11285566.0,961.01
2023-01-06,12751.5,12805.6,12625.6,12654.95,13213680.0,972.66
2023-01-09,12729.2,12828.55,12705.3,12770.6,13301359.0,1080.67
2023-01-10,12775.85,12818.25,12736.2,12766.6,12371156.0,992.02
2023-01-11,12782.15,12806.4,12657.4,12682.25,16501444.0,1299.71
2023-01-12,12721.2,12721.2,12584.9,12671.45,13662499.0,1323.24
2023-01-13,12689.95,12689.95,12589.6,12668.8,12353940.0,962.67
2023-01-16,12691.35,12728.1,12592.55,12659.4,9103339.0,654.07
2023-01-17,12678.25,12678.25,12585.05,12648.0,8847344.0,803.12
2023-01-18,12656.6,12743.4,12631.65,12734.5,10133087.0,843.82
2023-01-19,12719.4,12754.7,12674.45,12699.05,7240087.0,555.25
2023-01-20,12714.55,12720.8,12581.35,12606.45,10304902.0,892.59
2023-01-23,12631.8,12744.4,12586.15,12718.45,9145811.0,761.58
2023-01-24,12726.2,12732.4,12575.8,12593.85,11122546.0,986.21
2023-01-25,12567.2,12594.5,12409.85,12440.1,19841201.0,1513.18
2023-01-27,12476.7,12616.8,12447.85,12508.05,23304313.0,1909.68
2023-01-30,12531.95,12586.7,12443.25,12484.0,18137165.0,1403.8
2023-01-31,12526.85,12549.7,12335.25,12360.25,22941923.0,1951.42
2023-02-01,12397.7,12473.45,12252.85,12355.8,20789433.0,1610.31
2023-02-02,12291.65,12362.0,12224.65,12306.3,12327966.0,1084.87
2023-02-03,12308.7,12327.15,12086.85,12184.6,17575481.0,2327.89
2023-02-06,12150.65,12218.65,12086.8,12193.1,21067595.0,1707.19
2023-02-07,12222.55,12252.9,12121.95,12191.4,16689807.0,1825.18
2023-02-08,12203.65,12373.85,12144.85,12357.3,19299872.0,1669.21
2023-02-09,12246.25,12463.65,12246.25,12302.5,14077913.0,1320.31
2023-02-10,12293.7,12347.15,12207.45,12327.0,23504709.0,1779.93
2023-02-13,12347.7,12373.6,12221.55,12268.1,22384030.0,1731.54
2023-02-14,12310.55,12313.0,12209.85,12248.8,19132019.0,1243.25
2023-02-15,12221.15,12259.65,12135.3,12237.1,16220523.0,1055.36
2023-02-16,12276.5,12335.9,12257.8,12298.6,14244060.0,1016.03
2023-02-17,12267.5,12275.85,12142.4,12154.05,15008309.0,1053.3
2023-02-20,12132.35,12140.8,11971.2,12055.4,20134409.0,1551.4
2023-02-21,12103.9,12124.45,11998.45,12019.5,12938904.0,1056.12
2023-02-22,12017.25,12065.9,11980.3,11991.85,15909849.0,1191.87
2023-02-23,12017.25,12020.2,11939.55,11968.2,17265602.0,1222.41
2023-02-24,11985.65,12087.4,11928.3,11996.2,15822058.0,1366.02
2023-02-27,12002.4,12006.35,11847.3,11902.5,13435325.0,1032.2
2023-02-28,11916.4,11937.35,11731.5,11747.1,70015828.0,3002.94
2023-03-01,11737.15,11802.35,11730.0,11764.6,15261573.0,1111.24
2023-03-02,11777.7,11791.05,11712.3,11761.1,15182489.0,983.25
2023-03-03,11802.3,11814.0,11733.45,11781.8,14339805.0,1009.12
2023-03-06,11818.95,11887.75,11794.05,11807.9,17516918.0,1185.43
2023-03-08,11778.9,11801.45,11696.8,11750.15,18979973.0,1340.05
2023-03-09,11752.3,11801.9,11680.3,11700.4,19528704.0,1438.9
2023-03-10,11657.05,11694.15,11596.4,11683.95,16788575.0,1127.44
2023-03-13,11680.05,11731.0,11565.45,11597.35,13183644.0,997.45
2023-03-14,11609.45,11669.95,11542.45,11597.95,16561940.0,1335.46
2023-03-15,11609.75,11739.0,11596.1,11633.95,14746502.0,1166.52
2023-03-16,11659.0,11773.35,11639.25,11743.2,17498603.0,1277.77
2023-03-17,11790.8,11806.15,11635.65,11676.15,59428296.0,2275.63
2023-03-20,11660.6,11709.6,11602.7,11663.3,25498167.0,1553.17
2023-03-21,11696.05,11701.55,11621.65,11633.75,22119240.0,1154.82
2023-03-22,11651.65,11766.45,11637.85,11754.7,14479412.0,982.03
2023-03-23,11771.0,11801.05,11747.15,11780.85,18695747.0,1293.33
2023-03-24,11786.45,11818.8,11734.55,11755.35,22577586.0,1382.46
2023-03-27,11797.55,11951.45,11744.3,11882.75,35924977.0,2165.27
2023-03-28,11909.9,11911.5,11817.95,11873.2,20633383.0,1385.93
2023-03-29,11892.5,11973.9,11861.55,11942.5,27784372.0,1681.53
2023-03-31,11970.4,12062.2,11932.15,12017.05,22874091.0,1578.49
2023-04-03,12071.95,12094.8,12001.5,12067.95,18958403.0,1305.66
2023-04-05,12081.45,12191.25,12043.6,12181.85,19091027.0,1236.57
2023-04-06,12192.3,12289.15,12163.1,12274.35,16781572.0,1138.39
2023-04-10,12315.15,12317.3,12257.85,12298.75,10804375.0,840.46
2023-04-11,12308.5,12401.1,12250.15,12300.0,14811116.0,1197.38
2023-04-12,12337.8,12581.1,12315.0,12574.2,50441947.0,3947.0
2023-04-13,12606.65,12606.65,12465.65,12478.9,19896166.0,1508.55
2023-04-17,12482.7,12520.95,12370.05,12403.6,16248025.0,1231.48
2023-04-18,12413.95,12615.95,12354.95,12607.35,35284331.0,2243.31
2023-04-19,12609.65,12688.35,12555.1,12625.3,33981018.0,3154.22
2023-04-20,12642.0,12650.2,12453.85,12485.25,27411666.0,2437.22
2023-04-21,12508.6,12562.55,12489.65,12545.75,19991075.0,1834.58
2023-04-24,12505.45,12509.3,12391.1,12454.35,18240535.0,1548.75
2023-04-25,12459.05,12474.15,12365.85,12456.6,31949033.0,2290.57
2023-04-26,12454.1,12476.3,12404.35,12457.85,25611749.0,1958.0
2023-04-27,12450.75,12537.75,12402.05,12519.35,27862616.0,1794.54
2023-04-28,12551.85,12625.5,12518.05,12613.95,36666712.0,2079.0
2023-05-02,12618.75,12669.75,12559.05,12590.3,22723734.0,1540.28
2023-05-03,12581.6,12634.8,12549.2,12586.8,17230391.0,1288.46
2023-05-04,12610.2,12671.5,12589.45,12654.65,17406408.0,1143.43
2023-05-05,12665.8,12677.4,12590.15,12608.35,16127755.0,1035.96
2023-05-08,12598.35,12671.55,12580.4,12663.1,21775412.0,1615.74
2023-05-09,12686.55,12728.05,12623.15,12716.7,25410343.0,2257.48
2023-05-10,12755.1,12760.9,12646.2,12716.9,21690165.0,2057.03
2023-05-11,12659.25,12671.1,12464.85,12557.05,26226116.0,3157.4
2023-05-12,12564.35,12591.65,12435.25,12486.7,24910720.0,2452.26
2023-05-15,12485.05,12498.4,12391.3,12487.4,19657159.0,1676.34
2023-05-16,12512.15,12609.0,12435.45,12454.5,22406511.0,1755.62
2023-05-17,12459.55,12498.25,12341.2,12398.55,18738317.0,1433.73
2023-05-18,12451.25,12451.25,12220.95,12241.35,19362000.0,1704.58
2023-05-19,12223.35,12250.5,12101.15,12124.25,21213025.0,1813.07
2023-05-22,12063.5,12258.65,12040.65,12244.2,29234105.0,2701.39
2023-05-23,12253.15,12371.4,12246.6,12314.2,24398744.0,2386.81
2023-05-24,12335.05,12449.9,12325.8,12440.45,37671144.0,2009.79
2023-05-25,12441.0,12475.1,12403.2,12455.5,22063924.0,1606.77
2023-05-26,12447.55,12628.15,12414.4,12601.55,17410932.0,1487.02
2023-05-29,12634.75,12644.2,12487.0,12624.2,23144727.0,1832.92
2023-05-30,12632.25,12657.15,12561.6,12604.7,23023711.0,1817.86
2023-05-31,12616.7,12748.8,12602.5,12678.4,30324624.0,3697.57
2023-06-01,12708.7,12827.65,12690.6,12812.8,23279609.0,1837.6
2023-06-02,12823.45,12925.35,12776.35,12900.6,24471364.0,1824.6
2023-06-05,12958.5,12985.4,12888.75,12934.5,17723042.0,1563.79
2023-06-06,12945.6,13028.4,12891.65,13012.9,14349075.0,1237.7
2023-06-07,13047.2,13085.7,13019.05,13045.65,17226072.0,1344.86
2023-06-08,13068.35,13087.6,12888.6,12911.35,18916807.0,1538.64
2023-06-09,12917.8,12949.55,12849.85,12861.05,14514025.0,1291.76
2023-06-12,12850.45,12900.6,12796.05,12856.05,14580123.0,1192.62
2023-06-13,12898.2,13021.6,12879.75,12993.75,23721161.0,1842.24
2023-06-14,13031.8,13036.5,12942.0,12976.8,22054865.0,1793.93
2023-06-15,13004.3,13191.8,12999.7,13160.6,25143722.0,2263.77
2023-06-16,13219.9,13278.5,13203.4,13241.95,23166153.0,2054.03
2023-06-19,13272.9,13347.55,13254.85,13264.65,14774209.0,1414.55
2023-06-20,13302.55,13316.4,13206.0,13238.85,10269016.0,953.32
2023-06-21,13252.85,13307.8,13178.25,13247.7,17738945.0,1577.48
2023-06-22,13224.15,13258.9,13151.3,13166.85,23930418.0,2127.15
2023-06-23,13168.9,13230.35,13077.45,13186.3,22993287.0,2013.15
2023-06-26,13193.7,13406.0,13176.2,13388.6,27132202.0,2353.78
2023-06-27,13421.65,13449.65,13359.6,13426.9,23668386.0,2058.24
2023-06-28,13409.2,13651.65,13407.25,13622.75,29451972.0,3045.95
2023-06-30,13640.8,13805.05,13634.7,13767.5,38003392.0,2496.69
2023-07-03,13796.55,13811.7,13597.4,13614.0,19856830.0,1534.46
2023-07-04,13683.15,13713.95,13578.35,13675.45,17808846.0,1271.37
2023-07-05,13726.25,13788.65,13682.85,13772.0,16922011.0,1704.4
2023-07-06,13769.4,13904.65,13759.75,13871.6,21699522.0,1846.58
2023-07-07,13800.4,13917.55,13730.35,13769.0,33461786.0,2302.41
2023-07-10,13811.15,13821.0,13705.35,13751.8,20959660.0,1559.41
2023-07-11,13795.55,13915.5,13780.45,13895.4,16313079.0,1425.24
2023-07-12,13918.2,13970.3,13873.75,13936.7,22345546.0,1809.38
2023-07-13,13979.4,13980.05,13841.45,13876.55,16425180.0,1358.22
2023-07-14,13931.75,13961.2,13852.9,13945.65,17781631.0,1503.27
2023-07-17,13979.4,14076.9,13973.95,14053.7,18237681.0,1469.41
2023-07-18,14063.6,14076.45,13926.8,14017.15,14829431.0,1265.4
2023-07-19,14026.35,14150.8,14000.6,14092.6,19633267.0,1680.28
2023-07-20,14137.85,14329.7,14111.4,14299.05,24869763.0,2718.88
2023-07-21,14295.6,14363.9,14229.85,14274.0,16113279.0,1539.51
2023-07-24,14261.25,14405.15,14236.2,14332.05,21208079.0,1655.25
2023-07-25,14406.8,14425.35,14345.95,14383.25,14983068.0,1500.59
2023-07-26,14423.3,14505.45,14378.45,14478.35,14203456.0,1364.82
2023-07-27,14658.7,15105.65,14601.05,14919.95,63186998.0,6082.86
2023-07-28,14908.95,15046.7,14883.45,14962.55,33384976.0,2726.45
2023-07-31,14935.6,15017.35,14918.25,14992.15,27774257.0,2286.78
2023-08-01,15016.85,15110.95,14961.8,15001.3,18639153.0,1665.69
2023-08-02,14997.9,15012.2,14831.9,14943.4,21450023.0,1905.97
2023-08-03,14925.85,15253.2,14922.35,15099.2,40804236.0,3817.92
2023-08-04,15098.55,15302.25,15079.25,15241.0,33968002.0,3393.7
2023-08-07,15276.05,15498.1,15214.85,15479.25,30636373.0,2995.18
2023-08-08,15555.3,15640.25,15478.35,15578.5,41615195.0,3829.76
2023-08-09,15631.55,15733.15,15594.95,15696.85,47958728.0,5831.03
2023-08-10,15711.4,15750.5,15513.65,15580.7,34017690.0,2904.33
2023-08-11,15591.45,15598.6,15340.45,15355.5,39776469.0,2786.53
2023-08-14,15349.8,15365.4,15207.0,15305.4,26959029.0,2583.58
2023-08-16,15289.5,15416.0,15192.25,15398.8,20634676.0,2161.75
2023-08-17,15406.3,15445.35,15324.7,15358.45,17135011.0,1881.27
2023-08-18,15363.55,15450.6,15229.5,15271.5,18409081.0,1986.68
2023-08-21,15262.55,15375.25,15241.05,15333.35,13238831.0,1295.38
2023-08-22,15334.55,15378.2,15262.25,15302.6,15543624.0,1509.75
2023-08-23,15344.6,15359.25,15266.2,15282.5,15124692.0,1875.14
2023-08-24,15326.95,15374.9,15171.65,15193.15,13896685.0,1672.73
2023-08-25,15173.2,15182.7,15000.05,15025.2,13728668.0,1606.93
2023-08-28,15052.8,15196.35,15024.1,15161.8,14700504.0,1539.25
2023-08-29,15208.65,15256.55,15100.2,15121.1,14336466.0,1665.82
2023-08-30,15178.9,15239.4,15102.6,15125.5,14328153.0,1603.59
2023-08-31,15162.2,15184.9,15034.25,15095.9,23282417.0,2795.54
2023-09-01,15125.0,15151.2,14991.6,15011.8,16528924.0,2025.35
2023-09-04,15063.3,15093.85,15007.0,15052.6,15071951.0,1522.63
2023-09-05,15099.35,15267.15,15052.6,15218.25,22553442.0,2190.11
2023-09-06,15279.7,15426.0,15218.25,15355.3,22681753.0,2439.13
2023-09-07,15372.75,15405.4,15283.6,15306.15,17970255.0,1881.0
2023-09-08,15327.3,15345.45,15206.0,15250.55,13862445.0,1291.63
2023-09-11,15265.35,15351.95,15248.15,15309.95,20835736.0,1910.29
2023-09-12,15358.0,15536.1,15275.55,15328.65,30491594.0,2767.54
2023-09-13,15368.0,15466.35,15321.6,15448.95,32836524.0,2698.17
2023-09-14,15484.35,15530.1,15413.1,15489.3,19297019.0,1750.56
2023-09-15,15525.55,15601.05,15513.85,15583.55,26630106.0,2328.56
2023-09-18,15593.8,15667.45,15482.0,15503.45,15133291.0,1445.31
2023-09-20,15498.75,15514.25,15426.1,15460.2,17776643.0,1700.21
2023-09-21,15432.85,15525.45,15282.0,15306.7,19728201.0,1902.49
2023-09-22,15279.35,15312.65,14980.45,15069.1,26497159.0,2337.88
2023-09-25,15049.4,15130.35,14986.05,15017.4,14354792.0,1265.01
2023-09-26,15032.9,15078.6,14964.4,14981.65,12500808.0,1267.14
2023-09-27,15038.4,15185.5,15001.35,15159.8,22311257.0,2119.25
2023-09-28,15195.7,15217.65,14983.35,15023.15,25060475.0,2039.13
2023-09-29,15112.1,15513.65,15108.55,15422.75,34937145.0,3393.03
2023-10-03,15425.65,15441.05,15260.65,15281.3,17485918.0,1759.43
2023-10-04,15243.45,15260.7,14985.0,15067.15,18063691.0,1603.84
2023-10-05,15097.2,15132.75,14988.75,15021.4,12487175.0,1392.5
2023-10-06,15086.8,15161.65,15082.05,15128.45,13415779.0,1310.24
2023-10-09,15002.7,15186.6,14993.05,15103.85,13029281.0,1386.43
2023-10-10,15114.25,15142.05,15055.3,15106.7,11768926.0,1077.3
2023-10-11,15136.75,15257.85,15136.45,15176.6,14391419.0,1608.81
2023-10-12,15243.8,15269.65,15137.05,15186.2,15167883.0,1621.77
2023-10-13,15106.45,15244.95,15093.8,15235.05,13321834.0,1241.35
2023-10-16,15230.0,15249.95,15147.15,15164.75,12828780.0,1223.04
2023-10-17,15222.6,15293.2,15162.5,15211.95,12514659.0,1209.89
2023-10-18,15231.9,15394.15,15212.65,15331.3,33577224.0,2820.59
2023-10-19,15296.3,15310.85,15191.95,15273.4,16492414.0,1543.12
2023-10-20,15239.15,15243.45,15070.05,15107.15,20329729.0,1438.45
2023-10-23,15060.7,15218.0,14882.05,14911.65,33988641.0,2438.93
2023-10-25,14969.35,14990.6,14754.8,14800.15,19617613.0,1965.31
2023-10-26,14751.5,14761.2,14544.25,14648.55,20038615.0,1729.98
2023-10-27,14706.5,14818.95,14667.95,14738.5,12512393.0,1304.05
2023-10-30,14786.65,14827.65,14687.4,14775.6,15361868.0,1756.62
2023-10-31,14826.75,14871.25,14629.2,14683.65,16552436.0,1762.68
2023-11-01,14727.15,14785.95,14642.6,14735.25,16363459.0,1597.1
2023-11-02,14820.95,14894.9,14803.85,14834.45,17642691.0,1924.22
2023-11-03,14921.65,14960.05,14864.85,14882.35,13891100.0,1511.83
2023-11-06,14934.45,15088.8,14929.85,15072.3,16585095.0,2116.09
2023-11-07,15078.8,15295.8,15045.4,15271.75,20119504.0,2706.45
2023-11-08,15335.85,15561.85,15314.4,15497.25,27393719.0,2922.84
2023-11-09,15558.65,15574.95,15444.6,15491.85,22245921.0,2264.3
2023-11-10,15491.7,15529.1,15386.3,15516.5,19746889.0,1967.83
2023-11-12,15576.45,15599.75,15539.85,15562.65,4094864.0,245.29
2023-11-13,15533.9,15607.85,15430.4,15497.15,22648268.0,1692.8
2023-11-15,15596.1,15600.75,15472.55,15516.25,20100965.0,1924.65
2023-11-16,15535.45,15715.25,15518.6,15651.1,20645707.0,1931.38
2023-11-17,15671.7,15821.25,15658.7,15804.5,15952200.0,1623.14
2023-11-20,15809.45,15950.8,15782.95,15806.75,20352925.0,2351.11
2023-11-21,15849.95,15997.6,15814.65,15968.9,13957871.0,1575.37
2023-11-22,16008.9,16175.25,15987.1,16069.8,22038977.0,2504.93
2023-11-23,16092.45,16094.55,15792.0,15817.45,19340863.0,2253.85
2023-11-24,15884.7,16046.75,15880.9,15954.5,28670736.0,2967.28
2023-11-28,15980.8,16006.5,15884.35,15900.3,16707352.0,1714.54
2023-11-29,15952.5,16016.6,15903.75,15990.1,20373289.0,1914.24
2023-11-30,15973.2,16279.1,15971.75,16238.9,32805583.0,3556.38
2023-12-01,16298.95,16385.35,16222.85,16257.05,15665872.0,1633.49
2023-12-04,16372.05,16389.1,16183.05,16228.4,17995955.0,1933.73
2023-12-05,16248.2,16304.8,16174.15,16229.65,15020952.0,1693.47
2023-12-06,16297.4,16356.65,16106.95,16169.55,17480050.0,2073.19
2023-12-07,16163.3,16305.9,16137.5,16294.2,19038799.0,2221.01
2023-12-08,16311.05,16365.6,16079.3,16163.15,18025471.0,1755.55
2023-12-11,16077.9,16089.95,15909.55,16039.9,17800565.0,2560.87
2023-12-12,16109.8,16167.95,15914.3,15963.5,17426548.0,2141.88
2023-12-13,15986.85,16168.55,15938.75,16142.4,20396184.0,2118.88
2023-12-14,16202.3,16210.7,16089.75,16155.7,20964221.0,2129.86
2023-12-15,16250.9,16258.3,16150.5,16179.8,23257151.0,3114.22
2023-12-18,16196.4,16438.75,16161.6,16332.15,31498845.0,2859.93
2023-12-19,16407.8,16433.8,16228.3,16391.25,19402788.0,1738.19
2023-12-20,16461.75,16467.8,16086.0,16121.25,23821318.0,2298.03
2023-12-21,16048.4,16278.2,15868.15,16238.15,19771028.0,2089.6
2023-12-22,16312.5,16500.9,16281.45,16394.35,29445887.0,2735.12
2023-12-26,16418.6,16580.65,16385.7,16562.6,24416106.0,2276.26
2023-12-27,16609.0,16690.9,16530.45,16655.95,20504756.0,2248.73
2023-12-28,16698.1,16894.1,16617.35,16860.85,28726227.0,3380.94
2023-12-29,16878.95,16909.1,16769.5,16831.8,15391603.0,1728.19
2024-01-01,16859.5,16914.1,16819.0,16858.75,20454620.0,1528.05
2024-01-02,16903.95,17301.4,16878.5,17274.3,52400796.0,4944.46
2024-01-03,17311.85,17423.45,17241.05,17379.8,45015536.0,2967.43
2024-01-04,17426.5,17529.85,17326.75,17413.2,23777930.0,2490.09
2024-01-05,17483.5,17484.6,17241.1,17358.6,25736051.0,2234.29
2024-01-08,17435.8,17438.45,17162.0,17195.95,18527105.0,1686.18
2024-01-09,17319.25,17414.8,17240.35,17346.3,13718842.0,1606.9
2024-01-10,17401.05,17476.0,17271.65,17401.9,18500852.0,2261.43
2024-01-11,17449.4,17470.75,17331.15,17380.55,14500294.0,1920.35
2024-01-12,17427.0,17430.15,17271.4,17347.45,16536635.0,1741.42
2024-01-15,17423.25,17603.85,17334.15,17520.45,22313070.0,2182.4
2024-01-16,17526.95,17531.85,17235.7,17320.15,25981997.0,1991.24
2024-01-17,17285.35,17319.7,17130.45,17154.0,21665785.0,2215.45
2024-01-18,17128.35,17382.35,16818.7,17331.25,22609462.0,2426.69
2024-01-19,17416.45,17460.55,17308.1,17388.0,16428428.0,1737.77
2024-01-20,17454.3,17481.65,17212.75,17233.8,7454033.0,689.64
2024-01-23,17361.95,17689.95,17347.35,17520.3,32186640.0,3544.48
2024-01-24,17557.05,17796.0,17431.6,17763.7,24343121.0,2777.9
2024-01-25,17721.05,17738.9,17438.9,17532.55,40101532.0,3024.89
2024-01-29,17511.35,17676.9,17432.45,17623.6,20436678.0,2389.65
2024-01-30,17674.0,17750.5,17452.7,17470.15,15607826.0,1917.79
2024-01-31,17463.3,18003.15,17451.25,17938.65,29613792.0,4080.72
2024-02-01,18004.6,18053.1,17734.75,17839.2,30756629.0,3488.85
2024-02-02,17885.35,18084.7,17884.7,17972.1,19858444.0,2419.24
2024-02-05,18034.2,18379.8,17979.55,18292.95,35021232.0,3691.86
2024-02-06,18301.3,18533.7,18286.9,18488.05,43955705.0,3560.84
2024-02-07,18597.85,18640.8,18440.65,18564.85,32258499.0,3184.93
2024-02-08,18716.75,18729.65,18493.55,18520.3,25845882.0,3302.73
2024-02-09,18569.15,18666.2,18391.2,18617.1,38487243.0,3644.41
2024-02-12,18685.65,18850.3,18605.2,18669.55,34564587.0,4122.06
2024-02-13,18705.15,18780.05,18619.35,18753.95,23249726.0,2876.47
2024-02-14,18714.45,18715.7,18398.3,18584.35,25481697.0,2792.23
2024-02-15,18627.7,18694.25,18516.25,18567.7,24878336.0,2734.42
2024-02-16,18648.5,18958.85,18621.0,18870.8,58210422.0,5415.29
2024-02-19,18938.7,19079.3,18897.2,19037.7,49978047.0,3127.07
2024-02-20,19059.55,19076.8,18802.2,18993.0,30848886.0,2744.81
2024-02-21,19015.75,19061.35,18830.1,18916.45,19920678.0,2007.08
2024-02-22,18999.85,19002.85,18755.65,18969.45,16426959.0,1950.54
2024-02-23,18984.95,19134.8,18957.75,19048.4,17348225.0,1843.66
2024-02-26,19065.05,19119.3,18797.25,18956.45,21964403.0,3296.14
2024-02-27,18946.45,19075.85,18897.45,19064.2,21569506.0,2164.38
2024-02-28,19094.4,19112.05,18874.55,18942.55,18650672.0,1743.37
2024-02-29,18930.65,19056.45,18761.25,19003.15,30622163.0,4079.15
2024-03-01,19058.0,19060.45,18796.9,18822.3,22106710.0,2661.08
2024-03-04,18933.9,19158.7,18933.7,18960.2,35839834.0,3008.64
2024-03-05,18965.25,19033.0,18833.85,19018.5,17565926.0,1786.41
2024-03-06,19022.9,19172.35,18811.3,19140.0,22859899.0,2429.34
2024-03-07,19158.15,19277.7,19123.1,19194.1,22676946.0,2240.87
2024-03-11,19313.2,19397.25,19173.8,19202.05,21482855.0,2579.69
2024-03-12,19219.3,19322.55,18910.65,18958.7,17064591.0,1865.49
2024-03-13,18961.2,19022.2,18495.0,18635.7,25027543.0,2511.48
2024-03-14,18632.05,18919.6,18517.6,18897.1,21832321.0,2513.0
2024-03-15,18876.8,18916.2,18588.85,18718.45,25159497.0,2619.43
2024-03-18,18713.4,18851.7,18637.35,18814.35,16468513.0,1777.16
2024-03-19,18820.85,18833.35,18370.3,18405.65,17045282.0,2111.36
2024-03-20,18463.1,18497.65,18189.95,18361.4,19088828.0,2196.55
2024-03-21,18494.0,18611.55,18366.85,18582.6,18543679.0,2045.74
2024-03-22,18594.75,18881.25,18583.75,18815.6,21427168.0,2429.73
2024-03-26,18690.1,18890.3,18684.8,18809.45,23818040.0,2459.47
2024-03-27,18880.95,18913.15,18729.75,18768.4,21349521.0,2219.21
2024-03-28,18824.2,19082.05,18773.95,18996.15,27270481.0,3609.99
2024-04-01,19147.5,19234.2,19091.55,19207.9,15683638.0,1934.72
2024-04-02,19235.15,19237.75,19124.55,19185.15,14635872.0,1808.92
2024-04-03,19172.7,19272.65,19058.4,19153.05,25736421.0,2616.98
2024-04-04,19220.7,19222.0,18952.65,19125.2,19275964.0,2590.81
2024-04-05,19084.2,19395.55,19076.6,19160.75,19821042.0,2652.22
2024-04-08,19246.5,19288.45,19138.2,19218.85,21521776.0,2365.91
2024-04-09,19275.85,19286.0,19138.2,19182.3,31028591.0,4356.48
2024-04-10,19210.2,19225.4,19070.25,19117.0,32900516.0,2934.76
2024-04-12,19068.2,19113.55,18765.8,18788.65,32400478.0,3698.25
2024-04-15,18613.75,18685.4,18545.55,18617.65,22073466.0,2388.53
2024-04-16,18571.9,18726.75,18525.8,18695.6,18287460.0,2071.93
2024-04-18,18790.4,18815.6,18479.2,18525.75,28575610.0,3325.84
2024-04-19,18413.5,18470.45,18298.25,18404.6,18901713.0,2187.9
2024-04-22,18512.45,18691.65,18500.1,18643.0,20366152.0,2060.12
2024-04-23,18781.75,18788.6,18444.9,18463.75,29261430.0,3194.66
2024-04-24,18508.9,18643.15,18490.5,18586.2,44326150.0,3554.88
2024-04-25,18631.85,18907.45,18605.1,18878.15,27269535.0,3216.19
2024-04-26,18937.55,19056.7,18891.5,18994.65,64395175.0,3642.86
2024-04-29,19096.7,19153.2,18998.05,19096.9,30387905.0,2491.91
2024-04-30,19168.8,19222.3,18938.85,18970.6,20955688.0,2263.05
2024-05-02,18991.55,19182.4,18990.45,19124.45,29279494.0,2815.76
2024-05-03,19203.85,19267.15,19057.3,19133.4,22946191.0,2575.64
2024-05-06,19193.9,19228.3,18969.5,19203.3,18285044.0,2270.87
2024-05-07,19264.95,19270.0,18703.85,18846.3,25453679.0,2738.17
2024-05-08,18739.95,18885.55,18613.45,18850.85,22698635.0,2587.85
2024-05-09,18870.15,18920.3,18406.65,18437.05,21623735.0,2179.11
2024-05-10,18469.6,18699.85,18449.7,18609.45,23062013.0,2358.42
2024-05-13,18680.1,18971.75,18638.6,18939.0,27623699.0,3326.23
2024-05-14,18956.75,18978.75,18795.15,18860.85,20324305.0,2264.02
2024-05-15,18952.0,19032.85,18857.55,18886.55,37039207.0,3169.96
2024-05-16,18961.4,19024.35,18727.25,18996.15,26942401.0,3443.85
2024-05-17,19028.5,19039.65,18933.55,18981.6,27533993.0,2822.97
2024-05-18,19057.45,19155.4,19054.5,19108.0,2496298.0,207.61
2024-05-21,19080.5,19280.55,19021.55,19205.2,24380988.0,3085.23
2024-05-22,19305.9,19422.2,19051.55,19317.4,29246925.0,3641.44
2024-05-23,19285.45,19285.45,18994.3,19216.35,41527087.0,5195.84
2024-05-24,19252.15,19256.85,19094.35,19119.5,52040694.0,3947.36
2024-05-27,19258.15,19313.4,19070.05,19111.95,41904535.0,5516.01
2024-05-28,19171.3,19341.8,19131.2,19215.75,34224644.0,4399.97
2024-05-29,19208.5,19415.0,19150.2,19321.35,25221431.0,3379.82
2024-05-30,19274.35,19287.75,18910.8,18971.0,27119775.0,3693.1
2024-05-31,19015.5,19067.15,18732.35,18796.3,48740806.0,7849.74
2024-06-03,19206.9,19213.0,18831.05,18864.15,24355853.0,2908.35
2024-06-04,18942.4,18977.8,17904.75,18603.15,43810941.0,4315.43
2024-06-05,18789.75,19354.8,18655.9,19281.25,31637560.0,3638.35
2024-06-06,19365.55,19365.6,19056.75,19232.1,40199445.0,3475.8
2024-06-07,19297.95,19596.7,19270.1,19578.0,35878807.0,3715.14
2024-06-10,19696.55,19809.9,19629.85,19774.7,26328293.0,3408.79
2024-06-11,19853.65,19868.45,19666.15,19689.7,22222915.0,2535.9
2024-06-12,19763.15,19794.05,19658.05,19739.1,16038945.0,1964.21
2024-06-13,19842.55,19878.25,19706.55,19838.5,15582684.0,2499.74
2024-06-14,19860.25,19918.65,19821.4,19895.65,17238165.0,2077.33
2024-06-18,19907.5,19927.9,19710.9,19826.65,26093537.0,3333.48
2024-06-19,19894.65,19904.5,19618.25,19644.5,21648813.0,2681.53
2024-06-20,19594.75,19606.85,19477.7,19544.55,21838787.0,2518.9
2024-06-21,19593.75,19757.75,19491.5,19528.4,34671904.0,3564.86
2024-06-24,19511.85,19627.15,19442.45,19521.15,23369134.0,2727.86
2024-06-25,19579.9,19630.6,19455.85,19532.3,15140389.0,2109.13
2024-06-26,19528.85,19601.4,19433.35,19545.35,26775476.0,2801.27
2024-06-27,19549.05,19631.15,19414.9,19514.8,32816996.0,5512.29
2024-06-28,19557.65,19797.9,19555.65,19731.55,23365972.0,3183.02
2024-07-01,19794.85,19823.35,19660.95,19758.25,24633851.0,2780.55
2024-07-02,19776.7,19818.75,19697.35,19786.4,20220608.0,2220.95
2024-07-03,19813.55,19965.8,19707.9,19915.3,24458874.0,2755.16
2024-07-04,19955.7,20238.6,19872.95,20192.6,33820156.0,3933.38
2024-07-05,20237.5,20516.1,20230.1,20453.85,41392741.0,4264.82
2024-07-08,20493.2,20575.35,20283.0,20325.8,21632374.0,2597.79
2024-07-09,20396.7,20670.85,20308.0,20645.8,20688352.0,3107.89
2024-07-10,20731.2,20743.1,20351.35,20725.95,20224166.0,2852.52
2024-07-11,20781.8,20804.25,20525.5,20601.7,18049072.0,2546.54
2024-07-12,20631.1,20653.35,20501.15,20612.65,16294554.0,2427.67
2024-07-15,20705.8,20960.3,20675.2,20844.55,22877185.0,3577.76
2024-07-16,20869.95,20913.5,20729.85,20765.45,14584799.0,2157.37
2024-07-18,20737.0,20805.25,20563.7,20768.35,19400996.0,2637.82
2024-07-19,20706.15,20722.2,20398.45,20425.4,15806460.0,1862.58
2024-07-22,20319.7,20716.45,20275.25,20641.55,15762180.0,2166.55
2024-07-23,20644.85,20788.4,20329.45,20755.35,20708576.0,2729.4
2024-07-24,20790.55,20962.55,20670.25,20908.5,23302300.0,3131.39
2024-07-25,20817.45,21139.3,20739.15,21105.5,30322479.0,3218.86
2024-07-26,21184.6,21703.3,21159.0,21603.1,37680951.0,4826.5
2024-07-29,21701.55,21745.25,21474.75,21674.95,25966670.0,4162.37
2024-07-30,21667.4,21754.95,21516.5,21540.8,19478291.0,2700.19
2024-07-31,21566.65,21824.7,21566.65,21777.15,32594574.0,4203.64
2024-08-01,21840.15,21875.15,21694.9,21790.35,26436489.0,3848.38
2024-08-02,21620.4,22005.1,21528.65,21902.85,23537250.0,3419.47
2024-08-05,21526.8,21878.8,21501.8,21583.05,29592435.0,4330.4
2024-08-06,21669.65,21877.0,21537.45,21562.55,20225397.0,2886.91
2024-08-07,21755.65,22050.3,21682.75,22036.95,30450917.0,4525.57
2024-08-08,22065.65,22301.05,22033.7,22114.25,29533070.0,4928.22
2024-08-09,22239.7,22299.45,22155.25,22209.55,31725860.0,4045.6
2024-08-12,22209.05,22262.5,22109.2,22205.6,27752942.0,4017.31
2024-08-13,22303.8,22326.55,22152.55,22191.6,28333757.0,4165.41
2024-08-14,22276.85,22276.85,21945.9,22012.7,23797680.0,3511.35
2024-08-16,22127.6,22152.9,21933.7,22106.5,28790755.0,4419.85
2024-08-19,22200.9,22292.5,22124.7,22237.85,17000581.0,2440.23
2024-08-20,22313.95,22385.0,22179.75,22374.25,18579462.0,2515.27
2024-08-21,22420.9,22588.65,22349.75,22577.9,20684477.0,3334.9
2024-08-22,22660.3,22661.0,22501.95,22546.1,19003030.0,3080.7
2024-08-23,22565.6,22608.1,22450.85,22527.85,15638312.0,2612.23
2024-08-26,22520.65,22607.35,22437.15,22554.95,19215630.0,2676.9
2024-08-27,22597.8,22758.5,22547.5,22729.0,20379542.0,3409.33
2024-08-28,22815.7,23090.75,22710.55,22989.1,31534358.0,4162.89
2024-08-29,22969.0,23111.5,22774.25,22878.05,25275411.0,3478.87
2024-08-30,22918.7,23275.5,22915.3,23217.6,60547146.0,8633.24
2024-09-02,23343.05,23384.85,22957.5,22987.45,19554592.0,2599.68
2024-09-03,23035.1,23219.35,22986.3,23014.3,18221554.0,2912.07
2024-09-04,22942.9,23214.5,22902.3,23184.4,30193963.0,3546.94
2024-09-05,23216.9,23404.85,23116.9,23156.7,42005890.0,4081.72
2024-09-06,23154.7,23233.15,22988.9,23043.4,21128194.0,2658.37
2024-09-09,23019.0,23100.85,22884.55,23009.4,25519933.0,2966.13
2024-09-10,23126.3,23297.5,23109.75,23256.85,33430673.0,4195.79
2024-09-11,23293.15,23463.1,23175.75,23220.4,27832371.0,3223.57
2024-09-12,23358.75,23488.7,23239.5,23429.6,66304539.0,6450.12
2024-09-13,23466.25,23521.15,23365.05,23457.65,41737222.0,3733.08
2024-09-16,23560.55,23573.85,23414.9,23448.75,20935338.0,2140.34
2024-09-17,23472.95,23504.5,23367.55,23383.65,21509195.0,2311.7
2024-09-18,23411.65,23414.15,22914.75,23025.2,21157793.0,2433.73
2024-09-19,23108.65,23160.1,22802.6,22930.15,25530994.0,3481.72
2024-09-20,23014.4,23062.4,22857.05,23005.25,30086344.0,4834.47
2024-09-23,23134.35,23292.05,23035.6,23134.25,24857710.0,3444.12
2024-09-24,23103.3,23240.6,23094.8,23188.4,22614320.0,3212.93
2024-09-25,23241.9,23278.9,23087.7,23249.0,20101486.0,2988.05
2024-09-26,23275.4,23287.25,23022.15,23250.9,28665880.0,3726.12
2024-09-27,23268.55,23557.45,23257.35,23519.1,43713739.0,8220.58
2024-09-30,23497.75,23578.5,23250.4,23281.2,22479801.0,3452.56
2024-10-01,23294.25,23328.65,23084.05,23296.55,20875346.0,2828.81
2024-10-03,23168.3,23356.0,23090.25,23178.75,29684169.0,3759.83
2024-10-04,23140.0,23442.0,22983.5,23094.7,26995388.0,3599.89
2024-10-07,23145.2,23215.45,22852.7,22977.8,23222004.0,3217.92
2024-10-08,22925.7,23345.55,22896.05,23307.95,16330794.0,2510.25
2024-10-09,23319.45,23907.9,23314.2,23783.8,21326107.0,4515.02
2024-10-10,23834.0,23885.95,23254.6,23305.15,22404513.0,3420.08
2024-10-11,23378.05,23592.9,23261.15,23582.25,21021806.0,3121.08
2024-10-14,23624.1,23713.95,23475.85,23680.0,15731679.0,2449.93
2024-10-15,23727.05,23808.85,23495.55,23555.7,16143333.0,2928.81
2024-10-16,23561.7,23591.8,23331.55,23467.35,18864140.0,2912.75
2024-10-17,23569.2,23577.95,23200.55,23254.0,12398857.0,1982.19
2024-10-18,23249.25,23426.55,23075.5,23356.2,16426028.0,2205.8
2024-10-21,23412.7,23486.95,23074.55,23122.7,13240533.0,2051.83
2024-10-22,23126.25,23206.45,22790.85,22828.2,15953893.0,2318.89
2024-10-23,22764.45,22896.15,22437.95,22471.6,16707077.0,2308.47
2024-10-24,22493.15,22651.9,22464.1,22570.8,13218517.0,2132.53
2024-10-25,22606.2,22752.2,22463.0,22574.55,34313299.0,3385.86
2024-10-28,22604.05,22948.7,22430.45,22857.25,19497409.0,2586.81
2024-10-29,22978.65,23003.95,22360.5,22601.4,22346817.0,2788.95
2024-10-30,22512.8,22569.0,22216.95,22374.95,28770605.0,3995.86
2024-10-31,22639.8,22781.1,22550.5,22735.55,45931880.0,5625.97
2024-11-01,22886.45,22894.55,22724.3,22807.15,3063084.0,350.89
2024-11-04,22817.0,22817.0,22421.25,22638.3,24876573.0,3652.11
2024-11-05,22613.85,22788.15,22381.6,22661.25,24723184.0,3674.61
2024-11-06,22781.15,22979.35,22687.6,22920.35,31576146.0,4043.41
2024-11-07,23028.5,23032.55,22478.2,22526.95,25837998.0,3327.8
2024-11-08,22603.45,22673.35,22428.8,22542.25,24374629.0,3204.51
2024-11-11,22671.05,22678.55,22285.95,22344.25,38076927.0,3691.04
2024-11-12,22317.6,22537.85,22094.2,22151.6,25734879.0,3347.67
2024-11-13,22089.3,22120.65,21757.2,21809.3,20036900.0,2628.82
2024-11-14,21802.65,22012.0,21693.9,21752.0,17236614.0,2190.52
2024-11-18,21802.65,21851.4,21475.95,21544.15,19208641.0,2574.48
2024-11-19,21505.35,21990.05,21495.75,21768.85,14903667.0,2065.15
2024-11-21,21672.05,21857.85,21552.9,21740.1,13684857.0,2110.33
2024-11-22,21769.35,22024.3,21721.55,21962.05,13496693.0,1581.09
2024-11-25,22163.85,22275.7,22064.9,22177.05,33792371.0,7100.36
2024-11-26,22231.75,22250.55,21924.85,21961.75,20378770.0,2045.4
2024-11-27,21970.0,22037.7,21751.9,21828.6,24092873.0,2366.98
2024-11-28,21855.8,21884.5,21649.5,21728.6,25067860.0,3077.28
2024-11-29,21817.65,22297.55,21796.3,22240.2,24565703.0,3541.56
2024-12-02,22323.95,22517.55,22269.4,22450.2,32213907.0,3706.04
2024-12-03,22600.0,22603.9,22399.55,22445.7,37466505.0,3922.39
2024-12-04,22497.85,22526.8,22292.1,22422.9,27212526.0,3338.28
2024-12-05,22485.65,22528.3,22145.05,22463.4,28043021.0,3982.91
2024-12-06,22548.55,22562.95,22398.05,22434.75,20141585.0,2804.93
2024-12-09,22434.5,22463.25,22266.3,22309.1,25657954.0,3030.43
2024-12-10,22392.4,22419.2,22179.4,22291.45,18847510.0,2730.01
2024-12-11,22352.0,22397.15,22267.1,22302.6,14659435.0,2085.57
2024-12-12,22402.3,22420.55,22187.75,22229.3,16683178.0,2347.5
2024-12-13,22184.4,22222.5,21798.0,22157.35,20793519.0,2612.42
2024-12-16,22212.2,22289.35,22067.1,22255.55,14374191.0,1976.2
2024-12-17,22307.4,22350.5,22015.75,22074.55,18288931.0,2641.65
2024-12-18,22105.85,22431.1,22099.85,22314.55,25838305.0,3782.35
2024-12-19,22209.35,22726.9,22163.6,22697.9,29682483.0,4495.26
2024-12-20,22708.45,22791.0,22452.45,22501.85,28073744.0,3844.66
2024-12-23,22603.8,22705.45,22363.55,22572.05,15744340.0,2391.88
2024-12-24,22603.1,22669.3,22470.4,22558.9,20214089.0,2167.35
2024-12-26,22571.4,22745.35,22451.2,22712.55,16984922.0,2001.72
2024-12-27,22756.3,23066.1,22691.05,23008.35,21018323.0,2846.72
2024-12-30,23037.2,23313.2,22980.8,23241.15,38732713.0,5973.09
2024-12-31,23191.35,23511.95,23152.05,23412.25,21380127.0,3440.89
2025-01-01,23441.8,23509.65,23321.65,23459.75,14507307.0,1946.96
2025-01-02,23494.65,23566.75,23308.95,23553.4,17930836.0,2552.45
2025-01-03,23569.95,23604.45,23208.85,23263.5,15237502.0,2310.14
2025-01-06,23283.95,23301.85,22912.3,23073.05,15764743.0,2189.8
2025-01-07,23116.8,23413.2,23116.8,23228.55,36434314.0,3347.51
2025-01-08,23338.7,23418.2,22897.5,23011.1,17390763.0,2366.43
2025-01-09,23043.15,23085.3,22836.2,22868.1,15886753.0,2035.67
2025-01-10,22826.65,22918.85,22336.8,22380.85,17004841.0,2210.65
2025-01-13,22256.95,22277.8,21848.55,21903.35,41642121.0,3680.51
2025-01-14,21970.75,22250.0,21910.05,22203.9,29917481.0,2553.0
2025-01-15,22281.85,22288.55,21834.0,21972.7,20173180.0,2239.69
2025-01-16,22083.55,22085.7,21810.3,21909.75,22794626.0,2505.5
2025-01-17,21950.3,22124.4,21836.95,22061.7,14997260.0,1584.1
2025-01-20,22099.8,22213.9,21863.45,22182.4,18161071.0,1833.6
2025-01-21,22195.75,22395.8,21862.65,21882.9,14485162.0,1828.7
2025-01-22,21962.95,22055.05,21829.45,22034.95,13897011.0,1917.8
2025-01-23,21980.3,22373.95,21959.95,22343.3,14838176.0,2035.7
2025-01-24,22199.55,22249.75,21775.9,21872.4,29670118.0,3509.1
2025-01-27,21786.0,21807.15,21225.65,21292.3,41383613.0,3828.12
2025-01-28,21266.8,21272.55,20673.8,20796.6,37111516.0,4476.48
2025-01-29,20816.0,21220.35,20783.95,21163.9,23491076.0,2618.51
2025-01-30,21245.6,21485.3,21198.5,21419.65,37536200.0,3391.91
2025-01-31,21413.1,21641.2,21304.85,21438.6,25033341.0,2968.64
2025-02-01,21443.25,21670.45,21234.2,21334.8,11355516.0,1298.84
2025-02-03,21370.2,21397.8,21060.7,21361.6,14956466.0,2558.81
2025-02-04,21486.85,21761.85,21459.65,21733.95,21478639.0,3356.34
2025-02-05,21807.65,21929.9,21604.55,21868.5,28283143.0,3288.63
2025-02-06,21942.35,22170.85,21910.35,22009.05,31651181.0,4053.25
2025-02-07,22049.45,22143.8,21891.55,22077.0,16351875.0,2339.18
2025-02-10,22028.85,22082.0,21608.6,21665.65,12622409.0,2021.08
2025-02-11,21680.9,21704.95,21123.65,21249.5,16509011.0,2514.18
2025-02-12,21287.95,21306.5,20931.15,21142.05,20180071.0,2605.84
2025-02-13,21165.45,21611.2,21165.45,21427.1,34325431.0,4571.22
2025-02-14,21466.8,21499.7,20673.1,20811.55,35511143.0,4092.27
2025-02-17,20755.55,21157.9,20652.95,21076.0,20315917.0,2488.66
2025-02-18,21060.55,21142.05,20835.55,20969.2,17862264.0,2075.24
2025-02-19,20590.6,20930.15,20299.95,20820.0,25280274.0,3082.21
2025-02-20,20746.3,20841.15,20682.1,20785.75,17502310.0,2076.29
2025-02-21,20824.7,20869.1,20303.35,20385.65,28766986.0,3497.18
2025-02-24,20256.6,20550.6,20222.15,20389.7,20893703.0,2467.75
2025-02-25,20393.35,20500.85,20203.4,20249.15,25558885.0,3010.36
2025-02-27,20292.8,20336.9,20051.65,20201.25,21215231.0,2606.72
2025-02-28,20223.9,20223.9,19755.8,19813.5,37023014.0,5038.28
2025-03-03,19764.25,19908.95,19633.95,19879.8,18487788.0,2120.84
2025-03-04,19795.2,19884.9,19635.15,19820.65,16193623.0,1770.11
2025-03-05,19761.6,20149.65,19713.1,20126.8,24003833.0,2492.02
2025-03-06,20293.6,20457.0,20200.45,20423.35,19934663.0,2237.67
2025-03-07,20458.6,20509.7,20327.75,20378.3,13936758.0,1593.29
2025-03-10,20429.95,20591.3,20198.3,20256.55,14297217.0,1748.04
2025-03-11,20150.25,20444.45,20101.45,20332.1,16926273.0,2029.31
2025-03-12,20357.0,20443.35,20178.3,20424.0,16809238.0,2158.94
2025-03-13,20458.5,20499.5,20305.15,20386.85,10523318.0,1426.56
2025-03-17,20442.0,20775.55,20404.55,20703.95,15939188.0,1952.43
2025-03-18,20807.8,21077.3,20712.25,21041.3,14698776.0,2061.41
2025-03-19,21133.25,21172.2,20915.3,21145.65,15593353.0,1983.79
2025-03-20,21242.85,21364.95,21112.0,21340.6,11571350.0,1569.6
2025-03-21,21417.5,21680.8,21358.0,21625.9,26136093.0,4169.74
2025-03-24,21734.85,21807.8,21607.65,21771.15,13361541.0,1804.79
2025-03-25,21840.4,21869.0,21427.8,21542.5,15394524.0,2061.11
2025-03-26,21568.95,21594.45,21299.9,21360.6,15007649.0,1977.27
2025-03-27,21247.1,21305.05,21042.85,21275.15,35173908.0,5117.02
2025-03-28,21277.3,21313.35,20999.95,21137.45,16678270.0,2191.33
2025-04-01,21085.5,21218.45,20704.7,20771.8,19614920.0,2744.87
2025-04-02,20771.05,20983.9,20615.35,20952.85,14812440.0,2103.73
2025-04-03,21571.85,21996.6,21372.4,21423.55,47527581.0,6235.57
2025-04-04,21430.95,21431.2,20089.45,20560.0,45409086.0,5429.22
2025-04-07,19122.7,20150.0,19121.1,19995.5,29810783.0,4058.5
2025-04-08,20103.0,20471.3,20077.9,20377.9,20693048.0,2433.61
2025-04-09,20019.9,20137.9,19839.6,19976.3,26731526.0,3152.83
2025-04-11,20608.35,20684.75,20379.25,20461.9,26198970.0,3208.31
2025-04-15,20823.2,20957.25,20665.25,20912.2,19456603.0,2547.44
2025-04-16,20844.3,20972.1,20768.2,20874.3,24893611.0,2957.56
2025-04-17,20886.7,21166.7,20862.8,21126.75,19637979.0,2600.13
2025-04-21,21308.9,21380.4,21078.05,21351.05,16796235.0,2295.84
2025-04-22,21378.8,21501.85,21202.3,21438.05,15147198.0,2108.05
2025-04-23,21537.7,21759.55,21422.65,21738.95,20324027.0,2667.81
2025-04-24,21769.15,22058.2,21679.4,21974.6,47684178.0,5961.99
2025-04-25,22008.5,22116.25,21323.2,21482.55,25920221.0,2999.59
2025-04-28,21466.1,21961.9,21465.5,21908.1,17923460.0,2427.88
2025-04-29,21948.1,21980.85,21567.2,21676.65,17091172.0,2423.68
2025-04-30,21708.85,21970.0,21668.15,21772.45,22186030.0,3096.43
2025-05-02,21729.9,21863.0,21495.05,21627.45,16217529.0,2512.41
2025-05-05,21699.1,21802.05,21627.0,21775.75,16174644.0,1816.93
2025-05-06,21672.85,21700.3,21359.3,21534.35,20851624.0,2223.58
2025-05-07,21320.8,21556.1,21313.4,21462.45,18076669.0,2047.5
2025-05-08,21464.75,21517.95,21013.0,21115.05,19426386.0,2486.48
2025-05-09,20855.05,21107.3,20825.25,21071.75,17796347.0,1898.52
2025-05-12,20949.7,21156.75,20576.05,21102.7,36952478.0,4472.01
2025-05-13,21226.3,21589.1,21225.8,21359.75,30294693.0,4086.37
2025-05-14,21362.2,21508.4,21176.75,21480.5,19067620.0,2443.24
2025-05-15,21489.2,21671.35,21327.95,21650.65,21721264.0,3030.94
2025-05-16,21717.0,21717.0,21504.5,21633.2,15463769.0,2320.17
2025-05-19,21723.85,22026.65,21662.5,21740.45,18573501.0,3801.41
2025-05-20,21819.65,21857.65,21427.75,21456.15,20475577.0,2986.52
2025-05-21,21489.2,21947.5,21461.2,21723.65,22963271.0,3349.97
2025-05-22,21703.35,21741.7,21431.45,21521.75,18723761.0,2635.49
2025-05-23,21389.35,21452.1,21172.85,21434.25,17094803.0,2514.98
2025-05-26,21541.65,21650.45,21443.3,21501.8,14424777.0,2698.7
2025-05-27,21520.35,21590.8,21444.2,21524.95,14999715.0,1970.45
2025-05-28,21562.6,21574.55,21356.35,21393.3,16558334.0,2154.23
2025-05-29,21489.9,21610.7,21419.35,21589.35,19682661.0,2667.31
2025-05-30,21570.8,21641.55,21390.1,21442.05,28331923.0,4502.05
2025-06-02,21445.5,21465.55,21261.0,21394.1,12384770.0,1867.98
2025-06-03,21514.55,21514.55,21303.85,21354.2,18046954.0,2494.29
2025-06-04,21338.7,21461.35,21311.7,21371.7,14924203.0,2394.61
2025-06-05,21407.3,21694.05,21405.9,21644.2,23586520.0,2912.12
2025-06-06,21686.85,21707.7,21557.0,21684.4,14540147.0,2182.45
2025-06-09,21751.1,21840.95,21694.8,21826.8,17039844.0,2011.74
2025-06-10,21886.4,21976.9,21802.2,21948.0,20963465.0,2506.69
2025-06-11,22016.4,22090.85,21962.3,22057.15,25899639.0,3015.78
2025-06-12,22124.8,22354.75,21968.75,22036.15,26470500.0,3706.13
2025-06-13,21778.35,22008.9,21742.05,21985.15,22003073.0,2533.94
2025-06-16,21899.35,22058.6,21840.35,22039.45,18830097.0,2300.82
2025-06-17,22029.15,22057.15,21516.95,21622.8,32497876.0,3539.91
2025-06-18,21587.15,21724.1,21534.75,21588.4,21143037.0,2230.68
2025-06-19,21583.85,21619.3,21394.85,21441.85,20596171.0,1988.75
2025-06-20,21443.65,21642.65,21424.75,21613.0,23491604.0,3424.58
2025-06-23,21531.3,21672.7,21460.75,21626.2,15314141.0,1905.04
2025-06-24,21728.2,21864.35,21655.75,21672.1,23910537.0,2269.17
2025-06-25,21749.8,21832.4,21708.45,21804.8,25027497.0,2221.71
2025-06-26,21835.9,21860.8,21665.35,21808.2,29231388.0,3103.77
2025-06-27,21850.85,22001.0,21823.6,21928.6,30629383.0,4626.95
2025-06-30,22036.25,22079.1,21934.2,22038.7,25134840.0,3758.79
2025-07-01,22097.9,22124.05,21856.2,22041.25,27302768.0,3765.29
2025-07-02,22030.4,22176.1,21996.5,22110.8,26349768.0,3206.01
2025-07-03,22155.75,22238.35,22103.95,22204.25,26139738.0,3202.74
2025-07-04,22261.15,22409.9,22196.65,22384.6,24875568.0,2938.94
2025-07-07,22401.55,22418.2,22262.4,22365.05,14104404.0,1758.97
2025-07-08,22383.4,22400.15,21987.65,22165.9,20864758.0,3126.11
2025-07-09,22109.75,22267.2,22073.15,22208.5,24606308.0,3342.5
2025-07-10,22175.95,22198.75,21973.75,22076.8,20160618.0,3115.64
2025-07-11,22172.9,22346.8,22124.85,22225.9,33476694.0,6127.85
2025-07-14,22166.5,22502.3,22118.65,22410.35,28457906.0,4294.43
2025-07-15,22513.5,22688.65,22373.85,22665.7,25135175.0,3175.35
2025-07-16,22678.6,22694.85,22562.25,22593.9,35734829.0,3670.88
2025-07-17,22647.6,22794.2,22625.85,22680.35,23448836.0,3328.18
2025-07-18,22713.55,22720.3,22511.65,22592.75,17586477.0,2148.86
2025-07-21,22567.95,22615.15,22439.15,22531.85,15446323.0,2281.67
2025-07-22,22529.1,22570.4,22275.5,22307.2,17771227.0,2612.68
2025-07-23,22326.05,22436.05,22297.4,22417.45,16009779.0,2189.61
2025-07-24,22457.2,22618.7,22455.1,22541.05,22164450.0,2869.48
2025-07-25,22525.55,22715.95,22440.05,22662.7,23216423.0,3198.37
2025-07-28,22690.5,22908.4,22662.8,22761.15,36317588.0,4210.28
2025-07-29,22741.5,23115.05,22732.6,23072.45,25406931.0,3386.64
2025-07-30,23102.05,23162.45,22996.55,23073.9,23852641.0,2869.27
2025-07-31,22772.9,22993.85,22701.85,22771.05,26187326.0,3522.79
2025-08-01,22696.25,22705.95,21972.65,22011.7,29278034.0,4308.81
2025-08-04,22038.5,22206.8,21890.55,22153.8,18990434.0,2048.71
2025-08-05,22142.65,22237.6,21879.65,21970.15,15298176.0,2029.99
2025-08-06,21966.5,21966.6,21487.3,21523.75,23913224.0,3528.46
2025-08-07,21380.9,21712.35,21325.2,21684.8,23501291.0,3632.22
2025-08-08,21633.05,21676.15,21375.95,21402.15,18105471.0,2181.77
2025-08-11,21391.75,21783.6,21324.05,21604.65,15328993.0,1925.2
2025-08-12,21604.65,21900.0,21554.7,21753.5,22109241.0,2788.57
2025-08-13,21803.45,22171.05,21794.3,22130.3,16951417.0,2618.09
2025-08-14,22176.85,22370.45,22077.5,22151.85,19712572.0,2813.1
2025-08-18,22243.5,22253.3,22038.7,22141.15,17993633.0,2677.34
2025-08-19,22167.1,22177.45,22030.55,22066.75,12331050.0,1942.04
2025-08-20,22069.55,22093.7,21899.65,21969.5,15474386.0,2321.67
2025-08-21,21958.65,22253.7,21867.75,22177.7,17216207.0,2412.61
2025-08-22,22213.2,22304.65,22171.6,22265.0,14676104.0,2376.68
2025-08-25,22361.6,22394.05,22259.6,22362.8,15217776.0,2100.66
2025-08-26,22292.35,22292.35,21941.15,21990.0,32455125.0,4071.08
2025-08-28,22043.8,22051.8,21732.35,21808.35,25434131.0,2993.14
2025-08-29,21806.35,21894.6,21696.9,21804.05,31214549.0,2981.24
2025-09-01,21820.4,21916.85,21691.4,21778.85,26587228.0,3146.39
2025-09-02,21813.95,21845.05,21676.55,21719.95,17179004.0,2053.7
2025-09-03,21741.25,21985.2,21697.2,21959.6,17195362.0,2311.02
2025-09-04,22156.7,22156.7,21850.75,21915.4,11396291.0,1653.11
2025-09-05,21927.35,22139.85,21842.2,21924.8,12785469.0,1748.48
2025-09-08,21951.1,22034.8,21811.25,21865.2,10725793.0,1587.83
2025-09-09,21885.25,22080.4,21883.55,22052.65,12990042.0,1891.54
2025-09-10,22110.95,22201.45,22026.75,22122.05,15147935.0,2417.74
2025-09-11,22150.3,22307.8,22039.55,22224.0,16662084.0,2345.69
2025-09-12,22262.4,22399.25,22260.45,22341.2,12872004.0,2005.32
2025-09-15,22315.3,22330.9,22111.85,22198.7,12138031.0,1633.73
2025-09-16,22240.0,22310.9,22197.1,22264.55,9666025.0,1440.37
2025-09-17,22274.5,22307.05,22194.6,22241.35,14093730.0,1860.28
2025-09-18,22321.9,22596.9,22261.2,22574.35,25086454.0,2756.78
2025-09-19,22636.2,22716.9,22580.75,22686.6,31640798.0,3602.03
2025-09-22,22668.95,22685.45,22325.5,22365.75,17036619.0,2354.34
2025-09-23,22386.55,22434.75,22210.25,22299.1,12396233.0,1945.65
2025-09-24,22291.05,22321.25,22166.4,22180.7,11096810.0,1540.91
2025-09-25,22219.65,22311.15,21956.25,21977.7,16727472.0,2501.58
2025-09-26,21623.95,21695.55,21390.25,21507.2,34537260.0,4641.19
2025-09-29,21543.4,21740.85,21443.8,21475.3,23495929.0,3336.27
2025-09-30,21509.05,21594.25,21365.9,21454.25,17192641.0,2406.05
2025-10-01,21511.5,21786.55,21511.5,21733.5,24716342.0,3109.53
2025-10-03,21684.2,21873.2,21660.7,21756.35,20133470.0,2751.28
2025-10-06,21727.15,21799.0,21591.45,21779.85,14450655.0,1836.72
2025-10-07,21813.75,21900.35,21737.3,21875.3,16483445.0,2554.38
2025-10-08,21856.15,21973.65,21677.15,21707.35,15353166.0,2165.11
2025-10-09,21872.2,22042.55,21837.35,21936.2,27615309.0,3190.02
2025-10-10,21952.4,22324.6,21849.55,22218.25,25619024.0,3291.7
2025-10-13,22154.7,22231.8,22094.6,22205.1,13626967.0,2070.33
2025-10-14,22223.15,22227.25,21924.85,22039.25,22178262.0,2317.81
2025-10-15,22047.05,22146.9,22007.9,22057.3,15754518.0,2148.49
2025-10-16,22083.25,22129.7,22034.05,22103.2,15509526.0,2155.65
2025-10-17,22122.2,22341.05,22039.0,22253.75,14700974.0,1892.44
2025-10-20,22346.85,22477.95,22313.5,22439.9,19931329.0,2323.99
2025-10-21,22509.5,22547.85,22477.15,22515.7,3378950.0,348.45
2025-10-23,22665.0,22667.45,22441.25,22481.25,23368668.0,2556.8
2025-10-24,22492.05,22517.9,22273.05,22357.35,21964235.0,2496.68
2025-10-27,22405.7,22411.55,22272.35,22310.4,18308854.0,2344.03
2025-10-28,22316.85,22377.4,22147.6,22250.9,15898933.0,2072.7
2025-10-29,22311.75,22521.45,22297.95,22430.7,16149543.0,1953.69
2025-10-30,22388.15,22388.15,22105.4,22298.2,31909541.0,3740.31
2025-10-31,22251.55,22312.2,22147.85,22175.4,22384676.0,3127.79
2025-11-03,22187.1,22472.85,22154.95,22442.6,29083639.0,3473.91
2025-11-04,22475.3,22494.9,22286.0,22334.45,22298389.0,2839.93
2025-11-06,22393.85,22474.55,22167.95,22250.55,35755095.0,3501.29
2025-11-07,22260.95,22320.0,22105.2,22169.8,18219608.0,2795.3
2025-11-10,22249.1,22422.5,22212.8,22379.85,21651727.0,3322.17
2025-11-11,22426.7,22442.4,22265.15,22369.6,17156371.0,2348.24
2025-11-12,22453.25,22616.65,22333.85,22593.4,34648625.0,3635.33
2025-11-13,22644.65,22828.55,22595.4,22686.8,29149612.0,3236.71
2025-11-14,22714.3,22864.6,22648.95,22821.05,22405013.0,3047.6
2025-11-17,22885.45,22888.8,22750.2,22867.6,22546124.0,3181.82
2025-11-18,22878.7,22882.55,22680.45,22713.65,23630248.0,2617.58
2025-11-19,22754.6,22773.0,22593.1,22727.65,17339926.0,2016.66
2025-11-20,22801.05,22802.1,22638.6,22687.55,20509129.0,2136.92
2025-11-21,22665.8,22695.15,22544.9,22580.95,17315274.0,2237.05
2025-11-24,22604.65,22625.9,22442.05,22492.45,33964768.0,4768.0
2025-11-25,22521.9,22672.1,22480.0,22590.95,14392006.0,1924.52
2025-11-26,22591.15,22881.85,22572.65,22862.35,15405520.0,1839.26
2025-11-27,22879.35,22948.0,22812.7,22863.0,15901875.0,2151.9
2025-11-28,22899.7,23010.4,22856.65,22998.3,16789115.0,1939.61
2025-12-01,23076.95,23101.1,22810.25,22887.75,27406631.0,3630.31
2025-12-02,22879.75,22983.65,22825.35,22905.0,34343872.0,4842.41
2025-12-03,22949.3,23005.3,22726.5,22907.85,31202599.0,3350.74
2025-12-04,22912.95,22987.9,22838.25,22958.95,29710279.0,2802.1
2025-12-05,22973.2,22974.0,22839.8,22947.15,20371691.0,2455.07
2025-12-08,22938.1,22946.7,22556.3,22640.7,21676723.0,2420.27
2025-12-09,22607.95,22660.2,22405.05,22522.85,20987795.0,2396.95
2025-12-10,22583.8,22703.85,22488.2,22561.5,16975451.0,2276.29
2025-12-11,22541.8,22799.35,22475.2,22783.45,14517158.0,1495.85
2025-12-12,22825.65,22882.8,22742.1,22808.7,18236403.0,1746.58
2025-12-15,22736.75,22794.5,22588.9,22719.4,11247881.0,1354.82
2025-12-16,22700.75,22712.2,22558.35,22591.5,12689205.0,1488.02
2025-12-17,22585.6,22650.5,22515.65,22612.15,13236506.0,1649.13
2025-12-18,22601.2,22601.2,22394.25,22557.6,16510556.0,1998.82
2025-12-19,22583.55,22863.2,22583.55,22751.25,24858645.0,3124.86
2025-12-22,22780.3,22943.7,22765.15,22927.9,16743139.0,1727.6
2025-12-23,22980.6,23005.75,22820.3,22875.1,13387523.0,1617.6
2025-12-24,22903.15,22934.3,22717.45,22757.4,16075054.0,2096.49
2025-12-26,22761.9,22807.9,22631.6,22684.65,12241302.0,1646.23
2025-12-29,22697.25,22721.25,22552.6,22578.3,16053386.0,1799.21
2025-12-30,22604.5,22615.95,22395.15,22540.05,25377401.0,4353.57
2025-12-31,22620.7,22770.1,22536.15,22723.65,13157985.0,1816.62
2026-01-01,22735.3,22742.7,22546.05,22632.75,9252354.0,1118.8
2026-01-02,22649.65,22803.65,22578.7,22790.9,13771199.0,1365.19
2026-01-05,22810.45,22930.7,22706.05,22743.4,16653325.0,1803.27
2026-01-06,22791.05,23149.95,22764.85,23126.85,17554414.0,2621.68
2026-01-07,23117.05,23492.55,23021.8,23286.25,32875246.0,4287.74
2026-01-08,23260.25,23260.25,22927.3,22962.55,18166790.0,2495.3
2026-01-09,22961.1,22989.85,22696.45,22761.0,16394250.0,2293.13
2026-01-12,22758.0,22769.8,22392.5,22668.45,17724681.0,2397.24
2026-01-13,22708.05,22742.7,22392.25,22562.3,20442563.0,2255.91
2026-01-14,22571.05,22580.85,22413.9,22505.4,19297515.0,2572.59
2026-01-16,22456.6,22484.35,22175.2,22217.05,22142755.0,2992.28
2026-01-19,22119.15,22213.2,21910.4,22136.25,20105067.0,2472.76
2026-01-20,22128.45,22130.4,21668.6,21714.3,29817433.0,3112.94
2026-01-21,21743.95,21970.4,21477.95,21584.4,22934385.0,2841.55
2026-01-22,21738.2,22030.55,21726.4,21928.0,22518155.0,2920.49
2026-01-23,22007.05,22033.5,21676.4,21722.25,24837385.0,3131.47
2026-01-27,21891.8,21898.35,21632.8,21788.45,26700390.0,2979.25
2026-01-28,21828.0,21903.85,21622.95,21739.85,19478277.0,2428.03
2026-01-29,21781.05,21798.0,21467.35,21564.0,39232686.0,3455.48
2026-01-30,21544.5,21768.9,21396.35,21715.1,28223553.0,3730.04
2026-02-01,21874.7,21917.75,21436.7,21535.3,17440057.0,1627.1
2026-02-02,21629.8,21640.6,21188.55,21549.55,20520846.0,2504.95
2026-02-03,22470.35,22564.1,22086.05,22200.25,32396446.0,4271.13
2026-02-04,22275.8,22323.75,22009.85,22125.8,18214139.0,2555.51
2026-02-05,22138.9,22163.85,21919.0,22119.9,14720096.0,2098.09
