Date,Open,High,Low,Close,Shares Traded,Turnover (₹ Cr)
2016-02-05,19295.45,19514.6,19294.35,19465.4,13695275.0,694.87
2016-02-08,19532.5,19532.5,19146.0,19184.6,10653261.0,485.65
2016-02-09,19086.5,19159.0,18933.8,19007.25,13248816.0,587.08
2016-02-10,19019.0,19037.3,18719.55,18791.65,12355495.0,593.51
2016-02-11,18834.45,18834.45,18183.55,18227.25,21588600.0,855.5
2016-02-12,18259.25,18433.75,18205.9,18328.35,19648176.0,873.94
2016-02-15,18515.35,18615.05,18337.95,18510.0,17463479.0,842.94
2016-02-16,18509.6,18542.8,18051.75,18123.3,13430000.0,636.53
2016-02-17,18158.2,18360.0,17770.9,18300.5,15087908.0,644.94
2016-02-18,18413.45,18620.95,18408.2,18579.35,13250691.0,605.52
2016-02-19,18613.25,18613.25,18402.95,18574.15,12086546.0,533.72
2016-02-22,18526.4,18672.45,18287.4,18657.3,18114085.0,867.02
2016-02-23,18594.45,18594.45,18285.3,18329.6,11810766.0,572.66
2016-02-24,18300.65,18355.4,18008.3,18099.25,14968364.0,643.96
2016-02-25,18020.35,18210.7,18012.5,18094.75,26684285.0,903.47
2016-02-26,18258.75,18369.9,18087.05,18306.6,16068522.0,948.62
2016-02-29,18295.4,18580.3,17406.9,18331.6,59158260.0,2010.45
2016-03-01,18630.55,19378.9,18630.55,19317.0,51885535.0,1902.04
2016-03-02,19455.0,19666.3,19233.55,19260.4,24597437.0,1075.22
2016-03-03,19412.2,19453.05,19166.5,19208.7,14893383.0,731.46
2016-03-04,19277.45,19348.7,19097.7,19144.95,14653390.0,785.06
2016-03-08,19147.9,19409.45,19126.8,19214.0,16046829.0,851.35
2016-03-09,19085.65,19279.7,18960.5,19248.55,21674050.0,907.26
2016-03-10,19236.7,19300.75,18919.75,19066.05,15351563.0,734.93
2016-03-11,19082.2,19384.95,19060.55,19354.4,17884301.0,1044.08
2016-03-14,19451.25,19583.75,19428.65,19535.15,13740459.0,764.54
2016-03-15,19551.75,19551.75,19083.35,19136.45,18821353.0,898.45
2016-03-16,19149.2,19378.35,19132.95,19336.8,14929055.0,837.7
2016-03-17,19434.05,19503.55,19366.35,19445.2,20821835.0,956.28
2016-03-18,19513.75,19602.3,19368.45,19555.3,19108905.0,897.87
2016-03-21,19593.55,19960.25,19593.55,19928.45,19526145.0,940.68
2016-03-22,19827.2,19889.85,19533.9,19609.0,22230057.0,1043.88
2016-03-23,19662.45,19662.65,19463.05,19629.65,16862650.0,813.21
2016-03-28,19720.6,19785.3,19425.45,19462.8,19023984.0,921.99
2016-03-29,19392.05,19634.15,19352.0,19375.45,20255025.0,814.73
2016-03-30,19431.45,19744.2,19431.45,19690.95,18742136.0,828.88
2016-03-31,19626.0,19891.6,19609.35,19764.15,30164378.0,1420.52
2016-04-01,19672.25,20026.35,19672.25,19992.1,15830554.0,718.37
2016-04-04,19727.4,19948.5,19727.4,19890.6,13478057.0,671.06
2016-04-05,19788.5,19831.1,19591.35,19635.4,11814273.0,623.74
2016-04-06,19662.8,19725.9,19605.35,19657.55,11579526.0,648.12
2016-04-07,19695.8,19695.8,19345.55,19384.05,12095927.0,561.42
2016-04-08,19388.1,19489.3,19364.7,19451.7,7972081.0,440.71
2016-04-11,19477.6,19683.15,19219.9,19651.25,14736915.0,799.32
2016-04-12,19604.75,19650.45,19499.25,19606.6,10428646.0,715.11
2016-04-13,19722.9,20082.6,19712.1,20045.2,16928860.0,953.96
2016-04-18,20172.55,20306.65,20047.9,20253.95,16089404.0,769.28
2016-04-20,20252.85,20349.05,20123.4,20246.6,13499104.0,771.06
2016-04-21,20268.55,20300.2,19965.75,20071.1,10025495.0,542.36
2016-04-22,19930.85,20111.45,19834.95,19876.5,9896731.0,515.42
2016-04-25,19711.85,19860.7,19652.55,19715.65,9559920.0,511.98
2016-04-26,19464.3,19933.7,19464.3,19890.55,16199418.0,755.8
2016-04-27,19852.5,20165.3,19852.5,20141.55,12627872.0,572.94
2016-04-28,20058.95,20088.3,19629.6,19667.6,31921680.0,1749.31
2016-04-29,19693.85,19800.7,19549.1,19737.7,18117228.0,907.57
2016-05-02,19687.55,19752.4,19557.85,19728.4,10712912.0,474.87
2016-05-03,19755.75,19810.2,19403.6,19478.35,17920851.0,1125.82
2016-05-04,19426.05,19548.55,19221.65,19295.85,12062410.0,730.29
2016-05-05,19317.25,19577.5,19298.2,19466.3,10351419.0,615.57
2016-05-06,19323.5,19588.95,19124.6,19521.95,16862203.0,774.3
2016-05-09,19610.5,19885.4,19608.7,19752.65,15159314.0,908.82
2016-05-10,19770.6,19879.2,19736.75,19836.7,12829395.0,753.43
2016-05-11,19637.05,19789.55,19580.75,19726.9,12740837.0,668.12
2016-05-12,19754.4,19848.3,19618.6,19748.7,9000328.0,624.19
2016-05-13,19722.6,19752.8,19564.35,19667.7,14296631.0,826.82
2016-05-16,19650.35,19995.4,19520.3,19977.1,15786849.0,799.08
2016-05-17,20032.6,20085.5,19892.15,19960.9,13754289.0,705.47
2016-05-18,19846.1,20011.15,19729.95,19963.9,11190297.0,642.99
2016-05-19,20023.9,20023.9,19565.4,19612.85,13241228.0,682.14
2016-05-20,19710.7,19909.15,19538.75,19705.0,19147725.0,882.32
2016-05-23,20312.05,20414.0,19947.55,20179.05,41714310.0,1740.91
2016-05-24,20214.6,20297.75,20138.7,20225.4,27323442.0,1846.4
2016-05-25,20344.5,20678.9,20331.3,20639.8,15014623.0,871.59
2016-05-26,20650.8,20971.95,20559.95,20920.65,18649728.0,1144.93
2016-05-27,20934.35,21022.4,20764.5,20907.55,14857153.0,1017.92
2016-05-30,20745.35,20874.55,20726.3,20807.05,11210735.0,671.23
2016-05-31,20810.45,20884.55,20458.45,20521.65,37354723.0,2523.95
2016-06-01,20618.15,20907.45,20618.15,20886.6,13756654.0,800.2
2016-06-02,20847.6,20963.75,20631.2,20919.45,18374446.0,1047.32
2016-06-03,21008.1,21036.2,20844.7,20912.5,14849019.0,817.88
2016-06-06,20922.3,20970.8,20851.95,20888.0,13191353.0,711.39
2016-06-07,20971.75,21261.5,20961.75,21214.6,14945618.0,917.97
2016-06-08,21250.85,21310.75,21133.5,21225.6,12436540.0,674.46
2016-06-09,21245.0,21245.0,20806.9,20833.7,15105710.0,732.45
2016-06-10,20812.1,21029.8,20688.8,20704.5,13415393.0,666.54
2016-06-13,20575.55,20777.55,20489.8,20649.0,17225593.0,707.43
2016-06-14,20674.3,20738.35,20599.1,20717.95,11765717.0,540.39
2016-06-15,20772.3,20974.7,20749.0,20956.1,14341429.0,636.33
2016-06-16,20949.6,20949.6,20658.0,20868.1,12489392.0,656.25
2016-06-17,20921.9,21079.25,20900.3,21044.6,13080450.0,691.21
2016-06-20,21004.0,21110.6,20816.05,21010.55,10780723.0,556.6
2016-06-21,20975.55,21052.05,20910.3,20996.75,10737053.0,688.6
2016-06-22,20887.85,21011.05,20776.7,20877.6,12767894.0,578.67
2016-06-23,20895.55,21112.4,20880.45,21065.45,11359062.0,545.46
2016-06-24,20682.7,20822.5,20546.65,20789.95,16983373.0,737.59
2016-06-27,20803.9,21107.45,20803.9,20999.25,13476252.0,616.46
2016-06-28,21065.0,21445.45,21041.75,21433.5,19269320.0,874.31
2016-06-29,21515.4,21534.25,21298.75,21400.65,17999077.0,799.69
2016-06-30,21519.9,21703.55,21484.3,21608.45,28404187.0,1584.56
2016-07-01,21517.7,22197.75,21517.7,22025.4,38906621.0,1257.6
2016-07-04,22140.75,22141.4,21655.45,21699.35,20530599.0,899.18
2016-07-05,21755.5,21791.0,21592.15,21697.65,14686116.0,669.29
2016-07-07,21750.15,22000.75,21704.35,21924.15,20491125.0,911.65
2016-07-08,21963.45,21963.45,21717.9,21856.6,14516303.0,645.81
2016-07-11,22018.75,22199.4,21971.25,22078.35,14596333.0,638.64
2016-07-12,22174.75,22213.3,21926.55,21996.85,10237335.0,515.58
2016-07-13,22005.9,22021.1,21844.05,21932.8,12645252.0,576.0
2016-07-14,21959.4,22083.3,21845.65,22020.85,12041304.0,602.56
2016-07-15,22050.15,22289.2,21980.65,22031.35,15503170.0,684.88
2016-07-18,22065.0,22109.2,21910.65,21973.5,15431648.0,741.8
2016-07-19,21919.0,21943.65,21696.1,21838.45,18561997.0,898.57
2016-07-20,21868.35,22021.95,21815.5,21957.35,16311579.0,673.4
2016-07-21,22103.0,22115.6,21821.25,21999.3,17810282.0,712.7
2016-07-22,22129.95,22278.15,21812.7,22000.45,22770464.0,837.58
2016-07-25,21994.15,22164.85,21952.8,22139.0,16135059.0,690.12
2016-07-26,22141.4,22183.95,22000.75,22059.65,12810091.0,636.63
2016-07-27,22043.0,22158.35,21833.05,21904.15,23653103.0,929.04
2016-07-28,22008.6,22359.45,21949.3,22290.85,26313759.0,1085.56
2016-07-29,22279.6,22377.5,22174.0,22228.85,21273752.0,889.96
2016-08-01,22267.15,22409.05,22052.2,22136.9,17058390.0,809.46
2016-08-02,22193.95,22692.1,22189.75,22638.85,25878993.0,1073.05
2016-08-03,22639.95,22639.95,22022.45,22084.55,19164155.0,883.48
2016-08-04,22225.35,22272.9,21987.05,22072.35,16744232.0,837.11
2016-08-05,22106.3,22293.45,22050.7,22151.9,12413103.0,639.39
2016-08-08,22195.45,22296.45,22132.0,22200.4,21610327.0,1388.49
2016-08-09,22214.45,22214.45,21880.35,22014.4,24416287.0,949.88
2016-08-10,22038.5,22048.2,21789.0,21829.8,14593772.0,772.71
2016-08-11,21866.3,22311.8,21860.55,22235.15,19219525.0,1010.14
2016-08-12,22204.2,22493.35,22204.2,22397.4,15427467.0,773.63
2016-08-16,22426.0,22587.4,22338.45,22396.0,23354314.0,954.01
2016-08-17,22378.9,22502.6,22275.2,22342.85,14654562.0,682.43
2016-08-18,22370.75,22424.85,22223.2,22262.1,12822651.0,622.57
2016-08-19,22289.05,22318.55,22174.35,22234.75,13635305.0,585.5
2016-08-22,22277.0,22435.55,22277.0,22388.2,10448873.0,523.47
2016-08-23,22400.1,22415.5,22128.65,22176.1,13476971.0,603.35
2016-08-24,22173.7,22217.6,22076.65,22193.85,12881253.0,613.21
2016-08-25,22304.45,22425.05,22212.8,22283.2,24283906.0,1093.64
2016-08-26,22316.45,22359.85,22159.85,22252.65,10880678.0,503.04
2016-08-29,22221.35,22257.7,22085.75,22192.8,10140047.0,469.14
2016-08-30,22254.1,22580.45,22254.1,22546.95,14473160.0,592.12
2016-08-31,22589.7,22667.2,22505.8,22609.3,22422631.0,1003.53
2016-09-01,22666.85,22833.45,22594.65,22715.55,14584491.0,540.39
2016-09-02,22760.15,22830.3,22678.15,22789.3,15969293.0,645.66
2016-09-06,22817.95,23015.95,22782.6,22972.8,18114028.0,1003.67
2016-09-07,23021.25,23090.25,22965.15,23008.2,14726579.0,768.19
2016-09-08,23036.7,23219.3,23027.9,23186.15,15182508.0,759.32
2016-09-09,23105.2,23165.3,22687.45,22703.7,14960895.0,637.14
2016-09-12,22467.9,22522.4,22267.05,22291.25,13762948.0,589.0
2016-09-14,22233.4,22396.95,22217.5,22326.7,19229192.0,793.18
2016-09-15,22366.2,22630.95,22364.2,22526.6,13256420.0,589.21
2016-09-16,22559.15,22883.25,22533.5,22762.5,25328377.0,1127.37
2016-09-19,22841.7,22904.3,22619.5,22668.35,13761900.0,748.37
2016-09-20,22687.5,22693.35,22419.45,22487.2,18197239.0,1098.39
2016-09-21,22487.5,22591.95,22307.15,22343.05,17820360.0,888.45
2016-09-22,22473.0,22571.2,22310.35,22401.75,15422100.0,748.84
2016-09-23,22392.1,22462.15,22219.5,22315.75,16872419.0,816.23
2016-09-26,22303.6,22316.4,21953.45,21977.1,18746811.0,791.01
2016-09-27,22027.65,22074.45,21843.25,21913.15,14854097.0,606.96
2016-09-28,21980.85,22049.75,21854.9,21917.1,20251786.0,785.65
2016-09-29,22024.9,22067.4,21445.5,21661.2,35094143.0,1815.11
2016-09-30,21668.35,21730.5,21465.3,21542.05,22196192.0,1272.67
2016-10-03,21733.75,21767.75,21586.3,21729.45,17422476.0,805.99
2016-10-04,21802.9,21851.15,21669.5,21709.85,18024258.0,922.38
2016-10-05,21772.2,21854.1,21665.65,21736.8,25960120.0,985.21
2016-10-06,21869.6,21878.55,21553.2,21659.5,22255183.0,837.1
2016-10-07,21713.25,21811.9,21553.95,21638.65,14713281.0,728.66
2016-10-10,21797.9,21847.1,21649.6,21672.55,10703606.0,498.81
2016-10-13,21638.0,21695.35,21340.1,21454.9,21607426.0,955.28
2016-10-14,21441.45,21485.5,21348.15,21423.0,18793558.0,736.6
2016-10-17,21447.7,21486.6,21341.7,21415.5,14108927.0,557.63
2016-10-18,21451.3,21781.85,21427.95,21749.1,19229268.0,712.95
2016-10-19,21751.45,21752.5,21402.25,21449.65,20166924.0,741.07
2016-10-20,21534.35,21589.35,21387.4,21424.55,12299275.0,582.94
2016-10-21,21426.0,21564.8,21388.35,21546.8,16791131.0,618.58
2016-10-24,21589.1,21611.6,21499.85,21569.95,16785506.0,641.06
2016-10-25,21632.05,21632.05,21356.6,21387.55,13757784.0,592.06
2016-10-26,21422.2,21484.6,21086.6,21338.4,43750156.0,1637.13
2016-10-27,21441.8,21542.9,21300.3,21450.0,40327224.0,1601.58
2016-10-28,21540.4,21573.9,21313.65,21547.95,18772337.0,800.27
2016-10-30,21620.35,21630.75,21446.3,21481.95,1578205.0,64.34
2016-11-01,21529.75,21543.15,21324.8,21370.4,13977433.0,593.31
2016-11-02,21189.15,21314.1,21084.4,21195.9,13578850.0,625.48
2016-11-03,21159.1,21370.2,21097.4,21261.75,19216493.0,848.69
2016-11-04,21844.7,22113.55,21549.15,21658.95,51216066.0,1788.03
2016-11-07,21924.85,22100.7,21600.2,21916.5,35898301.0,1390.37
2016-11-08,21944.6,21986.9,21691.8,21902.85,19143461.0,848.78
2016-11-09,20734.8,21608.8,20661.2,21414.35,40669526.0,1588.89
2016-11-10,21774.85,21785.5,21405.4,21561.1,19790749.0,807.52
2016-11-11,21351.5,21351.5,20753.9,20825.9,24846509.0,964.75
2016-11-15,20814.3,20814.3,20217.6,20307.95,35819747.0,1424.15
2016-11-16,20402.35,20494.45,19995.4,20126.1,44019425.0,1425.86
2016-11-17,20010.5,20292.25,19990.65,20154.0,15971196.0,647.82
2016-11-18,20098.8,20145.6,19917.65,19959.9,15353592.0,627.42
2016-11-21,19983.8,20005.6,19659.4,19701.25,15562815.0,607.32
2016-11-22,19797.45,20051.55,19699.45,19934.3,20680439.0,762.95
2016-11-23,20023.3,20056.55,19803.7,19976.1,18591736.0,694.63
2016-11-24,19973.1,19980.65,19770.4,19851.7,28633891.0,972.2
2016-11-25,19940.6,20229.0,19844.1,20157.15,12438684.0,520.44
2016-11-28,20131.3,20461.25,20078.7,20426.05,16990896.0,644.89
2016-11-29,20411.65,20539.8,20275.3,20306.6,16863986.0,636.65
2016-11-30,20386.95,20622.3,20253.2,20487.9,27463284.0,1609.23
2016-12-01,20523.4,20671.1,20436.65,20554.7,11652459.0,498.29
2016-12-02,20487.15,20487.15,20145.1,20179.85,14833586.0,607.19
2016-12-05,20224.7,20519.5,20181.3,20478.8,10897534.0,490.84
2016-12-06,20507.8,20509.15,20243.0,20293.2,11072811.0,434.73
2016-12-07,20371.05,20384.1,20096.9,20137.35,12791135.0,449.79
2016-12-08,20274.35,20602.55,20249.95,20510.25,13961533.0,524.43
2016-12-09,20528.6,20756.85,20456.6,20622.4,13585918.0,557.27
2016-12-12,20538.9,20547.45,20292.1,20319.7,7232918.0,321.32
2016-12-13,20453.55,20546.5,20295.85,20491.65,13492097.0,512.63
2016-12-14,20520.85,20547.0,20260.75,20313.55,10672291.0,433.32
2016-12-15,20219.0,20391.0,20057.1,20136.05,11546858.0,516.93
2016-12-16,20196.25,20196.25,19955.05,19982.6,19040160.0,664.67
2016-12-19,19950.4,20039.95,19920.75,19957.2,9864811.0,369.33
2016-12-20,20014.8,20083.35,19967.75,20039.05,10317297.0,427.01
2016-12-21,20023.05,20065.55,19786.65,19809.7,17786994.0,628.29
2016-12-22,19755.05,19813.95,19664.15,19750.25,12618300.0,524.29
2016-12-23,19736.6,19750.45,19512.0,19592.85,15960544.0,576.16
2016-12-26,19591.3,19667.65,19457.25,19624.45,13560502.0,488.78
2016-12-27,19671.9,20193.7,19579.45,20150.25,20157196.0,630.53
2016-12-28,20109.9,20404.9,20109.9,20279.0,19499054.0,640.25
2016-12-29,20270.4,20452.55,20120.65,20400.75,20222670.0,717.72
2016-12-30,20492.25,20805.9,20444.8,20754.1,15713271.0,566.11
2017-01-02,20793.35,20793.35,20574.7,20710.35,8577699.0,322.71
2017-01-03,20719.6,20962.55,20620.05,20864.15,11394806.0,452.74
2017-01-04,20862.15,21014.6,20676.75,20935.25,16645373.0,672.57
2017-01-05,20927.55,21108.75,20912.6,21070.5,13984660.0,566.85
2017-01-06,21085.65,21230.45,20839.8,20867.1,16311856.0,679.07
2017-01-09,20906.5,21021.1,20842.8,20987.25,8081970.0,361.08
2017-01-10,21019.65,21207.2,21010.35,21157.75,17177190.0,633.51
2017-01-11,21210.65,21290.25,21119.2,21194.55,13121460.0,562.89
2017-01-12,21227.2,21227.2,20953.55,20988.05,11540326.0,469.18
2017-01-13,21081.8,21297.4,20910.35,21232.95,11714589.0,411.13
2017-01-16,21214.7,21280.6,21098.55,21197.7,7845010.0,345.18
2017-01-17,21203.45,21466.05,21199.75,21442.95,11641685.0,700.57
2017-01-18,21446.45,21685.0,21439.7,21529.55,17123218.0,1266.75
2017-01-19,21490.45,21698.8,21471.3,21634.15,16348609.0,847.48
2017-01-20,21623.9,21723.35,21596.6,21641.05,17540558.0,805.69
2017-01-23,21613.85,21898.5,21612.45,21873.8,17684209.0,1002.35
2017-01-24,21871.3,21934.9,21716.5,21908.4,15494356.0,777.41
2017-01-25,21903.4,22260.8,21888.8,22206.25,26504811.0,1051.96
2017-01-27,22135.35,22312.2,21744.7,21798.2,32213708.0,1340.13
2017-01-30,21851.2,21997.1,21747.65,21786.3,14150550.0,631.2
2017-01-31,21812.45,21949.65,21725.95,21832.65,18509740.0,828.35
2017-02-01,21930.65,22519.25,21845.0,22496.7,42320298.0,1537.21
2017-02-02,22582.8,22980.25,22436.35,22696.2,49966273.0,1779.48
2017-02-03,22686.95,22765.65,22494.75,22645.15,19821151.0,788.19
2017-02-06,22758.65,22993.7,22726.15,22904.4,21486918.0,1121.54
2017-02-07,23015.5,23602.0,22817.4,22877.75,37965642.0,1479.79
2017-02-08,22832.05,22945.5,22605.7,22766.25,18729617.0,780.54
2017-02-09,22834.0,22924.2,22589.6,22874.95,11878856.0,593.35
2017-02-10,22921.5,22961.05,22608.2,22709.3,14320214.0,736.57
2017-02-13,22839.7,22880.65,22479.9,22649.0,15629210.0,699.43
2017-02-14,22633.1,22776.4,22512.2,22596.05,13364405.0,666.44
2017-02-15,22616.7,22821.35,22573.35,22674.4,13737115.0,629.79
2017-02-16,22547.75,22602.35,22334.75,22379.7,21205174.0,1101.6
2017-02-17,22434.5,22482.85,22236.2,22445.8,14729319.0,655.92
2017-02-20,22388.45,22477.5,22386.05,22439.65,12102647.0,631.47
2017-02-21,22443.05,22487.5,22232.6,22450.55,19326959.0,887.26
2017-02-22,22537.85,22593.75,22338.55,22426.4,17407801.0,847.3
2017-02-23,22479.85,22557.4,22327.65,22434.75,22891722.0,1007.24
2017-02-27,22435.7,22471.3,22081.2,22419.6,13124206.0,627.7
2017-02-28,22358.25,22430.8,22278.25,22338.2,17631727.0,790.21
2017-03-01,22378.35,22716.55,22366.7,22650.85,25234678.0,914.43
2017-03-02,22688.55,22777.4,22350.5,22417.3,21710542.0,1239.12
2017-03-03,22294.15,22361.75,22097.95,22280.7,17686683.0,787.4
2017-03-06,22354.75,22435.25,22280.1,22392.3,16280265.0,660.74
2017-03-07,22417.45,22450.95,22251.4,22393.1,11875337.0,581.5
2017-03-08,22400.2,22430.25,22296.9,22365.2,11324415.0,540.58
2017-03-09,22440.7,22449.8,22259.3,22392.0,14472805.0,594.91
2017-03-10,22405.05,22441.45,22287.95,22341.75,13828720.0,677.27
2017-03-14,22567.35,22825.2,22566.15,22743.75,28587976.0,1253.06
2017-03-15,22662.1,22910.05,22662.1,22793.15,22270293.0,939.46
2017-03-16,22930.85,22986.05,22806.75,22905.45,21367535.0,851.44
2017-03-17,23293.6,23843.9,23293.6,23491.25,65389304.0,2206.82
2017-03-20,23577.6,23605.65,23336.7,23500.25,24661847.0,892.73
2017-03-21,23567.2,23848.95,23513.3,23796.65,21893904.0,992.03
2017-03-22,23573.85,23756.0,23332.95,23390.75,22090403.0,994.36
2017-03-23,23288.3,23554.7,23212.3,23335.3,29139093.0,952.93
2017-03-24,23393.7,23552.5,23390.8,23455.1,14203748.0,575.89
2017-03-27,23435.9,23540.05,23251.7,23444.05,23025591.0,934.75
2017-03-28,23467.0,23516.25,23406.65,23467.7,13441088.0,562.43
2017-03-29,23474.35,23698.85,23467.85,23672.5,17140086.0,807.72
2017-03-30,23711.8,23776.65,23536.7,23671.0,28875480.0,1487.38
2017-03-31,23596.4,23676.0,23460.3,23542.3,17360253.0,882.49
2017-04-03,23641.25,23717.5,23426.25,23639.6,16545054.0,887.66
2017-04-05,23714.65,23728.35,23483.8,23583.7,20014170.0,998.26
2017-04-06,23530.35,23561.45,23278.95,23349.0,24420256.0,932.77
2017-04-07,23257.25,23333.35,23171.25,23235.55,16043352.0,645.55
2017-04-10,23338.0,23341.55,23206.65,23264.75,14908551.0,798.91
2017-04-11,23224.0,23682.4,23154.9,23651.75,18446348.0,881.59
2017-04-12,23612.5,23794.8,23478.65,23670.2,17183325.0,1004.92
2017-04-13,23678.0,23682.1,23423.6,23507.9,10194939.0,608.8
2017-04-17,23399.7,23644.8,23345.95,23459.9,8970659.0,404.21
2017-04-18,23521.2,23723.05,23322.55,23382.95,10594141.0,513.95
2017-04-19,23486.6,23509.85,23354.7,23387.15,9820168.0,501.72
2017-04-20,23457.25,23552.75,23389.25,23495.15,11663907.0,747.8
2017-04-21,23637.0,23637.0,23145.6,23229.8,14559732.0,644.95
2017-04-24,23346.9,23390.55,23084.8,23344.65,12058743.0,536.46
2017-04-25,23427.45,23806.4,23242.95,23764.85,19135595.0,817.59
2017-04-26,23882.65,24388.6,23824.05,24304.3,31525111.0,1262.15
2017-04-27,24329.7,24366.85,23996.4,24067.0,22844594.0,1068.83
2017-04-28,24056.3,24094.05,23622.85,23675.4,21244268.0,1048.51
2017-05-02,23764.25,23807.6,23574.9,23755.1,21430462.0,1015.92
2017-05-03,23825.85,23826.15,23566.65,23683.8,16261666.0,777.92
2017-05-04,23703.55,23990.85,23668.5,23951.8,16831540.0,787.09
2017-05-05,23923.35,23933.35,23609.25,23630.45,12975110.0,545.27
2017-05-08,23685.25,23728.95,23422.65,23442.2,18343204.0,647.33
2017-05-09,23495.45,23625.7,23386.5,23527.85,15679490.0,1013.62
2017-05-10,23585.25,23995.15,23572.65,23954.35,16545016.0,1075.4
2017-05-11,24035.9,24169.85,23956.55,24025.85,20996573.0,1430.21
2017-05-12,24063.15,24067.2,23864.45,23966.95,10985862.0,761.81
2017-05-15,24028.45,24189.45,24015.3,24119.45,14773590.0,808.43
2017-05-16,24137.55,24412.9,24065.35,24370.55,24861009.0,1131.84
2017-05-17,24399.3,24410.2,24132.65,24266.75,24074864.0,1066.09
2017-05-18,24082.15,24204.2,23812.15,23864.0,17541639.0,964.95
2017-05-19,24202.6,24922.5,24184.75,24352.9,48630642.0,1985.69
2017-05-22,24707.5,25279.9,24654.3,25230.0,44756886.0,1920.8
2017-05-23,25188.35,25232.75,24961.2,25002.35,35435916.0,1573.43
2017-05-24,25024.45,25103.5,24881.35,24986.5,17836394.0,906.97
2017-05-25,25030.4,25223.85,24818.4,25056.65,34432509.0,1449.73
2017-05-26,25150.9,25711.15,25071.45,25507.55,28182758.0,1212.03
2017-05-29,25288.15,26080.8,25264.0,25948.05,29414882.0,1284.01
2017-05-30,25786.55,25879.25,25608.15,25783.4,23122345.0,1291.23
2017-05-31,25801.65,25945.65,25602.75,25841.8,29537606.0,1930.6
2017-06-01,25857.35,26269.5,25790.6,26165.75,22936852.0,1223.76
2017-06-02,26306.65,26429.2,26105.0,26401.7,24192991.0,1240.4
2017-06-05,26233.65,26482.95,26164.0,26430.65,17130845.0,1158.56
2017-06-06,26436.0,26514.55,25968.5,26058.9,17523604.0,1041.71
2017-06-07,26137.3,26366.35,26067.85,26230.2,20032033.0,1140.33
2017-06-08,26285.15,26317.7,26128.2,26183.35,15109064.0,965.99
2017-06-09,26151.45,26252.25,25858.55,25941.45,17558023.0,932.5
2017-06-12,25986.45,26009.9,25725.65,25864.85,12501848.0,675.15
2017-06-13,25907.25,25978.1,25791.65,25942.25,17352835.0,802.6
2017-06-14,25963.75,26007.0,25672.05,25744.6,26051298.0,1003.95
2017-06-15,25902.65,25903.8,25675.35,25753.35,15394789.0,712.53
2017-06-16,25789.3,26040.75,25779.15,25914.3,19887277.0,977.49
2017-06-19,26056.8,26196.25,26018.05,26126.15,13689531.0,699.97
2017-06-20,26207.05,26220.05,26018.4,26055.55,14388714.0,736.7
2017-06-21,26097.15,26318.35,26005.35,26256.75,17648188.0,1050.66
2017-06-22,26236.4,26349.8,26096.65,26187.7,16310924.0,795.19
2017-06-23,26136.05,26276.05,25975.7,26163.85,15397912.0,790.51
2017-06-27,26209.75,26491.1,26117.6,26188.3,18516477.0,913.02
2017-06-28,26172.75,26172.75,25906.45,25981.9,18737226.0,1173.53
2017-06-29,26069.05,26249.65,26048.55,26143.65,19705035.0,986.68
2017-06-30,26070.7,26818.45,26056.4,26752.05,30420728.0,1366.64
2017-07-03,27835.35,28267.5,27574.3,27787.2,61283914.0,2234.91
2017-07-04,27859.95,27896.95,27505.9,27547.5,22316754.0,1216.12
2017-07-05,27569.5,27590.55,27315.15,27349.4,23095504.0,1122.57
2017-07-06,27510.0,27669.4,27309.2,27581.7,25672812.0,1160.01
2017-07-07,27614.8,27626.4,27370.85,27465.85,23944910.0,1194.97
2017-07-10,27422.15,29037.85,27048.7,27474.5,6952598.0,212.23
2017-07-11,27591.5,27591.5,27335.1,27361.6,28365670.0,1109.9
2017-07-12,27297.65,27613.65,27293.35,27425.85,27217143.0,1179.08
2017-07-13,27614.4,27977.95,27568.85,27918.65,28287634.0,1182.42
2017-07-14,27995.9,27996.3,27734.35,27864.45,14739800.0,838.1
2017-07-17,27768.7,27772.35,27190.55,27391.65,37612161.0,2177.73
2017-07-18,25885.7,25885.7,25161.15,25547.6,165313176.0,5714.76
2017-07-19,25839.7,25953.05,25641.65,25915.75,54700532.0,2469.83
2017-07-20,26048.6,26093.9,25666.1,25762.95,24457146.0,1142.7
2017-07-21,25898.65,25899.5,25638.4,25795.6,24495160.0,1156.24
2017-07-24,25865.3,26109.05,25763.85,26033.45,25749082.0,1141.72
2017-07-25,26117.85,26128.8,25897.6,25925.0,19070908.0,1164.01
2017-07-26,25983.7,26121.85,25912.9,26099.5,19723443.0,1029.63
2017-07-27,26173.4,26276.1,25877.1,25970.45,32534172.0,1554.86
2017-07-28,26211.25,26223.25,25764.65,26033.95,27520104.0,1266.9
2017-07-31,26009.05,26022.8,25680.3,25744.35,29575588.0,1307.85
2017-08-01,25705.75,25822.35,25651.35,25781.5,29193702.0,1459.11
2017-08-02,25864.5,25875.3,25448.1,25531.1,22250367.0,1287.35
2017-08-03,25485.75,25618.35,25336.1,25483.55,28981114.0,1686.51
2017-08-04,25389.15,25635.9,25370.95,25551.1,23473010.0,1087.33
2017-08-07,25549.25,25713.05,25470.0,25608.55,19917835.0,1142.64
2017-08-08,25619.3,25710.5,25220.4,25306.05,24275201.0,1263.92
2017-08-09,25291.0,25291.5,25029.3,25102.8,19078234.0,1022.01
2017-08-10,25015.4,25117.45,24875.75,24969.25,20351293.0,1154.09
2017-08-11,24739.95,24959.6,24665.45,24762.55,27501558.0,1230.56
2017-08-14,24940.85,24986.8,24810.0,24908.4,24679731.0,977.4
2017-08-16,24984.9,25615.55,24951.6,25534.8,56162236.0,1950.67
2017-08-17,25680.85,25680.85,25427.7,25511.35,30098617.0,1223.36
2017-08-18,25397.95,25751.25,25387.3,25718.7,30588693.0,1190.12
2017-08-21,25758.75,25877.25,25567.55,25598.75,33650012.0,1177.03
2017-08-22,25708.1,25769.4,25541.4,25604.75,25479304.0,1020.29
2017-08-23,25652.15,25717.55,25538.95,25595.95,23479189.0,1016.24
2017-08-24,25607.9,25676.3,25544.35,25555.0,21482464.0,1088.17
2017-08-28,25614.2,25789.6,25488.55,25761.9,19854677.0,902.03
2017-08-29,25728.85,25728.85,25445.55,25529.5,17214916.0,819.17
2017-08-30,25634.7,25800.6,25609.75,25757.85,18832152.0,816.22
2017-08-31,25818.5,25884.45,25619.95,25834.9,27848081.0,1221.96
2017-09-01,25835.25,25975.65,25756.95,25906.75,16090221.0,772.34
2017-09-04,25888.8,25888.8,25692.1,25761.4,17228618.0,835.59
2017-09-05,25763.35,25890.65,25719.9,25818.9,16034478.0,724.04
2017-09-06,25664.1,25721.0,25439.3,25473.1,34018170.0,1177.28
2017-09-07,25567.3,25639.7,25276.55,25309.25,30230520.0,1122.05
2017-09-08,25360.4,25495.15,25303.8,25408.85,22188078.0,931.38
2017-09-11,25434.25,25622.05,25430.2,25550.45,17747576.0,903.99
2017-09-12,25692.35,25934.85,25662.9,25913.2,23437051.0,1133.64
2017-09-13,25904.9,25918.2,25595.35,25632.35,25921879.0,1296.23
2017-09-14,25729.95,25742.85,25561.75,25628.25,17129562.0,1035.96
2017-09-15,25590.15,25647.3,25453.05,25505.95,22759874.0,1087.02
2017-09-18,25622.2,25709.0,25550.15,25578.35,17334066.0,888.39
2017-09-19,25648.9,25783.45,25485.4,25648.4,49533524.0,1679.16
2017-09-20,25744.65,25751.0,25615.35,25698.55,17500571.0,800.73
2017-09-21,25725.0,25743.4,25369.1,25489.7,15969589.0,718.2
2017-09-22,25447.3,25447.3,25155.7,25220.35,15964228.0,809.48
2017-09-25,25255.5,25289.45,24867.95,24980.7,28575538.0,1194.43
2017-09-26,25093.4,25095.25,24707.3,24872.1,22449922.0,1020.57
2017-09-27,25046.6,25063.45,24458.65,24556.1,28248706.0,1241.32
2017-09-28,24664.0,24811.35,24590.55,24724.65,36341478.0,1600.57
2017-09-29,24834.05,24838.6,24427.3,24480.8,23382308.0,1107.11
2017-10-03,24764.9,24806.45,24547.35,24747.55,20016612.0,995.25
2017-10-04,24910.4,25184.3,24840.45,25105.45,19552162.0,1008.35
2017-10-05,25156.25,25247.1,24965.4,25010.4,15819931.0,980.47
2017-10-06,25066.55,25160.8,25007.0,25130.6,17660764.0,1116.07
2017-10-09,25271.4,25315.25,25151.45,25286.35,12973728.0,809.11
2017-10-10,25294.5,25339.15,25141.1,25204.85,13039195.0,777.24
2017-10-11,25269.95,25315.1,25078.5,25187.5,21836109.0,1193.9
2017-10-12,25215.9,25575.95,25146.25,25473.6,20174847.0,1116.05
2017-10-13,25443.8,25483.95,25331.05,25434.85,20709298.0,1007.72
2017-10-16,25481.0,25734.95,25458.2,25607.6,20240105.0,1164.27
2017-10-17,25643.05,25651.25,25517.45,25620.95,,
2017-10-18,25654.75,25709.4,25512.45,25684.05,17229934.0,930.72
2017-10-19,25745.3,25747.65,25515.45,25580.0,,
2017-10-23,25636.85,25810.6,25331.1,25419.2,17391195.0,844.64
2017-10-24,25542.05,25567.3,25418.05,25503.0,17340844.0,933.86
2017-10-25,25632.25,25711.55,25570.75,25638.2,16005797.0,1018.57
2017-10-26,25758.0,25758.0,25504.0,25644.2,28546169.0,2076.11
2017-10-27,25817.35,26128.2,25721.2,25814.7,45935661.0,3519.85
2017-10-30,25837.15,25947.6,25608.1,25637.6,40059666.0,2014.17
2017-10-31,25746.95,25750.7,25570.75,25687.7,22388937.0,1201.09
2017-11-01,25784.5,26152.5,25771.55,26083.75,25020585.0,1401.88
2017-11-02,26090.8,26112.4,25795.15,25823.9,23646276.0,1079.32
2017-11-03,25939.0,25939.05,25738.8,25790.5,13690092.0,798.07
2017-11-06,25829.0,25994.55,25801.1,25821.9,21088579.0,1010.6
2017-11-07,25872.2,25946.45,25687.8,25760.95,20169833.0,1016.42
2017-11-08,25793.9,25863.15,25694.7,25741.35,15267916.0,962.57
2017-11-09,25905.1,26030.4,25558.0,25726.15,38981807.0,1663.3
2017-11-10,25775.6,26010.2,25706.35,25920.55,30816192.0,1433.7
2017-11-13,26015.65,26069.5,25611.25,25664.4,16373643.0,1057.35
2017-11-14,25721.15,25798.45,25536.75,25579.5,31150470.0,1348.83
2017-11-15,25564.45,25597.2,25166.2,25273.75,42626487.0,1565.04
2017-11-16,25377.9,25585.55,25200.7,25544.3,23396394.0,1223.09
2017-11-17,25682.0,25845.85,25682.0,25749.0,23519406.0,1247.52
2017-11-20,25791.45,25914.25,25658.65,25855.35,25860313.0,1077.91
2017-11-21,25894.95,25955.7,25657.2,25703.0,33778770.0,1308.54
2017-11-22,25733.25,25819.35,25656.8,25796.65,18631945.0,973.94
2017-11-23,25847.05,25936.8,25705.65,25785.65,15867894.0,817.65
2017-11-24,25835.35,26002.0,25760.1,25971.2,17328960.0,1029.6
2017-11-27,25923.1,25952.3,25744.9,25906.8,12720716.0,933.34
2017-11-28,25914.1,26015.4,25775.4,25936.45,36381031.0,1727.15
2017-11-29,26019.35,26048.6,25912.85,25972.85,19847222.0,999.2
2017-11-30,25944.15,25983.5,25747.2,25820.05,47702271.0,3418.34
2017-12-01,25886.75,26027.8,25618.8,25666.8,18381944.0,897.21
2017-12-04,25750.95,25794.1,25526.55,25758.0,15903694.0,814.41
2017-12-05,25788.2,25789.1,25580.25,25695.65,18744481.0,921.7
2017-12-06,25655.15,25713.5,25574.45,25622.15,19179639.0,1113.01
2017-12-07,25578.3,25893.3,25577.8,25848.7,15192655.0,1035.3
2017-12-08,25939.65,26491.25,25914.55,26459.55,24558457.0,1325.22
2017-12-11,26623.45,26750.1,26489.15,26709.65,30160731.0,1262.74
2017-12-12,26616.1,26649.9,26308.6,26353.75,21182295.0,1084.91
2017-12-13,26286.55,26485.0,26059.8,26159.7,20537395.0,996.01
2017-12-14,26290.65,26500.85,26027.25,26383.3,18200702.0,939.55
2017-12-15,26539.5,26617.8,26357.6,26430.8,22496153.0,1156.76
2017-12-18,26426.0,26619.15,25871.2,26453.55,19921120.0,1036.87
2017-12-19,26483.6,26712.15,26479.25,26694.0,20757761.0,1252.66
2017-12-20,26722.55,26817.35,26562.55,26729.75,18565616.0,1072.89
2017-12-21,26878.75,26878.75,26604.25,26667.9,12625851.0,717.16
2017-12-22,26695.5,26773.55,26645.75,26710.3,15415184.0,888.68
2017-12-26,26724.85,26794.2,26662.1,26725.0,16933930.0,800.31
2017-12-27,26763.1,26784.6,26588.5,26637.0,12792003.0,719.35
2017-12-28,26755.5,26829.7,26567.3,26613.95,29722168.0,1778.12
2017-12-29,26683.95,26880.1,26653.7,26851.5,18811495.0,1061.79
2018-01-01,26885.6,26960.5,26636.4,26686.35,15110093.0,725.21
2018-01-02,26734.35,26802.35,26474.05,26533.5,12462339.0,813.33
2018-01-03,26606.95,26762.8,26572.35,26648.4,20023647.0,1079.33
2018-01-04,26657.1,26718.65,26611.05,26689.6,17409477.0,934.26
2018-01-05,26730.4,26946.6,26728.55,26914.3,19321951.0,1499.96
2018-01-08,26980.65,27147.0,26954.4,27120.85,22820261.0,1148.62
2018-01-09,27150.75,27367.1,27056.75,27249.2,32220918.0,1343.91
2018-01-10,27397.45,27482.8,27164.7,27210.6,24237721.0,1255.31
2018-01-11,27186.8,27338.7,27143.75,27307.7,21301310.0,1106.87
2018-01-12,27370.3,27424.05,27035.7,27196.65,29277994.0,1438.12
2018-01-15,27238.85,27404.15,27148.8,27171.4,21129791.0,1143.76
2018-01-16,27229.6,27327.55,26796.8,26874.55,22816313.0,1171.45
2018-01-17,26906.15,27117.6,26631.95,27044.75,27758956.0,1485.79
2018-01-18,27304.3,27567.1,27140.35,27347.85,38956924.0,2021.97
2018-01-19,27539.3,27573.65,27238.0,27517.1,39050314.0,2443.31
2018-01-22,27555.8,27680.1,27452.25,27607.75,24017874.0,2549.8
2018-01-23,27673.7,27801.2,27589.1,27761.45,31110307.0,1983.6
2018-01-24,27691.5,27924.2,27562.95,27889.05,29611634.0,2382.86
2018-01-25,27866.15,27895.5,27614.35,27716.5,27303323.0,2039.79
2018-01-29,27735.45,27858.75,27464.6,27557.35,18192106.0,1176.36
2018-01-30,27503.4,27579.4,27313.9,27512.1,22072257.0,1313.72
2018-01-31,27457.15,27479.8,27012.9,27127.3,36400861.0,1871.65
2018-02-01,27190.45,28099.6,26843.6,27351.9,72530946.0,2833.93
2018-02-02,27164.95,27735.85,26871.1,27180.1,49825017.0,2152.72
2018-02-05,26898.15,27281.1,26802.2,27191.7,36207512.0,1858.26
2018-02-06,26257.15,26899.8,26193.15,26672.6,34339414.0,1863.51
2018-02-07,26984.8,27023.1,26691.65,26733.55,28790960.0,1396.42
2018-02-08,26856.85,26944.85,26678.95,26786.6,22520502.0,1137.57
2018-02-09,26460.15,26724.6,26342.55,26664.3,21952594.0,1090.7
2018-02-12,26849.4,26945.1,26707.85,26782.2,19396923.0,1090.35
2018-02-14,26900.0,26926.95,26557.2,26645.1,21864465.0,1277.99
2018-02-15,26701.75,26877.25,26597.95,26733.5,20616456.0,1332.17
2018-02-16,26890.75,26906.0,26520.35,26599.05,13858785.0,979.9
2018-02-19,26635.55,26659.3,26262.55,26411.4,13027486.0,777.23
2018-02-20,26411.9,26537.55,26303.5,26356.4,19465315.0,1050.4
2018-02-21,26468.4,26603.95,26388.5,26572.0,19584422.0,1002.13
2018-02-22,26530.3,26574.35,26400.65,26460.75,33133430.0,1601.29
2018-02-23,26538.05,26699.6,26448.3,26669.9,16522592.0,892.97
2018-02-26,26677.85,26779.75,26610.0,26645.85,19990797.0,1060.48
2018-02-27,26767.55,26807.2,26681.95,26728.2,18478957.0,1154.86
2018-02-28,26592.55,26640.55,26440.4,26513.7,24194450.0,1205.85
2018-03-01,26489.6,26589.55,26380.85,26492.35,16274536.0,922.21
2018-03-05,26434.8,26434.85,26093.35,26164.75,20210900.0,935.41
2018-03-06,26232.65,26353.05,25793.7,25891.8,20378186.0,1161.27
2018-03-07,25887.1,26139.3,25730.8,26061.1,26614374.0,1254.78
2018-03-08,26165.0,26262.55,25883.85,25953.2,22767148.0,1184.44
2018-03-09,25993.0,26140.0,25951.4,26020.05,,
2018-03-12,26322.15,26743.15,26271.05,26703.0,28759743.0,1392.22
2018-03-13,26694.95,26817.45,26482.25,26644.8,18431868.0,981.65
2018-03-14,26549.1,26584.4,26371.85,26532.15,16077554.0,828.21
2018-03-15,26479.0,26638.3,26341.75,26381.3,15975480.0,1130.49
2018-03-16,26438.5,26438.5,25911.05,26052.15,36372384.0,1945.96
2018-03-19,26127.85,26152.55,25885.95,25935.8,23928336.0,1267.1
2018-03-20,25864.4,26084.8,25860.9,26044.0,19194578.0,987.04
2018-03-21,26117.8,26245.75,26059.8,26093.0,,
2018-03-22,26126.55,26228.45,26009.0,26036.15,21099810.0,1633.84
2018-03-23,25749.2,26025.6,25695.95,25910.05,22239103.0,1406.33
2018-03-26,25795.05,26218.4,25777.95,26168.95,24719377.0,1521.04
2018-03-27,26300.45,26362.6,26132.85,26300.15,20571765.0,1367.88
2018-03-28,26210.2,26316.5,26055.0,26127.4,27855305.0,1637.31
2018-04-02,26169.35,26573.45,26151.0,26501.45,,
2018-04-03,26462.95,26588.65,26357.05,26506.45,,
2018-04-04,26551.35,26586.25,26375.6,26448.05,18929208.0,1122.59
2018-04-05,26467.45,26698.7,26447.6,26676.45,16795351.0,853.54
2018-04-06,26747.05,26835.0,26667.9,26805.9,15244584.0,1262.09
2018-04-09,26811.85,27140.05,26803.6,27107.7,,
2018-04-10,27188.55,27208.55,27049.4,27103.45,22459528.0,1098.24
2018-04-11,27140.4,27223.0,26950.75,27159.4,14391285.0,1136.39
2018-04-12,27168.5,27174.0,26971.25,27041.45,14769032.0,1045.84
2018-04-13,27133.8,27156.55,26898.25,26982.9,14071105.0,1126.84
2018-04-16,26932.4,27295.65,26924.2,27267.2,12348120.0,754.83
2018-04-17,27354.6,27571.05,27228.0,27536.7,24907586.0,1346.87
2018-04-18,27650.45,28184.25,27589.65,28016.85,,
2018-04-19,28158.75,28290.7,28036.5,28173.2,23764360.0,1243.76
2018-04-20,28055.1,28246.95,27926.8,28110.95,17861913.0,960.92
2018-04-23,28136.6,28180.65,28003.9,28022.05,17360905.0,887.88
2018-04-24,28130.0,28282.3,28009.75,28078.7,16181415.0,982.89
2018-04-25,28070.75,28138.25,27873.75,28013.1,14645098.0,867.14
2018-04-26,28102.65,28399.45,28010.0,28342.35,35730630.0,1760.73
2018-04-27,28445.5,28557.95,28371.5,28433.5,17543978.0,1028.72
2018-04-30,28483.15,28832.0,28479.55,28772.75,14358532.0,789.27
2018-05-02,28870.7,29133.8,28697.7,28818.2,34644085.0,1637.61
2018-05-03,28797.15,28865.9,28392.6,28486.3,20034044.0,1083.72
2018-05-04,28615.5,28657.1,28104.85,28177.95,20569599.0,1035.83
2018-05-07,28286.35,28635.25,28195.0,28586.5,15509642.0,1004.1
2018-05-08,28642.4,28692.9,28523.2,28555.15,20798639.0,2297.12
2018-05-09,28481.5,28593.55,28399.05,28435.9,13088408.0,1284.42
2018-05-10,28460.75,28580.75,28135.3,28231.35,14296838.0,1208.05
2018-05-11,28342.15,28496.75,28213.5,28476.0,12560746.0,1012.52
2018-05-14,28519.9,28620.4,28338.7,28437.1,27949295.0,1271.39
2018-05-15,28546.3,28669.1,28292.25,28352.65,27172742.0,1828.51
2018-05-16,28219.6,28987.5,28200.65,28866.0,35432904.0,1889.42
2018-05-17,29002.25,29037.1,28441.6,28496.0,26796635.0,1431.8
2018-05-18,28469.0,28985.6,28320.35,28852.7,26116894.0,1587.91
2018-05-21,28911.6,28961.6,28602.25,28673.7,23006893.0,1697.45
2018-05-22,28623.0,28757.9,28528.2,28593.35,15467225.0,1222.31
2018-05-23,28589.15,28669.3,28381.2,28415.4,17986609.0,1154.8
2018-05-24,28486.6,28628.15,28327.45,28500.25,19072318.0,1294.19
2018-05-25,28453.35,28728.05,28303.1,28595.8,23361306.0,2177.25
2018-05-28,28746.6,28889.25,28640.4,28791.85,15578568.0,1074.4
2018-05-29,28726.55,28952.55,28621.7,28706.1,18255333.0,1415.41
2018-05-30,28591.85,28705.9,28506.0,28658.05,22764560.0,1926.44
2018-05-31,28756.65,28861.7,28577.6,28814.3,31362300.0,2258.8
2018-06-01,28839.0,28907.4,28579.65,28611.4,17369395.0,1219.3
2018-06-04,28669.95,28678.05,28325.7,28394.8,16490257.0,1147.43
2018-06-05,28417.2,28482.85,28287.35,28346.45,18139530.0,1250.91
2018-06-06,28378.1,28645.85,28368.5,28602.0,17741206.0,1145.59
2018-06-07,28659.85,28897.8,28657.05,28864.2,15891413.0,1149.57
2018-06-08,28843.05,28866.45,28619.55,28713.5,14457896.0,988.24
2018-06-11,28779.3,29007.05,28722.2,28806.3,21769845.0,1276.56
2018-06-12,28844.9,29122.65,28794.65,29060.65,15921389.0,1061.44
2018-06-13,29151.7,29161.05,28874.55,28915.65,14692581.0,969.5
2018-06-14,28863.5,29016.1,28773.5,28885.05,19508052.0,1324.19
2018-06-15,28842.65,28891.55,28618.9,28774.55,24678382.0,1724.13
2018-06-18,28807.45,28904.8,28673.1,28711.8,13866646.0,984.13
2018-06-19,28688.35,28722.05,28497.75,28651.6,21824735.0,1237.2
2018-06-20,28684.2,28721.95,28456.35,28519.6,21211422.0,1326.48
2018-06-21,28519.35,28580.4,28298.0,28330.5,17026875.0,922.7
2018-06-22,28295.05,28687.85,28200.2,28630.75,28876965.0,1481.46
2018-06-25,28670.2,28680.05,28429.5,28495.65,22298119.0,1106.46
2018-06-26,28494.05,28868.25,28471.7,28792.15,22434207.0,1222.5
2018-06-27,28859.2,28874.1,28556.3,28625.15,24477246.0,1588.94
2018-06-28,28590.9,28676.95,28318.2,28411.85,29399946.0,1464.74
2018-06-29,28517.45,29016.9,28473.6,28966.0,22095986.0,1257.86
2018-07-02,29025.3,29029.7,28601.2,28777.5,30789716.0,1347.87
2018-07-03,28826.55,29040.1,28691.75,28973.6,27134492.0,1393.94
2018-07-04,29014.3,29138.1,28822.05,29108.15,20240287.0,1109.18
2018-07-05,29146.4,29519.9,29063.9,29399.15,27289991.0,1287.0
2018-07-06,29385.7,29555.15,29262.2,29344.65,25982469.0,1412.74
2018-07-09,29504.65,29663.65,29352.1,29587.55,19402482.0,1049.33
2018-07-10,29674.1,29746.75,29549.5,29715.4,21183605.0,1152.37
2018-07-11,29710.9,29958.1,29543.05,29802.6,23896352.0,1359.25
2018-07-12,29862.75,30008.3,29772.8,29932.65,25435887.0,1391.82
2018-07-13,29976.25,30036.3,29546.4,29629.55,33306729.0,1450.37
2018-07-16,29655.3,29824.65,29522.7,29571.35,23523801.0,1410.81
2018-07-17,29636.35,29740.25,29231.3,29273.05,29081500.0,2078.03
2018-07-18,29400.8,29427.45,28897.65,28993.15,24732196.0,1494.91
2018-07-19,29035.4,29254.2,28838.2,29212.5,22719605.0,1180.99
2018-07-20,29236.25,29374.85,29080.1,29281.0,21407985.0,1409.59
2018-07-23,29643.55,30031.7,29529.95,30000.9,38962495.0,1775.33
2018-07-24,30041.15,30162.6,29858.1,30026.15,28529536.0,1505.52
2018-07-25,30000.25,30098.1,29918.6,29965.25,34328564.0,2296.56
2018-07-26,30050.35,30242.95,29834.75,30036.25,40898850.0,2353.41
2018-07-27,30641.6,31014.8,30410.9,30749.35,90519072.0,3376.9
2018-07-30,30787.75,30928.35,30658.7,30836.6,29625073.0,1650.95
2018-07-31,30863.25,31038.25,30638.55,31007.25,48753410.0,2420.51
2018-08-01,31085.85,31244.75,30886.45,31175.1,49180599.0,2233.17
2018-08-02,31137.85,31364.45,31003.5,31075.25,31565330.0,1573.52
2018-08-03,31162.3,31490.7,31044.8,31424.95,32593926.0,1832.29
2018-08-06,31505.95,31551.35,31134.95,31222.0,22313682.0,1730.04
2018-08-07,31304.2,31328.95,31083.7,31140.35,19908767.0,1402.61
2018-08-08,31141.3,31335.8,31117.6,31302.5,18327407.0,1251.72
2018-08-09,31376.0,31505.9,31221.85,31378.55,19259356.0,1121.19
2018-08-10,31345.95,31551.5,31269.05,31474.9,25124863.0,1316.61
2018-08-13,31354.7,31652.0,31317.6,31479.75,21768571.0,1404.55
2018-08-14,31545.7,31821.6,31526.15,31725.25,23492575.0,1326.56
2018-08-16,31701.65,31848.5,31532.05,31731.25,31529892.0,1692.83
2018-08-17,31799.2,32383.2,31785.95,32340.05,41062169.0,2200.21
2018-08-20,32422.0,32466.95,32291.55,32379.4,31049825.0,1592.02
2018-08-21,32455.3,32534.9,32240.1,32306.4,28108612.0,1646.55
2018-08-23,32457.6,32660.6,32251.95,32600.25,37099108.0,2281.37
2018-08-24,32550.15,32583.5,32217.4,32385.55,21473000.0,1507.54
2018-08-27,32508.05,32730.95,32449.5,32604.1,17937947.0,1123.12
2018-08-28,32650.75,32752.0,32455.6,32494.35,18847472.0,1183.4
2018-08-29,32519.2,32577.2,32354.75,32429.6,21240744.0,1229.3
2018-08-30,32458.65,32898.35,32445.15,32844.0,40700509.0,2294.25
2018-08-31,32984.35,33067.15,32773.8,32911.55,34414139.0,1785.2
2018-09-03,33167.9,33167.9,31978.35,32109.55,26090972.0,1528.18
2018-09-04,32033.85,32042.35,31223.55,31442.65,33062263.0,2326.04
2018-09-05,31395.15,31456.65,30931.8,31168.85,26756509.0,1883.81
2018-09-06,31299.3,31377.65,30952.7,31157.25,20412571.0,1475.76
2018-09-07,31241.55,31438.35,31009.3,31354.3,17249497.0,1155.65
2018-09-10,31305.5,31348.15,30769.8,30811.6,25926492.0,1279.74
2018-09-11,30845.2,30874.25,29988.85,30067.55,44199495.0,2222.51
2018-09-12,30147.5,30873.55,30029.75,30828.2,42283776.0,2163.9
2018-09-14,30957.2,31095.5,30834.5,30987.6,31484888.0,1767.77
2018-09-17,30824.8,30832.65,30483.5,30559.75,16551447.0,1003.17
2018-09-18,30647.2,31049.85,30568.05,30893.25,24817709.0,1856.75
2018-09-19,31027.75,31084.7,30385.15,30487.7,19727525.0,1312.86
2018-09-21,30555.85,30787.05,29728.65,30406.9,41659774.0,2523.04
2018-09-24,30510.35,30572.45,29415.3,29749.2,29254316.0,1580.26
2018-09-25,29763.1,30209.75,29384.35,30124.35,28238372.0,1471.11
2018-09-26,30352.85,30352.85,29507.8,29682.65,34319814.0,1698.56
2018-09-27,29726.3,29753.75,29431.0,29660.25,30522414.0,1716.68
2018-09-28,29808.1,29902.25,29372.7,29757.7,42492078.0,2275.13
2018-10-01,29908.9,30029.4,29488.85,29923.65,21919553.0,1344.21
2018-10-03,29916.35,29945.75,29444.15,29498.05,18905641.0,1123.07
2018-10-04,29274.2,29335.2,28506.9,28630.1,22095817.0,1399.14
2018-10-05,28457.3,28488.6,27782.4,27873.8,37536992.0,1866.11
2018-10-08,27957.65,28087.4,27421.25,27705.8,33060651.0,1614.22
2018-10-09,27882.95,27893.75,27013.9,27149.65,32394771.0,1713.26
2018-10-10,27210.45,27663.25,27096.9,27596.5,29491751.0,1543.83
2018-10-11,26954.7,27519.3,26889.65,27375.0,27486143.0,1437.11
2018-10-12,27655.55,28291.0,27617.1,28153.55,31598562.0,1600.6
2018-10-15,28329.3,28385.55,27931.7,28330.7,32254132.0,1779.87
2018-10-16,28425.3,28577.75,28124.75,28498.25,23764133.0,1307.33
2018-10-17,28680.45,29059.4,28412.35,28623.35,34682457.0,1738.06
2018-10-19,28515.65,28956.75,28476.1,28845.25,20935530.0,1167.93
2018-10-22,29062.3,29116.7,28729.2,28797.55,25976254.0,1238.69
2018-10-23,28596.25,28797.7,28403.45,28480.6,22825660.0,1263.48
2018-10-24,28680.75,28784.3,28449.15,28631.0,23881827.0,1496.42
2018-10-25,28400.95,28524.7,28284.4,28413.6,33597536.0,2091.89
2018-10-26,28485.7,28502.8,27832.9,28013.55,34161253.0,1645.38
2018-10-29,28070.9,28336.5,27886.9,28257.5,27611526.0,1501.79
2018-10-30,28247.4,28359.3,28112.0,28271.3,25444637.0,1404.48
2018-10-31,28305.5,28599.15,27795.95,28547.1,45780486.0,2130.28
2018-11-01,28628.25,28718.25,28161.7,28355.1,37813719.0,2070.44
2018-11-02,28489.75,29091.05,28489.1,28836.8,32736904.0,1757.93
2018-11-05,28929.3,28929.3,28517.0,28725.1,20726089.0,1081.98
2018-11-06,28874.25,28875.25,28396.5,28497.1,22024383.0,1084.61
2018-11-07,28759.0,28795.65,28652.55,28757.85,2406541.0,141.28
2018-11-09,28769.4,28866.55,28586.0,28731.05,30824705.0,1508.04
2018-11-12,28783.0,28839.6,28479.65,28536.35,21683802.0,1305.72
2018-11-13,28499.05,28850.35,28405.0,28783.35,26888800.0,1544.87
2018-11-14,28892.6,29196.15,28803.6,29047.9,22304571.0,1413.9
2018-11-15,29134.3,29277.15,28900.35,29020.5,27852163.0,1545.82
2018-11-16,29099.95,29266.4,29041.55,29153.35,26522264.0,1490.48
2018-11-19,29248.3,29702.35,29141.6,29651.6,29200252.0,1387.6
2018-11-20,29660.2,29721.1,29307.95,29407.65,20012991.0,1166.86
2018-11-21,29425.75,29516.45,29228.8,29390.85,15307113.0,1037.56
2018-11-22,29385.65,29581.05,29179.75,29244.1,18660074.0,1044.19
2018-11-26,29336.3,29984.95,29312.75,29935.5,26440792.0,1626.66
2018-11-27,29938.15,29951.8,29711.95,29913.45,21772153.0,1431.16
2018-11-28,29952.95,30151.9,29578.1,29682.6,20661001.0,1246.52
2018-11-29,29863.05,30176.3,29798.5,30097.95,28979967.0,1667.62
2018-11-30,30226.15,30438.55,29924.7,30126.25,29499881.0,2023.32
2018-12-03,30312.0,30526.25,30077.85,30348.35,27261251.0,2486.24
2018-12-04,30306.05,30476.45,30111.1,30150.7,20480866.0,1646.51
2018-12-05,30056.95,30101.8,29745.0,29936.2,25361827.0,1575.68
2018-12-06,29803.85,29803.85,29440.5,29489.3,24811527.0,1574.2
2018-12-07,29606.15,29745.65,29530.95,29673.65,20648264.0,1362.99
2018-12-10,29315.9,29382.55,29161.8,29211.5,16809916.0,1014.53
2018-12-11,28974.65,29700.9,28960.65,29562.95,24788061.0,1623.17
2018-12-12,29656.35,30169.4,29573.65,30085.4,27735120.0,1691.6
2018-12-13,30286.95,30489.05,30179.05,30291.25,34381258.0,2075.45
2018-12-14,30166.9,30406.75,30119.55,30371.5,22204600.0,1471.34
2018-12-17,30477.6,30719.7,30393.5,30624.2,25830591.0,1464.68
2018-12-18,30566.65,30652.65,30426.1,30589.4,23869735.0,1678.61
2018-12-19,30720.3,31058.65,30692.5,30977.25,35218693.0,2227.73
2018-12-20,30791.65,31064.35,30642.15,30759.95,18413821.0,1293.16
2018-12-21,30798.0,30886.6,30157.35,30199.8,24031966.0,1441.15
2018-12-24,30371.7,30420.05,29876.4,29950.95,27425019.0,1584.12
2018-12-26,29841.2,30109.1,29569.8,29996.25,35573877.0,2627.0
2018-12-27,30218.25,30431.35,30148.95,30377.5,35923531.0,1915.33
2018-12-28,30354.75,30666.6,30336.45,30544.0,26462642.0,1476.2
2018-12-31,30633.85,30729.05,30486.5,30516.65,15478306.0,1026.6
2019-01-01,30579.1,30613.2,30259.65,30398.45,10324249.0,730.34
2019-01-02,30347.6,30455.1,29985.8,30195.2,23768072.0,1510.5
2019-01-03,30187.8,30479.3,30122.1,30189.2,20217241.0,1252.16
2019-01-04,30256.1,30350.3,30085.5,30190.2,20339807.0,1327.42
2019-01-07,30440.9,30491.2,30241.9,30282.6,20899470.0,1128.42
2019-01-08,30341.85,30385.1,30159.7,30272.0,18731288.0,1195.03
2019-01-09,30404.7,30640.7,30331.05,30577.35,24818176.0,1459.78
2019-01-10,30614.55,30774.3,30519.25,30571.65,19305431.0,1139.49
2019-01-11,30704.45,30849.25,30611.95,30759.05,25793965.0,1292.49
2019-01-14,30735.1,30753.0,30456.8,30716.4,16657850.0,959.76
2019-01-15,30797.2,31045.9,30759.9,31011.05,20150165.0,1256.89
2019-01-16,30995.25,31040.85,30691.0,30783.85,17921690.0,1233.81
2019-01-17,30822.3,30912.8,30514.95,30737.25,21370739.0,1338.35
2019-01-18,30727.8,30855.95,30461.3,30540.35,21911405.0,1416.66
2019-01-21,30626.7,30727.4,30403.0,30485.0,19604898.0,1382.95
2019-01-22,30486.3,30592.4,30205.35,30507.6,22864495.0,1510.02
2019-01-23,30620.0,30854.55,29869.75,29991.4,51981317.0,2288.37
2019-01-24,30118.75,30264.55,29983.4,30036.75,42081326.0,1999.0
2019-01-25,30125.8,30331.1,29856.25,29938.05,22428348.0,1434.35
2019-01-28,29951.8,29991.3,29533.5,29565.55,19921938.0,1136.2
2019-01-29,29561.55,29842.1,29488.7,29758.9,17781812.0,1087.29
2019-01-30,29853.9,29857.55,29337.35,29463.85,30784000.0,2077.09
2019-01-31,29571.8,29872.75,29450.6,29800.55,47908371.0,2732.29
2019-02-01,29936.1,30536.6,29872.2,30199.9,43443621.0,2750.68
2019-02-04,30233.0,30299.35,29889.2,30008.9,19318602.0,1354.11
2019-02-05,30023.95,30053.65,29695.35,29759.85,37339130.0,2542.08
2019-02-06,29883.35,30074.65,29805.6,30029.0,28548850.0,2123.02
2019-02-07,30091.65,30319.5,30034.45,30266.3,22339374.0,1575.51
2019-02-08,30163.2,30315.45,29699.9,29769.05,16403218.0,1282.18
2019-02-11,29744.5,29842.95,29320.85,29728.5,24711817.0,1316.38
2019-02-12,29767.6,29817.9,29483.5,29524.0,20199811.0,1199.92
2019-02-13,29779.25,29970.1,29365.65,29438.5,29306568.0,1654.2
2019-02-14,29423.8,29597.3,29399.95,29451.45,21880290.0,1342.33
2019-02-15,29542.75,29568.3,29003.25,29309.1,51245356.0,2166.68
2019-02-18,29238.35,29348.65,28887.7,28965.15,56594379.0,2422.89
2019-02-19,28913.2,29267.7,28913.2,29009.7,55365248.0,2531.75
2019-02-20,29124.35,29175.7,28907.6,29053.4,19553998.0,1326.52
2019-02-21,29092.55,29229.3,29024.75,29166.35,21946832.0,1421.86
2019-02-22,29214.6,29282.0,29121.0,29241.2,22015109.0,1373.75
2019-02-25,29294.45,29362.7,29165.6,29327.05,42226812.0,1947.65
2019-02-26,29171.0,29391.3,29095.05,29253.65,28240715.0,1805.08
2019-02-27,29340.85,29547.85,29055.6,29171.95,30000909.0,1659.63
2019-02-28,29375.15,29375.15,29180.95,29262.85,60223280.0,2581.69
2019-03-01,29335.2,29494.75,29334.45,29464.9,23232320.0,1238.32
2019-03-05,29559.35,29726.1,29371.8,29649.2,29030097.0,1559.34
2019-03-06,29822.65,29997.7,29651.3,29710.3,37894667.0,2242.95
2019-03-07,29812.0,30012.9,29754.2,29904.05,26558673.0,1597.69
2019-03-08,29920.2,30071.05,29777.5,29945.75,23274485.0,1267.36
2019-03-11,30069.2,30290.8,29977.35,30256.4,32289014.0,1667.93
2019-03-12,30411.35,30563.75,30387.35,30480.8,29800665.0,1744.81
2019-03-13,30578.85,30628.95,30391.4,30451.6,24797164.0,1421.18
2019-03-14,30500.25,30516.3,30166.35,30467.3,27751589.0,1578.01
2019-03-15,30538.2,30553.35,29854.7,29953.4,42328262.0,2464.86
2019-03-18,30105.5,30192.7,29971.75,30172.3,22699510.0,1438.84
2019-03-19,30244.6,30468.85,30119.85,30433.15,30877740.0,1874.92
2019-03-20,30491.75,30584.05,30250.4,30297.35,30051038.0,1726.45
2019-03-22,30363.6,30424.7,30095.7,30198.85,21614196.0,1404.01
2019-03-25,30065.8,30065.8,29792.25,29921.45,23753563.0,1625.27
2019-03-26,29959.6,30013.9,29787.95,29957.8,22946782.0,1458.97
2019-03-27,30012.95,30202.2,29821.4,29891.35,27271587.0,1679.42
2019-03-28,29952.6,30316.1,29882.25,30243.25,41830420.0,3071.49
2019-03-29,30430.45,30443.75,30245.25,30321.4,33942204.0,2087.89
2019-04-01,30402.6,30539.4,30162.15,30193.15,22973796.0,1421.04
2019-04-02,30237.15,30295.0,30024.7,30073.15,26883591.0,1403.65
2019-04-03,30140.0,30177.95,29929.6,29969.0,28648668.0,1501.65
2019-04-04,29980.6,30078.35,29907.35,29998.7,20403646.0,1233.4
2019-04-05,30057.6,30100.0,29801.1,29869.15,21563374.0,1272.37
2019-04-08,29934.65,29986.15,29731.25,29804.45,15017780.0,991.8
2019-04-09,29834.0,30038.4,29787.3,30019.25,16200092.0,998.18
2019-04-10,30052.3,30133.65,29948.85,29994.95,20128277.0,1301.88
2019-04-11,30034.0,30203.5,29998.3,30151.15,26697765.0,1613.77
2019-04-12,30205.4,30582.25,30193.5,30533.7,36470890.0,1758.68
2019-04-15,30670.35,30751.7,30455.0,30547.4,23623321.0,1163.6
2019-04-16,30643.2,30828.1,30578.75,30742.6,20683496.0,1277.15
2019-04-18,30785.65,30811.35,30532.45,30558.95,22804409.0,1314.08
2019-04-22,30539.65,30562.8,30365.1,30418.1,14106079.0,782.63
2019-04-23,30459.8,30565.15,30407.6,30495.05,19629974.0,1031.39
2019-04-24,30493.45,30678.75,30247.75,30631.25,29832006.0,1312.08
2019-04-25,30686.95,30786.15,30312.2,30371.3,38457309.0,1781.59
2019-04-26,30446.1,30511.35,30298.35,30440.75,14392110.0,860.8
2019-04-30,30442.45,30628.75,30255.1,30336.9,24101454.0,1291.64
2019-05-02,30349.5,30442.6,30030.25,30091.25,31138750.0,1846.78
2019-05-03,30026.0,30063.4,29688.15,29750.55,25929607.0,1890.44
2019-05-06,29677.05,29677.05,29371.1,29575.85,19977935.0,1402.04
2019-05-07,29742.45,29910.75,29521.0,29557.05,40204807.0,2198.39
2019-05-08,29480.7,29587.45,29310.4,29395.7,26240056.0,1432.1
2019-05-09,29296.05,29550.6,29217.05,29474.8,20225348.0,1098.73
2019-05-10,29505.3,29533.3,29257.2,29359.05,18436110.0,1070.14
2019-05-13,29295.95,29658.55,28988.55,29061.0,48698880.0,1901.43
2019-05-14,29105.3,29406.65,28996.2,29235.1,36928697.0,1673.87
2019-05-15,29361.0,29368.75,29118.55,29185.1,36347341.0,1983.48
2019-05-16,29258.8,29344.2,29032.1,29228.7,45065053.0,1732.23
2019-05-17,29251.7,30002.45,29250.9,29962.15,46727172.0,2153.74
2019-05-20,30447.05,30592.85,30055.5,30547.65,33027463.0,1688.54
2019-05-21,30557.65,30824.95,30491.3,30537.9,32762161.0,2002.4
2019-05-22,30459.65,30459.65,30064.25,30247.65,27293137.0,1383.56
2019-05-23,30609.65,30664.0,29630.8,29723.8,45616577.0,1967.24
2019-05-24,29889.8,30038.3,29606.85,29965.4,29148853.0,1604.69
2019-05-27,29994.05,30129.3,29948.9,30105.4,21432272.0,1273.17
2019-05-28,30194.45,30223.55,29997.1,30068.95,36831783.0,1993.08
2019-05-29,30073.6,30207.75,29960.8,30014.2,18426320.0,945.3
2019-05-30,30055.7,30124.8,29974.9,30002.4,24842085.0,1314.3
2019-05-31,30060.95,30316.75,29756.4,29850.4,48777826.0,2171.12
2019-06-03,30019.95,30313.35,29956.3,30278.75,38563328.0,1965.63
2019-06-04,30254.1,30339.95,30150.75,30197.95,36086791.0,1617.07
2019-06-06,30313.1,30375.0,30010.1,30057.4,28037466.0,1489.63
2019-06-07,30098.1,30110.9,29793.6,29971.45,20464421.0,984.31
2019-06-10,30161.4,30437.25,30117.6,30360.9,22483520.0,1228.01
2019-06-11,30459.55,30466.9,30267.3,30311.3,20035966.0,1126.63
2019-06-12,30351.0,30433.0,30156.9,30379.25,17450219.0,900.9
2019-06-13,30351.5,30389.7,30162.6,30354.55,14875584.0,795.82
2019-06-14,30313.95,30356.0,29897.5,29966.1,16180099.0,867.27
2019-06-17,30019.4,30020.55,29657.25,29703.9,19005568.0,947.87
2019-06-18,29706.3,29733.55,29409.85,29580.75,29398576.0,1579.18
2019-06-19,29657.5,29789.8,29473.35,29585.4,19741541.0,950.38
2019-06-20,29467.15,29702.85,29357.1,29651.45,22642382.0,1043.21
2019-06-21,29642.8,29665.7,29388.5,29423.85,37626684.0,1870.56
2019-06-24,29440.7,29625.5,29406.85,29464.2,41483451.0,1548.66
2019-06-25,29424.85,29618.6,29285.65,29552.6,33851661.0,1387.56
2019-06-26,29508.05,29634.5,29440.85,29524.1,31551759.0,1665.6
2019-06-27,29591.25,29668.8,29429.95,29486.8,39820803.0,1824.21
2019-06-28,29544.2,29575.25,29446.65,29546.05,22332813.0,1190.89
2019-07-01,29630.1,29728.8,29579.4,29600.4,14018949.0,761.43
2019-07-02,29663.35,29750.9,29568.75,29710.95,20226219.0,1001.05
2019-07-03,29776.35,29850.35,29609.35,29812.65,28596202.0,1326.07
2019-07-04,29830.45,29924.75,29754.15,29889.45,21259166.0,1064.84
2019-07-05,29940.2,30151.3,29570.25,29973.25,50510430.0,1957.14
2019-07-08,29931.8,29999.95,29541.8,29594.65,23794696.0,1216.99
2019-07-09,29539.9,29550.55,29259.4,29321.3,19743464.0,1149.46
2019-07-10,29322.25,29495.8,29056.55,29154.05,19801803.0,1017.73
2019-07-11,29201.2,29370.55,29166.2,29293.65,16523982.0,813.68
2019-07-12,29269.05,29406.7,29157.0,29252.0,21635959.0,1128.03
2019-07-15,29288.95,29329.0,29023.85,29079.9,17628528.0,851.26
2019-07-16,29101.0,29420.5,29078.1,29366.6,19143296.0,1172.24
2019-07-17,29367.95,29631.7,29285.7,29614.25,21582629.0,1273.08
2019-07-18,29620.5,29674.25,29506.75,29553.9,23177175.0,1431.06
2019-07-19,29665.25,29685.95,28936.9,29027.55,31507031.0,1619.24
2019-07-22,29039.05,29054.75,28580.6,28714.95,25801704.0,1273.0
2019-07-23,28783.0,29043.0,28625.1,28990.9,27736970.0,1379.94
2019-07-24,28970.6,29105.05,28719.65,28992.5,29095096.0,1876.7
2019-07-25,29012.4,29225.25,28931.15,28983.55,32751167.0,1892.6
2019-07-26,28970.55,29172.05,28875.45,29142.3,13381422.0,818.28
2019-07-29,29126.6,29248.7,28881.4,28974.95,14447209.0,834.57
2019-07-30,28981.2,29051.55,28817.85,28864.6,22821542.0,1110.51
2019-07-31,28828.3,29157.25,28514.3,29065.95,24885801.0,1275.91
2019-08-01,29011.65,29120.1,28767.75,28925.35,26008573.0,1293.61
2019-08-02,28846.8,29066.7,28623.85,28930.75,28722521.0,1448.63
2019-08-05,28832.05,28882.6,28489.15,28777.55,24451312.0,1207.26
2019-08-06,28687.7,29045.1,28671.75,28847.35,23774162.0,1246.78
2019-08-07,28861.35,29055.8,28771.4,28814.55,22345599.0,1330.81
2019-08-08,28914.9,29165.9,28834.9,29131.8,20797582.0,1253.44
2019-08-09,29219.85,29365.1,29123.65,29302.2,22749012.0,1467.83
2019-08-13,29285.55,29292.3,28643.8,28728.5,36596139.0,1791.88
2019-08-14,28771.65,29021.75,28620.75,28839.6,25993375.0,1433.74
2019-08-16,28822.5,28965.95,28567.35,28889.95,20573084.0,1220.77
2019-08-19,28950.1,29204.1,28795.85,28837.5,24022924.0,1213.7
2019-08-20,28861.05,28872.85,28592.55,28669.85,24153166.0,1338.19
2019-08-21,28704.3,28720.7,28337.55,28399.1,30615494.0,1975.52
2019-08-22,28422.8,28746.4,28342.5,28396.15,23097045.0,1590.8
2019-08-23,28349.5,28422.0,28099.15,28257.1,29634215.0,1429.35
2019-08-26,28526.95,28779.0,28115.05,28707.8,26789257.0,1309.79
2019-08-27,28813.05,29079.7,28735.2,28927.25,32250553.0,2128.13
2019-08-28,28873.4,28978.45,28598.75,28815.0,27695889.0,1712.95
2019-08-29,28707.85,28930.35,28626.8,28751.8,28222760.0,1721.96
2019-08-30,28869.95,29318.2,28676.0,29257.35,28514514.0,1558.53
2019-09-03,29116.45,29142.3,28712.7,28766.9,21178244.0,1206.04
2019-09-04,28812.9,28989.6,28503.0,28725.65,22008508.0,1349.13
2019-09-05,28693.45,28879.25,28612.75,28710.0,19087482.0,1130.32
2019-09-06,28751.3,28851.7,28609.3,28649.75,16059055.0,853.22
2019-09-09,28679.75,28971.0,28616.95,28845.65,19008171.0,964.81
2019-09-11,28830.9,28909.65,28708.75,28759.35,25161449.0,1309.71
2019-09-12,28824.4,28881.9,28534.1,28575.2,21882372.0,1134.98
2019-09-13,28614.65,28678.0,28503.45,28592.05,26539799.0,1248.11
2019-09-16,28496.45,28796.45,28449.35,28751.75,19651323.0,1266.66
2019-09-17,28768.5,28903.0,28641.6,28675.3,26126766.0,1471.3
2019-09-18,28764.9,28821.2,28514.45,28752.15,31276999.0,1367.19
2019-09-19,28794.8,28814.7,28529.05,28575.6,21131302.0,1113.47
2019-09-20,28660.35,30003.6,28500.8,29835.35,94166643.0,4400.95
2019-09-23,30449.3,31813.8,30449.3,31120.1,87252141.0,4493.65
2019-09-24,31197.65,31401.05,30939.65,31312.4,32512629.0,1805.93
2019-09-25,31249.15,31281.75,30810.95,30925.95,37931229.0,1952.64
2019-09-26,30914.75,31185.5,30760.85,31027.7,39950950.0,2474.7
2019-09-27,30977.0,31343.0,30952.85,31026.0,31745350.0,1745.72
2019-09-30,31089.2,31193.35,30745.85,31134.5,32873305.0,1897.72
2019-10-01,31130.25,31341.75,30717.35,30801.35,28815493.0,1584.14
2019-10-03,30819.6,30831.2,30567.95,30791.0,26332585.0,1385.02
2019-10-04,30921.45,30991.75,30300.0,30327.15,33150151.0,1735.34
2019-10-07,30347.15,30527.45,30151.8,30218.1,30123304.0,1502.18
2019-10-09,30249.55,30370.95,30022.8,30269.15,34618805.0,1920.82
2019-10-10,30245.8,30323.25,30071.45,30147.2,32905944.0,1508.89
2019-10-11,30222.9,30498.25,30102.25,30416.2,37651431.0,1854.77
2019-10-14,30585.5,30699.9,30493.1,30591.0,26432735.0,1530.78
2019-10-15,30783.5,31059.6,30687.85,30927.9,26669990.0,2446.25
2019-10-16,30945.6,30980.25,30754.4,30899.0,26229295.0,1508.81
2019-10-17,30928.5,31358.55,30889.3,31331.9,28730635.0,1909.51
2019-10-18,31313.05,31544.2,31227.25,31501.45,26492156.0,1659.51
2019-10-22,31462.4,31842.8,31453.05,31659.4,35348738.0,2332.24
2019-10-23,31739.7,31939.45,31643.55,31899.55,26728900.0,2077.33
2019-10-24,32026.2,32089.75,31649.05,31752.8,28540362.0,1644.01
2019-10-25,32172.15,32176.4,31589.6,31685.6,46467826.0,2323.93
2019-10-27,31879.85,31918.35,31758.4,31803.45,4769954.0,220.1
2019-10-29,31828.7,31995.1,31526.7,31950.75,30676234.0,1822.0
2019-10-30,32229.85,32385.95,32039.8,32274.1,50326074.0,2291.03
2019-10-31,32310.1,32533.75,32208.1,32319.75,52892699.0,2539.32
2019-11-01,32396.1,32591.3,32338.25,32449.85,32862226.0,1820.28
2019-11-04,32541.1,32644.9,32228.3,32255.7,23829411.0,1494.17
2019-11-05,32257.0,32390.05,32064.75,32361.45,30820818.0,1975.62
2019-11-06,32360.6,32543.05,32181.9,32393.0,29055223.0,1994.11
2019-11-07,32587.8,32608.05,32340.75,32535.9,30953761.0,1969.59
2019-11-08,32489.55,32551.45,31907.4,31947.5,29030887.0,2101.78
2019-11-11,31928.4,32061.3,31751.65,31802.55,18384216.0,1339.77
2019-11-13,31913.9,31999.95,31525.15,31582.45,24491690.0,1871.28
2019-11-14,31587.0,31602.35,31347.65,31439.45,24733867.0,1520.14
2019-11-15,31447.15,31624.2,31235.3,31289.7,27814384.0,1396.27
2019-11-18,31342.95,31422.35,31076.65,31165.25,18848184.0,1212.14
2019-11-19,31241.1,31248.6,30924.75,30972.95,21805568.0,1240.83
2019-11-20,31009.3,31210.9,30786.3,31089.35,20591887.0,1294.87
2019-11-21,31128.75,31128.75,30839.45,30893.55,22273320.0,1333.13
2019-11-22,30964.15,31066.85,30745.15,30809.55,25036780.0,1259.81
2019-11-25,30798.9,31127.85,30783.15,31085.6,19187289.0,1231.8
2019-11-26,31137.8,31281.0,30912.1,31055.35,51029897.0,3803.89
2019-11-27,31120.4,31256.1,31096.35,31221.95,19315572.0,1244.12
2019-11-28,31277.6,31290.3,31101.1,31263.4,25965956.0,1330.64
2019-11-29,31243.25,31260.6,30892.1,30975.5,25124223.0,1427.2
2019-12-02,30977.0,31018.55,30823.05,30889.5,22581987.0,1412.7
2019-12-03,30898.2,30983.85,30603.2,30677.5,20505384.0,1369.06
2019-12-04,30629.85,30771.45,30543.1,30705.55,24122501.0,1359.46
2019-12-05,30739.6,30833.8,30665.05,30795.1,22869220.0,1257.71
2019-12-06,30854.75,30883.5,30482.5,30536.45,21202331.0,1147.54
2019-12-09,30562.0,30574.5,30298.7,30375.0,16200608.0,1115.39
2019-12-10,30424.0,30431.75,30024.25,30059.0,26692148.0,1419.22
2019-12-11,30072.8,30250.15,29985.4,30102.45,25519628.0,1345.23
2019-12-12,30155.6,30351.8,30135.15,30227.95,23614875.0,1300.23
2019-12-13,30380.0,30489.25,30245.85,30426.25,20934519.0,1359.55
2019-12-16,30459.8,30523.35,30008.25,30043.1,22268600.0,1320.63
2019-12-17,30115.65,30334.8,30084.35,30182.05,28731629.0,1603.0
2019-12-18,30186.85,30331.9,29964.8,30291.05,34723017.0,2158.5
2019-12-19,30341.05,30515.8,30303.7,30386.1,25215426.0,1508.49
2019-12-20,30372.15,30443.95,30152.8,30356.35,29111225.0,2418.27
2019-12-23,30392.15,30548.5,30173.75,30217.95,32436149.0,1463.45
2019-12-24,30241.95,30302.2,30132.65,30197.55,17316630.0,1040.38
2019-12-26,30218.85,30264.1,30040.65,30063.55,26824232.0,1269.52
2019-12-27,30147.4,30172.4,30063.6,30145.45,21592041.0,1229.35
2019-12-30,30206.4,30367.75,30163.5,30225.35,22976493.0,1219.7
2019-12-31,30254.75,30309.35,30098.1,30121.5,18170821.0,1163.86
2020-01-01,30202.75,30251.2,30119.1,30234.25,10343897.0,676.25
2020-01-02,30271.3,30357.3,30220.05,30266.2,17998667.0,939.47
2020-01-03,30302.15,30306.05,30050.75,30109.25,20089305.0,1229.69
2020-01-06,30024.75,30049.3,29765.15,29799.3,17667570.0,1011.2
2020-01-07,29903.05,30049.35,29841.15,29861.8,18622056.0,1097.36
2020-01-08,29685.15,29932.8,29660.1,29893.2,18127207.0,1302.85
2020-01-09,30071.4,30170.65,30035.3,30123.6,25835515.0,1540.16
2020-01-10,30244.55,30393.2,30183.8,30370.45,27618464.0,1371.61
2020-01-13,30455.75,30735.45,30443.5,30713.45,31666435.0,1834.49
2020-01-14,30798.55,31179.3,30690.7,31145.4,67441140.0,3240.44
2020-01-15,31133.4,31273.05,31006.3,31237.1,38166019.0,2067.56
2020-01-16,31255.9,31507.7,31210.95,31338.2,33199268.0,2277.62
2020-01-17,31372.25,31490.75,31305.65,31371.45,21148293.0,1271.5
2020-01-20,31369.65,31546.8,31368.1,31426.75,24432676.0,1370.05
2020-01-21,31358.35,31362.85,31105.5,31145.95,22451037.0,1161.5
2020-01-22,31270.7,31275.6,31024.4,31153.15,19256107.0,1130.25
2020-01-23,31147.0,31257.15,30995.3,31226.9,25011188.0,1319.04
2020-01-24,31223.05,31526.95,31173.8,31474.9,21949485.0,1375.91
2020-01-27,31373.25,31450.35,31110.55,31149.7,17500325.0,976.58
2020-01-28,31210.55,31234.1,31007.2,31027.05,49576185.0,2901.77
2020-01-29,31150.45,31506.55,31132.2,31426.25,46825220.0,2601.18
2020-01-30,31419.2,31438.35,30849.85,30936.45,37175318.0,2540.91
2020-01-31,31099.25,31108.6,30729.6,30775.3,49149652.0,2871.93
2020-02-01,30865.05,31140.0,30016.4,30196.65,60387092.0,2514.25
2020-02-03,30049.3,30702.95,29833.05,30435.3,102457740.0,4310.87
2020-02-04,30614.05,30857.05,30467.0,30744.0,58565411.0,2751.13
2020-02-05,30885.2,30984.5,30736.05,30934.4,64580430.0,2859.8
2020-02-06,31055.4,31158.65,30590.25,30736.6,49485384.0,2314.59
2020-02-07,30806.5,30930.0,30724.05,30809.5,47794999.0,2450.0
2020-02-10,30863.7,30872.15,30496.55,30528.45,24442191.0,1666.28
2020-02-11,30856.25,30871.15,30375.35,30414.55,46118449.0,2078.76
2020-02-12,30494.95,31084.45,30488.45,30986.25,35306974.0,2975.79
2020-02-13,30968.35,31066.6,30817.55,31039.3,27421091.0,2150.39
2020-02-14,31036.9,31205.9,30556.3,30646.75,29591320.0,1793.23
2020-02-17,30660.35,30788.6,30451.1,30481.05,35459574.0,1819.01
2020-02-18,30463.0,30471.35,30076.65,30360.6,40610242.0,1938.5
2020-02-19,30529.4,30888.9,30440.35,30835.0,28679644.0,1885.78
2020-02-20,30807.75,30904.45,30585.2,30636.25,34634952.0,1836.83
2020-02-24,30545.5,30590.0,30108.4,30147.6,32962208.0,1786.82
2020-02-25,30295.8,30580.25,30145.1,30173.2,31166143.0,1846.41
2020-02-26,30155.1,30231.75,29851.2,29965.55,35992533.0,2161.59
2020-02-27,29993.4,30012.6,29622.25,29981.2,33412776.0,2022.87
2020-02-28,29468.4,29578.5,29151.8,29310.25,60349528.0,3312.2
2020-03-02,29610.15,29913.1,28911.5,29138.9,40844563.0,2311.88
2020-03-03,29350.45,29539.5,29119.5,29406.2,40485393.0,2290.63
2020-03-04,29563.15,29604.7,28873.35,29223.75,45837467.0,2210.72
2020-03-05,29333.25,29844.1,29332.05,29530.5,38389692.0,2305.92
2020-03-06,28988.2,29201.75,28689.45,28937.0,47823517.0,2312.56
2020-03-09,28466.25,28530.45,27841.3,28056.5,43871379.0,2283.57
2020-03-11,27697.95,28256.9,27639.3,28078.75,48363955.0,2479.76
2020-03-12,27305.85,27319.6,25716.2,26083.0,85959069.0,3740.6
2020-03-13,24896.85,26935.0,23420.4,26208.0,93535575.0,3752.03
2020-03-16,25586.4,25624.35,24492.7,24707.65,57561430.0,2679.64
2020-03-17,24850.5,25677.55,24598.2,24929.85,74735778.0,3027.26
2020-03-18,25269.25,25392.65,24047.0,24186.5,74132447.0,3017.75
2020-03-19,23695.9,24382.0,22699.05,23970.75,118829938.0,3781.5
2020-03-20,24198.2,26113.7,24198.2,25931.6,87762108.0,3500.99
2020-03-23,23950.55,24373.55,23082.2,23184.05,69667235.0,2477.46
2020-03-24,24123.3,24584.85,23390.45,23935.3,83206249.0,3679.16
2020-03-25,23804.85,24695.25,23646.7,24471.7,92962761.0,3654.07
2020-03-26,24727.15,26091.05,24295.6,25680.1,87681348.0,3359.69
2020-03-27,26382.25,26557.7,25301.8,25740.45,55047455.0,2532.53
2020-03-30,25218.5,26164.1,25159.85,25831.55,48612218.0,2410.0
2020-03-31,26472.75,27406.2,26038.8,27319.2,64851135.0,2700.48
2020-04-01,27346.95,27683.9,26197.05,26358.8,41906619.0,2357.79
2020-04-03,26716.5,27180.75,26114.2,26537.75,90161887.0,3517.89
2020-04-07,27491.6,28823.5,27272.9,28745.3,70920964.0,4510.85
2020-04-08,28600.25,29817.6,28397.35,28839.9,75200365.0,5179.12
2020-04-09,29500.75,29501.2,28764.25,28953.2,76633055.0,3862.95
2020-04-13,28913.3,28963.05,28357.75,28509.85,41204171.0,2397.43
2020-04-15,28979.6,29865.35,28880.6,29686.95,106868399.0,10280.94
2020-04-16,29563.45,30023.0,29233.1,29512.3,61078096.0,3879.6
2020-04-17,30202.75,30202.75,29092.35,29202.35,57684415.0,3509.68
2020-04-20,29490.25,29490.25,28542.3,28598.1,56367919.0,2694.25
2020-04-21,28134.3,28791.2,28063.3,28480.6,46484214.0,2764.71
2020-04-22,28453.35,29264.25,28197.1,29185.15,50159275.0,3055.08
2020-04-23,29278.45,29698.35,28689.6,28786.25,63716288.0,4326.74
2020-04-24,28736.45,29008.9,28591.2,28636.7,42113333.0,2946.71
2020-04-27,28805.2,29101.65,28771.6,29052.55,42007893.0,2912.86
2020-04-28,29208.9,29233.4,28636.0,28778.15,39175236.0,2465.34
2020-04-29,28887.5,28932.35,28608.25,28665.0,43005148.0,2702.84
2020-04-30,29078.45,29078.45,28460.05,28669.3,65338853.0,4467.92
2020-05-04,28197.45,28235.45,27544.75,27599.0,74361350.0,4647.32
2020-05-05,27815.7,28011.75,27065.85,27138.6,65780211.0,3698.67
2020-05-06,27061.5,27062.1,26373.95,26630.2,101493046.0,4183.35
2020-05-07,26402.25,26445.1,25984.0,26254.55,236904193.0,38001.24
2020-05-08,26809.4,26809.4,26598.05,26759.8,65277326.0,5603.39
2020-05-11,26895.65,27149.05,26608.2,26667.8,50403534.0,4289.03
2020-05-12,26571.05,26913.65,26321.9,26857.15,53361288.0,4988.38
2020-05-13,27761.9,27765.9,26680.75,26746.5,56803279.0,4676.11
2020-05-14,26618.1,27090.8,26587.0,26933.65,65530916.0,5089.02
2020-05-15,26969.4,27028.95,26795.85,26958.65,54811702.0,3759.54
2020-05-18,27057.5,27092.5,26653.95,26694.65,59539266.0,4178.91
2020-05-19,26895.2,26987.65,26731.45,26895.75,49736991.0,3203.66
2020-05-20,26995.1,27428.25,26935.65,27290.35,50600732.0,2921.4
2020-05-21,27366.5,27967.0,27207.45,27887.1,91935088.0,4381.52
2020-05-22,27843.25,28051.25,27658.1,27786.1,68203306.0,3646.08
2020-05-26,28071.7,28403.75,27957.6,28122.3,88109568.0,4245.6
2020-05-27,28226.25,28296.1,27742.25,28222.4,51946214.0,3039.78
2020-05-28,28223.1,28524.25,28096.75,28451.6,63838520.0,4212.94
2020-05-29,28374.75,29384.9,28297.9,29296.95,158631717.0,9786.4
2020-06-01,29579.45,30023.35,29483.5,29571.3,69900757.0,4447.81
2020-06-02,29751.55,29752.05,29326.2,29359.85,44818763.0,2760.05
2020-06-03,29704.1,29887.8,29431.5,29527.0,52614359.0,4468.22
2020-06-04,29573.25,29725.15,29311.3,29621.55,44781238.0,2804.16
2020-06-05,29789.35,29802.75,29428.25,29542.0,39218958.0,2824.18
2020-06-08,29891.3,29891.3,29447.55,29502.15,47190168.0,3174.02
2020-06-09,29507.25,30117.65,29455.05,29524.9,67577739.0,3397.43
2020-06-10,29645.2,29770.75,29379.9,29503.2,48134327.0,2517.49
2020-06-11,29552.1,29698.95,29045.65,29092.45,40953084.0,2515.27
2020-06-12,28356.65,29227.25,28319.1,29145.6,50796438.0,3070.28
2020-06-15,29187.5,29215.85,28591.15,28701.8,46194485.0,2626.53
2020-06-16,29081.2,29103.3,28349.0,28575.35,51030891.0,2850.98
2020-06-17,28517.9,28673.85,28384.7,28431.75,41710967.0,2335.12
2020-06-18,28402.3,28730.2,28393.8,28648.7,45432001.0,2330.64
2020-06-19,28784.1,28816.85,28592.45,28709.45,59057453.0,3420.96
2020-06-22,28961.05,29058.2,28718.95,28865.45,51163839.0,2474.24
2020-06-23,28993.35,29452.05,28923.05,29355.2,56744985.0,3490.97
2020-06-24,29568.2,29942.7,29433.6,29487.4,79281997.0,3539.0
2020-06-25,29378.25,30174.6,29338.35,30113.25,101089409.0,4778.15
2020-06-26,30369.75,30505.15,29655.5,29757.05,94831983.0,3542.15
2020-06-29,30035.3,30168.35,29820.2,29971.65,113894850.0,4115.91
2020-06-30,30170.45,30219.8,30019.75,30063.25,70668065.0,3456.56
2020-07-01,30093.9,30286.1,29983.65,30232.5,61624757.0,2630.52
2020-07-02,30352.5,30399.7,30136.5,30316.2,60014284.0,2625.83
2020-07-03,30501.95,30632.3,30428.35,30529.1,57187574.0,2528.14
2020-07-06,30724.8,30736.5,30566.6,30647.65,56527182.0,2527.16
2020-07-07,30772.85,30797.25,30420.75,30518.2,59860232.0,2974.75
2020-07-08,30574.25,30919.1,30402.75,30773.9,51567719.0,3243.91
2020-07-09,30785.7,30891.4,30581.45,30671.75,39786405.0,2352.95
2020-07-10,30618.2,30860.55,30575.75,30821.15,36864480.0,2537.74
2020-07-13,31011.9,31283.15,30977.15,31214.9,42666375.0,3156.21
2020-07-14,31192.35,31305.65,30848.3,30932.85,37205261.0,2187.65
2020-07-15,31038.1,31236.45,30978.3,31140.45,44227840.0,2571.69
2020-07-16,31195.15,31246.2,30633.7,31182.35,39586709.0,2769.73
2020-07-17,31217.3,31528.4,31191.5,31439.3,39264408.0,3947.37
2020-07-20,31571.4,31598.6,31284.05,31536.35,37452764.0,3585.29
2020-07-21,31626.8,31708.0,31240.9,31280.25,48250528.0,3277.19
2020-07-22,31420.85,31422.3,30946.35,31051.6,58426954.0,3966.77
2020-07-23,31177.9,31326.45,31052.4,31101.9,54206420.0,3074.55
2020-07-24,31009.95,31138.55,30653.4,31018.85,80399286.0,3673.39
2020-07-27,31129.45,31183.15,30708.2,30819.75,42846932.0,2254.9
2020-07-28,30891.0,31047.1,30764.3,30910.9,47078774.0,2519.07
2020-07-29,30818.1,31139.75,30816.4,30948.5,43005172.0,3484.08
2020-07-30,31104.45,31134.55,30582.75,30696.4,39765129.0,2687.68
2020-07-31,30734.8,31032.55,30677.65,30872.45,39156532.0,2465.35
2020-08-03,30892.8,30985.0,30674.45,30759.8,31101220.0,1970.93
2020-08-04,30903.5,31059.45,30782.85,30901.65,40672518.0,2579.97
2020-08-05,31050.3,31090.1,30728.5,30863.6,85517874.0,3693.94
2020-08-06,31010.25,31326.85,30926.25,31287.6,46808207.0,2767.64
2020-08-07,31329.65,31597.0,31209.0,31490.6,69952396.0,3867.27
2020-08-10,31597.05,31791.7,31584.65,31621.75,48164023.0,2633.12
2020-08-11,31730.1,32155.5,31725.6,31767.75,82198272.0,3078.01
2020-08-12,31690.3,31723.45,31537.9,31636.7,41031436.0,2085.32
2020-08-13,31680.8,31867.8,31441.1,31668.15,48597230.0,2567.34
2020-08-14,31763.35,31828.8,31115.5,31237.95,51162508.0,2435.25
2020-08-17,31428.95,31600.0,31179.05,31545.15,29580884.0,1988.58
2020-08-18,31626.75,31762.65,31559.7,31726.15,30234921.0,2094.05
2020-08-19,31738.45,31911.25,31548.6,31586.05,32271639.0,1989.21
2020-08-20,31445.6,31556.35,31307.1,31439.9,32399851.0,1970.91
2020-08-21,31690.25,31724.15,31563.4,31604.4,30990640.0,1865.49
2020-08-24,31692.25,31799.4,31606.8,31642.0,32498639.0,2431.88
2020-08-25,31700.65,31724.4,31394.0,31460.3,31125667.0,2004.86
2020-08-26,31528.0,31536.2,31313.65,31408.45,41957471.0,2435.69
2020-08-27,31602.05,31636.6,31277.1,31314.45,61728229.0,2751.8
2020-08-28,31410.8,31451.3,31203.7,31253.45,52707865.0,2647.32
2020-08-31,31457.85,31457.85,30475.85,30595.15,126435123.0,4838.0
2020-09-01,30727.5,31130.85,30525.3,30988.15,61292900.0,2796.04
2020-09-02,31099.4,31248.35,30942.25,31084.35,42533239.0,2875.26
2020-09-03,31155.6,31346.95,31100.7,31316.85,45238628.0,3093.41
2020-09-04,30969.8,31156.25,30769.1,30828.65,60593264.0,2723.53
2020-09-07,30897.7,31053.25,30407.85,31003.85,50948337.0,2544.44
2020-09-08,31001.65,31052.65,30748.4,30818.45,41681915.0,2213.52
2020-09-09,30534.6,30678.1,30461.0,30633.6,45838428.0,2377.9
2020-09-10,30757.15,30824.0,30578.95,30778.75,33547489.0,2068.62
2020-09-11,30736.5,31023.0,30730.55,30972.25,40985552.0,2887.79
2020-09-14,31151.85,31153.8,30669.25,30760.5,47903562.0,2327.54
2020-09-15,30846.25,30866.6,30617.9,30712.2,44767543.0,1961.46
2020-09-16,30748.3,30865.9,30670.05,30837.55,67774629.0,2809.24
2020-09-17,30822.7,30894.4,30613.45,30651.75,53980789.0,2663.33
2020-09-18,30730.1,30758.65,30321.9,30460.85,57959542.0,3601.68
2020-09-21,30491.75,30526.65,29381.35,29541.75,42355098.0,2726.17
2020-09-22,29564.6,29583.85,29065.45,29312.4,36295074.0,2101.82
2020-09-23,29426.0,29652.25,29149.15,29322.35,79424899.0,2809.51
2020-09-24,29200.4,29275.95,28969.35,29044.95,58951516.0,3074.18
2020-09-25,29371.9,29763.75,29221.1,29633.5,52444101.0,2775.16
2020-09-28,29754.95,30001.6,29630.55,29886.2,41743164.0,2092.2
2020-09-29,30026.1,30056.45,29396.8,29434.8,46576009.0,2331.59
2020-09-30,29507.9,30015.95,29437.75,29841.75,42766330.0,2546.82
2020-10-01,30149.15,30155.95,29894.05,30009.55,37474463.0,1962.37
2020-10-05,30083.8,30217.25,29965.0,30112.15,41338529.0,1961.64
2020-10-06,30228.35,30397.0,29965.05,30054.7,46729790.0,2474.75
2020-10-07,30138.4,30310.45,30072.6,30168.8,35727139.0,2173.3
2020-10-08,30262.95,30325.0,30006.55,30136.05,43944115.0,2036.2
2020-10-09,30130.05,30258.7,29862.3,29923.9,42672098.0,2101.94
2020-10-12,30107.35,30297.5,29890.05,30024.25,84141925.0,2699.36
2020-10-13,30055.2,30257.6,29866.0,29926.7,51737992.0,2119.27
2020-10-14,29918.15,29987.8,29754.1,29959.6,62245907.0,2719.26
2020-10-15,30006.0,30107.0,29554.35,29644.8,47274444.0,2351.33
2020-10-16,29802.2,29834.0,29546.05,29671.05,35888610.0,1821.22
2020-10-19,29815.85,30151.0,29745.45,30068.85,34720147.0,2079.22
2020-10-20,29997.1,30117.25,29744.65,29964.6,40737308.0,4016.57
2020-10-21,30105.05,30139.25,29483.2,29684.1,45715155.0,3890.28
2020-10-22,29671.85,29776.05,29526.35,29715.35,48619786.0,3263.87
2020-10-23,29830.65,29861.9,29641.95,29782.2,38403274.0,2316.24
2020-10-26,29927.7,29940.4,29635.35,29774.65,37188949.0,2593.45
2020-10-27,29784.15,30208.1,29752.45,30163.7,75885228.0,4373.51
2020-10-28,30240.3,30240.3,29882.55,29948.1,42631939.0,2453.64
2020-10-29,29720.4,29847.5,29595.75,29663.45,41448233.0,2221.93
2020-10-30,29682.8,29829.15,29329.8,29428.45,35499512.0,2287.19
2020-11-02,29538.6,29568.9,29307.25,29441.45,34837464.0,1987.8
2020-11-03,29622.75,29655.8,29434.05,29526.35,55465649.0,2895.32
2020-11-04,29565.25,29858.4,29537.95,29612.4,39692851.0,2176.73
2020-11-05,29898.45,30216.75,29805.55,30180.05,57253653.0,3097.65
2020-11-06,30293.4,30393.1,30083.4,30150.65,59225358.0,2794.23
2020-11-09,30388.8,30546.85,30247.35,30453.7,63131745.0,3082.13
2020-11-10,30636.6,30646.8,30086.05,30494.75,85223560.0,4121.12
2020-11-11,30589.05,30886.75,30289.2,30845.6,86215493.0,3814.77
2020-11-12,30840.05,31318.6,30776.55,31240.2,69003051.0,3463.27
2020-11-13,31270.2,31393.45,31151.0,31222.1,47935400.0,2999.05
2020-11-14,31430.15,31451.75,31282.85,31336.1,9896378.0,364.74
2020-11-17,31572.85,31572.85,31240.65,31291.45,39661717.0,2498.67
2020-11-18,31229.5,31252.25,30886.2,30952.85,46300667.0,2863.12
2020-11-19,30833.7,31353.8,30783.35,31085.2,74802192.0,3535.15
2020-11-20,31234.8,31531.7,31116.05,31454.35,71482173.0,3907.1
2020-11-23,31593.6,31610.2,31358.8,31568.1,46439514.0,3176.94
2020-11-24,31600.4,31878.1,31576.95,31832.2,62432879.0,3039.79
2020-11-25,31926.35,32006.0,31350.35,31441.7,60610895.0,2751.63
2020-11-26,31548.45,31765.5,31305.65,31701.3,44878291.0,2596.34
2020-11-27,31786.4,31898.2,31431.5,31718.8,96292294.0,9463.38
2020-12-01,32090.8,32090.8,31655.65,31705.25,37881675.0,2817.27
2020-12-02,31811.15,31918.8,31591.85,31820.25,48275066.0,2557.13
2020-12-03,32022.25,32027.65,31754.05,31908.65,50316214.0,2863.01
2020-12-04,32044.05,32404.85,32016.5,32356.75,43208630.0,2684.15
2020-12-07,32358.6,32907.45,32351.95,32866.9,56337105.0,3116.6
2020-12-08,32969.4,33086.0,32572.25,32849.85,54244842.0,2991.0
2020-12-09,33019.65,33182.35,32954.4,33125.5,58020263.0,2724.86
2020-12-10,33161.4,34122.5,33002.0,34054.8,97339081.0,4993.84
2020-12-11,34245.25,34427.7,33987.25,34364.85,86225915.0,4090.71
2020-12-14,34505.35,34596.05,34334.6,34411.65,45607508.0,2662.03
2020-12-15,34329.5,34360.8,33906.1,33967.9,39709982.0,2436.62
2020-12-16,34058.25,34352.75,34037.3,34195.85,39360753.0,2706.5
2020-12-17,34221.4,34234.8,33955.35,34013.55,46191076.0,4154.3
2020-12-18,34090.05,34173.5,33878.2,34102.7,47311363.0,3651.2
2020-12-21,34121.75,34121.75,32570.75,33151.1,68881620.0,3778.45
2020-12-22,33195.7,33544.55,32633.75,33329.05,62763038.0,3123.37
2020-12-23,33392.5,34040.95,33284.75,33966.0,45899903.0,2740.19
2020-12-24,34191.2,34288.45,33769.35,34115.65,42387914.0,2679.86
2020-12-28,34262.05,34369.4,34079.45,34181.1,31789743.0,2128.62
2020-12-29,34313.7,34377.4,33982.35,34181.95,44944354.0,2636.79
2020-12-30,34323.95,34362.7,34039.2,34313.7,39454569.0,2433.61
2020-12-31,34255.1,34324.95,34109.5,34177.1,35649116.0,2518.52
2021-01-01,34236.7,34435.2,34212.2,34391.85,31502825.0,1759.5
2021-01-04,34535.25,34713.6,34385.5,34619.7,44370717.0,2425.93
2021-01-05,34473.5,34788.35,34420.15,34720.25,36402461.0,2623.22
2021-01-06,34748.1,34768.2,34091.45,34327.35,72848563.0,3445.23
2021-01-07,34521.65,34543.0,33988.2,34032.35,56148076.0,3223.29
2021-01-08,34282.45,34346.2,33994.2,34276.75,83837475.0,4261.31
2021-01-11,34597.35,34919.6,34446.35,34681.25,73357641.0,4285.14
2021-01-12,34754.7,34771.65,34401.65,34488.65,58474639.0,3251.01
2021-01-13,34617.6,34945.3,34377.25,34617.6,83407138.0,3546.75
2021-01-14,34669.1,34942.2,34616.0,34885.7,73574701.0,3665.8
2021-01-15,34898.8,35000.35,34350.15,34630.05,77773991.0,3376.0
2021-01-18,34735.7,34810.4,34248.2,34502.85,85435939.0,3705.0
2021-01-19,34648.25,34808.1,34454.85,34659.85,50207770.0,2621.36
2021-01-20,34667.0,34796.85,34555.55,34605.35,62546728.0,2839.49
2021-01-21,34822.75,34974.05,34376.4,34494.4,51184263.0,2947.05
2021-01-22,34537.3,34732.7,34318.0,34430.3,43415661.0,2789.57
2021-01-25,34613.4,34647.5,33958.4,34178.6,42318632.0,2465.89
2021-01-27,34316.45,34394.65,34096.2,34281.4,71172534.0,3348.57
2021-01-28,34033.35,34146.65,33543.2,33625.85,52360433.0,3612.64
2021-01-29,33832.2,33864.45,32972.25,33121.05,60721600.0,4319.47
2021-02-01,33304.15,33867.15,32996.3,33689.65,84228247.0,3707.24
2021-02-02,34047.45,34148.6,33634.85,33730.85,72637229.0,3903.31
2021-02-03,33954.95,34009.75,33630.6,33682.35,82803006.0,4167.42
2021-02-04,33784.95,34569.95,33740.2,34507.65,127649599.0,5529.83
2021-02-05,34676.5,34818.2,34368.55,34644.5,147000631.0,5711.33
2021-02-08,34938.05,34978.15,34410.6,34452.25,62514842.0,3793.69
2021-02-09,34598.4,34786.25,34160.65,34231.3,91510208.0,4117.17
2021-02-10,34268.85,34449.1,33881.2,34188.0,62243166.0,2919.6
2021-02-11,34299.25,34512.5,34162.95,34463.75,65200654.0,3138.03
2021-02-12,34524.1,34524.1,33785.6,33928.3,126913216.0,4181.55
2021-02-15,34076.55,34215.8,33921.25,33959.9,47791776.0,2592.12
2021-02-16,34089.3,34162.75,33619.05,33724.5,50509298.0,3248.4
2021-02-17,33681.1,33726.9,33418.05,33519.55,42886991.0,3667.93
2021-02-18,33593.3,33670.85,33323.05,33373.9,45325474.0,3125.84
2021-02-19,33396.8,33584.55,33115.1,33336.8,60617293.0,3747.91
2021-02-22,33330.05,33357.0,32803.5,32891.7,76985593.0,4314.32
2021-02-23,33056.75,33175.4,32845.25,33025.95,48761622.0,3183.05
2021-02-24,33228.7,33261.7,32841.95,33091.7,32439553.0,2091.14
2021-02-25,33159.0,33262.3,32969.45,33001.8,52215795.0,3099.6
2021-02-26,32832.85,33017.05,32312.45,32443.15,73964263.0,4169.4
2021-03-01,32610.4,32886.15,32429.6,32797.65,29379443.0,1692.4
2021-03-02,32932.85,33301.35,32847.4,33250.9,41838211.0,2312.51
2021-03-03,33538.35,33538.35,33306.2,33454.4,40107686.0,2311.31
2021-03-04,33289.15,33562.1,33201.85,33443.8,43301960.0,2451.79
2021-03-05,33291.45,33474.55,33238.6,33360.3,34090124.0,2213.11
2021-03-08,33493.1,33578.1,33142.25,33190.35,35185572.0,1842.93
2021-03-09,33281.25,33404.4,32827.4,33215.85,38188394.0,2149.86
2021-03-10,33393.05,33424.5,33220.0,33402.75,33548427.0,1986.45
2021-03-12,33557.5,33577.1,33022.1,33068.5,43598695.0,2087.22
2021-03-15,33172.6,33179.8,32720.0,33058.85,55187777.0,2235.03
2021-03-16,33166.1,33409.25,33107.0,33351.75,63050080.0,2694.04
2021-03-17,33594.15,33595.6,33136.1,33194.6,95906817.0,3755.99
2021-03-18,33391.45,33480.55,33017.95,33222.6,106916217.0,3699.7
2021-03-19,33120.75,34173.1,32831.8,34028.35,159227424.0,6370.15
2021-03-22,34049.45,34647.2,33934.5,34608.0,63563692.0,3118.95
2021-03-23,34651.25,34814.4,34415.5,34473.75,59393228.0,2805.75
2021-03-24,34357.25,34542.85,33943.55,33987.1,42516125.0,2238.52
2021-03-25,34024.25,34044.4,33071.7,33213.15,59071629.0,3087.08
2021-03-26,33495.75,33887.35,33444.15,33818.45,41638163.0,2346.95
2021-03-30,34023.35,34628.15,33981.25,34578.85,62241247.0,4013.04
2021-03-31,34538.55,34980.15,34448.3,34931.7,51953080.0,2839.71
2021-04-01,35081.1,35102.7,34754.85,34874.55,40133110.0,2006.84
2021-04-05,34800.55,34892.6,34024.15,34304.55,47978583.0,2728.17
2021-04-06,34439.55,34697.1,34221.1,34619.85,46243473.0,2938.56
2021-04-07,34682.15,35050.45,34613.2,34835.3,32763925.0,2495.98
2021-04-08,34899.5,35105.65,34869.15,34983.05,28578740.0,2133.44
2021-04-09,35064.7,35442.85,34999.4,35253.1,30466835.0,2145.05
2021-04-12,34865.1,34979.9,34472.9,34561.35,52686100.0,2903.14
2021-04-13,34698.95,35045.45,34591.1,34720.35,36246183.0,2227.42
2021-04-15,34972.5,35046.75,34349.65,34658.6,36226912.0,2624.85
2021-04-16,34816.9,34957.15,34699.0,34853.15,29154086.0,1847.32
2021-04-19,34463.45,34623.95,34218.1,34519.0,28156292.0,1817.74
2021-04-20,34772.05,34772.05,34087.1,34296.5,41427833.0,2453.56
2021-04-22,34212.2,34222.8,33894.05,34043.05,37705000.0,2324.04
2021-04-23,33938.1,34002.85,33631.7,33726.1,32389044.0,1982.03
2021-04-26,33874.75,33952.6,33726.05,33865.7,33345995.0,2309.48
2021-04-27,33949.9,34037.2,33888.35,34009.35,24362807.0,1822.52
2021-04-28,34060.45,34398.5,33999.85,34129.15,28700432.0,2350.98
2021-04-29,34400.7,34455.0,33944.9,34009.0,28002196.0,2277.97
2021-04-30,33970.25,34098.9,33544.85,33623.45,35650551.0,2571.54
2021-05-03,33515.65,34072.7,33505.2,33994.2,53604116.0,2843.95
2021-05-04,34074.25,34166.9,33691.7,33822.75,41272606.0,2405.53
2021-05-05,34073.95,34073.95,33663.45,33898.0,28880906.0,1638.38
2021-05-06,34003.85,34233.55,33897.7,34048.5,32950357.0,1920.45
2021-05-07,34153.5,34221.6,34049.85,34123.5,51167740.0,2743.05
2021-05-10,34273.95,34332.1,34067.45,34204.25,34144556.0,2014.81
2021-05-11,34066.5,34299.35,34010.95,34129.3,32337633.0,1993.1
2021-05-12,34197.25,34258.65,33988.45,34057.4,60478779.0,4306.94
2021-05-14,34158.2,34835.0,34094.4,34781.5,84249755.0,3611.75
2021-05-17,35050.6,35097.55,34755.2,34807.4,53305009.0,2543.26
2021-05-18,35083.9,35125.6,34655.95,34741.45,47819412.0,2613.83
2021-05-19,34704.2,34844.55,34635.15,34729.7,41697743.0,2491.91
2021-05-20,34752.55,34779.35,34446.05,34475.6,37535203.0,2233.68
2021-05-21,34556.6,34727.05,34522.7,34690.55,35783908.0,1983.67
2021-05-24,34722.5,34748.7,34487.55,34572.5,50724956.0,2903.58
2021-05-25,34794.35,34992.3,34704.15,34780.85,46134588.0,2943.23
2021-05-26,34929.1,34982.45,34782.8,34815.7,30474660.0,1775.44
2021-05-27,34878.6,34957.75,34741.8,34812.3,83176800.0,4500.21
2021-05-28,34947.85,35084.2,34870.55,34890.5,39434545.0,2045.09
2021-05-31,35022.5,35296.8,34983.65,35243.1,88839983.0,3186.1
2021-06-01,35357.45,35378.8,35172.85,35241.2,51385825.0,2140.65
2021-06-02,34996.25,35220.45,34953.15,35058.6,114180563.0,3724.24
2021-06-03,35216.05,35300.15,35090.35,35266.5,60185571.0,2561.16
2021-06-04,35330.65,35330.65,35092.1,35138.0,54504461.0,3490.61
2021-06-07,35336.1,35428.8,35199.5,35375.35,47675425.0,2388.46
2021-06-08,35463.65,35716.4,35398.95,35672.45,40784202.0,2656.33
2021-06-09,35721.35,35785.15,35454.15,35588.95,39176035.0,2107.81
2021-06-10,35564.45,35901.75,35448.6,35731.3,51892121.0,2870.05
2021-06-11,35858.2,35869.65,35589.05,35646.95,34468583.0,1949.31
2021-06-14,35620.35,35707.65,35258.0,35659.95,30547814.0,1862.72
2021-06-15,35691.4,35953.65,35673.9,35921.5,32080055.0,2291.65
2021-06-16,35953.95,36244.15,35937.95,36131.25,38146488.0,3141.07
2021-06-17,35983.8,36287.5,35935.45,36183.55,45041885.0,2903.42
2021-06-18,36251.3,36360.6,35796.6,36287.15,48042897.0,3610.65
2021-06-21,36056.9,36456.15,36034.4,36377.6,35547487.0,2483.33
2021-06-22,36534.0,36565.25,36244.45,36299.65,34463710.0,2279.51
2021-06-23,36418.65,36437.35,36111.15,36188.75,28081893.0,2127.24
2021-06-24,36278.35,36302.55,36130.55,36242.55,33514175.0,1827.8
2021-06-25,36298.1,36329.25,35975.65,36006.55,24100094.0,1476.83
2021-06-28,36104.2,36159.75,35955.9,36054.45,24514224.0,1430.98
2021-06-29,36059.45,36336.15,36035.35,36234.55,35681094.0,2487.79
2021-06-30,36355.45,36425.45,36033.6,36093.2,31660637.0,2009.99
2021-07-01,36197.35,36283.0,36097.2,36234.9,26254330.0,1815.86
2021-07-02,36298.55,36328.25,36053.35,36216.7,26828540.0,1606.94
2021-07-05,36379.0,36472.4,36292.05,36390.9,22428608.0,1588.74
2021-07-06,36364.45,36413.6,36198.8,36238.5,24437066.0,1663.66
2021-07-07,36163.1,36503.95,36105.4,36447.05,31216909.0,1800.23
2021-07-08,36337.65,36440.35,36120.6,36179.1,33637907.0,1898.2
2021-07-09,36135.6,36316.55,36083.2,36184.4,23013703.0,1381.62
2021-07-12,36301.1,36339.7,36086.9,36176.65,21565622.0,1122.39
2021-07-13,36320.65,36329.05,36066.1,36110.3,20211766.0,1233.16
2021-07-14,36124.75,36153.2,35912.25,36073.2,29413273.0,1631.64
2021-07-15,36181.15,36223.2,35948.4,36182.95,40662424.0,1748.71
2021-07-16,36300.35,36418.7,36139.6,36253.55,48983883.0,2342.59
2021-07-19,36073.35,36295.35,36054.75,36180.4,26550275.0,1363.07
2021-07-20,36189.8,36403.15,36110.65,36230.25,34245583.0,1682.51
2021-07-22,36429.2,36734.0,36205.55,36263.6,37005261.0,4082.73
2021-07-23,36327.8,36683.6,36210.5,36558.65,59866851.0,3564.1
2021-07-26,36639.15,36746.5,36459.05,36486.75,62670265.0,2903.66
2021-07-27,36551.45,36620.3,36307.35,36360.8,36914143.0,2445.04
2021-07-28,36418.15,36489.05,36194.65,36360.35,28292515.0,1911.85
2021-07-29,36372.6,36469.2,35955.85,35990.05,30330234.0,2112.77
2021-07-30,36055.7,36246.1,35859.9,36051.9,34849876.0,2613.33
2021-08-02,36250.15,36385.45,36123.7,36199.95,32168125.0,2661.07
2021-08-03,36264.1,36885.55,36196.3,36826.05,51044924.0,3853.61
2021-08-04,36909.05,36935.65,36429.4,36482.45,32637675.0,2422.95
2021-08-05,36626.9,36781.55,36320.9,36701.45,60491817.0,2446.49
2021-08-06,36724.15,36813.35,36596.95,36669.8,41184389.0,2230.69
2021-08-09,36816.65,37016.95,36521.3,36691.9,31046092.0,1592.32
2021-08-10,36784.35,36790.4,36286.15,36537.25,29453650.0,1918.39
2021-08-11,36597.25,36641.7,36088.25,36425.85,27229790.0,1623.73
2021-08-12,36537.0,36696.05,36457.0,36521.85,38916024.0,1870.14
2021-08-13,36674.85,36907.85,36575.8,36842.05,40552087.0,2458.38
2021-08-16,36844.15,37063.3,36703.35,36954.25,20324539.0,1456.55
2021-08-17,37014.45,37514.0,36979.6,37478.55,30968270.0,2871.52
2021-08-18,37571.65,37878.85,37538.9,37738.3,46270895.0,4425.25
2021-08-20,37469.25,38741.45,37401.3,38596.05,53950165.0,5154.09
2021-08-23,38780.3,38913.75,38311.7,38489.5,33225733.0,3204.18
2021-08-24,38578.85,38675.05,38124.6,38232.8,26341462.0,2138.99
2021-08-25,38271.7,38663.3,38264.3,38448.1,27017406.0,2627.55
2021-08-26,38403.5,38864.2,38398.75,38670.7,37058451.0,3136.15
2021-08-27,38743.25,38884.55,38549.15,38819.5,24877159.0,1939.26
2021-08-30,38945.15,39172.95,38915.4,39150.2,27020573.0,2346.15
2021-08-31,39168.55,39615.0,39105.7,39529.7,48174510.0,3710.06
2021-09-01,39701.45,39821.15,39464.9,39644.7,32891602.0,2540.87
2021-09-02,39713.55,40323.65,39648.8,40296.4,40576646.0,3476.85
2021-09-03,40371.15,40441.85,40103.1,40226.25,27369583.0,2379.13
2021-09-06,40388.1,40514.0,40130.85,40169.05,20698693.0,1698.81
2021-09-07,40296.35,40642.65,40237.85,40289.85,52501922.0,2621.23
2021-09-08,40377.55,40434.7,39910.7,40263.45,28542948.0,2081.58
2021-09-09,40122.0,40610.4,40120.3,40577.95,33397273.0,2269.85
2021-09-13,40569.9,40754.8,40474.65,40592.35,29886955.0,1913.91
2021-09-14,40718.8,40750.6,40444.05,40469.55,34796506.0,2321.71
2021-09-15,40626.85,40645.4,40404.3,40504.5,30954575.0,1897.95
2021-09-16,40494.25,41402.3,40453.7,41007.6,161019398.0,4961.96
2021-09-17,41187.35,41406.1,40704.1,40798.9,99303376.0,4893.69
2021-09-20,40716.35,41535.0,40631.95,41169.7,85627197.0,3804.52
2021-09-21,41239.4,41676.8,41108.2,41619.95,70822591.0,3566.23
2021-09-22,41801.8,41821.9,41429.85,41507.25,67770460.0,3292.63
2021-09-23,41743.45,41775.75,41502.05,41548.8,47700422.0,3339.08
2021-09-24,41614.4,41649.05,41034.6,41090.9,43178302.0,2737.82
2021-09-27,41268.2,41273.0,40657.85,40720.6,34138606.0,2049.19
2021-09-28,40872.15,41085.9,40537.8,40682.95,33448464.0,2411.48
2021-09-29,40570.05,40830.7,40413.65,40472.15,29177307.0,2191.91
2021-09-30,40558.65,40646.55,40338.4,40426.55,35674402.0,2488.41
2021-10-01,40400.85,40465.85,40036.45,40399.0,29228330.0,1785.18
2021-10-04,40465.45,40686.0,40319.4,40445.45,24305179.0,1672.17
2021-10-05,40440.55,40606.45,40373.6,40427.5,25597315.0,1723.13
2021-10-06,40496.85,40754.45,40079.9,40167.45,42975168.0,2793.81
2021-10-07,40399.25,40480.55,40210.55,40226.4,24320218.0,1824.83
2021-10-08,40363.3,40399.5,39915.0,39993.35,23007518.0,1875.27
2021-10-11,40070.25,40434.05,40061.9,40318.05,32752617.0,1849.63
2021-10-12,40262.6,40892.6,40239.25,40808.75,52095317.0,3148.11
2021-10-13,41004.15,41244.25,40697.3,41149.4,70324330.0,3419.63
2021-10-14,41446.2,41789.3,41277.35,41377.2,98491769.0,3853.16
2021-10-18,42021.45,42021.45,41488.0,41564.15,73519124.0,3193.81
2021-10-19,41653.35,41704.5,40171.3,40237.3,77243923.0,4184.7
2021-10-20,40343.35,40593.1,39589.4,39696.35,65847245.0,4049.53
2021-10-21,40008.35,40035.65,39163.8,39354.45,38821450.0,2666.25
2021-10-22,39502.9,39684.05,38563.65,38874.8,47746836.0,2318.0
2021-10-25,38774.5,38849.45,38028.5,38491.0,35425714.0,2039.17
2021-10-26,38569.25,38955.2,38426.15,38826.85,30930212.0,1949.42
2021-10-27,39090.55,39177.5,38845.55,38946.1,47961792.0,3261.29
2021-10-28,38899.3,38966.55,38098.3,38208.55,74002069.0,3997.95
2021-10-29,38253.8,38451.8,37878.85,38222.1,50344997.0,3222.53
2021-11-01,38383.6,38733.95,38082.45,38663.65,41083425.0,2521.18
2021-11-02,38758.65,38875.45,38499.65,38616.2,31321063.0,2023.56
2021-11-03,38762.65,38780.8,38146.95,38370.1,37748838.0,2385.83
2021-11-04,38695.6,38769.1,38627.7,38710.1,8783186.0,373.79
2021-11-08,39045.6,39141.05,38434.65,39094.75,35097237.0,2376.45
2021-11-09,39064.2,39126.35,38860.95,38964.25,25793337.0,2325.48
2021-11-10,38808.95,39018.3,38709.9,38917.35,26432041.0,1933.74
2021-11-11,38922.85,38922.85,38419.3,38542.55,19959476.0,1565.98
2021-11-12,38743.9,38997.75,38587.45,38912.75,24773671.0,1820.45
2021-11-15,39014.75,39353.7,38937.85,39278.3,49118314.0,2163.37
2021-11-16,39396.4,39407.15,38951.9,39014.65,26357175.0,1694.99
2021-11-17,38992.5,39346.65,38953.4,39013.45,56742598.0,2265.71
2021-11-18,39042.75,39204.6,38646.25,38866.5,31837172.0,1825.02
2021-11-22,38998.7,39026.25,38147.05,38351.65,38160412.0,2246.9
2021-11-23,38190.05,38619.95,38059.9,38560.1,24607327.0,1668.23
2021-11-24,38677.9,38683.95,38066.65,38178.2,25004109.0,1518.72
2021-11-25,38206.05,38307.85,37837.95,38259.75,33538454.0,1705.33
2021-11-26,38050.55,38097.2,37457.85,37547.15,42502285.0,2452.28
2021-11-29,37359.05,37463.7,36808.7,37324.85,34208951.0,1946.02
2021-11-30,37276.15,37769.45,37275.05,37386.95,50356115.0,3729.29
2021-12-01,37612.35,37727.45,37341.85,37457.85,28041640.0,1785.88
2021-12-02,37547.45,37930.3,37434.8,37892.6,27892223.0,1708.56
2021-12-03,37843.25,37896.9,37473.75,37498.1,24251002.0,1676.41
2021-12-06,37527.55,37629.15,36745.3,36821.85,21948907.0,1262.66
2021-12-07,37078.3,37347.05,36907.1,37175.85,18407191.0,1360.32
2021-12-08,37200.8,37695.8,37200.8,37659.95,18132319.0,1253.31
2021-12-09,37632.75,38264.3,37511.55,38201.65,47684149.0,2028.42
2021-12-10,38287.15,38337.4,37986.85,38189.55,44601215.0,1901.86
2021-12-13,38408.8,38450.95,37772.95,37823.55,33521810.0,1950.35
2021-12-14,37817.6,37937.55,37499.45,37642.6,47647778.0,2092.61
2021-12-15,37692.7,37766.65,37318.4,37424.65,42647735.0,1694.08
2021-12-16,37538.3,37566.6,37110.1,37244.35,30857524.0,1328.83
2021-12-17,37164.85,37199.5,36378.25,36438.0,41499297.0,2140.16
2021-12-20,36231.15,36244.15,35653.55,36084.65,49193781.0,2279.42
2021-12-21,36295.7,36674.0,36174.4,36336.8,32346953.0,1831.9
2021-12-22,36558.65,36669.45,36309.3,36505.55,25963802.0,1494.45
2021-12-23,36756.7,37041.85,36623.05,36995.1,32562358.0,1729.33
2021-12-24,37136.25,37152.3,36836.95,36913.75,26017914.0,1520.31
2021-12-27,36871.3,36965.05,36558.0,36883.4,13683824.0,879.22
2021-12-28,37004.5,37191.1,36887.3,37162.7,17673863.0,989.6
2021-12-29,37180.3,37236.35,36991.1,37028.7,18877615.0,1237.95
2021-12-30,37063.15,37159.35,36999.4,37075.65,18419557.0,1267.52
2021-12-31,37206.8,37630.4,37149.3,37579.95,15841295.0,1210.22
2022-01-03,37673.25,37725.5,37559.75,37606.05,13925408.0,931.83
2022-01-04,37687.6,37842.65,37477.75,37800.35,21234860.0,1505.02
2022-01-05,37798.7,37941.4,37690.7,37910.95,20565249.0,1369.8
2022-01-06,37704.25,37786.25,37427.95,37622.5,19829751.0,1505.56
2022-01-07,37649.2,37909.1,37644.7,37864.45,17494097.0,1289.27
2022-01-10,38012.2,38174.6,37904.85,37984.05,22839398.0,1226.13
2022-01-11,38039.9,38111.35,37781.65,37849.9,16746639.0,1258.12
2022-01-12,37976.85,38026.55,37821.2,37992.95,24492687.0,1624.62
2022-01-13,38092.3,38141.05,37922.35,38087.25,23495230.0,1615.49
2022-01-14,38080.0,38124.4,37784.0,37816.0,27720033.0,2010.65
2022-01-17,37850.15,38092.15,37633.15,37988.9,22262508.0,1422.34
2022-01-18,38085.35,38218.15,37439.55,37503.15,26936850.0,1738.78
2022-01-19,37491.7,37508.9,37036.65,37106.4,22746815.0,1672.57
2022-01-20,37216.8,37317.25,36530.0,36681.4,32189045.0,2162.66
2022-01-21,36633.65,36993.95,36502.95,36812.9,34024511.0,2507.04
2022-01-24,36838.65,36880.7,35783.25,35941.35,32207153.0,2001.42
2022-01-25,35849.25,36443.25,35366.55,36382.85,31706902.0,1868.2
2022-01-27,36093.7,36228.45,35689.2,35966.8,39885444.0,2360.22
2022-01-28,36033.75,36552.3,36033.05,36188.3,28525709.0,1829.14
2022-01-31,36361.45,36669.8,36351.75,36467.25,27963355.0,1772.91
2022-02-01,36720.05,37231.35,36533.7,37183.8,54855716.0,2259.21
2022-02-02,37482.15,37609.5,37274.85,37581.5,50070121.0,2008.66
2022-02-03,37570.2,37699.7,37338.7,37467.2,45565301.0,2379.65
2022-02-04,37662.5,37712.25,37210.7,37508.4,68988475.0,2608.92
2022-02-07,37468.4,37591.05,36595.2,36764.95,39339541.0,2017.92
2022-02-08,36848.95,36890.8,36555.35,36765.95,27892153.0,1636.11
2022-02-09,36907.95,36936.45,36709.25,36852.85,21721913.0,1376.09
2022-02-10,36836.15,37043.1,36515.2,36982.55,29595815.0,1552.4
2022-02-11,36874.05,36877.15,36407.65,36671.65,29800752.0,1883.52
2022-02-14,35988.05,36027.3,35556.1,35661.25,33926904.0,1734.73
2022-02-15,35845.0,36528.95,35683.6,36438.7,26527956.0,1722.34
2022-02-16,36510.45,36698.75,36274.6,36460.75,19860430.0,1203.71
2022-02-17,36526.15,36653.65,36320.15,36571.7,23703698.0,1437.08
2022-02-18,36439.2,36662.95,36370.1,36498.7,17365378.0,1182.21
2022-02-21,36291.1,36400.15,36055.35,36200.3,24348855.0,1192.7
2022-02-22,35713.4,35946.2,35561.8,35879.85,36809677.0,1688.2
2022-02-23,36005.7,36108.15,35865.0,35933.1,20134872.0,1338.5
2022-02-24,34984.95,35452.75,34608.65,34735.15,63388931.0,3279.77
2022-02-25,35057.65,35465.8,34934.05,35292.55,37767315.0,2286.25
2022-02-28,35150.55,35593.85,34623.55,35515.4,44447818.0,2859.39
2022-03-02,35187.6,35427.35,35035.55,35364.45,34925415.0,2191.13
2022-03-03,35494.1,35555.85,34955.55,35019.6,46051013.0,2602.07
2022-03-04,34788.8,34854.15,34136.5,34627.85,87801121.0,4065.64
2022-03-07,33960.1,34072.6,33407.55,33657.45,65122029.0,3061.74
2022-03-08,33495.8,34044.5,33462.4,34006.9,54594885.0,2817.8
2022-03-09,34192.15,34615.55,33963.2,34486.95,60299920.0,2859.63
2022-03-10,35050.95,35587.1,34966.75,35530.3,54428251.0,3132.13
2022-03-11,35519.95,35655.45,35255.6,35613.65,55382861.0,2547.85
2022-03-14,35654.3,35654.3,35237.85,35589.4,47011786.0,2116.1
2022-03-15,35534.3,35985.45,35438.3,35649.95,54822681.0,2890.37
2022-03-16,35978.95,36338.2,35769.55,36273.6,36015729.0,2112.15
2022-03-17,36605.85,36822.4,36513.85,36782.7,54578694.0,3169.51
2022-03-21,36843.85,36869.25,36085.15,36149.35,40122513.0,2013.56
2022-03-22,36118.65,36148.8,35382.8,35887.05,55153814.0,3297.99
2022-03-23,36126.35,36136.75,35751.3,35789.85,57483113.0,3002.06
2022-03-24,35714.2,36029.35,35634.25,35797.15,54013708.0,2631.57
2022-03-25,35907.95,35924.55,35314.85,35522.75,42125957.0,2118.4
2022-03-28,35632.55,35723.5,35264.9,35659.45,39068877.0,2058.62
2022-03-29,35736.25,35853.05,35555.05,35640.15,28826904.0,1602.85
2022-03-30,35831.75,36029.35,35754.75,35858.25,40999538.0,2607.97
2022-03-31,35963.15,36397.4,35939.4,36287.75,43123645.0,2453.98
2022-04-01,36321.45,36829.9,36229.9,36712.15,27206261.0,1674.51
2022-04-04,36767.7,37259.85,36613.85,37191.75,28562603.0,1711.7
2022-04-05,37358.75,37866.65,37220.9,37656.8,39778927.0,1952.56
2022-04-06,37477.15,37761.2,37307.35,37588.9,33266746.0,1906.4
2022-04-07,37518.85,37846.2,37507.9,37561.7,30923341.0,1967.1
2022-04-08,37710.4,38378.8,37607.8,38322.65,55054146.0,2631.22
2022-04-11,38398.7,38533.35,38024.35,38236.25,55908512.0,2294.22
2022-04-12,38088.55,38181.7,37797.15,37931.4,33803782.0,1797.9
2022-04-13,38034.6,38309.75,37894.7,38191.4,31373468.0,1599.03
2022-04-18,38028.6,38527.1,37952.4,38422.1,35882872.0,2002.29
2022-04-19,38609.45,38808.7,37102.55,37337.4,36248555.0,2056.47
2022-04-20,37517.4,37867.65,37270.7,37722.8,35131470.0,1904.98
2022-04-21,37859.95,38087.35,37773.7,38005.9,33649367.0,2111.84
2022-04-22,37838.3,38093.6,37661.05,37775.45,30169367.0,2385.06
2022-04-25,37317.9,37674.3,36926.05,37167.4,39284008.0,2425.03
2022-04-26,37528.65,37985.6,37505.25,37866.7,33386679.0,2081.45
2022-04-27,37615.45,37800.2,37374.15,37634.5,30416509.0,2138.56
2022-04-28,38106.15,38608.25,37854.7,38460.25,46961830.0,3372.46
2022-04-29,38592.45,38781.05,38086.55,38204.15,39098424.0,2627.6
2022-05-02,38008.7,38341.6,37886.45,38285.3,28290590.0,1622.77
2022-05-04,38432.45,38737.35,37495.15,37621.8,41232123.0,2939.81
2022-05-05,37869.75,37990.55,37322.8,37408.05,35799863.0,2318.87
2022-05-06,36915.95,37419.3,36762.65,37279.3,48390643.0,2410.65
2022-05-09,37078.25,37123.6,36553.6,36732.0,31680204.0,1834.95
2022-05-10,36789.4,37311.3,36712.45,36911.9,30435080.0,1900.38
2022-05-11,36897.3,37056.8,36151.1,36658.4,28192985.0,1678.67
2022-05-12,36582.8,36612.85,35826.7,36221.75,32506237.0,1803.68
2022-05-13,36610.2,37371.55,36520.65,36887.15,30391845.0,2177.04
2022-05-16,37067.35,37095.25,36653.9,36759.5,17397871.0,1248.74
2022-05-17,36959.6,37606.55,36865.65,37518.75,31031749.0,1967.45
2022-05-18,37579.3,38033.15,37531.3,37989.05,34748848.0,2177.62
2022-05-19,37355.9,38136.5,37355.9,37740.45,90203506.0,3484.83
2022-05-20,38055.05,38699.15,37989.2,38546.35,48933534.0,2884.64
2022-05-23,38551.6,38784.3,38308.0,38510.8,33727041.0,2207.79
2022-05-24,38625.5,38625.95,37922.5,38010.85,27935708.0,2010.08
2022-05-25,38257.25,38334.3,37798.85,37930.95,24337073.0,1590.02
2022-05-26,37796.25,37924.2,37346.3,37849.2,32101017.0,2175.24
2022-05-27,38126.6,38343.25,37825.4,38242.7,22351838.0,1311.53
2022-05-30,38444.3,38731.7,38314.2,38610.4,23466919.0,1533.13
2022-05-31,38627.4,38957.95,38185.4,38713.45,61559431.0,4772.4
2022-06-01,38793.1,39280.75,38356.85,38434.55,25705456.0,1740.07
2022-06-02,38332.05,38567.95,37952.2,38497.3,24903874.0,1618.38
2022-06-03,38638.3,38677.3,38212.0,38273.9,23111966.0,1613.07
2022-06-06,38190.15,38399.3,37741.35,38238.45,21912814.0,1485.12
2022-06-07,37940.6,38013.15,37494.8,37648.85,19679769.0,1394.88
2022-06-08,37632.4,37689.2,37121.65,37254.35,25152159.0,1591.19
2022-06-09,37229.4,37545.0,36862.55,37440.65,20303029.0,1371.51
2022-06-10,37083.45,37496.2,37059.9,37428.7,22052621.0,1662.66
2022-06-13,36999.25,37318.7,36929.0,37078.1,23576357.0,1681.89
2022-06-14,36979.05,37297.2,36820.2,36999.15,16567314.0,1262.73
2022-06-15,37072.4,37096.35,36756.2,36830.9,14199010.0,1167.83
2022-06-16,37098.2,37178.35,36440.15,36621.15,25585054.0,1595.67
2022-06-17,36519.95,36590.15,36024.05,36264.55,38327621.0,2724.19
2022-06-20,36300.1,37046.6,36179.0,36915.75,30576231.0,1849.88
2022-06-21,36990.95,37463.3,36879.5,37317.75,23852074.0,1482.1
2022-06-22,37092.75,37386.9,36883.15,36963.3,23511855.0,1564.9
2022-06-23,36998.95,37355.55,36943.55,37316.5,18274166.0,1219.87
2022-06-24,37449.25,37872.15,37449.25,37778.85,17940919.0,1358.19
2022-06-27,38027.1,38219.7,37875.15,38103.2,15747894.0,1234.43
2022-06-28,38035.1,38252.1,37712.2,38173.1,20061619.0,1304.71
2022-06-29,37862.45,37913.85,37605.1,37688.35,28038648.0,1816.96
2022-06-30,37637.35,37794.55,37415.8,37664.55,33170450.0,2154.28
2022-07-01,37562.45,38814.65,37428.4,38725.85,45052224.0,2077.41
2022-07-04,38761.3,39792.85,38761.3,39755.65,52302091.0,2730.81
2022-07-05,39895.9,39904.2,39619.95,39690.6,31797348.0,2188.64
2022-07-06,39589.4,40799.35,39589.4,40740.15,39964054.0,3473.09
2022-07-07,40906.45,41170.65,40650.25,40708.7,31305134.0,2600.2
2022-07-08,40844.2,40961.1,40675.75,40925.25,18879003.0,1403.38
2022-07-11,40859.5,41208.1,40778.5,41043.15,20748253.0,1469.94
2022-07-12,40815.2,40975.35,40513.4,40574.8,20699351.0,1256.64
2022-07-13,40681.15,41103.45,40681.15,40954.4,19717071.0,1626.81
2022-07-14,41014.45,41329.3,40651.85,40897.3,24688484.0,1738.37
2022-07-15,41138.2,41534.55,40994.75,41498.8,23121065.0,2089.41
2022-07-18,41710.3,41902.25,41335.0,41460.3,21003927.0,1598.68
2022-07-19,41427.9,41508.7,41211.5,41479.85,17210794.0,1308.03
2022-07-20,41636.4,42004.7,41465.65,41950.15,29392354.0,2442.0
2022-07-21,42059.55,42360.95,42003.75,42283.0,30680076.0,2163.06
2022-07-22,42404.65,42555.1,42205.6,42502.75,20861672.0,1744.21
2022-07-25,42450.6,42566.5,42291.75,42386.95,19340286.0,1421.05
2022-07-26,42397.15,42400.15,41718.95,41799.05,19805982.0,1696.39
2022-07-27,41715.45,42085.3,41635.65,42036.3,23920126.0,1918.51
2022-07-28,42301.05,42348.6,41916.2,42271.65,23898373.0,1983.98
2022-07-29,42472.95,42584.75,42156.9,42487.4,27882886.0,1948.98
2022-08-01,42582.95,42610.5,42343.35,42526.75,28526152.0,2020.54
2022-08-02,42739.75,43221.85,42587.45,42798.5,50815966.0,2636.72
2022-08-03,42743.3,42896.95,42257.05,42624.15,31580618.0,2237.38
2022-08-04,42607.75,42874.3,42435.7,42830.25,43926316.0,3266.91
2022-08-05,42891.8,43117.15,42845.95,42930.9,24582720.0,2084.22
2022-08-08,42961.75,43040.1,42830.6,42978.5,17558594.0,1390.06
2022-08-10,43067.15,43245.6,42709.2,42821.6,19115613.0,1496.4
2022-08-11,43047.05,43143.9,42382.7,42478.5,23230498.0,1608.71
2022-08-12,42536.2,42547.25,42126.85,42457.3,17340234.0,1453.37
2022-08-16,42603.6,43132.35,42566.25,42964.1,27657135.0,2373.22
2022-08-17,43081.95,43326.65,43041.2,43275.85,20845336.0,1807.23
2022-08-18,43307.3,43653.25,43264.05,43522.3,23373157.0,1892.37
2022-08-19,43626.35,43671.4,42865.5,42945.35,23151530.0,1700.26
2022-08-22,42947.9,43222.1,42751.75,42890.65,24078060.0,1828.54
2022-08-23,42625.6,43017.25,42584.35,42937.65,22236133.0,1762.48
2022-08-24,42847.55,43205.95,42768.05,42999.7,29234556.0,2180.89
2022-08-25,43189.4,43364.35,42738.65,42830.05,29429061.0,2426.34
2022-08-26,43103.95,43159.75,42698.95,42768.95,18316110.0,1418.54
2022-08-29,42286.55,43045.0,42226.55,42933.9,27340772.0,2236.75
2022-08-30,43106.55,43870.05,43100.45,43821.15,34274315.0,2718.16
2022-09-01,43549.6,43638.1,43281.45,43497.35,31235255.0,2446.33
2022-09-02,43647.65,43832.45,43449.9,43666.55,37310811.0,2123.4
2022-09-05,43736.0,43836.6,43563.3,43755.85,26970380.0,1805.01
2022-09-06,43832.3,43958.15,43426.15,43528.9,23585299.0,1872.67
2022-09-07,43443.4,43780.05,43403.6,43614.95,18714260.0,1634.65
2022-09-08,43883.9,43963.6,43600.6,43786.45,18751985.0,1445.41
2022-09-09,44072.8,44305.2,43772.4,43837.7,17281795.0,1437.61
2022-09-12,43968.1,44069.3,43863.75,43921.85,19743538.0,1696.46
2022-09-13,44095.65,44330.6,43995.1,44251.55,22663361.0,1844.37
2022-09-14,43800.55,44529.95,43786.75,44182.65,26308149.0,2093.77
2022-09-15,44343.1,44499.25,43954.4,44041.6,18932764.0,1523.15
2022-09-16,43929.35,43991.45,43101.6,43192.65,35707473.0,3167.02
2022-09-19,43131.8,43722.9,42877.1,43655.65,23561153.0,1606.57
2022-09-20,43980.0,44259.35,43866.35,43981.25,22005264.0,1827.96
2022-09-21,43989.8,44674.95,43945.1,44500.15,37587088.0,2747.32
2022-09-22,44484.75,45228.15,44460.75,45080.45,41961733.0,3081.46
2022-09-23,45227.15,45237.95,44780.15,44854.65,34129569.0,2239.34
2022-09-26,44638.3,44825.05,43845.3,43937.4,32699775.0,2782.9
2022-09-27,44136.55,44599.9,44049.8,44218.15,26550504.0,2358.23
2022-09-28,44000.3,44310.3,43704.7,43964.65,28541007.0,2109.49
2022-09-29,44290.35,44531.2,44130.8,44356.25,32679470.0,2460.58
2022-09-30,44393.65,44590.65,44037.9,44405.65,25674674.0,1992.36
2022-10-03,44519.65,44654.45,43365.05,43477.3,20586630.0,1707.66
2022-10-04,44034.05,44319.05,43871.3,44287.05,23378919.0,1850.74
2022-10-06,44478.6,44518.5,44023.0,44097.2,40102801.0,2769.82
2022-10-07,44056.1,44105.65,43534.3,43813.3,26151265.0,1924.7
2022-10-10,43278.6,43413.5,42996.6,43329.2,21662920.0,1568.0
2022-10-11,43466.9,43473.75,42461.8,42564.65,28034841.0,1961.02
2022-10-12,42739.15,43267.15,42559.2,43196.85,24850175.0,1773.94
2022-10-13,43180.85,43319.85,42995.65,43036.65,17284721.0,1256.76
2022-10-14,43474.2,43646.35,43105.2,43153.05,15392992.0,1266.03
2022-10-17,43073.85,43406.95,42924.5,43182.9,14352468.0,1040.4
2022-10-18,43465.4,43859.05,43389.25,43715.75,29824228.0,1802.9
2022-10-19,43923.1,44055.9,43665.9,43890.55,26965166.0,1983.32
2022-10-20,43824.4,44365.1,43821.55,44281.15,30219040.0,2165.64
2022-10-21,44467.75,44670.8,44080.7,44269.2,39087788.0,2629.52
2022-10-24,44372.9,44471.25,44090.5,44210.1,5375328.0,519.25
2022-10-25,44332.6,44342.3,43659.45,43752.85,31822770.0,2571.67
2022-10-27,43858.0,44073.7,43617.2,43954.6,36276810.0,2641.24
2022-10-28,44118.1,44202.8,43834.25,43944.1,23312955.0,1657.15
2022-10-31,44166.35,44410.4,44031.0,44296.3,24382932.0,1806.25
2022-11-01,44460.15,44604.85,44400.8,44564.9,34057130.0,2372.07
2022-11-02,44583.75,44807.8,44346.7,44533.35,27742733.0,1980.75
2022-11-03,44439.0,44782.75,44404.95,44661.85,23615617.0,1920.36
2022-11-04,44684.7,44790.95,44409.65,44509.55,17336425.0,1401.19
2022-11-07,44700.55,44998.9,44416.15,44709.45,26539612.0,3000.27
2022-11-09,44696.55,45050.35,44671.95,44826.55,33965879.0,2653.05
2022-11-10,44719.65,44927.25,44386.15,44586.9,29568378.0,2042.05
2022-11-11,44988.15,45035.5,44431.05,44520.5,20840526.0,1628.94
2022-11-14,44570.4,44692.55,43878.3,43919.15,30158292.0,2215.45
2022-11-15,44054.65,44077.4,43468.05,43911.05,27713133.0,2013.93
2022-11-16,43960.1,44012.65,43594.8,43910.3,19812631.0,1634.45
2022-11-17,43923.4,44084.8,43775.45,43845.1,23898468.0,1716.82
2022-11-18,43915.65,43958.8,43447.9,43747.0,17516170.0,1400.49
2022-11-21,43647.25,43688.6,43456.2,43611.0,18153486.0,1478.02
2022-11-22,43619.0,43881.85,43526.05,43854.15,16105760.0,1336.9
2022-11-23,44000.8,44009.2,43736.35,43854.2,16166129.0,1270.32
2022-11-24,43991.45,44388.45,43932.6,44241.75,22817137.0,1827.58
2022-11-25,44331.55,44331.55,43878.75,44102.6,16175181.0,1323.03
2022-11-28,44042.3,44313.45,43974.0,44251.05,21807504.0,1649.49
2022-11-29,44261.05,45151.7,44254.65,45078.55,36916817.0,3093.64
2022-11-30,45085.85,45788.05,45079.0,45536.55,83279850.0,8787.58
2022-12-01,45680.6,45690.7,45188.1,45370.65,31195575.0,2515.43
2022-12-02,45348.55,45351.4,45025.9,45154.2,30281130.0,3142.17
2022-12-05,45123.05,45232.75,44781.4,45151.15,22674109.0,2017.99
2022-12-06,44977.1,45341.2,44961.05,45287.85,17491047.0,1824.34
2022-12-07,45423.9,45878.45,45313.95,45724.6,28142578.0,2502.17
2022-12-08,45720.45,45986.05,45612.65,45767.05,17297237.0,1691.63
2022-12-09,45964.95,46235.15,45821.9,46159.5,22467021.0,2188.05
2022-12-12,46093.25,46244.2,45973.05,46215.2,26863621.0,2191.83
2022-12-13,46312.55,46331.2,46037.15,46145.55,19669562.0,1567.06
2022-12-14,46243.95,46285.65,45840.35,45949.35,16577594.0,1540.85
2022-12-15,45864.4,45977.3,45427.35,45544.55,16940508.0,1484.79
2022-12-16,45472.8,45541.6,45096.25,45320.75,23972035.0,2050.41
2022-12-19,45449.4,46013.55,45383.0,45981.45,17837780.0,1678.56
2022-12-20,45866.3,45888.7,45402.05,45694.7,20108088.0,1557.33
2022-12-21,45835.0,45864.45,45189.15,45284.7,15720740.0,1369.6
2022-12-22,45383.15,45569.5,44923.5,45085.55,14674655.0,1322.56
2022-12-23,44823.6,44976.65,44245.65,44314.9,19011847.0,1554.52
2022-12-26,44279.35,44864.3,44057.8,44744.05,16776789.0,1163.18
2022-12-27,44880.05,44981.25,44480.5,44559.4,12394332.0,1017.53
2022-12-28,44566.9,44634.7,44408.4,44589.15,13654471.0,1074.01
2022-12-29,44537.55,44630.75,44099.0,44508.0,18144996.0,1533.77
2022-12-30,44640.65,44740.35,44086.0,44171.45,13102601.0,1033.4
2023-01-02,44284.2,44318.65,44000.8,44192.85,12327497.0,1003.02
2023-01-03,44121.6,44231.75,43900.9,44013.65,12841329.0,1182.51
2023-01-04,44104.85,44160.65,43655.0,43723.55,14787998.0,1329.53
2023-01-05,43832.1,44533.65,43812.95,44401.5,26308885.0,2431.19
2023-01-06,44453.75,44717.35,44287.6,44412.85,19486009.0,1576.27
2023-01-09,44617.5,44894.55,44505.6,44796.65,19967234.0,1462.95
2023-01-10,44800.05,44809.45,44503.8,44626.05,14886937.0,1358.92
2023-01-11,44728.45,44752.8,44077.1,44123.0,15394460.0,1483.22
2023-01-12,44179.4,44258.75,43802.6,43966.35,17879673.0,1593.94
2023-01-13,44013.6,44200.55,43741.45,43955.6,27143102.0,1952.18
2023-01-16,44065.55,44099.85,43866.15,44006.75,17479347.0,1379.88
2023-01-17,44044.8,44582.8,44011.25,44536.1,25800200.0,1951.35
2023-01-18,44621.8,44808.95,44505.3,44711.45,19431994.0,1528.03
2023-01-19,44596.1,44708.95,44157.35,44326.05,17035184.0,1427.39
2023-01-20,43887.4,44138.7,43752.0,43899.6,29180762.0,2636.67
2023-01-23,44047.65,44295.05,43841.05,44261.9,13023516.0,1099.56
2023-01-24,44324.85,44449.65,44214.95,44324.35,19238336.0,1395.0
2023-01-25,44274.8,44426.9,44056.0,44284.15,23100042.0,1760.88
2023-01-27,44483.5,44617.8,44111.15,44486.65,33739116.0,2249.73
2023-01-30,44542.25,44548.4,43956.6,44220.35,28266766.0,2284.75
2023-01-31,44291.65,44626.4,43721.95,44456.9,35172217.0,2886.9
2023-02-01,44699.45,45253.75,43550.1,44958.3,79437624.0,4270.25
2023-02-02,44989.4,46090.55,44915.85,45981.55,68022229.0,4231.87
2023-02-03,46191.9,46229.35,45551.7,46037.2,37231309.0,2620.0
2023-02-06,46041.25,46374.9,45874.1,46293.6,39352588.0,2678.99
2023-02-07,46396.25,46398.7,45538.5,45758.1,33867791.0,2425.15
2023-02-08,45795.65,45976.05,45604.65,45771.6,20307112.0,1564.05
2023-02-09,45776.35,46012.1,45614.2,45671.25,19320917.0,1450.98
2023-02-10,45521.1,45716.1,45303.4,45488.1,19203614.0,1598.66
2023-02-13,45477.8,45590.5,45255.7,45508.4,17093168.0,1285.9
2023-02-14,45595.4,46078.7,45503.1,45976.95,37902401.0,2303.45
2023-02-15,45625.35,45845.7,45361.95,45799.2,21072203.0,1625.98
2023-02-16,45914.1,45979.0,45657.8,45758.2,17795017.0,1721.55
2023-02-17,45628.8,45756.45,45401.75,45617.3,15368795.0,1593.22
2023-02-20,45726.0,45900.45,45389.3,45501.2,16435544.0,1401.8
2023-02-21,45675.4,45820.4,45485.4,45551.95,17945711.0,1427.31
2023-02-22,45538.4,45577.75,45329.15,45412.85,17332126.0,1342.6
2023-02-23,45440.3,45956.1,45209.1,45530.1,29256216.0,1857.31
2023-02-24,45656.15,45672.35,45154.55,45372.5,19985786.0,1389.45
2023-02-27,45377.75,45384.9,44733.45,45040.75,15999116.0,1236.77
2023-02-28,45082.0,45261.75,44667.1,44940.45,31197643.0,2469.95
2023-03-01,44830.55,45149.0,44830.55,45062.55,18352491.0,1597.12
2023-03-02,45128.65,45149.85,44729.35,44831.6,11931946.0,997.28
2023-03-03,44985.7,45471.65,44964.55,45410.0,16602551.0,1414.69
2023-03-06,45529.25,45772.05,45427.05,45552.1,19542336.0,1721.74
2023-03-08,45469.65,45812.95,45282.25,45722.0,18446966.0,1539.55
2023-03-09,45724.7,45767.9,45181.15,45260.45,17956373.0,1457.98
2023-03-10,45138.95,45398.65,44933.45,45334.75,15472872.0,1208.51
2023-03-13,45351.5,45555.7,44861.35,44953.6,18110986.0,1438.84
2023-03-14,45068.05,45121.15,44628.05,44714.95,20930410.0,1569.35
2023-03-15,44873.1,45047.65,44396.9,44464.35,20482469.0,1790.95
2023-03-16,44575.9,45021.7,44447.8,44971.2,28838041.0,2250.38
2023-03-17,45232.35,45242.4,44573.0,44858.3,64585305.0,3818.49
2023-03-20,44704.2,45259.5,44392.05,45213.05,18370042.0,1526.91
2023-03-21,45282.05,45306.35,44806.75,44913.4,20194811.0,1661.6
2023-03-22,45027.7,45140.2,44828.5,45109.5,15491575.0,1162.22
2023-03-23,45056.95,45434.3,44876.15,45267.45,20090367.0,1599.28
2023-03-24,45229.15,45412.95,44990.05,45060.0,18882876.0,1521.54
2023-03-27,45093.25,45434.1,44918.35,45188.0,22198219.0,1708.84
2023-03-28,45215.2,45342.85,44987.0,45044.25,19874607.0,1481.73
2023-03-29,45051.1,45523.45,44989.2,45421.65,24611372.0,2306.9
2023-03-31,45583.1,45958.5,45435.9,45904.9,20700681.0,2026.61
2023-04-03,46053.65,46053.65,45530.35,45738.45,16946646.0,1499.72
2023-04-05,45662.85,46413.25,45626.2,46361.25,24715588.0,2146.24
2023-04-06,46347.25,46353.7,46023.3,46109.15,24509751.0,1782.77
2023-04-10,46107.4,46161.05,45843.35,45909.65,15323143.0,1224.19
2023-04-11,46001.4,46330.05,45950.4,46269.7,29483279.0,1962.53
2023-04-12,46380.95,46401.0,46008.8,46112.6,20772024.0,1678.79
2023-04-13,46179.55,46449.4,46118.9,46211.95,21041989.0,1700.18
2023-04-17,46331.9,46801.35,46220.35,46688.6,21905868.0,2294.87
2023-04-18,46756.3,46765.55,46437.4,46536.35,21540503.0,1978.04
2023-04-19,46475.95,46539.65,46230.6,46421.45,21840290.0,1953.83
2023-04-20,46404.5,46616.0,46156.1,46256.05,18634470.0,1579.83
2023-04-21,46259.4,46706.1,46194.8,46669.7,23437852.0,1770.46
2023-04-24,46812.05,46978.45,46509.75,46943.05,23102105.0,2071.06
2023-04-25,46913.45,47117.05,46807.95,47051.85,23754945.0,2282.25
2023-04-26,47038.1,47459.95,46933.05,47387.5,21566282.0,1990.86
2023-04-27,47401.5,47453.55,47197.15,47360.15,24352222.0,2241.83
2023-04-28,47267.05,47955.3,47074.05,47814.1,31061578.0,3239.77
2023-05-02,47956.85,48083.7,47675.25,47750.2,24553152.0,2424.61
2023-05-03,47754.7,48207.9,47638.15,48120.65,22591998.0,2155.95
2023-05-04,48061.5,48169.8,47938.8,48057.35,19139090.0,1633.62
2023-05-05,48054.4,48326.05,48013.65,48186.15,27542830.0,2209.41
2023-05-08,48376.7,48686.15,48312.4,48538.45,25592663.0,2196.38
2023-05-09,48685.4,48708.35,48228.6,48369.1,21895556.0,2015.1
2023-05-10,48453.0,48698.75,48333.85,48643.35,23168435.0,2327.33
2023-05-11,48860.65,48919.85,48491.3,48865.0,28956420.0,2588.72
2023-05-12,48905.0,49223.6,48661.75,48950.75,21616505.0,2038.06
2023-05-15,49026.8,49650.15,48910.5,49506.55,21478462.0,2021.43
2023-05-16,49668.15,49688.4,49363.9,49406.1,16576633.0,1642.22
2023-05-17,49408.5,49513.8,49217.9,49434.0,20055823.0,1806.0
2023-05-18,49628.3,49756.15,48818.0,48889.3,31799551.0,2125.72
2023-05-19,48964.8,48965.8,48426.6,48874.25,36089579.0,2450.7
2023-05-22,48934.1,49126.25,48701.45,49052.25,21415031.0,1490.06
2023-05-23,49089.85,49322.4,49027.25,49118.8,15920437.0,1353.67
2023-05-24,49054.95,49439.25,49031.3,49355.25,20094350.0,1569.96
2023-05-25,49511.1,49825.05,49418.65,49657.0,26811201.0,2218.86
2023-05-26,49802.7,50425.15,49654.6,50388.0,26956302.0,2265.77
2023-05-29,50633.15,50850.25,50501.9,50626.4,29663834.0,2026.34
2023-05-30,50717.8,51029.45,50669.5,50927.2,26338204.0,1860.17
2023-05-31,50896.45,51133.6,50650.95,51042.75,37573572.0,4896.9
2023-06-01,51147.1,51367.3,50923.8,50998.95,17629004.0,1639.83
2023-06-02,51135.85,51399.55,51026.95,51288.65,16483363.0,1598.38
2023-06-05,51373.2,51502.2,51026.9,51058.4,14340094.0,1459.79
2023-06-06,51134.85,51212.65,50783.15,51038.4,15438871.0,1449.32
2023-06-07,51143.3,51673.45,51066.9,51609.4,24886436.0,3236.14
2023-06-08,51696.95,51718.0,51091.5,51143.5,16622631.0,1753.96
2023-06-09,50930.9,51381.9,50605.75,50674.85,17253114.0,1939.97
2023-06-12,50792.1,50875.15,50553.25,50762.55,18002510.0,1590.55
2023-06-13,50897.05,51607.35,50794.1,51462.7,30301624.0,2601.4
2023-06-14,51526.5,51834.5,51441.9,51767.9,25957017.0,2469.03
2023-06-15,51901.25,52236.65,51840.8,52046.45,25499955.0,2348.1
2023-06-16,52159.65,52540.5,52112.6,52440.2,30377501.0,2711.32
2023-06-19,52486.2,52526.05,52063.7,52123.85,14744727.0,1393.24
2023-06-20,52101.8,52239.4,51809.15,52164.7,15719572.0,1563.84
2023-06-21,52209.6,52421.95,51763.55,51934.25,17763912.0,1741.78
2023-06-22,51934.95,51965.75,51516.0,51557.8,15360027.0,1328.56
2023-06-23,51527.8,51556.95,51124.5,51283.75,17095130.0,1499.97
2023-06-26,51415.95,51883.4,51346.9,51635.0,16464719.0,1476.26
2023-06-27,51702.3,51821.75,51477.55,51598.6,15200742.0,1361.5
2023-06-28,51683.45,51985.1,51590.9,51893.4,26341681.0,2194.46
2023-06-30,51943.75,52239.05,51759.45,52194.75,21355728.0,1770.93
2023-07-03,52299.0,52857.9,52061.1,52741.5,21368367.0,1723.11
2023-07-04,52870.15,52882.4,52390.55,52814.8,20330995.0,1793.84
2023-07-05,52845.45,53846.9,52720.1,53776.2,34071943.0,2920.21
2023-07-06,53969.45,53971.25,53557.65,53765.65,24725164.0,2642.22
2023-07-07,53758.6,53820.8,52847.85,52942.45,21260657.0,1927.67
2023-07-10,53071.35,53148.6,52484.5,52536.15,17040617.0,1664.44
2023-07-11,52609.5,53372.0,52544.4,53184.4,20126630.0,2148.07
2023-07-12,53511.55,53513.4,52944.5,53279.5,24312897.0,2223.59
2023-07-13,53453.4,53567.65,52946.4,53029.95,17698354.0,1680.69
2023-07-14,53151.3,53558.95,53094.45,53453.7,16263681.0,1677.49
2023-07-17,53536.35,53799.65,53351.6,53471.6,16558283.0,1544.93
2023-07-18,53558.45,53633.2,53245.9,53340.65,14504691.0,1400.43
2023-07-19,53366.45,53607.25,53078.55,53517.3,21491115.0,1732.55
2023-07-20,53561.55,54289.95,53309.8,54239.7,30770172.0,2361.71
2023-07-21,54015.55,54349.85,53511.0,53697.45,38919106.0,4154.24
2023-07-24,53843.95,53882.25,52615.4,52771.7,55560832.0,3938.77
2023-07-25,52761.5,52761.5,52002.75,52315.95,53774359.0,3541.35
2023-07-26,52533.15,52972.65,52381.6,52865.3,29726190.0,2240.14
2023-07-27,52934.35,53067.55,52270.95,52499.9,35663742.0,3834.72
2023-07-28,52669.95,53035.0,52500.8,52964.05,29421412.0,2584.85
2023-07-31,52953.15,53021.5,52517.05,52636.85,23039789.0,2365.53
2023-08-01,52759.25,52836.1,52454.15,52501.15,18819883.0,2050.13
2023-08-02,52491.7,52538.85,52103.25,52368.7,23305337.0,2387.42
2023-08-03,52283.55,52409.8,51943.05,52062.35,30732808.0,2382.28
2023-08-04,52201.0,52520.0,52014.65,52050.65,25286918.0,2204.45
2023-08-07,51973.05,52107.2,51789.5,52072.5,22049798.0,2094.75
2023-08-08,52163.15,52257.65,51752.7,51924.4,22806614.0,2063.65
2023-08-09,51950.15,52249.3,51620.65,52206.2,24884650.0,2227.14
2023-08-10,52209.15,52242.5,51609.15,51728.65,24403252.0,2040.83
2023-08-11,51803.05,51825.6,51265.5,51351.7,24024074.0,2255.51
2023-08-14,51350.55,51714.8,50984.6,51604.4,17198342.0,1651.41
2023-08-16,51676.7,51869.75,51459.4,51815.4,24170555.0,1962.85
2023-08-17,51821.25,51829.6,51248.55,51353.75,30089481.0,2506.79
2023-08-18,51288.55,51586.35,51167.75,51464.75,31895140.0,2588.99
2023-08-21,51516.85,51853.55,51409.4,51799.0,17494156.0,1421.22
2023-08-22,51912.1,52234.5,51769.35,52141.65,19633214.0,1755.49
2023-08-23,52310.6,52315.3,51839.5,51888.3,18855107.0,1850.1
2023-08-24,52028.5,52150.05,51929.4,52036.75,15576257.0,1583.75
2023-08-25,51930.0,51938.9,51415.2,51506.8,18634844.0,1576.28
2023-08-28,51594.15,51650.65,51283.4,51390.8,13225982.0,1211.32
2023-08-29,51511.7,51526.1,51182.05,51223.05,19411911.0,1663.87
2023-08-30,51333.7,51560.45,51257.85,51513.55,15522869.0,1507.28
2023-08-31,51579.95,51641.1,50913.0,51092.65,40056965.0,3835.58
2023-09-01,51156.85,51326.55,51079.9,51240.5,21671085.0,1674.46
2023-09-04,51415.1,51419.2,50932.55,51171.75,23197134.0,1935.54
2023-09-05,51309.5,51634.95,51171.75,51548.45,17078153.0,1563.76
2023-09-06,51629.9,52136.25,51498.05,52064.85,26164009.0,2245.79
2023-09-07,52040.3,52110.6,51807.8,51853.1,21799266.0,2248.45
2023-09-08,51976.8,51981.5,51709.45,51778.3,17887941.0,1537.57
2023-09-11,51948.7,52291.25,51838.0,52239.05,19707045.0,1700.26
2023-09-12,52449.0,52454.75,51768.9,52065.9,28946210.0,2773.52
2023-09-13,52049.6,52346.65,52000.15,52223.65,22644599.0,1934.02
2023-09-14,52397.5,52401.65,51926.2,52143.2,26234807.0,2423.0
2023-09-15,52041.05,52178.25,51817.65,51895.15,30401848.0,3082.71
2023-09-18,51983.5,52243.15,51804.1,52198.6,17955595.0,1713.43
2023-09-20,51932.9,52066.8,51813.8,51924.15,20690436.0,1886.62
2023-09-21,51893.05,51921.85,51332.15,51672.65,20712727.0,1906.25
2023-09-22,51629.95,51716.7,51344.65,51608.5,16862086.0,1535.55
2023-09-25,51646.3,51762.45,51346.05,51642.45,15735135.0,1530.34
2023-09-26,51724.5,51982.45,51644.05,51912.85,18985056.0,1990.57
2023-09-27,51951.35,52377.85,51653.8,52329.5,20825195.0,1899.97
2023-09-28,52381.8,52393.15,51246.45,51329.1,24450092.0,2252.29
2023-09-29,51504.55,51742.7,51273.75,51602.65,19726276.0,1708.4
2023-10-03,51603.65,51708.0,51255.7,51320.85,23603682.0,2147.61
2023-10-04,51372.15,51528.25,51128.5,51435.75,25318624.0,2433.98
2023-10-05,51625.6,51654.55,51270.0,51384.55,22986003.0,2029.91
2023-10-06,51488.95,51725.4,51359.15,51577.9,17048367.0,1457.37
2023-10-09,51333.7,51635.15,51188.35,51502.85,14773571.0,1470.3
2023-10-10,51587.0,51845.05,51567.9,51803.95,13120190.0,1365.78
2023-10-11,52016.05,52342.45,51913.2,52254.45,18970951.0,2002.91
2023-10-12,52377.25,52491.4,52041.15,52363.95,21129462.0,1987.01
2023-10-13,52240.1,52655.75,52130.05,52520.7,22022180.0,2258.88
2023-10-16,52468.95,52588.3,52305.6,52401.95,14510997.0,1612.56
2023-10-17,52494.85,52851.45,52383.45,52665.3,21248935.0,2000.91
2023-10-18,52770.3,52772.8,52381.2,52442.05,16973864.0,1559.59
2023-10-19,52170.0,52667.2,52077.1,52516.35,22561492.0,2495.3
2023-10-20,52164.6,52400.6,51762.45,51823.35,34758849.0,3644.37
2023-10-23,51771.7,51956.5,51335.05,51421.65,16048818.0,1514.24
2023-10-25,51385.2,51619.6,50954.35,51216.85,24094225.0,2238.4
2023-10-26,50969.35,51089.85,50607.0,50941.1,34434556.0,3041.13
2023-10-27,50967.85,51502.45,50948.1,51395.0,24280180.0,2362.26
2023-10-30,51330.15,51501.95,50951.95,51180.7,16965812.0,1628.54
2023-10-31,51213.5,51418.45,51125.25,51262.6,19797293.0,1829.22
2023-11-01,51391.6,51462.45,50997.4,51087.8,19670631.0,1866.59
2023-11-02,51408.4,51633.9,51164.25,51589.0,20781358.0,2283.56
2023-11-03,51777.05,51984.6,51660.25,51901.5,26143750.0,2131.64
2023-11-06,52035.4,52166.35,51966.65,52075.7,17004235.0,1705.32
2023-11-07,52089.9,52216.45,51934.25,52130.0,18278744.0,1931.47
2023-11-08,52262.5,52498.65,52153.8,52455.2,16994274.0,1592.09
2023-11-09,52537.85,52562.5,51946.15,51983.0,20336360.0,1956.64
2023-11-10,51959.3,52129.15,51689.05,52076.05,17976968.0,1711.35
2023-11-12,52376.1,52397.55,52200.25,52258.5,2638097.0,238.68
2023-11-13,52170.95,52182.55,51917.65,52025.6,11545746.0,1167.53
2023-11-15,52333.7,52434.9,52039.4,52383.45,22752800.0,2125.82
2023-11-16,52390.8,52680.4,52225.55,52305.75,24491372.0,2168.62
2023-11-17,52237.95,52809.75,52237.95,52756.1,17241740.0,1765.15
2023-11-20,52842.1,52887.9,52431.1,52550.1,12331702.0,1260.34
2023-11-21,52546.55,52651.6,52377.7,52466.2,13842934.0,1325.29
2023-11-22,52551.45,52711.5,52312.3,52691.2,12403571.0,1152.19
2023-11-23,52713.65,52888.7,52662.45,52823.05,15382958.0,1404.12
2023-11-24,52889.5,52958.1,52548.6,52576.9,14132623.0,1269.34
2023-11-28,52670.2,52691.9,52402.4,52489.5,20698211.0,2098.87
2023-11-29,52592.75,52775.7,52533.0,52725.45,26249226.0,2264.98
2023-11-30,52697.85,53193.35,52661.3,53013.8,40563967.0,4492.73
2023-12-01,53199.25,53917.5,53131.65,53851.45,30112591.0,2475.5
2023-12-04,54313.6,54397.55,53967.4,54237.7,25492069.0,2503.76
2023-12-05,54476.5,54557.7,54039.6,54110.9,26722441.0,2931.75
2023-12-06,54281.75,54872.9,54201.2,54662.55,31244958.0,2541.44
2023-12-07,54678.55,54728.5,54088.2,54173.15,24865227.0,2549.59
2023-12-08,54309.6,54491.3,53568.6,53636.35,29632898.0,2311.74
2023-12-11,53790.45,54021.25,53558.8,53976.9,17146211.0,1867.67
2023-12-12,54093.0,54372.8,53738.8,53837.0,20163515.0,1883.42
2023-12-13,54047.75,54275.65,53776.6,54215.35,22905166.0,2026.25
2023-12-14,54560.85,54564.0,53990.1,54361.45,27379065.0,2529.59
2023-12-15,54542.05,54585.75,53963.25,54186.2,29435315.0,2822.44
2023-12-18,54070.9,54122.25,53911.35,54017.05,24514253.0,2260.12
2023-12-19,54201.95,54855.8,54145.05,54776.55,26895002.0,3254.52
2023-12-20,55500.4,55581.4,54459.2,54597.9,41644494.0,4587.34
2023-12-21,54350.2,54940.35,53970.6,54803.3,34274643.0,3442.79
2023-12-22,54972.6,55143.05,54643.75,55101.05,29898243.0,2978.71
2023-12-26,55271.75,55556.75,55189.85,55484.4,16097054.0,1803.43
2023-12-27,55572.45,55813.3,55471.2,55750.35,21209481.0,2080.86
2023-12-28,55866.75,56580.7,55789.05,56504.5,39133793.0,3675.74
2023-12-29,56555.15,57055.8,56481.1,56987.2,35043470.0,3284.01
2024-01-01,57127.55,57503.15,56899.4,57292.35,19095764.0,1851.26
2024-01-02,57427.4,57430.0,56763.7,57209.5,21779769.0,2279.1
2024-01-03,57130.5,57631.6,57058.45,57213.3,35605717.0,2717.4
2024-01-04,57470.9,57922.2,57327.25,57703.9,27421818.0,2879.45
2024-01-05,57945.1,57966.7,57455.85,57667.35,24105421.0,2668.55
2024-01-08,57718.85,57748.35,56636.45,56672.85,28259386.0,2711.51
2024-01-09,56868.3,56996.25,56487.65,56573.1,16984637.0,1817.16
2024-01-10,56575.6,56794.85,56134.65,56348.95,17380011.0,1817.58
2024-01-11,56476.4,56688.0,56123.8,56228.55,17668217.0,2074.03
2024-01-12,56279.1,56559.9,56008.0,56485.75,27803687.0,3263.83
2024-01-15,56795.4,56818.6,56317.45,56657.3,20995094.0,2516.7
2024-01-16,56705.2,56872.5,56425.05,56755.85,24734812.0,2339.05
2024-01-17,56477.65,56839.6,56191.7,56259.5,25636261.0,2706.83
2024-01-18,56175.6,56228.2,55206.7,55953.6,22176870.0,2242.34
2024-01-19,56296.3,56813.95,56085.3,56640.5,25100551.0,2372.87
2024-01-20,56632.8,56650.35,55933.65,55976.65,9235648.0,1296.97
2024-01-23,56212.7,56284.4,54816.1,54973.9,25865311.0,3092.49
2024-01-24,55130.3,55918.6,54859.9,55858.7,36475670.0,3159.8
2024-01-25,55932.3,55981.6,54981.05,55214.1,33768158.0,2965.34
2024-01-29,55058.15,55470.5,55047.7,55139.1,32136373.0,2667.95
2024-01-30,55187.2,55501.4,54507.4,54574.35,57485159.0,3742.3
2024-01-31,54634.25,55124.95,54501.35,55071.4,37303924.0,3095.83
2024-02-01,55205.85,55792.0,55114.2,55215.8,54911054.0,4617.44
2024-02-02,55347.4,55557.5,54992.9,55118.4,31912450.0,2648.65
2024-02-05,55340.4,55387.9,54590.6,54698.4,26675833.0,2568.33
2024-02-06,54860.15,54956.7,54372.6,54608.8,31963156.0,2699.06
2024-02-07,55041.35,55041.35,54523.1,54772.6,24564802.0,2657.72
2024-02-08,54774.6,54775.6,53317.25,53646.2,63224923.0,4360.21
2024-02-09,53536.85,54007.8,53452.75,53867.1,44053672.0,3012.84
2024-02-12,54005.55,54036.0,53231.5,53292.95,19332182.0,1614.51
2024-02-13,53345.4,53534.8,53232.65,53432.05,23524913.0,1775.34
2024-02-14,53224.35,53951.7,53138.4,53839.05,22166931.0,1917.89
2024-02-15,53902.0,53997.65,53265.4,53321.35,33015952.0,2683.69
2024-02-16,53465.0,53643.9,53186.7,53518.6,49079171.0,3266.14
2024-02-19,53645.55,54121.6,53576.0,53943.3,25245487.0,1656.55
2024-02-20,53981.4,54027.15,53552.55,53882.5,22962435.0,1760.82
2024-02-21,53975.55,54226.85,53651.25,53892.35,32964404.0,2375.05
2024-02-22,54189.3,54479.8,53581.8,54419.2,28952893.0,2359.67
2024-02-23,54528.5,54561.55,54268.75,54337.75,21000310.0,1769.98
2024-02-26,54312.6,54433.25,54074.55,54317.3,16994706.0,1469.23
2024-02-27,54342.8,54456.65,54128.4,54306.45,23585084.0,2223.4
2024-02-28,54406.3,54439.15,53742.65,53824.9,27640613.0,2434.99
2024-02-29,53836.75,54113.3,53453.5,54015.6,37654671.0,3766.15
2024-03-01,54272.85,54559.65,54062.6,54225.15,24531525.0,2365.55
2024-03-04,54492.85,54588.55,54102.55,54221.75,17200793.0,1729.23
2024-03-05,54224.55,54364.95,53580.1,53653.1,24114757.0,2235.99
2024-03-06,53657.35,53946.9,53171.75,53879.6,23244582.0,2152.57
2024-03-07,53914.0,54461.05,53637.1,54406.3,36093601.0,2777.35
2024-03-11,54570.85,54628.6,53970.25,54087.45,32035533.0,2960.52
2024-03-12,53944.05,53950.25,53382.35,53636.1,43934073.0,2723.33
2024-03-13,54844.5,54962.5,53470.25,53664.15,120620326.0,6990.84
2024-03-14,53504.4,54252.45,53280.2,54145.8,45473163.0,3375.78
2024-03-15,54013.95,54464.95,53886.7,54155.45,91164897.0,5747.94
2024-03-18,54144.3,54189.1,53805.85,53907.85,26842202.0,2270.43
2024-03-19,53859.55,53915.1,52626.95,52740.9,38473147.0,3558.98
2024-03-20,52726.5,53033.7,52562.6,52993.5,32047773.0,2736.44
2024-03-21,53210.6,53423.6,52967.55,53338.35,32889534.0,2897.15
2024-03-22,53312.9,53849.6,53305.05,53775.7,52649080.0,3765.2
2024-03-26,53325.4,53784.0,53325.1,53687.7,26172809.0,2780.14
2024-03-27,53737.95,53819.95,53491.1,53543.55,26293318.0,2592.62
2024-03-28,53683.2,54251.0,53534.45,53949.2,51564393.0,4631.33
2024-04-01,54078.2,54369.1,53828.1,53889.15,20992044.0,2025.97
2024-04-02,54141.65,54141.65,53823.55,54096.95,22408564.0,2198.64
2024-04-03,54056.2,54101.6,53522.9,53866.7,26519949.0,2589.13
2024-04-04,54072.95,54116.0,53502.9,53634.45,42306230.0,3533.41
2024-04-05,53718.2,54094.5,53569.65,53925.95,36332781.0,2645.52
2024-04-08,54100.25,54228.9,53902.45,53966.05,25908662.0,2514.08
2024-04-09,54081.1,54091.35,53552.65,53629.35,19285010.0,1813.7
2024-04-10,53869.6,54370.5,53601.35,54290.9,31587962.0,2993.17
2024-04-12,54244.45,54275.6,53653.45,53701.4,39452062.0,3805.98
2024-04-15,53299.05,53475.15,52778.75,53174.95,29860910.0,3408.66
2024-04-16,52996.55,53526.75,52937.25,53402.25,26633509.0,2798.85
2024-04-18,53482.9,53571.75,52719.7,52825.5,43126654.0,4102.01
2024-04-19,52530.0,53229.75,52398.75,53055.45,31573914.0,2877.35
2024-04-22,53318.9,53594.6,53128.2,53499.45,25556662.0,2560.83
2024-04-23,53622.0,54037.95,53523.45,53905.3,25497438.0,2365.74
2024-04-24,53755.35,54033.95,53731.6,53932.5,24780822.0,2808.13
2024-04-25,53998.45,54358.2,53642.05,54291.65,52248911.0,5109.54
2024-04-26,54441.5,54601.6,54119.75,54300.75,30678021.0,2758.75
2024-04-29,54527.15,54557.25,54125.5,54332.15,30267446.0,2322.24
2024-04-30,54519.5,54670.3,54181.95,54240.6,28585135.0,2890.73
2024-05-02,54155.15,54757.35,54154.9,54490.55,44666573.0,3626.43
2024-05-03,54688.85,54702.55,53913.3,54273.9,44046213.0,3531.09
2024-05-06,54544.15,54697.7,54149.5,54660.15,29304073.0,3736.0
2024-05-07,54942.6,56222.75,54855.8,55765.55,102912754.0,9104.74
2024-05-08,55704.3,56124.3,55569.7,56008.8,36605492.0,3513.15
2024-05-09,55924.6,56020.35,54533.45,54625.1,44744181.0,3322.91
2024-05-10,54739.25,55407.1,54601.75,55276.5,27386226.0,2519.82
2024-05-13,55386.95,55525.9,54816.85,55340.7,26265940.0,2694.74
2024-05-14,55320.35,55504.45,55011.75,55054.3,31377929.0,2945.31
2024-05-15,55172.0,55292.35,54507.7,54555.95,20113233.0,2052.93
2024-05-16,54757.3,55066.2,54159.35,54997.0,40650011.0,3284.08
2024-05-17,55094.95,55136.6,54735.45,55064.7,22054770.0,1857.02
2024-05-18,55212.1,55278.5,55114.05,55217.85,1921719.0,199.0
2024-05-21,54998.65,55139.55,54764.55,54969.25,23384482.0,2340.51
2024-05-22,55154.9,55898.45,55067.8,55753.9,29716955.0,2938.63
2024-05-23,55925.3,56062.0,55400.6,55899.0,41694859.0,3109.7
2024-05-24,55847.25,55894.55,55369.55,55449.15,26674728.0,2244.27
2024-05-27,55649.6,55708.7,55194.55,55260.5,26845377.0,2321.99
2024-05-28,55328.7,55461.3,55136.55,55271.95,28037691.0,2598.65
2024-05-29,54920.7,55254.7,54918.25,54974.25,24347923.0,2236.65
2024-05-30,54776.5,54933.05,54095.25,54280.1,34245427.0,2792.23
2024-05-31,54510.8,54588.7,53897.7,54107.35,68200379.0,6272.89
2024-06-03,55139.0,55184.85,54552.15,54653.6,30730444.0,2482.66
2024-06-04,54633.8,55446.3,53057.65,55172.5,98336019.0,8201.67
2024-06-05,55799.0,58832.65,55646.95,57567.4,100182286.0,10729.89
2024-06-06,57851.65,57862.0,56736.8,57373.6,56043136.0,4815.46
2024-06-07,57282.6,58075.45,57201.55,57953.35,54102607.0,4526.87
2024-06-10,58038.15,58266.05,57769.2,57991.75,29107646.0,2762.52
2024-06-11,58081.15,58233.65,57725.15,57792.85,27929988.0,2490.45
2024-06-12,57886.25,57945.4,57446.75,57495.55,34064621.0,2760.26
2024-06-13,57676.25,57679.25,57059.25,57117.0,51612349.0,4299.09
2024-06-14,57162.05,57401.25,57051.45,57225.85,30378166.0,2664.82
2024-06-18,57370.85,57490.65,57039.0,57167.4,33697371.0,3009.78
2024-06-19,57373.3,57409.8,56555.85,56646.55,31170793.0,2730.75
2024-06-20,56705.1,56895.2,56352.2,56669.65,29926432.0,2696.98
2024-06-21,56737.55,56761.3,55906.65,55990.1,47513070.0,3942.61
2024-06-24,55958.1,56463.0,55837.4,56392.7,23877840.0,2482.19
2024-06-25,56457.65,56544.05,56084.55,56246.35,22208745.0,1937.14
2024-06-26,56257.7,56609.8,56089.8,56465.2,27861957.0,2463.76
2024-06-27,56427.7,56787.6,56230.75,56670.6,61574164.0,5363.73
2024-06-28,56709.1,57007.45,56560.35,56756.85,30844627.0,2678.56
2024-07-01,56745.5,57234.4,56672.8,57154.7,26734634.0,2659.25
2024-07-02,57360.65,57374.0,56473.95,56669.2,26888399.0,2312.9
2024-07-03,56850.5,57276.65,56805.15,57177.55,20469345.0,2038.66
2024-07-04,57325.7,57446.05,57030.35,57058.4,21081657.0,1935.31
2024-07-05,57102.35,57737.75,57048.75,57673.0,28151175.0,2477.26
2024-07-08,57888.45,58673.95,57748.95,58611.2,49528761.0,4242.98
2024-07-09,59018.0,59425.75,58673.0,59182.65,45862882.0,3658.36
2024-07-10,59219.4,59545.75,58687.15,59349.6,29817000.0,2918.54
2024-07-11,59403.3,59587.6,58980.75,59516.7,35307324.0,3007.72
2024-07-12,59576.7,59885.4,59414.85,59725.75,35521959.0,2949.44
2024-07-15,59805.15,60141.25,59603.2,60070.7,26916275.0,2199.06
2024-07-16,60144.25,60875.15,60004.0,60645.15,36298245.0,3629.87
2024-07-18,60482.45,61281.4,60416.25,61225.35,46217543.0,4816.15
2024-07-19,61286.45,61491.4,60840.45,61087.9,38814588.0,3322.65
2024-07-22,60968.25,61454.2,60743.7,60881.75,30972647.0,2873.75
2024-07-23,61028.0,62755.0,60850.6,62511.25,81369161.0,6490.0
2024-07-24,62627.7,62731.8,61908.6,62182.35,75964007.0,6547.89
2024-07-25,61912.5,62342.2,61599.15,62139.5,41059848.0,4464.76
2024-07-26,62483.5,62928.6,61829.75,62728.8,36027378.0,3572.76
2024-07-29,63016.45,63084.3,62311.85,62513.85,29208383.0,2895.5
2024-07-30,62627.15,62915.95,61777.8,61819.0,44609206.0,5686.25
2024-07-31,62143.3,62264.6,61841.5,62082.2,32871514.0,3474.78
2024-08-01,62173.5,62264.1,61948.9,62173.2,31672455.0,3254.83
2024-08-02,61659.05,62639.55,61632.85,61745.15,38998534.0,3506.16
2024-08-05,60877.25,62156.55,60818.8,61550.45,57004547.0,5493.23
2024-08-06,61654.8,62291.35,61516.5,61604.15,35289306.0,3682.92
2024-08-07,62112.2,62545.6,61997.45,62322.65,27335661.0,2918.57
2024-08-08,62480.8,62503.25,61880.8,62042.55,37760537.0,3549.98
2024-08-09,62479.55,62488.4,62029.85,62157.35,19286470.0,1839.55
2024-08-12,61840.25,62163.8,61553.4,61668.45,23856409.0,2561.41
2024-08-13,61768.1,61978.65,61326.8,61495.75,30704932.0,2561.01
2024-08-14,61642.3,61730.4,61092.25,61305.3,22927450.0,2180.42
2024-08-16,61450.0,62303.45,61315.6,62213.0,29796243.0,2985.15
2024-08-19,62433.25,62640.4,62228.8,62326.05,26772212.0,2604.97
2024-08-20,62381.2,62473.05,61996.6,62240.6,23749845.0,2212.51
2024-08-21,62380.4,63212.55,62310.8,63091.9,23454417.0,2604.93
2024-08-22,63424.8,63620.9,63155.1,63483.6,28877460.0,3143.4
2024-08-23,63586.65,63700.75,63134.75,63409.25,23264622.0,2480.17
2024-08-26,63480.0,63782.5,63173.3,63657.95,21160302.0,2275.63
2024-08-27,63744.9,63805.95,62952.6,62981.15,18329338.0,1896.05
2024-08-28,62994.3,63069.9,62563.55,62713.6,23792396.0,2428.79
2024-08-29,62825.8,63355.6,62661.3,63162.95,34100309.0,3317.2
2024-08-30,63144.7,63585.95,62891.5,63059.75,61234567.0,6563.25
2024-09-02,63306.2,63768.9,63289.45,63578.6,29103216.0,2858.3
2024-09-03,63605.5,64058.0,63391.3,63485.75,26452474.0,2863.98
2024-09-04,62906.45,63821.3,62906.45,63742.9,25366502.0,2694.81
2024-09-05,63867.5,64015.5,63554.6,63700.4,25421556.0,2854.25
2024-09-06,63694.9,63908.5,62905.8,63175.7,33004578.0,3202.08
2024-09-09,63275.65,64540.3,63169.45,64465.85,38045847.0,4064.5
2024-09-10,64701.45,64883.9,64348.4,64584.95,28307751.0,3167.83
2024-09-11,64654.0,65344.6,64481.6,64768.15,33959784.0,3679.13
2024-09-12,64958.65,65597.85,64697.7,65513.2,41169370.0,4091.96
2024-09-13,65616.25,65616.25,64912.05,65062.8,28875971.0,2929.26
2024-09-16,65026.1,65026.1,64322.4,64597.0,26154193.0,2764.55
2024-09-17,64643.8,65199.75,64489.65,64686.45,31016366.0,3094.47
2024-09-18,64722.55,64988.75,64261.95,64615.05,18614175.0,1987.87
2024-09-19,64826.2,65458.65,64768.1,64975.8,39185330.0,4242.56
2024-09-20,65272.3,65974.6,65043.25,65870.8,56334840.0,6046.43
2024-09-23,66008.8,66438.7,65787.35,66305.2,23603602.0,2694.5
2024-09-24,66276.35,66324.85,65697.3,65796.65,27993541.0,3341.56
2024-09-25,65817.2,65854.3,64970.15,65521.7,30083538.0,2919.26
2024-09-26,65604.4,66218.85,65496.35,66156.9,34604523.0,3347.37
2024-09-27,65967.0,66427.7,65530.65,65845.45,74215121.0,7777.59
2024-09-30,65744.45,66122.15,65413.7,65540.35,32390356.0,3362.96
2024-10-01,65546.85,65685.0,65029.55,65470.95,24579881.0,2533.53
2024-10-03,64687.8,65076.4,64392.6,64502.05,59128875.0,4772.84
2024-10-04,64371.15,64683.5,63266.95,63380.05,48001599.0,4208.07
2024-10-07,63522.65,63688.15,62894.25,63028.35,49192803.0,3863.66
2024-10-08,63014.15,63562.75,62895.35,63326.55,46844124.0,4310.92
2024-10-09,63515.1,63517.55,62190.75,62334.35,48124509.0,4332.92
2024-10-10,62640.2,62672.35,61841.85,62056.3,27937825.0,2636.34
2024-10-11,62257.65,62312.45,61849.6,62080.2,22522889.0,1730.87
2024-10-14,62368.45,62439.05,61881.25,62372.3,17567050.0,1886.1
2024-10-15,62494.15,62683.2,62112.45,62607.7,24780719.0,2541.06
2024-10-16,62560.15,62572.05,62081.25,62373.25,23507423.0,2384.62
2024-10-17,62409.0,62423.8,61280.75,61352.75,25965289.0,2778.15
2024-10-18,61372.5,61409.4,60453.2,61042.1,38267364.0,3084.91
2024-10-21,60929.0,60990.5,59908.2,60280.25,29713770.0,2778.03
2024-10-22,60293.25,60562.65,59892.85,60000.95,34974052.0,2890.73
2024-10-23,59712.2,60352.15,59712.2,60097.65,35875587.0,2980.06
2024-10-24,60171.8,60186.4,58253.2,58396.9,45614803.0,5799.24
2024-10-25,58724.9,59465.55,58681.2,58908.5,55491675.0,5245.48
2024-10-28,58984.1,59518.95,58571.3,59252.65,24249185.0,2180.22
2024-10-29,59354.5,59389.9,58694.95,59203.85,24575509.0,2296.57
2024-10-30,59269.95,59837.05,59195.6,59748.9,38873709.0,3283.32
2024-10-31,59773.6,59882.35,58983.75,59203.0,28503697.0,2624.59
2024-11-01,59542.25,59620.4,59328.7,59433.2,3402512.0,282.64
2024-11-04,59579.1,59589.9,58398.95,58743.7,26350081.0,2365.24
2024-11-05,58601.5,58871.25,58242.35,58542.2,22819675.0,1835.88
2024-11-06,58608.55,58962.4,58441.2,58754.8,25764841.0,2156.83
2024-11-07,58816.3,58917.35,58059.95,58180.25,20284235.0,1933.51
2024-11-08,58241.4,58431.65,57854.85,58359.4,18020160.0,2017.37
2024-11-11,58327.15,58533.25,57575.15,57843.95,18651543.0,2110.02
2024-11-12,57925.15,57960.05,56796.45,56902.55,29414795.0,3752.98
2024-11-13,56730.95,56855.7,56489.1,56647.85,31748367.0,2777.16
2024-11-14,56634.75,56774.05,55689.2,55782.7,31049848.0,2870.18
2024-11-18,56029.5,56420.95,55546.45,56314.35,30331047.0,2575.01
2024-11-19,56554.75,57012.9,56268.5,56378.55,28232017.0,2448.61
2024-11-21,56168.9,56281.95,55493.25,55693.7,39056204.0,3386.33
2024-11-22,55700.25,57088.4,55542.95,56956.45,36192877.0,2815.61
2024-11-25,57443.5,57902.2,57214.1,57358.2,55739866.0,5581.79
2024-11-26,57688.1,58038.25,57410.25,57838.25,22411778.0,2126.78
2024-11-27,57912.25,58093.55,57430.55,58028.6,21546427.0,1907.78
2024-11-28,58068.5,58788.85,57444.8,57706.05,39479289.0,3640.49
2024-11-29,57475.95,58120.45,57475.95,57943.7,27692860.0,2667.33
2024-12-02,57839.3,58090.8,57543.55,57917.0,23124028.0,2030.46
2024-12-03,57278.25,57767.65,57056.8,57689.2,46817789.0,3383.85
2024-12-04,57813.7,58005.9,57170.35,57270.35,32409111.0,2758.77
2024-12-05,57358.6,57922.9,56861.25,57605.2,45386527.0,3543.27
2024-12-06,57742.9,57997.55,57602.1,57744.3,22194397.0,1967.08
2024-12-09,57481.95,57562.8,56305.95,56460.6,50495525.0,4811.16
2024-12-10,56582.8,56697.4,56383.8,56530.25,30541989.0,2887.9
2024-12-11,56716.3,56898.7,56514.45,56766.8,22308577.0,2151.8
2024-12-12,56701.15,56885.75,56059.55,56146.7,36211563.0,3377.4
2024-12-13,56088.7,56997.45,55455.15,56869.4,48524184.0,3486.81
2024-12-16,56946.0,57062.55,56517.45,56697.2,24371286.0,2101.02
2024-12-17,56625.45,56842.1,56205.0,56467.45,42092833.0,3539.63
2024-12-18,56578.35,56685.6,56277.25,56467.8,34404610.0,3166.85
2024-12-19,56145.95,56570.6,56042.65,56157.9,31111190.0,2696.45
2024-12-20,56151.85,56309.7,55472.45,55600.8,39186785.0,3233.36
2024-12-23,55970.15,56304.45,55701.0,56135.05,30928607.0,2251.19
2024-12-24,56151.05,56586.45,56008.65,56439.3,23854419.0,1808.08
2024-12-26,56517.4,56603.6,56139.0,56258.0,18061462.0,1603.95
2024-12-27,56436.75,56615.8,56220.15,56444.25,23978813.0,1665.98
2024-12-30,56545.25,56827.6,56278.7,56618.4,49497392.0,4207.44
2024-12-31,56576.25,56845.8,56278.5,56799.65,25659712.0,2262.02
2025-01-01,56884.05,57129.9,56767.35,57017.65,27165765.0,1847.54
2025-01-02,57129.15,57718.15,56846.35,57671.35,41990496.0,3126.91
2025-01-03,57903.05,57923.5,57410.05,57817.0,58507343.0,4249.95
2025-01-06,57837.3,57853.25,56547.75,56714.4,44904302.0,3460.91
2025-01-07,56852.25,57126.6,56667.85,56719.55,30387932.0,2462.88
2025-01-08,56831.25,57087.6,56158.4,56967.6,29593951.0,2512.88
2025-01-09,56953.8,58238.1,56764.5,57495.6,41387319.0,3945.93
2025-01-10,57449.9,57607.55,56936.6,57117.7,25404211.0,2254.09
2025-01-13,56334.5,56925.5,56332.8,56420.15,36841745.0,3043.19
2025-01-14,56567.3,56622.15,55537.6,55627.2,39808663.0,3112.84
2025-01-15,55746.85,55832.15,55190.25,55549.85,27231868.0,2373.25
2025-01-16,55771.75,55834.0,54922.45,55240.0,33877587.0,2858.21
2025-01-17,55332.2,56005.1,55142.55,55800.85,33746044.0,2674.88
2025-01-20,55824.25,55952.85,55462.0,55738.05,23875402.0,2047.68
2025-01-21,55914.55,56372.1,55516.65,55622.65,36664878.0,2915.37
2025-01-22,55815.55,56055.7,55427.75,55596.05,27341811.0,2643.09
2025-01-23,55308.15,55951.25,54770.15,55781.8,27632032.0,2637.55
2025-01-24,55908.95,56359.45,55679.0,56069.35,22827035.0,2226.57
2025-01-27,55832.05,56227.3,55463.0,55654.5,26487763.0,2656.75
2025-01-28,55742.25,55799.15,55269.25,55441.95,40338773.0,3090.51
2025-01-29,55444.8,55673.9,54757.0,55163.05,54054315.0,2638.0
2025-01-30,55212.45,55803.0,55168.55,55558.95,61462653.0,3213.07
2025-01-31,55572.45,56791.35,55551.85,56691.95,61842132.0,4104.22
2025-02-01,56818.1,59302.55,56051.95,58396.05,67488936.0,5214.44
2025-02-03,58276.3,58475.1,57110.3,57419.55,57197349.0,3887.89
2025-02-04,57701.85,57793.7,56859.65,57274.7,80858566.0,3862.37
2025-02-05,57339.1,57392.25,56311.5,56383.75,46439258.0,2805.45
2025-02-06,56592.9,56607.35,55646.5,55841.8,36042268.0,2348.31
2025-02-07,55904.0,56140.65,54822.05,55113.3,83872090.0,3363.55
2025-02-10,55081.1,55513.2,54657.2,54856.65,37835410.0,2879.44
2025-02-11,55012.1,55117.2,53505.6,53794.25,35090901.0,2510.3
2025-02-12,53741.8,53962.2,53114.1,53739.0,33390946.0,2519.27
2025-02-13,53713.65,53944.9,53221.1,53314.75,31337628.0,2288.67
2025-02-14,53444.7,53912.6,52993.35,53138.55,40157258.0,3135.39
2025-02-17,53011.75,53080.1,52644.75,52945.0,34029825.0,2507.67
2025-02-18,52897.55,53104.0,52383.85,52480.5,29869934.0,2082.98
2025-02-19,52346.7,52606.6,52096.2,52360.45,29099295.0,2282.98
2025-02-20,52035.25,52379.15,51905.3,52337.3,39892555.0,2999.47
2025-02-21,52362.4,52443.5,51893.25,52098.15,33709269.0,2593.98
2025-02-24,51753.75,52340.2,51729.5,52285.8,32022246.0,2374.81
2025-02-25,52223.9,52645.4,52158.9,52453.35,37630751.0,2852.89
2025-02-27,52453.35,52579.1,51875.35,52055.15,49597626.0,3267.62
2025-02-28,51796.65,51918.2,50546.85,50689.0,104625214.0,6539.21
2025-03-03,50739.75,50856.8,50287.9,50786.65,48125114.0,2894.68
2025-03-04,50494.3,50602.6,50199.35,50524.25,44247901.0,3030.12
2025-03-05,50397.3,51613.95,50397.3,51279.1,43378706.0,2939.12
2025-03-06,51597.55,51966.0,51108.95,51890.3,43159345.0,3112.63
2025-03-07,51804.95,52005.2,51533.75,51891.8,30209572.0,2098.85
2025-03-10,51789.6,52426.65,51545.55,52006.4,31581177.0,2221.64
2025-03-11,51670.3,52224.6,51612.0,51951.45,27468124.0,1946.43
2025-03-12,51973.9,52097.1,51663.95,51957.25,35874873.0,2335.59
2025-03-13,52047.25,52327.6,51781.75,51879.25,23989215.0,1857.15
2025-03-17,51777.15,52280.65,51545.35,51773.15,23492842.0,1816.85
2025-03-18,52075.0,52658.6,51949.05,52475.0,40401363.0,2758.29
2025-03-19,52612.35,52677.2,52151.9,52184.1,37829574.0,2717.02
2025-03-20,52443.45,53035.4,52214.55,52857.9,41822874.0,2834.62
2025-03-21,53066.25,53096.15,52670.6,52986.05,49947089.0,3588.21
2025-03-24,53185.05,53349.3,53014.85,53232.75,28876469.0,2083.96
2025-03-25,53307.1,53601.65,52990.1,53131.3,41262384.0,3239.88
2025-03-26,53229.45,53291.55,52872.3,52988.5,32830478.0,2491.0
2025-03-27,53002.55,53475.05,52649.2,53276.6,49669394.0,6853.52
2025-03-28,53198.8,54150.9,53198.8,53589.8,31816627.0,2870.31
2025-04-01,53615.15,54029.9,52982.8,53101.75,31552235.0,2727.29
2025-04-02,53286.6,53738.45,52851.5,53702.6,32284297.0,3060.43
2025-04-03,53330.25,53861.8,53283.35,53806.75,33550548.0,2547.33
2025-04-04,53603.7,54223.35,53310.0,53830.7,41429568.0,3285.05
2025-04-07,51201.9,53395.45,51201.9,53241.15,57406167.0,4588.93
2025-04-08,53800.05,54531.4,53557.35,54300.25,37484968.0,3067.59
2025-04-09,54365.25,55412.2,54280.85,55264.75,47464668.0,4130.36
2025-04-11,55939.55,55960.5,55234.15,55741.1,32974784.0,3323.22
2025-04-15,56620.05,56620.5,55537.15,55896.95,34312948.0,3275.54
2025-04-16,55694.65,56435.95,55694.65,56345.6,29269874.0,2597.19
2025-04-17,56303.15,56728.3,56008.65,56674.2,43565727.0,3397.61
2025-04-21,56768.35,56789.75,56084.8,56130.2,44003006.0,2903.11
2025-04-22,56471.0,57282.2,56263.55,57193.8,50627730.0,3913.22
2025-04-23,57436.35,57559.25,57128.75,57497.9,41172406.0,3798.6
2025-04-24,57582.65,58048.2,56784.45,56887.55,61487978.0,5908.39
2025-04-25,56926.9,57121.8,55976.95,56532.35,43830027.0,3447.09
2025-04-28,56432.95,56767.1,56313.35,56620.3,21197824.0,1977.17
2025-04-29,56693.8,56744.5,56246.3,56474.5,27957805.0,2554.94
2025-04-30,56492.0,56826.25,56150.3,56445.35,45406604.0,3492.39
2025-05-02,56242.15,56588.3,55875.8,56252.25,34106704.0,2782.66
2025-05-05,56417.95,57047.95,56360.55,56936.2,40088219.0,3292.06
2025-05-06,56943.45,57197.7,56715.55,56883.4,33359752.0,2711.04
2025-05-07,56501.65,56756.6,56302.25,56590.25,33549625.0,3119.91
2025-05-08,56410.4,56487.3,55805.6,56020.7,54569531.0,4066.4
2025-05-09,55203.2,55703.7,55038.5,55633.0,32081589.0,2674.34
2025-05-12,56498.15,57160.7,56354.8,57101.4,24575676.0,2187.03
2025-05-13,57061.3,57363.6,56208.8,56334.15,33895182.0,2887.13
2025-05-14,56340.4,56596.95,56040.7,56351.7,31785374.0,2672.76
2025-05-15,56410.15,56939.55,56063.3,56685.95,50649019.0,3953.56
2025-05-16,56909.8,57090.45,56590.9,57061.8,39466098.0,3048.19
2025-05-19,57038.35,57370.75,56805.85,56955.7,24492347.0,2074.96
2025-05-20,57209.65,57229.05,56142.65,56206.25,32403462.0,2618.64
2025-05-21,56369.4,56753.5,56235.2,56413.15,25959260.0,2455.44
2025-05-22,56326.9,56334.0,55305.2,55598.05,45625041.0,3688.83
2025-05-23,56022.0,56679.75,55789.85,56502.05,39852658.0,2587.76
2025-05-26,56678.5,57084.95,56614.7,57049.7,27746279.0,2057.08
2025-05-27,57133.55,57204.1,56236.85,56547.6,49922316.0,3347.11
2025-05-28,55890.7,55970.8,55618.35,55703.85,445023829.0,19431.65
2025-05-29,55846.7,55881.4,55309.2,55630.45,38317324.0,2893.19
2025-05-30,55608.4,55736.85,55201.8,55283.0,62611603.0,4764.45
2025-06-02,55350.15,55827.6,55348.15,55732.55,32739373.0,2918.6
2025-06-03,55785.7,55983.3,55336.7,55460.8,32296923.0,2851.86
2025-06-04,55542.95,55678.65,55279.5,55530.55,32476047.0,2990.96
2025-06-05,55660.3,55854.9,55323.2,55632.45,39726362.0,3040.11
2025-06-06,55737.85,55842.05,55564.15,55802.7,23360640.0,1897.38
2025-06-09,55974.15,56079.25,55686.25,56026.1,22902836.0,1727.45
2025-06-10,56178.2,56331.8,55952.85,56198.8,32149313.0,2561.96
2025-06-11,56128.8,56208.4,55749.25,55820.6,53820344.0,4600.49
2025-06-12,56019.4,56020.25,55005.15,55104.1,44598708.0,3713.09
2025-06-13,54373.6,54688.6,54349.15,54527.15,35215936.0,2590.61
2025-06-16,54534.7,54908.55,54414.45,54873.3,24231598.0,1900.15
2025-06-17,54842.0,54932.05,54540.05,54708.75,27708736.0,2362.59
2025-06-18,54647.15,54804.8,54284.3,54452.4,23725134.0,2055.09
2025-06-19,54418.7,54603.75,54158.35,54283.5,37492090.0,2615.78
2025-06-20,54316.9,54690.05,54265.7,54630.95,65625297.0,6756.42
2025-06-23,54395.3,54459.1,54066.05,54226.85,35880282.0,2757.1
2025-06-24,54597.0,54792.85,54303.3,54346.3,35790486.0,2792.44
2025-06-25,54575.25,54892.35,54518.45,54747.25,32351637.0,2792.43
2025-06-26,54882.8,55165.9,54709.2,55118.8,39070682.0,3562.68
2025-06-27,55246.5,55298.35,55044.75,55109.0,47475435.0,3722.95
2025-06-30,55203.5,55268.15,54698.15,54883.9,35321102.0,2997.07
2025-07-01,54997.5,55022.05,54396.95,54502.95,30240121.0,2162.8
2025-07-02,54620.6,54643.5,54293.9,54439.7,35527549.0,2719.13
2025-07-03,54570.95,54802.9,54379.5,54515.75,30799841.0,2468.09
2025-07-04,54699.2,54799.35,54550.1,54735.6,26379915.0,2057.37
2025-07-07,54874.0,55691.75,54859.95,55652.85,42908041.0,4002.21
2025-07-08,55624.35,55753.0,55283.0,55504.0,25320355.0,2503.65
2025-07-09,55526.4,56028.15,55523.45,55946.2,39075117.0,3026.9
2025-07-10,56026.6,56074.85,55576.7,55628.2,20527340.0,1721.05
2025-07-11,56023.35,56349.9,55792.4,55910.25,35178264.0,3831.36
2025-07-14,55903.7,56080.55,55743.0,56025.6,28029286.0,2610.75
2025-07-15,56170.6,56465.8,56033.35,56429.05,24354825.0,2298.37
2025-07-16,56452.9,56791.5,56286.05,56685.55,41903133.0,3835.87
2025-07-17,56751.2,57017.15,56665.4,56843.05,35508604.0,2934.87
2025-07-18,56943.35,56943.35,56388.2,56506.9,25112625.0,2174.17
2025-07-21,56496.85,56541.8,56086.55,56222.7,19487274.0,1917.56
2025-07-22,56286.8,56288.55,55939.35,56003.95,24523884.0,2105.43
2025-07-23,56163.75,56221.3,55586.65,55710.35,31672005.0,3134.31
2025-07-24,55859.6,56015.5,55020.95,55085.85,34284237.0,3246.0
2025-07-25,55046.0,55046.0,54463.3,54579.95,23435826.0,2257.74
2025-07-28,54593.75,55050.25,54510.65,54732.95,28708191.0,2383.99
2025-07-29,54733.0,54943.6,54473.3,54891.15,44297429.0,3339.85
2025-07-30,54906.7,55105.25,54730.6,55020.4,48151492.0,3440.2
2025-07-31,54695.8,56120.4,54694.9,55812.15,49874131.0,4677.7
2025-08-01,55982.0,57032.9,55974.8,56197.05,44302091.0,4446.16
2025-08-04,56336.65,56431.3,55979.1,56139.65,36219305.0,2726.69
2025-08-05,56202.45,56231.4,55584.85,55733.7,23672592.0,2187.85
2025-08-06,55728.55,55778.6,55097.35,55230.8,22883357.0,2443.32
2025-08-07,55156.35,55430.25,54950.9,55298.5,24199452.0,2132.7
2025-08-08,55343.95,55517.9,54844.65,54900.95,22212150.0,2014.34
2025-08-11,54855.3,55352.6,54630.9,55309.9,23484897.0,1994.43
2025-08-12,55336.5,55596.65,54973.4,55034.45,25545256.0,2058.22
2025-08-13,55135.0,55229.55,54771.5,55010.15,26090474.0,2074.46
2025-08-14,55089.05,55139.55,54573.75,54656.3,24404873.0,1999.85
2025-08-18,55379.8,55775.4,55223.9,55304.25,61405707.0,4716.31
2025-08-19,55382.1,55966.4,55154.7,55886.65,33261214.0,2463.6
2025-08-20,55854.4,56786.65,55675.75,56664.05,50914718.0,4149.6
2025-08-21,56713.3,56719.8,56204.85,56303.05,36522512.0,2999.8
2025-08-22,56303.6,56429.0,55694.4,55737.45,28094863.0,2161.39
2025-08-25,55879.4,55894.05,55541.0,55681.65,29766798.0,2173.11
2025-08-26,55580.3,56425.15,55578.1,56187.0,43599186.0,4730.76
2025-08-28,56595.5,56595.5,55521.3,55612.95,32221140.0,3011.74
2025-08-29,55687.25,56565.0,55594.45,56141.85,48448038.0,3857.19
2025-09-01,56140.0,56212.15,55901.3,56175.2,30326673.0,2304.48
2025-09-02,56210.2,56882.6,56191.7,56806.6,45433443.0,3480.0
2025-09-03,56955.9,57063.25,56702.9,56969.2,29038531.0,2485.87
2025-09-04,58485.05,58485.05,57019.55,57104.05,73515643.0,6266.0
2025-09-05,57176.15,57217.75,56012.0,56292.1,39966817.0,2821.42
2025-09-08,56332.75,56617.75,56133.1,56171.3,20466940.0,1642.17
2025-09-09,56338.15,56554.2,56074.9,56497.25,22348977.0,1929.35
2025-09-10,56611.45,56906.9,56384.35,56856.85,25567463.0,2196.96
2025-09-11,56844.35,57124.85,56800.5,56960.6,23289862.0,2128.5
2025-09-12,56991.8,57065.5,56430.5,56557.15,24917169.0,2123.06
2025-09-15,56516.2,56673.2,56430.45,56551.35,18941871.0,1719.62
2025-09-16,56634.3,56700.8,56292.65,56398.65,22958171.0,1938.33
2025-09-17,56562.7,56678.35,56213.75,56321.0,42053872.0,3360.61
2025-09-18,56448.85,56643.45,56293.1,56522.35,36692137.0,2732.18
2025-09-19,56594.55,56640.7,56191.75,56273.05,41859936.0,3358.71
2025-09-22,56357.0,56425.5,55859.5,56006.75,24108633.0,2030.59
2025-09-23,56025.45,56127.35,55242.75,55281.55,33785008.0,2603.65
2025-09-24,55290.1,55703.95,55110.2,55378.95,30648167.0,2521.17
2025-09-25,55424.75,55656.0,55031.65,55108.0,43764049.0,3072.02
2025-09-26,55031.55,55199.55,54776.95,54847.55,31285411.0,2103.75
2025-09-29,54861.6,55007.1,54343.75,54945.8,58553012.0,3968.08
2025-09-30,54974.55,55069.25,54522.2,54710.7,32027599.0,2613.85
2025-10-01,54776.45,55149.05,54455.2,55105.35,34356508.0,2489.61
2025-10-03,55062.95,55213.05,54679.0,55170.6,33791273.0,2464.66
2025-10-06,55049.75,55138.6,54830.35,55057.65,28374471.0,1968.97
2025-10-07,55114.65,55254.45,54695.3,54763.85,28362070.0,2081.5
2025-10-08,54609.45,54764.0,54367.85,54489.65,24908061.0,2024.7
2025-10-09,54410.65,54752.95,54364.9,54707.45,32753577.0,2321.79
2025-10-10,54696.6,55023.2,54595.95,54966.45,28459243.0,2031.87
2025-10-13,54735.05,54941.75,54368.5,54473.85,21372086.0,1685.92
2025-10-14,54530.95,54610.6,54142.3,54213.75,21736273.0,1789.39
2025-10-15,54295.3,54837.8,54270.35,54748.7,31177863.0,2192.75
2025-10-16,54799.55,55902.3,54733.05,55853.9,49099385.0,3696.2
2025-10-17,55862.7,56834.95,55840.4,56616.4,44686437.0,3528.81
2025-10-20,56737.6,57025.65,56533.9,56597.15,26664658.0,2394.86
2025-10-21,56678.9,56797.3,56536.95,56609.15,2776496.0,228.69
2025-10-23,56826.9,57445.2,56689.9,56772.45,52352794.0,4057.23
2025-10-24,56701.55,56701.55,55926.5,56348.1,34500623.0,3033.32
2025-10-27,56385.45,56631.3,56265.6,56428.95,31828205.0,2677.74
2025-10-28,56481.7,56602.2,55851.85,56110.05,38687962.0,2968.27
2025-10-29,56250.3,56663.85,56127.4,56615.35,70948617.0,4586.98
2025-10-30,56661.15,56690.35,56099.95,56343.5,40515774.0,2870.98
2025-10-31,56533.25,56756.15,56168.2,56208.5,51681672.0,4432.82
2025-11-03,56203.35,56384.7,55713.5,56153.7,39143433.0,3201.57
2025-11-04,56177.25,56188.15,55735.1,55815.6,29966638.0,2492.15
2025-11-06,56123.75,56273.7,55617.3,55711.75,30835935.0,2960.74
2025-11-07,55497.65,55712.1,55306.85,55437.2,23836732.0,2210.19
2025-11-10,55425.95,55652.35,55291.45,55334.45,20954751.0,1751.0
2025-11-11,55347.3,55588.35,55048.45,55523.05,29773807.0,3256.81
2025-11-12,55629.95,55639.75,55327.25,55529.2,28167801.0,2492.03
2025-11-13,55594.8,55616.7,55209.8,55243.5,28399090.0,2212.34
2025-11-14,55153.6,55621.25,54914.6,55560.8,80416119.0,4258.52
2025-11-17,55769.75,55897.55,55534.4,55677.15,25472204.0,2035.11
2025-11-18,55652.4,55739.6,55185.1,55363.45,25153963.0,2081.88
2025-11-19,55349.0,55469.15,55260.65,55380.8,25537821.0,2133.91
2025-11-20,55460.55,55863.25,55362.45,55426.7,31877087.0,4321.23
2025-11-21,55394.95,55605.05,55240.65,55504.7,27555579.0,2898.47
2025-11-24,55630.9,55636.85,55080.35,55138.15,47861362.0,4695.89
2025-11-25,55135.25,55258.65,54850.35,55052.1,24057414.0,2092.29
2025-11-26,54952.95,55477.9,54952.95,55442.6,31776945.0,2349.41
2025-11-27,55526.4,55638.5,55264.85,55470.55,22739723.0,1995.01
2025-11-28,55475.55,55638.75,55443.8,55595.8,28628295.0,2112.99
2025-12-01,55515.65,55695.35,55248.0,55500.5,26663331.0,2029.83
2025-12-02,55463.5,55678.95,55269.1,55390.95,23270992.0,2067.37
2025-12-03,55415.55,55447.3,54732.35,54949.1,25402615.0,2455.29
2025-12-04,54932.5,55266.25,54709.05,55209.3,23495127.0,2160.54
2025-12-05,55147.25,55254.2,54476.65,55202.85,25281051.0,2511.32
2025-12-08,55235.95,55282.55,54377.6,54540.5,20146016.0,1829.32
2025-12-09,54448.2,54723.3,54134.5,54521.2,30164443.0,2146.51
2025-12-10,54545.1,54903.95,54447.2,54506.0,21372933.0,1966.95
2025-12-11,54485.4,54712.3,54246.9,54619.65,18475519.0,1337.95
2025-12-12,54671.05,54744.7,54236.05,54490.8,30154017.0,2416.66
2025-12-15,54473.45,54930.8,54264.75,54868.4,21882812.0,1745.42
2025-12-16,54799.45,55324.9,54699.95,54863.45,33449229.0,2448.85
2025-12-17,54772.2,54938.9,54515.75,54603.4,26151330.0,1982.16
2025-12-18,54623.0,54683.8,54323.9,54546.45,21437892.0,1714.19
2025-12-19,54507.0,54854.85,54507.0,54781.35,26739056.0,1924.33
2025-12-22,54885.05,55133.8,54821.0,55062.65,25426454.0,1785.74
2025-12-23,55103.6,55431.0,54912.5,55348.65,24533934.0,1790.9
2025-12-24,55363.15,55383.4,55019.95,55113.75,16052695.0,1200.15
2025-12-26,55083.85,55233.35,54957.25,55132.05,15260529.0,1221.68
2025-12-29,55143.25,55227.15,54969.4,55192.45,22639491.0,1786.17
2025-12-30,55231.35,55246.95,54918.55,55033.15,37502069.0,3127.13
2025-12-31,55069.0,55559.05,55055.1,55475.65,27680076.0,2091.98
2026-01-01,55538.45,55552.9,53478.7,53718.5,291601241.0,11656.15
2026-01-02,53562.5,53579.4,52741.85,53078.8,139149781.0,6094.03
2026-01-05,53054.95,53573.75,52885.6,53441.1,69990031.0,4068.36
2026-01-06,53538.8,53637.75,53152.7,53561.95,94291569.0,4548.65
2026-01-07,53636.2,53782.6,53319.6,53493.8,49749623.0,3003.86
2026-01-08,53419.65,53515.65,52922.1,53010.15,54950898.0,3195.55
2026-01-09,52918.25,53083.5,52332.65,52438.15,49138749.0,2648.08
2026-01-12,52381.25,52814.85,52271.75,52745.5,31655137.0,2244.03
2026-01-13,52816.4,53007.15,52326.25,52577.15,39774248.0,2569.48
2026-01-14,52608.8,52608.8,52162.35,52258.65,26039797.0,1811.77
2026-01-16,52510.9,52601.45,52038.6,52142.5,47136445.0,2908.66
2026-01-19,52015.05,52669.95,51902.3,52489.95,28509359.0,1999.4
2026-01-20,52586.15,52616.85,51595.65,51713.0,35714472.0,2597.28
2026-01-21,51563.35,51962.0,51217.2,51402.5,40376442.0,2942.28
2026-01-22,51582.05,52095.3,51560.5,51978.4,39834200.0,3020.83
2026-01-23,52135.6,52217.5,51594.1,51662.05,30881010.0,2342.76
2026-01-27,51692.2,51741.4,51126.75,51349.75,76513419.0,4978.38
2026-01-28,51449.75,51579.25,50510.65,50985.45,61624018.0,4063.35
2026-01-29,50971.45,51002.0,50076.05,50523.9,42216434.0,2926.87
2026-01-30,50420.5,51339.45,50311.5,51215.2,75452496.0,5148.54
2026-02-01,51316.6,51324.8,49741.65,50042.8,43610476.0,2144.28
2026-02-02,50103.9,50696.45,49336.5,50623.2,57563966.0,3107.72
2026-02-03,51534.7,51840.25,50505.55,50806.65,77476447.0,4345.07
2026-02-04,50938.2,51244.9,50725.9,50922.75,38019545.0,2442.52
2026-02-05,50915.05,51403.1,50615.9,50731.65,40929473.0,2646.36
